"","Time_ET","Harbor_Entrance_Hs_Wave_Height_m","Harbor_Entrance_Hmax_Wave_Height_m","Harbor_Entrance_Mean_Wave_Direction__Deg","Harbor_Entrance_Hs_Wave_Height_ft","Harbor_Entrance_Hmax_Wave_Height_ft","Wind.Speed_RMYoung_mph","Gust.Speed_RMYoung_mph","Wind.Direction_RMYoung_deg","Pressure_inHg","Rain_in","Temperature_degF","RH_%","Gallops_Water_Level_ft","Boston_Water_MLLW","Fall_River_Water_MLLW"
"1",2026-02-01,0.52,0.9,0.52,1.70612,2.9529,13.9511832070287,18.7469024344448,334.133333333333,30.0068961794667,0,13.2068854587735,73.099996728981,7.902,8.244,-0.456
"2",2026-02-01 00:01:00,0.521,0.9015,0.521,1.709401,2.9578215,13.8639883119847,18.6597075394009,333.571764705882,30.0074867791816,0,13.1437675330408,72.9799967343507,7.8695,8.21716666666667,-0.463166666666667
"3",2026-02-01 00:02:00,0.522,0.903,0.522,1.712682,2.962743,13.7767934169408,18.5725126443569,333.010196078431,30.0080773788966,0,13.0806496073081,72.8599967397203,7.837,8.19033333333333,-0.470333333333333
"4",2026-02-01 00:03:00,0.523,0.9045,0.523,1.715963,2.9676645,13.6895985218969,18.485317749313,332.44862745098,30.0086679786115,0,13.0175316815754,72.73999674509,7.8045,8.1635,-0.4775
"5",2026-02-01 00:04:00,0.524,0.906,0.524,1.719244,2.972586,13.602403626853,18.3981228542691,331.887058823529,30.0092585783265,0,12.9544137558427,72.6199967504596,7.772,8.13666666666667,-0.484666666666667
"6",2026-02-01 00:05:00,0.525,0.9075,0.525,1.722525,2.9775075,13.515208731809,18.3109279592251,331.325490196078,30.0098491780415,0,12.89129583011,72.4999967558293,7.7395,8.10983333333333,-0.491833333333333
"7",2026-02-01 00:06:00,0.526,0.909,0.526,1.725806,2.982429,13.515208731809,18.1365381691373,331.044705882353,30.0086679786115,0,12.878636717176,72.4999967558293,7.707,8.083,-0.499
"8",2026-02-01 00:07:00,0.527,0.9105,0.527,1.729087,2.9873505,13.515208731809,17.9621483790494,330.763921568627,30.0074867791816,0,12.865977604242,72.4999967558293,7.67,8.077,-0.492333333333333
"9",2026-02-01 00:08:00,0.528,0.912,0.528,1.732368,2.992272,13.515208731809,17.7877585889616,330.483137254902,30.0063055797517,0,12.853318491308,72.4999967558293,7.633,8.071,-0.485666666666667
"10",2026-02-01 00:09:00,0.529,0.9135,0.529,1.735649,2.9971935,13.515208731809,17.6133687988737,330.202352941176,30.0051243803218,0,12.840659378374,72.4999967558293,7.596,8.065,-0.479
"11",2026-02-01 00:10:00,0.53,0.915,0.53,1.73893,3.002115,13.515208731809,17.4389790087858,329.921568627451,30.0039431808919,0,12.82800026544,72.4999967558293,7.559,8.059,-0.472333333333333
"12",2026-02-01 00:11:00,0.531,0.9165,0.531,1.742211,3.0070365,13.515208731809,17.8749534840055,329.921568627451,30.0027619814619,0,12.8533066012381,72.6999967468799,7.522,8.053,-0.465666666666667
"13",2026-02-01 00:12:00,0.532,0.918,0.532,1.745492,3.011958,13.515208731809,18.3109279592251,329.921568627451,30.001580782032,0,12.8786129370363,72.8999967379304,7.485,8.047,-0.459
"14",2026-02-01 00:13:00,0.533,0.9195,0.533,1.748773,3.0168795,13.515208731809,18.7469024344448,329.921568627451,30.0003995826021,0,12.9039192728344,73.099996728981,7.448,8.00533333333333,-0.452
"15",2026-02-01 00:14:00,0.534,0.921,0.534,1.752054,3.021801,13.515208731809,19.1828769096644,329.921568627451,29.9992183831722,0,12.9292256086326,73.2999967200316,7.411,7.96366666666667,-0.445
"16",2026-02-01 00:15:00,0.535,0.9225,0.535,1.755335,3.0267225,13.515208731809,19.6188513848841,329.921568627451,29.9980371837423,0,12.9545319444307,73.4999967110821,7.374,7.922,-0.438
"17",2026-02-01 00:16:00,0.536,0.924,0.536,1.758616,3.031644,13.4280138367651,19.1828769096644,329.921568627451,30.0003995826021,0,12.9038715689654,73.3599967173467,7.337,7.88033333333333,-0.431
"18",2026-02-01 00:17:00,0.537,0.9255,0.537,1.761897,3.0365655,13.3408189417212,18.7469024344448,329.921568627451,30.002761981462,0,12.8532111935001,73.2199967236113,7.3,7.83866666666667,-0.424
"19",2026-02-01 00:18:00,0.538,0.927,0.538,1.765178,3.041487,13.2536240466772,18.3109279592251,329.921568627451,30.0051243803218,0,12.8025508180347,73.079996729876,7.263,7.797,-0.417
"20",2026-02-01 00:19:00,0.539,0.9285,0.539,1.768459,3.0464085,13.1664291516333,17.8749534840055,329.921568627451,30.0074867791816,0,12.7518904425694,72.9399967361405,7.23016666666667,7.76316666666667,-0.418
"21",2026-02-01 00:20:00,0.54,0.93,0.54,1.77174,3.05133,13.0792342565894,17.4389790087858,329.921568627451,30.0098491780415,0,12.701230067104,72.7999967424052,7.19733333333333,7.72933333333333,-0.419
"22",2026-02-01 00:21:00,0.542,0.934,0.542,1.778302,3.064454,13.0792342565894,17.7877585889616,330.483137254902,30.0092585783265,0,12.6885350682074,72.9399967361405,7.1645,7.6955,-0.42
"23",2026-02-01 00:22:00,0.544,0.938,0.544,1.784864,3.077578,13.0792342565894,18.1365381691373,331.044705882353,30.0086679786115,0,12.6758400693107,73.079996729876,7.13166666666667,7.66166666666667,-0.421
"24",2026-02-01 00:23:00,0.546,0.942,0.546,1.791426,3.090702,13.0792342565894,18.485317749313,331.606274509804,30.0080773788966,0,12.6631450704141,73.2199967236113,7.09883333333333,7.62783333333333,-0.422
"25",2026-02-01 00:24:00,0.548,0.946,0.548,1.797988,3.103826,13.0792342565894,18.8340973294887,332.167843137255,30.0074867791816,0,12.6504500715174,73.3599967173467,7.066,7.594,-0.423
"26",2026-02-01 00:25:00,0.55,0.95,0.55,1.80455,3.11695,13.0792342565894,19.1828769096644,332.729411764706,30.0068961794667,0,12.6377550726208,73.4999967110821,7.02066666666667,7.55466666666667,-0.424666666666667
"27",2026-02-01 00:26:00,0.552,0.954,0.552,1.811112,3.130074,13.0792342565894,18.9212922245326,332.729411764706,30.0063055797517,0,12.6758041111846,73.6199967057125,6.97533333333333,7.51533333333333,-0.426333333333333
"28",2026-02-01 00:27:00,0.554,0.958,0.554,1.817674,3.143198,13.0792342565894,18.6597075394009,332.729411764706,30.0057149800367,0,12.7138531497485,73.7399967003428,6.93,7.476,-0.428
"29",2026-02-01 00:28:00,0.556,0.962,0.556,1.824236,3.156322,13.0792342565894,18.3981228542691,332.729411764706,30.0051243803218,0,12.7519021883123,73.8599966949731,6.88466666666667,7.43666666666667,-0.429666666666667
"30",2026-02-01 00:29:00,0.558,0.966,0.558,1.830798,3.169446,13.0792342565894,18.1365381691373,332.729411764706,30.0045337806068,0,12.7899512268761,73.9799966896035,6.83933333333333,7.39733333333333,-0.431333333333333
"31",2026-02-01 00:30:00,0.56,0.97,0.56,1.83736,3.18257,13.0792342565894,17.8749534840055,332.729411764706,30.0039431808919,0,12.82800026544,74.0999966842338,6.794,7.358,-0.433
"32",2026-02-01 00:31:00,0.562,0.974,0.562,1.843922,3.195694,12.9920393615455,17.7877585889616,333.290980392157,30.0039431808919,0,12.82800026544,74.1999966797591,6.75583333333333,7.30766666666667,-0.422
"33",2026-02-01 00:32:00,0.564,0.978,0.564,1.850484,3.208818,12.9048444665015,17.7005636939176,333.852549019608,30.0039431808919,0,12.82800026544,74.2999966752844,6.71766666666667,7.25733333333333,-0.411
"34",2026-02-01 00:33:00,0.566,0.982,0.566,1.857046,3.221942,12.8176495714576,17.6133687988737,334.414117647059,30.0039431808919,0,12.82800026544,74.3999966708097,6.6795,7.207,-0.4
"35",2026-02-01 00:34:00,0.568,0.986,0.568,1.863608,3.235066,12.7304546764137,17.5261739038298,334.97568627451,30.0039431808919,0,12.82800026544,74.499996666335,6.64133333333333,7.15666666666667,-0.389
"36",2026-02-01 00:35:00,0.57,0.99,0.57,1.87017,3.24819,12.6432597813697,17.4389790087858,335.537254901961,30.0039431808919,0,12.82800026544,74.5999966618602,6.60316666666667,7.10633333333333,-0.378
"37",2026-02-01 00:36:00,0.572,0.994,0.572,1.876732,3.261314,12.8176495714576,17.4389790087858,335.256470588235,30.0033525811769,0,12.840659378374,74.6399966600703,6.565,7.056,-0.367
"38",2026-02-01 00:37:00,0.574,0.998,0.574,1.883294,3.274438,12.9920393615455,17.4389790087858,334.97568627451,30.0027619814619,0,12.853318491308,74.6799966582805,6.53216666666667,7.00783333333333,-0.362666666666667
"39",2026-02-01 00:38:00,0.576,1.002,0.576,1.889856,3.287562,13.1664291516333,17.4389790087858,334.694901960784,30.002171381747,0,12.865977604242,74.7199966564906,6.49933333333333,6.95966666666667,-0.358333333333333
"40",2026-02-01 00:39:00,0.578,1.006,0.578,1.896418,3.300686,13.3408189417212,17.4389790087858,334.414117647059,30.001580782032,0,12.878636717176,74.7599966547007,6.4665,6.9115,-0.354
"41",2026-02-01 00:40:00,0.58,1.01,0.58,1.90298,3.31381,13.515208731809,17.4389790087858,334.133333333333,30.0009901823171,0,12.89129583011,74.7999966529108,6.43366666666667,6.86333333333333,-0.349666666666667
"42",2026-02-01 00:41:00,0.5795,1.009,0.5795,1.9013395,3.310529,13.602403626853,17.8749534840055,332.44862745098,29.9992183831722,0,12.9418137375647,74.9999966439614,6.40083333333333,6.81516666666667,-0.345333333333333
"43",2026-02-01 00:42:00,0.579,1.008,0.579,1.899699,3.307248,13.6895985218969,18.3109279592251,330.763921568627,29.9974465840273,0,12.9923316450194,75.1999966350119,6.368,6.767,-0.341
"44",2026-02-01 00:43:00,0.5785,1.007,0.5785,1.8980585,3.303967,13.7767934169408,18.7469024344448,329.079215686274,29.9956747848824,0,13.0428495524742,75.3999966260625,6.32925,6.719,-0.342666666666667
"45",2026-02-01 00:44:00,0.578,1.006,0.578,1.896418,3.300686,13.8639883119847,19.1828769096644,327.394509803922,29.9939029857376,0,13.0933674599289,75.599996617113,6.2905,6.671,-0.344333333333333
"46",2026-02-01 00:45:00,0.5775,1.005,0.5775,1.8947775,3.297405,13.9511832070287,19.6188513848841,325.709803921569,29.9921311865927,0,13.1438853673836,75.7999966081636,6.25175,6.623,-0.346
"47",2026-02-01 00:46:00,0.577,1.004,0.577,1.893137,3.294124,14.0383781020726,19.6188513848841,327.956078431373,29.9927217863076,0,13.1564853856616,75.919996602794,6.213,6.575,-0.347666666666667
"48",2026-02-01 00:47:00,0.5765,1.003,0.5765,1.8914965,3.290843,14.1255729971165,19.6188513848841,330.202352941176,29.9933123860226,0,13.1690854039396,76.0399965974243,6.17425,6.527,-0.349333333333333
"49",2026-02-01 00:48:00,0.576,1.002,0.576,1.889856,3.287562,14.2127678921605,19.6188513848841,332.44862745098,29.9939029857376,0,13.1816854222176,76.1599965920546,6.1355,6.479,-0.351
"50",2026-02-01 00:49:00,0.5755,1.001,0.5755,1.8882155,3.284281,14.2999627872044,19.6188513848841,334.694901960784,29.9944935854525,0,13.1942854404955,76.279996586685,6.09675,6.43566666666667,-0.339
"51",2026-02-01 00:50:00,0.575,1,0.575,1.886575,3.281,14.3871576822483,19.6188513848841,336.941176470588,29.9950841851675,0,13.2068854587735,76.3999965813153,6.058,6.39233333333333,-0.327
"52",2026-02-01 00:51:00,0.5745,0.999,0.5745,1.8849345,3.277719,14.2127678921605,19.7932411749719,337.502745098039,29.9950841851675,0,13.3322471575017,76.6199965714709,6.01925,6.349,-0.315
"53",2026-02-01 00:52:00,0.574,0.998,0.574,1.883294,3.274438,14.0383781020726,19.9676309650598,338.06431372549,29.9950841851675,0,13.4576088562299,76.8399965616265,5.9805,6.30566666666667,-0.303
"54",2026-02-01 00:53:00,0.5735,0.997,0.5735,1.8816535,3.271157,13.8639883119847,20.1420207551476,338.625882352941,29.9950841851675,0,13.5829705549582,77.0599965517821,5.94175,6.26233333333333,-0.291
"55",2026-02-01 00:54:00,0.573,0.996,0.573,1.880013,3.267876,13.6895985218969,20.3164105452355,339.187450980392,29.9950841851675,0,13.7083322536864,77.2799965419378,5.903,6.219,-0.279
"56",2026-02-01 00:55:00,0.5725,0.995,0.5725,1.8783725,3.264595,13.515208731809,20.4908003353234,339.749019607843,29.9950841851675,0,13.8336939524146,77.4999965320934,5.86866666666667,6.1665,-0.2505
"57",2026-02-01 00:56:00,0.572,0.994,0.572,1.876732,3.261314,13.6895985218969,20.1420207551476,339.749019607843,29.9944935854525,0,13.72092055902,77.2999965410428,5.83433333333333,6.114,-0.222
"58",2026-02-01 00:57:00,0.5715,0.993,0.5715,1.8750915,3.258033,13.8639883119847,19.7932411749719,339.749019607843,29.9939029857376,0,13.6081471656254,77.0999965499923,5.8,6.0615,-0.1935
"59",2026-02-01 00:58:00,0.571,0.992,0.571,1.873451,3.254752,14.0383781020726,19.4444615947962,339.749019607843,29.9933123860226,0,13.4953737722308,76.8999965589417,5.76566666666667,6.009,-0.165
"60",2026-02-01 00:59:00,0.5705,0.991,0.5705,1.8718105,3.251471,14.2127678921605,19.0956820146205,339.749019607843,29.9927217863076,0,13.3826003788361,76.6999965678911,5.73133333333333,5.9565,-0.1365
"61",2026-02-01 01:00:00,0.57,0.99,0.57,1.87017,3.24819,14.3871576822483,18.7469024344448,339.749019607843,29.9921311865927,0,13.2698269854415,76.4999965768406,5.697,5.904,-0.108
"62",2026-02-01 01:01:00,0.569,0.988,0.569,1.866889,3.241628,14.2127678921605,18.9212922245326,338.625882352941,29.9927217863076,0,13.2949685971149,76.5399965750507,5.649,5.86033333333333,-0.0878333333333333
"63",2026-02-01 01:02:00,0.568,0.986,0.568,1.863608,3.235066,14.0383781020726,19.0956820146205,337.502745098039,29.9933123860226,0,13.3201102087883,76.5799965732608,5.601,5.81666666666667,-0.0676666666666667
"64",2026-02-01 01:03:00,0.567,0.984,0.567,1.860327,3.228504,13.8639883119847,19.2700718047084,336.379607843137,29.9939029857376,0,13.3452518204616,76.6199965714709,5.553,5.773,-0.0475
"65",2026-02-01 01:04:00,0.566,0.982,0.566,1.857046,3.221942,13.6895985218969,19.4444615947962,335.256470588235,29.9944935854525,0,13.370393432135,76.659996569681,5.505,5.72933333333333,-0.0273333333333333
"66",2026-02-01 01:05:00,0.565,0.98,0.565,1.853765,3.21538,13.515208731809,19.6188513848841,334.133333333333,29.9950841851675,0,13.3955350438084,76.6999965678911,5.457,5.68566666666667,-0.00716666666666666
"67",2026-02-01 01:06:00,0.564,0.978,0.564,1.850484,3.208818,13.515208731809,19.8804360700159,334.694901960784,29.9933123860226,0,13.4206302218121,76.7599965652063,5.409,5.642,0.013
"68",2026-02-01 01:07:00,0.563,0.976,0.563,1.847203,3.202256,13.515208731809,20.1420207551476,335.256470588235,29.9915405868777,0,13.4457253998159,76.8199965625215,5.364,5.6065,0.0233333333333333
"69",2026-02-01 01:08:00,0.562,0.974,0.562,1.843922,3.195694,13.515208731809,20.4036054402794,335.818039215686,29.9897687877328,0,13.4708205778196,76.8799965598366,5.319,5.571,0.0336666666666667
"70",2026-02-01 01:09:00,0.561,0.972,0.561,1.840641,3.189132,13.515208731809,20.6651901254112,336.379607843137,29.987996988588,0,13.4959157558234,76.9399965571518,5.274,5.5355,0.044
"71",2026-02-01 01:10:00,0.56,0.97,0.56,1.83736,3.18257,13.515208731809,20.926774810543,336.941176470588,29.9862251894431,0,13.5210109338271,76.999996554467,5.229,5.5,0.0543333333333333
"72",2026-02-01 01:11:00,0.559,0.968,0.559,1.834079,3.176008,13.602403626853,20.7523850204552,336.941176470588,29.9850439900132,0,13.6084823569839,77.2799965419378,5.184,5.4645,0.0646666666666667
"73",2026-02-01 01:12:00,0.558,0.966,0.558,1.830798,3.169446,13.6895985218969,20.5779952303673,336.941176470588,29.9838627905833,0,13.6959537801407,77.5599965294086,5.139,5.429,0.075
"74",2026-02-01 01:13:00,0.557,0.964,0.557,1.827517,3.162884,13.7767934169408,20.4036054402794,336.941176470588,29.9826815911533,0,13.7834252032974,77.8399965168794,5.10233333333333,5.406,0.0838333333333333
"75",2026-02-01 01:14:00,0.556,0.962,0.556,1.824236,3.156322,13.8639883119847,20.2292156501916,336.941176470588,29.9815003917234,0,13.8708966264542,78.1199965043501,5.06566666666667,5.383,0.0926666666666667
"76",2026-02-01 01:15:00,0.555,0.96,0.555,1.820955,3.14976,13.9511832070287,20.0548258601037,336.941176470588,29.9803191922935,0,13.958368049611,78.3999964918209,5.029,5.36,0.1015
"77",2026-02-01 01:16:00,0.554,0.958,0.554,1.817674,3.143198,14.0383781020726,20.3164105452355,336.660392156863,29.9797285925785,0,13.8834268891764,78.1999965007704,4.99233333333333,5.337,0.110333333333333
"78",2026-02-01 01:17:00,0.553,0.956,0.553,1.814393,3.136636,14.1255729971165,20.5779952303673,336.379607843137,29.9791379928636,0,13.8084857287419,77.9999965097198,4.95566666666667,5.314,0.119166666666667
"79",2026-02-01 01:18:00,0.552,0.954,0.552,1.811112,3.130074,14.2127678921605,20.8395799154991,336.098823529412,29.9785473931486,0,13.7335445683073,77.7999965186692,4.919,5.291,0.128
"80",2026-02-01 01:19:00,0.551,0.952,0.551,1.807831,3.123512,14.2999627872044,21.1011646006309,335.818039215686,29.9779567934337,0,13.6586034078728,77.5999965276187,4.88033333333333,5.25483333333333,0.145
"81",2026-02-01 01:20:00,0.55,0.95,0.55,1.80455,3.11695,14.3871576822483,21.3627492857627,335.537254901961,29.9773661937187,0,13.5836622474382,77.3999965365681,4.84166666666667,5.21866666666667,0.162
"82",2026-02-01 01:21:00,0.554,0.9565,0.554,1.817674,3.1382765,14.6487423673801,21.6243339708944,336.098823529412,29.9767755940037,0,13.6086882918031,77.5399965303035,4.803,5.1825,0.179
"83",2026-02-01 01:22:00,0.558,0.963,0.558,1.830798,3.159603,14.9103270525119,21.8859186560262,336.660392156863,29.9761849942888,0,13.6337143361679,77.6799965240389,4.76433333333333,5.14633333333333,0.196
"84",2026-02-01 01:23:00,0.562,0.9695,0.562,1.843922,3.1809295,15.1719117376437,22.147503341158,337.221960784314,29.9755943945738,0,13.6587403805328,77.8199965177743,4.72566666666667,5.11016666666667,0.213
"85",2026-02-01 01:24:00,0.566,0.976,0.566,1.857046,3.202256,15.4334964227755,22.4090880262898,337.783529411765,29.9750037948589,0,13.6837664248976,77.9599965115097,4.687,5.074,0.23
"86",2026-02-01 01:25:00,0.57,0.9825,0.57,1.87017,3.2235825,15.6950811079073,22.6706727114216,338.345098039216,29.9744131951439,0,13.7087924692625,78.0999965052451,4.64183333333333,5.03683333333333,0.244166666666667
"87",2026-02-01 01:26:00,0.574,0.989,0.574,1.883294,3.244909,15.8694708979951,22.6706727114216,338.625882352941,29.9744131951439,0,13.6962851825406,78.07999650614,4.59666666666667,4.99966666666667,0.258333333333333
"88",2026-02-01 01:27:00,0.578,0.9955,0.578,1.896418,3.2662355,16.043860688083,22.6706727114216,338.906666666667,29.9744131951439,0,13.6837778958186,78.059996507035,4.5515,4.9625,0.2725
"89",2026-02-01 01:28:00,0.582,1.002,0.582,1.909542,3.287562,16.2182504781708,22.6706727114216,339.187450980392,29.9744131951439,0,13.6712706090967,78.0399965079299,4.50633333333333,4.92533333333333,0.286666666666667
"90",2026-02-01 01:29:00,0.586,1.0085,0.586,1.922666,3.3088885,16.3926402682587,22.6706727114216,339.468235294118,29.9744131951439,0,13.6587633223748,78.0199965088249,4.46116666666667,4.88816666666667,0.300833333333333
"91",2026-02-01 01:30:00,0.59,1.015,0.59,1.93579,3.330215,16.5670300583465,22.6706727114216,339.749019607843,29.9744131951439,0,13.6462560356529,77.9999965097198,4.416,4.851,0.315
"92",2026-02-01 01:31:00,0.594,1.0215,0.594,1.948914,3.3515415,16.4798351633026,23.0194522915973,340.310588235294,29.9744131951439,0,13.6837436190052,78.1199965043501,4.3775,4.81666666666667,0.3275
"93",2026-02-01 01:32:00,0.598,1.028,0.598,1.962038,3.372868,16.3926402682587,23.368231871773,340.872156862745,29.9744131951439,0,13.7212312023576,78.2399964989805,4.339,4.78233333333333,0.34
"94",2026-02-01 01:33:00,0.602,1.0345,0.602,1.975162,3.3941945,16.3054453732148,23.7170114519487,341.433725490196,29.9744131951439,0,13.7587187857099,78.3599964936108,4.3005,4.748,0.3525
"95",2026-02-01 01:34:00,0.606,1.041,0.606,1.988286,3.415521,16.2182504781708,24.0657910321245,341.995294117647,29.9744131951439,0,13.7962063690623,78.4799964882412,4.262,4.71366666666667,0.365
"96",2026-02-01 01:35:00,0.61,1.0475,0.61,2.00141,3.4368475,16.1310555831269,24.4145706123002,342.556862745098,29.9744131951439,0,13.8336939524146,78.5999964828715,4.2235,4.67933333333333,0.3775
"97",2026-02-01 01:36:00,0.614,1.054,0.614,2.014534,3.458174,16.1310555831269,24.4145706123002,341.714509803922,29.9744131951439,0,13.7962063690623,78.5999964828715,4.185,4.645,0.39
"98",2026-02-01 01:37:00,0.618,1.0605,0.618,2.027658,3.4795005,16.1310555831269,24.4145706123002,340.872156862745,29.9744131951439,0,13.7587187857099,78.5999964828715,4.14583333333333,4.60283333333333,0.4075
"99",2026-02-01 01:38:00,0.622,1.067,0.622,2.040782,3.500827,16.1310555831269,24.4145706123002,340.029803921569,29.9744131951439,0,13.7212312023576,78.5999964828715,4.10666666666667,4.56066666666667,0.425
"100",2026-02-01 01:39:00,0.626,1.0735,0.626,2.053906,3.5221535,16.1310555831269,24.4145706123002,339.187450980392,29.9744131951439,0,13.6837436190052,78.5999964828715,4.0675,4.5185,0.4425
"101",2026-02-01 01:40:00,0.63,1.08,0.63,2.06703,3.54348,16.1310555831269,24.4145706123002,338.345098039216,29.9744131951439,0,13.6462560356529,78.5999964828715,4.02833333333333,4.47633333333333,0.46
"102",2026-02-01 01:41:00,0.6295,1.0795,0.6295,2.0653895,3.5418395,15.8694708979951,23.5426216618609,336.941176470588,29.9744131951439,0,13.6337372780099,78.5999964828715,3.98916666666667,4.43416666666667,0.4775
"103",2026-02-01 01:42:00,0.629,1.079,0.629,2.063749,3.540199,15.6078862128633,22.6706727114216,335.537254901961,29.9744131951439,0,13.621218520367,78.5999964828715,3.95,4.392,0.495
"104",2026-02-01 01:43:00,0.6285,1.0785,0.6285,2.0621085,3.5385585,15.3463015277315,21.7987237609823,334.133333333333,29.9744131951439,0,13.6086997627241,78.5999964828715,3.91266666666667,4.351,0.519166666666667
"105",2026-02-01 01:44:00,0.628,1.078,0.628,2.060468,3.536918,15.0847168425998,20.926774810543,332.729411764706,29.9744131951439,0,13.5961810050811,78.5999964828715,3.87533333333333,4.31,0.543333333333333
"106",2026-02-01 01:45:00,0.6275,1.0775,0.6275,2.0588275,3.5352775,14.823132157468,20.0548258601037,331.325490196078,29.9744131951439,0,13.5836622474382,78.5999964828715,3.838,4.269,0.5675
"107",2026-02-01 01:46:00,0.627,1.077,0.627,2.057187,3.533637,14.823132157468,20.2292156501916,333.010196078431,29.973822595429,0,13.5961810050811,78.6999964783968,3.80066666666667,4.228,0.591666666666667
"108",2026-02-01 01:47:00,0.6265,1.0765,0.6265,2.0555465,3.5319965,14.823132157468,20.4036054402794,334.694901960784,29.973231995714,0,13.6086997627241,78.799996473922,3.76333333333333,4.187,0.615833333333333
"109",2026-02-01 01:48:00,0.626,1.076,0.626,2.053906,3.530356,14.823132157468,20.5779952303673,336.379607843137,29.972641395999,0,13.621218520367,78.8999964694473,3.726,4.146,0.64
"110",2026-02-01 01:49:00,0.6255,1.0755,0.6255,2.0522655,3.5287155,14.823132157468,20.7523850204552,338.06431372549,29.9720507962841,0,13.6337372780099,78.9999964649726,3.69233333333333,4.09733333333333,0.659166666666667
"111",2026-02-01 01:50:00,0.625,1.075,0.625,2.050625,3.527075,14.823132157468,20.926774810543,339.749019607843,29.9714601965691,0,13.6462560356529,79.0999964604979,3.65866666666667,4.04866666666667,0.678333333333333
"112",2026-02-01 01:51:00,0.6245,1.0745,0.6245,2.0489845,3.5254345,14.6487423673801,20.926774810543,339.187450980392,29.9708695968542,0,13.6712591721971,79.1999964560232,3.625,4,0.6975
"113",2026-02-01 01:52:00,0.624,1.074,0.624,2.047344,3.523794,14.4743525772922,20.926774810543,338.625882352941,29.9702789971392,0,13.6962623087413,79.2999964515485,3.59133333333333,3.95133333333333,0.716666666666667
"114",2026-02-01 01:53:00,0.6235,1.0735,0.6235,2.0457035,3.5221535,14.2999627872044,20.926774810543,338.06431372549,29.9696883974242,0,13.7212654452855,79.3999964470737,3.55766666666667,3.90266666666667,0.735833333333333
"115",2026-02-01 01:54:00,0.623,1.073,0.623,2.044063,3.520513,14.1255729971165,20.926774810543,337.502745098039,29.9690977977093,0,13.7462685818297,79.499996442599,3.524,3.854,0.755
"116",2026-02-01 01:55:00,0.6225,1.0725,0.6225,2.0424225,3.5188725,13.9511832070287,20.926774810543,336.941176470588,29.9685071979943,0,13.7712717183739,79.5999964381243,3.4825,3.81183333333333,0.768666666666667
"117",2026-02-01 01:56:00,0.622,1.072,0.622,2.040782,3.517232,14.2127678921605,21.7115288659384,336.941176470588,29.9679165982794,0,13.7337498241868,79.6199964372294,3.441,3.76966666666667,0.782333333333333
"118",2026-02-01 01:57:00,0.6215,1.0715,0.6215,2.0391415,3.5155915,14.4743525772922,22.4962829213337,336.941176470588,29.9673259985644,0,13.6962279299996,79.6399964363344,3.3995,3.7275,0.796
"119",2026-02-01 01:58:00,0.621,1.071,0.621,2.037501,3.513951,14.735937262424,23.2810369767291,336.941176470588,29.9667353988494,0,13.6587060358125,79.6599964354395,3.358,3.68533333333333,0.809666666666667
"120",2026-02-01 01:59:00,0.6205,1.0705,0.6205,2.0358605,3.5123105,14.9975219475558,24.0657910321245,336.941176470588,29.9661447991345,0,13.6211841416253,79.6799964345445,3.3165,3.64316666666667,0.823333333333333
"121",2026-02-01 02:00:00,0.62,1.07,0.62,2.03422,3.51067,15.2591066326876,24.8505450875198,336.941176470588,29.9655541994195,0,13.5836622474382,79.6999964336496,3.275,3.601,0.837
"122",2026-02-01 02:01:00,0.6195,1.069,0.6195,2.0325795,3.507389,15.2591066326876,24.4145706123002,336.941176470588,29.9649635997046,0,13.6959209538198,79.9199964238052,3.243,3.5545,0.849
"123",2026-02-01 02:02:00,0.619,1.068,0.619,2.030939,3.504108,15.2591066326876,23.9785961370805,336.941176470588,29.9643729999896,0,13.8081796602014,80.1399964139608,3.211,3.508,0.861
"124",2026-02-01 02:03:00,0.6185,1.067,0.6185,2.0292985,3.500827,15.2591066326876,23.5426216618609,336.941176470588,29.9637824002746,0,13.920438366583,80.3599964041164,3.179,3.4615,0.873
"125",2026-02-01 02:04:00,0.618,1.066,0.618,2.027658,3.497546,15.2591066326876,23.1066471866412,336.941176470588,29.9631918005597,0,14.0326970729646,80.5799963942721,3.147,3.415,0.885
"126",2026-02-01 02:05:00,0.6175,1.065,0.6175,2.0260175,3.494265,15.2591066326876,22.6706727114216,336.941176470588,29.9626012008447,0,14.1449557793462,80.7999963844277,3.115,3.3685,0.897
"127",2026-02-01 02:06:00,0.617,1.064,0.617,2.024377,3.490984,15.2591066326876,22.6706727114216,337.502745098039,29.9620106011298,0,14.1449557793462,80.8799963808479,3.083,3.322,0.909
"128",2026-02-01 02:07:00,0.6165,1.063,0.6165,2.0227365,3.487703,15.2591066326876,22.6706727114216,338.06431372549,29.9614200014148,0,14.1449557793462,80.9599963772681,3.05433333333333,3.27933333333333,0.922666666666667
"129",2026-02-01 02:08:00,0.616,1.062,0.616,2.021096,3.484422,15.2591066326876,22.6706727114216,338.625882352941,29.9608294016999,0,14.1449557793462,81.0399963736884,3.02566666666667,3.23666666666667,0.936333333333333
"130",2026-02-01 02:09:00,0.6155,1.061,0.6155,2.0194555,3.481141,15.2591066326876,22.6706727114216,339.187450980392,29.9602388019849,0,14.1449557793462,81.1199963701086,2.997,3.194,0.95
"131",2026-02-01 02:10:00,0.615,1.06,0.615,2.017815,3.47786,15.2591066326876,22.6706727114216,339.749019607843,29.9596482022699,0,14.1449557793462,81.1999963665288,2.96833333333333,3.15133333333333,0.963666666666667
"132",2026-02-01 02:11:00,0.6145,1.059,0.6145,2.0161745,3.474579,15.6950811079073,22.7578676064655,340.029803921569,29.95846700284,0,14.1200886731276,81.259996363844,2.93966666666667,3.10866666666667,0.977333333333333
"133",2026-02-01 02:12:00,0.614,1.058,0.614,2.014534,3.471298,16.1310555831269,22.8450625015095,340.310588235294,29.9572858034101,0,14.095221566909,81.3199963611592,2.911,3.066,0.991
"134",2026-02-01 02:13:00,0.6135,1.057,0.6135,2.0128935,3.468017,16.5670300583465,22.9322573965534,340.59137254902,29.9561046039802,0,14.0703544606904,81.3799963584743,2.87383333333333,3.031,1.00733333333333
"135",2026-02-01 02:14:00,0.613,1.056,0.613,2.011253,3.464736,17.0030045335662,23.0194522915973,340.872156862745,29.9549234045503,0,14.0454873544718,81.4399963557895,2.83666666666667,2.996,1.02366666666667
"136",2026-02-01 02:15:00,0.6125,1.055,0.6125,2.0096125,3.461455,17.4389790087858,23.1066471866412,341.152941176471,29.9537422051203,0,14.0206202482532,81.4999963531047,2.7995,2.961,1.04
"137",2026-02-01 02:16:00,0.612,1.054,0.612,2.007972,3.458174,17.3517841137419,23.2810369767291,341.714509803922,29.9531516054054,0,14.1691559638377,81.8199963387856,2.76233333333333,2.926,1.05633333333333
"138",2026-02-01 02:17:00,0.6115,1.053,0.6115,2.0063315,3.454893,17.264589218698,23.455426766817,342.276078431373,29.9525610056904,0,14.3176916794222,82.1399963244665,2.72516666666667,2.891,1.07266666666667
"139",2026-02-01 02:18:00,0.611,1.052,0.611,2.004691,3.451612,17.1773943236541,23.6298165569048,342.837647058824,29.9519704059755,0,14.4662273950068,82.4599963101474,2.688,2.856,1.089
"140",2026-02-01 02:19:00,0.6105,1.051,0.6105,2.0030505,3.448331,17.0901994286101,23.8042063469927,343.399215686275,29.9513798062605,0,14.6147631105913,82.7799962958283,2.65083333333333,2.832,1.09566666666667
"141",2026-02-01 02:20:00,0.61,1.05,0.61,2.00141,3.44505,17.0030045335662,23.9785961370805,343.960784313726,29.9507892065455,0,14.7632988261758,83.0999962815092,2.61366666666667,2.808,1.10233333333333
"142",2026-02-01 02:21:00,0.613,1.0555,0.613,2.011253,3.4630955,17.1773943236541,23.9785961370805,343.960784313726,29.9507892065455,0,14.7756053250013,83.1599962788243,2.5765,2.784,1.109
"143",2026-02-01 02:22:00,0.616,1.061,0.616,2.021096,3.481141,17.3517841137419,23.9785961370805,343.960784313726,29.9507892065455,0,14.7879118238267,83.2199962761395,2.53933333333333,2.76,1.11566666666667
"144",2026-02-01 02:23:00,0.619,1.0665,0.619,2.030939,3.4991865,17.5261739038298,23.9785961370805,343.960784313726,29.9507892065455,0,14.8002183226522,83.2799962734547,2.50216666666667,2.736,1.12233333333333
"145",2026-02-01 02:24:00,0.622,1.072,0.622,2.040782,3.517232,17.7005636939176,23.9785961370805,343.960784313726,29.9507892065455,0,14.8125248214776,83.3399962707699,2.465,2.712,1.129
"146",2026-02-01 02:25:00,0.625,1.0775,0.625,2.050625,3.5352775,17.8749534840055,23.9785961370805,343.960784313726,29.9507892065455,0,14.8248313203031,83.399996268085,2.437,2.67983333333333,1.13116666666667
"147",2026-02-01 02:26:00,0.628,1.083,0.628,2.060468,3.553323,17.8749534840055,24.8505450875198,344.803137254902,29.9490174074007,0,14.7878791557571,83.4599962654002,2.409,2.64766666666667,1.13333333333333
"148",2026-02-01 02:27:00,0.631,1.0885,0.631,2.070311,3.5713685,17.8749534840055,25.7224940379591,345.645490196078,29.9472456082558,0,14.7509269912111,83.5199962627154,2.381,2.6155,1.1355
"149",2026-02-01 02:28:00,0.634,1.094,0.634,2.080154,3.589414,17.8749534840055,26.5944429883984,346.487843137255,29.9454738091109,0,14.7139748266651,83.5799962600305,2.353,2.58333333333333,1.13766666666667
"150",2026-02-01 02:29:00,0.637,1.0995,0.637,2.089997,3.6074595,17.8749534840055,27.4663919388377,347.330196078431,29.943702009966,0,14.6770226621191,83.6399962573457,2.325,2.55116666666667,1.13983333333333
"151",2026-02-01 02:30:00,0.64,1.105,0.64,2.09984,3.625505,17.8749534840055,28.338340889277,348.172549019608,29.9419302108212,0,14.6400704975731,83.6999962546609,2.297,2.519,1.142
"152",2026-02-01 02:31:00,0.643,1.1105,0.643,2.109683,3.6435505,18.3109279592251,28.4255357843209,348.172549019608,29.9419302108212,0,14.6647161632936,83.739996252871,2.2565,2.49316666666667,1.15066666666667
"153",2026-02-01 02:32:00,0.646,1.116,0.646,2.119526,3.661596,18.7469024344448,28.5127306793649,348.172549019608,29.9419302108212,0,14.6893618290142,83.7799962510811,2.216,2.46733333333333,1.15933333333333
"154",2026-02-01 02:33:00,0.649,1.1215,0.649,2.129369,3.6796415,19.1828769096644,28.5999255744088,348.172549019608,29.9419302108212,0,14.7140074947347,83.8199962492912,2.1755,2.4415,1.168
"155",2026-02-01 02:34:00,0.652,1.127,0.652,2.139212,3.697687,19.6188513848841,28.6871204694527,348.172549019608,29.9419302108212,0,14.7386531604553,83.8599962475013,2.135,2.41566666666667,1.17666666666667
"156",2026-02-01 02:35:00,0.655,1.1325,0.655,2.149055,3.7157325,20.0548258601037,28.7743153644966,348.172549019608,29.9419302108212,0,14.7632988261758,83.8999962457114,2.0945,2.38983333333333,1.18533333333333
"157",2026-02-01 02:36:00,0.658,1.138,0.658,2.158898,3.733778,19.9676309650598,28.338340889277,347.891764705882,29.9413396111062,0,14.7263139298212,83.8799962466064,2.054,2.364,1.194
"158",2026-02-01 02:37:00,0.661,1.1435,0.661,2.168741,3.7518235,19.8804360700159,27.9023664140573,347.610980392157,29.9407490113912,0,14.6893290334666,83.8599962475013,2.02333333333333,2.33733333333333,1.20933333333333
"159",2026-02-01 02:38:00,0.664,1.149,0.664,2.178584,3.769869,19.7932411749719,27.4663919388377,347.330196078431,29.9401584116763,0,14.652344137112,83.8399962483963,1.99266666666667,2.31066666666667,1.22466666666667
"160",2026-02-01 02:39:00,0.667,1.1545,0.667,2.188427,3.7879145,19.706046279928,27.0304174636181,347.049411764706,29.9395678119613,0,14.6153592407574,83.8199962492912,1.962,2.284,1.24
"161",2026-02-01 02:40:00,0.67,1.16,0.67,2.19827,3.80596,19.6188513848841,26.5944429883984,346.76862745098,29.9389772122464,0,14.5783743444028,83.7999962501862,1.93133333333333,2.25733333333333,1.25533333333333
"162",2026-02-01 02:41:00,0.674,1.166,0.674,2.211394,3.825646,19.4444615947962,26.4200531983106,347.610980392157,29.9383866125314,0,14.6522462275807,83.9399962439216,1.90066666666667,2.23066666666667,1.27066666666667
"163",2026-02-01 02:42:00,0.678,1.172,0.678,2.224518,3.845332,19.2700718047084,26.2456634082227,348.453333333333,29.9377960128164,0,14.7261181107587,84.0799962376569,1.87,2.204,1.286
"164",2026-02-01 02:43:00,0.682,1.178,0.682,2.237642,3.865018,19.0956820146205,26.0712736181348,349.29568627451,29.9372054131015,0,14.7999899939367,84.2199962313923,1.84216666666667,2.17166666666667,1.297
"165",2026-02-01 02:44:00,0.686,1.184,0.686,2.250766,3.884704,18.9212922245326,25.896883828047,350.138039215686,29.9366148133865,0,14.8738618771147,84.3599962251277,1.81433333333333,2.13933333333333,1.308
"166",2026-02-01 02:45:00,0.69,1.19,0.69,2.26389,3.90439,18.7469024344448,25.7224940379591,350.980392156863,29.9360242136716,0,14.9477337602927,84.4999962188631,1.7865,2.107,1.319
"167",2026-02-01 02:46:00,0.694,1.196,0.694,2.277014,3.924076,18.6597075394009,25.896883828047,351.261176470588,29.9360242136716,0,14.9108467734693,84.439996221548,1.75866666666667,2.07466666666667,1.33
"168",2026-02-01 02:47:00,0.698,1.202,0.698,2.290138,3.943762,18.5725126443569,26.0712736181348,351.541960784314,29.9360242136716,0,14.8739597866459,84.3799962242328,1.73083333333333,2.04233333333333,1.341
"169",2026-02-01 02:48:00,0.702,1.208,0.702,2.303262,3.963448,18.485317749313,26.2456634082227,351.822745098039,29.9360242136716,0,14.8370727998226,84.3199962269176,1.703,2.01,1.352
"170",2026-02-01 02:49:00,0.706,1.214,0.706,2.316386,3.983134,18.3981228542691,26.4200531983106,352.103529411765,29.9360242136716,0,14.8001858129992,84.2599962296025,1.673,1.9865,1.35516666666667
"171",2026-02-01 02:50:00,0.71,1.22,0.71,2.32951,4.00282,18.3109279592251,26.5944429883984,352.38431372549,29.9360242136716,0,14.7632988261758,84.1999962322873,1.643,1.963,1.35833333333333
"172",2026-02-01 02:51:00,0.714,1.226,0.714,2.342634,4.022506,17.9621483790494,26.5944429883984,352.103529411765,29.9366148133865,0,14.8001858129992,84.2999962278126,1.613,1.9395,1.3615
"173",2026-02-01 02:52:00,0.718,1.232,0.718,2.355758,4.042192,17.6133687988737,26.5944429883984,351.822745098039,29.9372054131015,0,14.8370727998226,84.3999962233378,1.583,1.916,1.36466666666667
"174",2026-02-01 02:53:00,0.722,1.238,0.722,2.368882,4.061878,17.264589218698,26.5944429883984,351.541960784314,29.9377960128164,0,14.8739597866459,84.4999962188631,1.553,1.8925,1.36783333333333
"175",2026-02-01 02:54:00,0.726,1.244,0.726,2.382006,4.081564,16.9158096385223,26.5944429883984,351.261176470588,29.9383866125314,0,14.9108467734693,84.5999962143884,1.523,1.869,1.371
"176",2026-02-01 02:55:00,0.73,1.25,0.73,2.39513,4.10125,16.5670300583465,26.5944429883984,350.980392156863,29.9389772122464,0,14.9477337602927,84.6999962099137,1.5015,1.834,1.377
"177",2026-02-01 02:56:00,0.734,1.256,0.734,2.408254,4.120936,16.8286147434783,26.9432225685741,351.261176470588,29.9377960128164,0,14.9477337602927,84.7399962081238,1.48,1.799,1.383
"178",2026-02-01 02:57:00,0.738,1.262,0.738,2.421378,4.140622,17.0901994286101,27.2920021487498,351.541960784314,29.9366148133865,0,14.9477337602927,84.7799962063339,1.4585,1.764,1.389
"179",2026-02-01 02:58:00,0.742,1.268,0.742,2.434502,4.160308,17.3517841137419,27.6407817289256,351.822745098039,29.9354336139566,0,14.9477337602927,84.819996204544,1.437,1.729,1.395
"180",2026-02-01 02:59:00,0.746,1.274,0.746,2.447626,4.179994,17.6133687988737,27.9895613091013,352.103529411765,29.9342524145267,0,14.9477337602927,84.8599962027541,1.4155,1.694,1.401
"181",2026-02-01 03:00:00,0.75,1.28,0.75,2.46075,4.19968,17.8749534840055,28.338340889277,352.38431372549,29.9330712150968,0,14.9477337602927,84.8999962009643,1.394,1.659,1.407
"182",2026-02-01 03:01:00,0.7515,1.283,0.7515,2.4656715,4.209523,17.9621483790494,28.6871204694527,352.103529411765,29.9330712150968,0,14.8985293958897,84.8799962018592,1.369,1.63,1.42016666666667
"183",2026-02-01 03:02:00,0.753,1.286,0.753,2.470593,4.219366,18.0493432740933,29.0359000496284,351.822745098039,29.9330712150968,0,14.8493250314867,84.8599962027541,1.344,1.601,1.43333333333333
"184",2026-02-01 03:03:00,0.7545,1.289,0.7545,2.4755145,4.229209,18.1365381691373,29.3846796298041,351.541960784314,29.9330712150968,0,14.8001206670838,84.8399962036491,1.319,1.572,1.4465
"185",2026-02-01 03:04:00,0.756,1.292,0.756,2.480436,4.239052,18.2237330641812,29.7334592099799,351.261176470588,29.9330712150968,0,14.7509163026808,84.819996204544,1.294,1.543,1.45966666666667
"186",2026-02-01 03:05:00,0.7575,1.295,0.7575,2.4853575,4.248895,18.3109279592251,30.0822387901556,350.980392156863,29.9330712150968,0,14.7017119382778,84.799996205439,1.269,1.514,1.47283333333333
"187",2026-02-01 03:06:00,0.759,1.298,0.759,2.490279,4.258738,18.3981228542691,29.8206541050238,350.980392156863,29.9318900156669,0,14.6893836501369,84.8399962036491,1.244,1.485,1.486
"188",2026-02-01 03:07:00,0.7605,1.301,0.7605,2.4952005,4.268581,18.485317749313,29.559069419892,350.980392156863,29.9307088162369,0,14.6770553619959,84.8799962018592,1.2205,1.455,1.498
"189",2026-02-01 03:08:00,0.762,1.304,0.762,2.500122,4.278424,18.5725126443569,29.2974847347602,350.980392156863,29.929527616807,0,14.664727073855,84.9199962000693,1.197,1.425,1.51
"190",2026-02-01 03:09:00,0.7635,1.307,0.7635,2.5050435,4.288267,18.6597075394009,29.0359000496284,350.980392156863,29.9283464173771,0,14.652398785714,84.9599961982794,1.1735,1.395,1.522
"191",2026-02-01 03:10:00,0.765,1.31,0.765,2.509965,4.29811,18.7469024344448,28.7743153644966,350.980392156863,29.9271652179472,0,14.6400704975731,84.9999961964895,1.15,1.365,1.534
"192",2026-02-01 03:11:00,0.7665,1.313,0.7665,2.5148865,4.307953,18.7469024344448,28.0767562041452,351.261176470588,29.9283464173771,0,14.701603150117,85.0999961920148,1.1265,1.335,1.546
"193",2026-02-01 03:12:00,0.768,1.316,0.768,2.519808,4.317796,18.7469024344448,27.3791970437938,351.541960784314,29.929527616807,0,14.7631358026609,85.1999961875401,1.103,1.305,1.558
"194",2026-02-01 03:13:00,0.7695,1.319,0.7695,2.5247295,4.327639,18.7469024344448,26.6816378834423,351.822745098039,29.9307088162369,0,14.8246684552048,85.2999961830654,1.08158333333333,1.276,1.563
"195",2026-02-01 03:14:00,0.771,1.322,0.771,2.529651,4.337482,18.7469024344448,25.9840787230909,352.103529411765,29.9318900156669,0,14.8862011077488,85.3999961785907,1.06016666666667,1.247,1.568
"196",2026-02-01 03:15:00,0.7725,1.325,0.7725,2.5345725,4.347325,18.7469024344448,25.2865195627395,352.38431372549,29.9330712150968,0,14.9477337602927,85.499996174116,1.03875,1.218,1.573
"197",2026-02-01 03:16:00,0.774,1.328,0.774,2.539494,4.357168,18.485317749313,25.5481042478713,352.665098039216,29.9330712150968,0,14.9354489240492,85.5599961714311,1.01733333333333,1.189,1.578
"198",2026-02-01 03:17:00,0.7755,1.331,0.7755,2.5444155,4.367011,18.2237330641812,25.809688933003,352.945882352941,29.9330712150968,0,14.9231640878058,85.6199961687463,0.995916666666667,1.16,1.583
"199",2026-02-01 03:18:00,0.777,1.334,0.777,2.549337,4.376854,17.9621483790494,26.0712736181348,353.226666666667,29.9330712150968,0,14.9108792515623,85.6799961660615,0.9745,1.131,1.588
"200",2026-02-01 03:19:00,0.7785,1.337,0.7785,2.5542585,4.386697,17.7005636939176,26.3328583032666,353.507450980392,29.9330712150968,0,14.8985944153188,85.7399961633766,0.953083333333333,1.103,1.605
"201",2026-02-01 03:20:00,0.78,1.34,0.78,2.55918,4.39654,17.4389790087858,26.5944429883984,353.788235294118,29.9330712150968,0,14.8863095790754,85.7999961606918,0.931666666666667,1.075,1.622
"202",2026-02-01 03:21:00,0.784,1.3465,0.784,2.572304,4.4178665,17.7877585889616,27.3791970437938,353.507450980392,29.9336618148117,0,14.8000111150385,85.7399961633766,0.91025,1.047,1.639
"203",2026-02-01 03:22:00,0.788,1.353,0.788,2.585428,4.439193,18.1365381691373,28.1639510991891,353.226666666667,29.9342524145267,0,14.7137126510016,85.6799961660615,0.888833333333333,1.019,1.656
"204",2026-02-01 03:23:00,0.792,1.3595,0.792,2.598552,4.4605195,18.485317749313,28.9487051545845,352.945882352941,29.9348430142416,0,14.6274141869647,85.6199961687463,0.867416666666667,0.991,1.673
"205",2026-02-01 03:24:00,0.796,1.366,0.796,2.611676,4.481846,18.8340973294887,29.7334592099799,352.665098039216,29.9354336139566,0,14.5411157229278,85.5599961714311,0.846,0.963,1.69
"206",2026-02-01 03:25:00,0.8,1.3725,0.8,2.6248,4.5031725,19.1828769096644,30.5182132653752,352.38431372549,29.9360242136716,0,14.4548172588909,85.499996174116,0.835388888888889,0.952666666666667,1.71283333333333
"207",2026-02-01 03:26:00,0.804,1.379,0.804,2.637924,4.524499,19.2700718047084,30.4310183703313,352.38431372549,29.9348430142416,0,14.430061685488,85.4599961759058,0.824777777777778,0.942333333333333,1.73566666666667
"208",2026-02-01 03:27:00,0.808,1.3855,0.808,2.651048,4.5458255,19.3572666997523,30.3438234752874,352.38431372549,29.9336618148117,0,14.405306112085,85.4199961776957,0.814166666666667,0.932,1.7585
"209",2026-02-01 03:28:00,0.812,1.392,0.812,2.664172,4.567152,19.4444615947962,30.2566285802434,352.38431372549,29.9324806153818,0,14.3805505386821,85.3799961794856,0.803555555555556,0.921666666666667,1.78133333333333
"210",2026-02-01 03:29:00,0.816,1.3985,0.816,2.677296,4.5884785,19.5316564898401,30.1694336851995,352.38431372549,29.9312994159519,0,14.3557949652792,85.3399961812755,0.792944444444445,0.911333333333333,1.80416666666667
"211",2026-02-01 03:30:00,0.82,1.405,0.82,2.69042,4.609805,19.6188513848841,30.0822387901556,352.38431372549,29.930118216522,0,14.3310393918763,85.2999961830654,0.782333333333333,0.901,1.827
"212",2026-02-01 03:31:00,0.824,1.4115,0.824,2.703544,4.6311315,19.5316564898401,29.8206541050238,352.38431372549,29.9289370170921,0,14.3434227143181,85.3799961794856,0.771722222222222,0.887333333333333,1.8445
"213",2026-02-01 03:32:00,0.828,1.418,0.828,2.716668,4.652458,19.4444615947962,29.559069419892,352.38431372549,29.9277558176621,0,14.35580603676,85.4599961759058,0.761111111111111,0.873666666666667,1.862
"214",2026-02-01 03:33:00,0.832,1.4245,0.832,2.729792,4.6737845,19.3572666997523,29.2974847347602,352.38431372549,29.9265746182322,0,14.3681893592018,85.539996172326,0.7505,0.86,1.8795
"215",2026-02-01 03:34:00,0.836,1.431,0.836,2.742916,4.695111,19.2700718047084,29.0359000496284,352.38431372549,29.9253934188023,0,14.3805726816437,85.6199961687463,0.739888888888889,0.846333333333333,1.897
"216",2026-02-01 03:35:00,0.84,1.4375,0.84,2.75604,4.7164375,19.1828769096644,28.7743153644966,352.38431372549,29.9242122193724,0,14.3929560040855,85.6999961651665,0.729277777777778,0.832666666666667,1.9145
"217",2026-02-01 03:36:00,0.844,1.444,0.844,2.769164,4.737764,19.1828769096644,28.5999255744088,352.38431372549,29.9236216196574,0,14.3805726816437,85.6999961651665,0.718666666666667,0.819,1.932
"218",2026-02-01 03:37:00,0.848,1.4505,0.848,2.782288,4.7590905,19.1828769096644,28.4255357843209,352.38431372549,29.9230310199425,0,14.3681893592018,85.6999961651665,0.708055555555556,0.805333333333333,1.9425
"219",2026-02-01 03:38:00,0.852,1.457,0.852,2.795412,4.780417,19.1828769096644,28.2511459942331,352.38431372549,29.9224404202275,0,14.35580603676,85.6999961651665,0.697444444444445,0.791666666666667,1.953
"220",2026-02-01 03:39:00,0.856,1.4635,0.856,2.808536,4.8017435,19.1828769096644,28.0767562041452,352.38431372549,29.9218498205125,0,14.3434227143181,85.6999961651665,0.686833333333334,0.778,1.9635
"221",2026-02-01 03:40:00,0.86,1.47,0.86,2.82166,4.82307,19.1828769096644,27.9023664140573,352.38431372549,29.9212592207976,0,14.3310393918763,85.6999961651665,0.676222222222223,0.764333333333333,1.974
"222",2026-02-01 03:41:00,0.864,1.4745,0.864,2.834784,4.8378345,19.0084871195766,27.5535868338816,352.38431372549,29.9200780213677,0,14.2565051234232,85.6599961669564,0.665611111111111,0.750666666666667,1.9845
"223",2026-02-01 03:42:00,0.868,1.479,0.868,2.847908,4.852599,18.8340973294887,27.2048072537059,352.38431372549,29.9188968219378,0,14.1819708549701,85.6199961687463,0.655,0.737,1.995
"224",2026-02-01 03:43:00,0.872,1.4835,0.872,2.861032,4.8673635,18.6597075394008,26.8560276735302,352.38431372549,29.9177156225078,0,14.1074365865171,85.5799961705362,0.644388888888889,0.723333333333333,2.01133333333333
"225",2026-02-01 03:44:00,0.876,1.488,0.876,2.874156,4.882128,18.485317749313,26.5072480933545,352.38431372549,29.9165344230779,0,14.032902318064,85.539996172326,0.633777777777778,0.709666666666667,2.02766666666667
"226",2026-02-01 03:45:00,0.88,1.4925,0.88,2.88728,4.8968925,18.3109279592251,26.1584685131788,352.38431372549,29.915353223648,0,13.958368049611,85.499996174116,0.623166666666667,0.696,2.044
"227",2026-02-01 03:46:00,0.884,1.497,0.884,2.900404,4.911657,18.5725126443569,26.4200531983105,352.665098039216,29.915353223648,0,14.008102328349,85.6199961687463,0.612555555555556,0.682333333333333,2.06033333333333
"228",2026-02-01 03:47:00,0.888,1.5015,0.888,2.913528,4.9264215,18.8340973294887,26.6816378834423,352.945882352941,29.915353223648,0,14.0578366070871,85.7399961633766,0.601944444444445,0.668666666666667,2.07666666666667
"229",2026-02-01 03:48:00,0.892,1.506,0.892,2.926652,4.941186,19.0956820146205,26.9432225685741,353.226666666667,29.915353223648,0,14.1075708858251,85.859996158007,0.591333333333334,0.655,2.093
"230",2026-02-01 03:49:00,0.896,1.5105,0.896,2.939776,4.9559505,19.3572666997523,27.2048072537059,353.507450980392,29.915353223648,0,14.1573051645631,85.9799961526373,0.580722222222223,0.639666666666667,2.10716666666667
"231",2026-02-01 03:50:00,0.9,1.515,0.9,2.9529,4.970715,19.6188513848841,27.4663919388377,353.788235294118,29.915353223648,0,14.2070394433012,86.0999961472676,0.570111111111111,0.624333333333333,2.12133333333333
"232",2026-02-01 03:51:00,0.904,1.5195,0.904,2.966024,4.9854795,19.4444615947962,27.3791970437938,353.507450980392,29.915353223648,0,14.2194450065287,86.1399961454777,0.5595,0.609,2.1355
"233",2026-02-01 03:52:00,0.908,1.524,0.908,2.979148,5.000244,19.2700718047084,27.2920021487498,353.226666666667,29.915353223648,0,14.2318505697561,86.1799961436879,0.548888888888889,0.593666666666667,2.14966666666667
"234",2026-02-01 03:53:00,0.912,1.5285,0.912,2.992272,5.0150085,19.0956820146205,27.2048072537059,352.945882352941,29.915353223648,0,14.2442561329836,86.219996141898,0.538277777777778,0.578333333333333,2.16383333333333
"235",2026-02-01 03:54:00,0.916,1.533,0.916,3.005396,5.029773,18.9212922245326,27.117612358662,352.665098039216,29.915353223648,0,14.2566616962111,86.2599961401081,0.527666666666667,0.563,2.178
"236",2026-02-01 03:55:00,0.92,1.5375,0.92,3.01852,5.0445375,18.7469024344448,27.0304174636181,352.38431372549,29.915353223648,0,14.2690672594386,86.2999961383182,0.517055555555556,0.558166666666667,2.188
"237",2026-02-01 03:56:00,0.924,1.542,0.924,3.031644,5.059302,19.0956820146205,27.4663919388377,352.38431372549,29.9135814245031,0,14.2442449634201,86.2799961392131,0.506444444444445,0.553333333333333,2.198
"238",2026-02-01 03:57:00,0.928,1.5465,0.928,3.044768,5.0740665,19.4444615947962,27.9023664140573,352.38431372549,29.9118096253582,0,14.2194226674016,86.2599961401081,0.495833333333334,0.5485,2.208
"239",2026-02-01 03:58:00,0.932,1.551,0.932,3.057892,5.088831,19.7932411749719,28.338340889277,352.38431372549,29.9100378262134,0,14.1946003713832,86.239996141003,0.485222222222223,0.543666666666667,2.218
"240",2026-02-01 03:59:00,0.936,1.5555,0.936,3.071016,5.1035955,20.1420207551476,28.7743153644966,352.38431372549,29.9082660270685,0,14.1697780753647,86.219996141898,0.474611111111112,0.538833333333333,2.228
"241",2026-02-01 04:00:00,0.94,1.56,0.94,3.08414,5.11836,20.4908003353234,29.2102898397163,352.38431372549,29.9064942279236,0,14.1449557793462,86.1999961427929,0.464,0.534,2.238
"242",2026-02-01 04:01:00,0.938,1.56,0.938,3.077578,5.11836,20.4036054402794,29.1230949446724,352.103529411765,29.9064942279236,0,14.1697780753647,86.2599961401081,0.452666666666667,0.535666666666667,2.24933333333333
"243",2026-02-01 04:02:00,0.936,1.56,0.936,3.071016,5.11836,20.3164105452355,29.0359000496284,351.822745098039,29.9064942279236,0,14.1946003713832,86.3199961374232,0.441333333333334,0.537333333333333,2.26066666666667
"244",2026-02-01 04:03:00,0.934,1.56,0.934,3.064454,5.11836,20.2292156501916,28.9487051545845,351.541960784314,29.9064942279236,0,14.2194226674016,86.3799961347384,0.43,0.539,2.272
"245",2026-02-01 04:04:00,0.932,1.56,0.932,3.057892,5.11836,20.1420207551476,28.8615102595406,351.261176470588,29.9064942279236,0,14.2442449634201,86.4399961320536,0.418666666666667,0.540666666666667,2.28333333333333
"246",2026-02-01 04:05:00,0.93,1.56,0.93,3.05133,5.11836,20.0548258601037,28.7743153644966,350.980392156863,29.9064942279236,0,14.2690672594386,86.4999961293688,0.407333333333333,0.542333333333333,2.29466666666667
"247",2026-02-01 04:06:00,0.928,1.56,0.928,3.044768,5.11836,19.8804360700159,28.5127306793649,350.699607843137,29.9059036282087,0,14.1819925980338,86.5599961266839,0.396,0.544,2.306
"248",2026-02-01 04:07:00,0.926,1.56,0.926,3.038206,5.11836,19.706046279928,28.2511459942331,350.418823529412,29.9053130284937,0,14.094917936629,86.6199961239991,0.4035,0.548833333333333,2.322
"249",2026-02-01 04:08:00,0.924,1.56,0.924,3.031644,5.11836,19.5316564898401,27.9895613091013,350.138039215686,29.9047224287787,0,14.0078432752242,86.6799961213143,0.411,0.553666666666667,2.338
"250",2026-02-01 04:09:00,0.922,1.56,0.922,3.025082,5.11836,19.3572666997523,27.7279766239695,349.857254901961,29.9041318290638,0,13.9207686138194,86.7399961186294,0.4185,0.5585,2.354
"251",2026-02-01 04:10:00,0.92,1.56,0.92,3.01852,5.11836,19.1828769096644,27.4663919388377,349.576470588235,29.9035412293488,0,13.8336939524146,86.7999961159446,0.426,0.563333333333333,2.37
"252",2026-02-01 04:11:00,0.918,1.56,0.918,3.011958,5.11836,19.0084871195766,28.2511459942331,350.138039215686,29.9029506296339,0,13.7711573486971,86.6999961204193,0.4335,0.568166666666667,2.386
"253",2026-02-01 04:12:00,0.916,1.56,0.916,3.005396,5.11836,18.8340973294887,29.0359000496284,350.699607843137,29.9023600299189,0,13.7086207449796,86.599996124894,0.441,0.573,2.402
"254",2026-02-01 04:13:00,0.914,1.56,0.914,2.998834,5.11836,18.6597075394008,29.8206541050238,351.261176470588,29.9017694302039,0,13.6460841412621,86.4999961293688,0.4525,0.573,2.42266666666667
"255",2026-02-01 04:14:00,0.912,1.56,0.912,2.992272,5.11836,18.485317749313,30.6054081604192,351.822745098039,29.901178830489,0,13.5835475375446,86.3999961338435,0.464,0.573,2.44333333333333
"256",2026-02-01 04:15:00,0.91,1.56,0.91,2.98571,5.11836,18.3109279592251,31.3901622158145,352.38431372549,29.900588230774,0,13.5210109338271,86.2999961383182,0.4755,0.573,2.464
"257",2026-02-01 04:16:00,0.908,1.56,0.908,2.979148,5.11836,18.5725126443569,31.0413826356388,352.103529411765,29.8982258319142,0,13.4581858388164,86.3599961356334,0.487,0.573,2.48466666666667
"258",2026-02-01 04:17:00,0.906,1.56,0.906,2.972586,5.11836,18.8340973294887,30.6926030554631,351.822745098039,29.8958634330543,0,13.3953607438057,86.4199961329485,0.4985,0.573,2.50533333333333
"259",2026-02-01 04:18:00,0.904,1.56,0.904,2.966024,5.11836,19.0956820146205,30.3438234752874,351.541960784314,29.8935010341945,0,13.332535648795,86.4799961302637,0.51,0.573,2.526
"260",2026-02-01 04:19:00,0.902,1.56,0.902,2.959462,5.11836,19.3572666997523,29.9950438951116,351.261176470588,29.8911386353347,0,13.2697105537842,86.5399961275789,0.527,0.577333333333333,2.5495
"261",2026-02-01 04:20:00,0.9,1.56,0.9,2.9529,5.11836,19.6188513848841,29.6462643149359,350.980392156863,29.8887762364748,0,13.2068854587735,86.599996124894,0.544,0.581666666666667,2.573
"262",2026-02-01 04:21:00,0.9045,1.5645,0.9045,2.9676645,5.1331245,19.5316564898401,29.3846796298041,351.541960784314,29.8887762364748,0,13.2446153757805,86.6199961239991,0.561,0.586,2.5965
"263",2026-02-01 04:22:00,0.909,1.569,0.909,2.982429,5.147889,19.4444615947962,29.1230949446724,352.103529411765,29.8887762364748,0,13.2823452927875,86.6399961231042,0.578,0.590333333333333,2.62
"264",2026-02-01 04:23:00,0.9135,1.5735,0.9135,2.9971935,5.1626535,19.3572666997523,28.8615102595406,352.665098039216,29.8887762364748,0,13.3200752097944,86.6599961222092,0.595,0.594666666666667,2.6435
"265",2026-02-01 04:24:00,0.918,1.578,0.918,3.011958,5.177418,19.2700718047084,28.5999255744088,353.226666666667,29.8887762364748,0,13.3578051268014,86.6799961213143,0.612,0.599,2.667
"266",2026-02-01 04:25:00,0.9225,1.5825,0.9225,3.0267225,5.1921825,19.1828769096644,28.338340889277,353.788235294118,29.8887762364748,0,13.3955350438084,86.6999961204193,0.617666666666667,0.613833333333333,2.69166666666667
"267",2026-02-01 04:26:00,0.927,1.587,0.927,3.041487,5.206947,18.9212922245326,28.0767562041452,353.226666666667,29.8899574359048,0,13.3829700595194,86.6799961213143,0.623333333333333,0.628666666666667,2.71633333333333
"268",2026-02-01 04:27:00,0.9315,1.5915,0.9315,3.0562515,5.2217115,18.6597075394009,27.8151715190134,352.665098039216,29.8911386353347,0,13.3704050752305,86.6599961222092,0.629,0.6435,2.741
"269",2026-02-01 04:28:00,0.936,1.596,0.936,3.071016,5.236476,18.3981228542691,27.5535868338816,352.103529411765,29.8923198347646,0,13.3578400909416,86.6399961231042,0.634666666666667,0.658333333333333,2.76566666666667
"270",2026-02-01 04:29:00,0.9405,1.6005,0.9405,3.0857805,5.2512405,18.1365381691373,27.2920021487498,351.541960784314,29.8935010341945,0,13.3452751066527,86.6199961239991,0.640333333333333,0.673166666666667,2.79033333333333
"271",2026-02-01 04:30:00,0.945,1.605,0.945,3.100545,5.266005,17.8749534840055,27.0304174636181,350.980392156863,29.8946822336244,0,13.3327101223638,86.599996124894,0.646,0.688,2.815
"272",2026-02-01 04:31:00,0.9495,1.6095,0.9495,3.1153095,5.2807695,17.9621483790494,27.0304174636181,350.980392156863,29.8946822336244,0,13.2697098552858,86.5399961275789,0.663833333333333,0.714166666666667,2.83633333333333
"273",2026-02-01 04:32:00,0.954,1.614,0.954,3.130074,5.295534,18.0493432740933,27.0304174636181,350.980392156863,29.8946822336244,0,13.2067095882077,86.4799961302637,0.681666666666667,0.740333333333333,2.85766666666667
"274",2026-02-01 04:33:00,0.9585,1.6185,0.9585,3.1448385,5.3102985,18.1365381691373,27.0304174636181,350.980392156863,29.8946822336244,0,13.1437093211297,86.4199961329485,0.6995,0.7665,2.879
"275",2026-02-01 04:34:00,0.963,1.623,0.963,3.159603,5.325063,18.2237330641812,27.0304174636181,350.980392156863,29.8946822336244,0,13.0807090540517,86.3599961356334,0.717333333333333,0.792666666666667,2.90033333333333
"276",2026-02-01 04:35:00,0.9675,1.6275,0.9675,3.1743675,5.3398275,18.3109279592251,27.0304174636181,350.980392156863,29.8946822336244,0,13.0177087869737,86.2999961383182,0.735166666666667,0.818833333333333,2.92166666666667
"277",2026-02-01 04:36:00,0.972,1.632,0.972,3.189132,5.354592,18.2237330641812,27.117612358662,351.541960784314,29.8952728333394,0,13.0050734184651,86.3199961374232,0.753,0.845,2.943
"278",2026-02-01 04:37:00,0.9765,1.6365,0.9765,3.2038965,5.3693565,18.1365381691373,27.2048072537059,352.103529411765,29.8958634330543,0,12.9924380499565,86.3399961365283,0.768,0.871333333333333,2.9605
"279",2026-02-01 04:38:00,0.981,1.641,0.981,3.218661,5.384121,18.0493432740933,27.2920021487498,352.665098039216,29.8964540327693,0,12.9798026814479,86.3599961356334,0.783,0.897666666666667,2.978
"280",2026-02-01 04:39:00,0.9855,1.6455,0.9855,3.2334255,5.3988855,17.9621483790494,27.3791970437938,353.226666666667,29.8970446324843,0,12.9671673129393,86.3799961347384,0.798,0.924,2.9955
"281",2026-02-01 04:40:00,0.99,1.65,0.99,3.24819,5.41365,17.8749534840055,27.4663919388377,353.788235294118,29.8976352321992,0,12.9545319444307,86.3999961338435,0.813,0.950333333333333,3.013
"282",2026-02-01 04:41:00,0.9895,1.6505,0.9895,3.2465495,5.4152905,18.1365381691373,27.4663919388377,352.945882352941,29.8958634330543,0,12.9545319444307,86.3799961347384,0.828,0.976666666666667,3.0305
"283",2026-02-01 04:42:00,0.989,1.651,0.989,3.244909,5.416931,18.3981228542691,27.4663919388377,352.103529411765,29.8940916339095,0,12.9545319444307,86.3599961356334,0.843,1.003,3.048
"284",2026-02-01 04:43:00,0.9885,1.6515,0.9885,3.2432685,5.4185715,18.6597075394009,27.4663919388377,351.261176470588,29.8923198347646,0,12.9545319444307,86.3399961365283,0.8735,1.0215,3.066
"285",2026-02-01 04:44:00,0.988,1.652,0.988,3.241628,5.420212,18.9212922245326,27.4663919388377,350.418823529412,29.8905480356197,0,12.9545319444307,86.3199961374232,0.904,1.04,3.084
"286",2026-02-01 04:45:00,0.9875,1.6525,0.9875,3.2399875,5.4218525,19.1828769096644,27.4663919388377,349.576470588235,29.8887762364748,0,12.9545319444307,86.2999961383182,0.9345,1.0585,3.102
"287",2026-02-01 04:46:00,0.987,1.653,0.987,3.238347,5.423493,18.7469024344448,27.2048072537059,350.418823529412,29.8893668361898,0,12.8784695367737,86.2799961392131,0.965,1.077,3.12
"288",2026-02-01 04:47:00,0.9865,1.6535,0.9865,3.2367065,5.4251335,18.3109279592251,26.9432225685741,351.261176470588,29.8899574359048,0,12.8024071291166,86.2599961401081,0.9955,1.0955,3.138
"289",2026-02-01 04:48:00,0.986,1.654,0.986,3.235066,5.426774,17.8749534840055,26.6816378834423,352.103529411765,29.8905480356197,0,12.7263447214595,86.239996141003,1.026,1.114,3.156
"290",2026-02-01 04:49:00,0.9855,1.6545,0.9855,3.2334255,5.4284145,17.4389790087858,26.4200531983105,352.945882352941,29.8911386353347,0,12.6502823138025,86.219996141898,1.0645,1.1375,3.1795
"291",2026-02-01 04:50:00,0.985,1.655,0.985,3.231785,5.430055,17.0030045335662,26.1584685131788,353.788235294118,29.8917292350496,0,12.5742199061454,86.1999961427929,1.103,1.161,3.203
"292",2026-02-01 04:51:00,0.9845,1.6555,0.9845,3.2301445,5.4316955,17.264589218698,26.2456634082227,353.226666666667,29.8917292350496,0,12.6376350909383,86.2599961401081,1.1415,1.1845,3.2265
"293",2026-02-01 04:52:00,0.984,1.656,0.984,3.228504,5.433336,17.5261739038298,26.3328583032666,352.665098039216,29.8917292350496,0,12.7010502757312,86.3199961374232,1.18,1.208,3.25
"294",2026-02-01 04:53:00,0.9835,1.6565,0.9835,3.2268635,5.4349765,17.7877585889616,26.4200531983106,352.103529411765,29.8917292350496,0,12.7644654605241,86.3799961347384,1.2185,1.2315,3.2735
"295",2026-02-01 04:54:00,0.983,1.657,0.983,3.225223,5.436617,18.0493432740933,26.5072480933545,351.541960784314,29.8917292350496,0,12.8278806453171,86.4399961320536,1.257,1.255,3.297
"296",2026-02-01 04:55:00,0.9825,1.6575,0.9825,3.2235825,5.4382575,18.3109279592251,26.5944429883984,350.980392156863,29.8917292350496,0,12.89129583011,86.4999961293688,1.26966666666667,1.2885,3.32766666666667
"297",2026-02-01 04:56:00,0.982,1.658,0.982,3.221942,5.439898,18.3981228542691,26.5944429883984,350.699607843137,29.8917292350496,0,12.8659656783115,86.5199961284738,1.28233333333333,1.322,3.35833333333333
"298",2026-02-01 04:57:00,0.9815,1.6585,0.9815,3.2203015,5.4415385,18.485317749313,26.5944429883984,350.418823529412,29.8917292350496,0,12.840635526513,86.5399961275789,1.295,1.3555,3.389
"299",2026-02-01 04:58:00,0.981,1.659,0.981,3.218661,5.443179,18.5725126443569,26.5944429883984,350.138039215686,29.8917292350496,0,12.8153053747146,86.5599961266839,1.30766666666667,1.389,3.41966666666667
"300",2026-02-01 04:59:00,0.9805,1.6595,0.9805,3.2170205,5.4448195,18.6597075394009,26.5944429883984,349.857254901961,29.8917292350496,0,12.7899752229161,86.579996125789,1.32033333333333,1.4225,3.45033333333333
"301",2026-02-01 05:00:00,0.98,1.66,0.98,3.21538,5.44646,18.7469024344448,26.5944429883984,349.576470588235,29.8917292350496,0,12.7646450711176,86.599996124894,1.333,1.456,3.481
"302",2026-02-01 05:01:00,0.9805,1.661,0.9805,3.2170205,5.449741,18.9212922245326,27.0304174636181,349.29568627451,29.8923198347646,0,12.7773161099821,86.6999961204193,1.36,1.49416666666667,3.51216666666667
"303",2026-02-01 05:02:00,0.981,1.662,0.981,3.218661,5.453022,19.0956820146205,27.4663919388377,349.014901960784,29.8929104344796,0,12.7899871488466,86.7999961159446,1.387,1.53233333333333,3.54333333333333
"304",2026-02-01 05:03:00,0.9815,1.663,0.9815,3.2203015,5.456303,19.2700718047084,27.9023664140573,348.734117647059,29.8935010341945,0,12.802658187711,86.8999961114699,1.414,1.5705,3.5745
"305",2026-02-01 05:04:00,0.982,1.664,0.982,3.221942,5.459584,19.4444615947962,28.338340889277,348.453333333333,29.8940916339095,0,12.8153292265755,86.9999961069952,1.441,1.60866666666667,3.60566666666667
"306",2026-02-01 05:05:00,0.9825,1.665,0.9825,3.2235825,5.462865,19.6188513848841,28.7743153644966,348.172549019608,29.8946822336244,0,12.82800026544,87.0999961025204,1.468,1.64683333333333,3.63683333333333
"307",2026-02-01 05:06:00,0.983,1.666,0.983,3.225223,5.466146,19.6188513848841,28.5127306793649,348.172549019608,29.8940916339095,0,12.7772441935811,87.0199961061002,1.495,1.685,3.668
"308",2026-02-01 05:07:00,0.9835,1.667,0.9835,3.2268635,5.469427,19.6188513848841,28.2511459942331,348.172549019608,29.8935010341945,0,12.7264881217221,86.93999610968,1.52583333333333,1.72216666666667,3.69966666666667
"309",2026-02-01 05:08:00,0.984,1.668,0.984,3.228504,5.472708,19.6188513848841,27.9895613091013,348.172549019608,29.8929104344796,0,12.6757320498632,86.8599961132598,1.55666666666667,1.75933333333333,3.73133333333333
"310",2026-02-01 05:09:00,0.9845,1.669,0.9845,3.2301445,5.475989,19.6188513848841,27.7279766239695,348.172549019608,29.8923198347646,0,12.6249759780043,86.7799961168396,1.5875,1.7965,3.763
"311",2026-02-01 05:10:00,0.985,1.67,0.985,3.231785,5.47927,19.6188513848841,27.4663919388377,348.172549019608,29.8917292350496,0,12.5742199061454,86.6999961204193,1.61833333333333,1.83366666666667,3.79466666666667
"312",2026-02-01 05:11:00,0.9855,1.671,0.9855,3.2334255,5.482551,19.2700718047084,27.4663919388377,347.330196078431,29.8911386353347,0,12.523270697637,86.6399961231042,1.64916666666667,1.87083333333333,3.82633333333333
"313",2026-02-01 05:12:00,0.986,1.672,0.986,3.235066,5.485832,18.9212922245326,27.4663919388377,346.487843137255,29.8905480356197,0,12.4723214891287,86.579996125789,1.68,1.908,3.858
"314",2026-02-01 05:13:00,0.9865,1.673,0.9865,3.2367065,5.489113,18.5725126443569,27.4663919388377,345.645490196078,29.8899574359048,0,12.4213722806204,86.5199961284738,1.708,1.94416666666667,3.88816666666667
"315",2026-02-01 05:14:00,0.987,1.674,0.987,3.238347,5.492394,18.2237330641812,27.4663919388377,344.803137254902,29.8893668361898,0,12.370423072112,86.4599961311586,1.736,1.98033333333333,3.91833333333333
"316",2026-02-01 05:15:00,0.9875,1.675,0.9875,3.2399875,5.495675,17.8749534840055,27.4663919388377,343.960784313726,29.8887762364748,0,12.3194738636037,86.3999961338435,1.764,2.0165,3.9485
"317",2026-02-01 05:16:00,0.988,1.676,0.988,3.241628,5.498956,17.9621483790494,27.2048072537059,343.118431372549,29.8887762364748,0,12.2169865678569,86.2799961392131,1.792,2.05266666666667,3.97866666666667
"318",2026-02-01 05:17:00,0.9885,1.677,0.9885,3.2432685,5.502237,18.0493432740933,26.9432225685741,342.276078431373,29.8887762364748,0,12.1144992721102,86.1599961445828,1.82,2.08883333333333,4.00883333333333
"319",2026-02-01 05:18:00,0.989,1.678,0.989,3.244909,5.505518,18.1365381691373,26.6816378834423,341.433725490196,29.8887762364748,0,12.0120119763634,86.0399961499525,1.848,2.125,4.039
"320",2026-02-01 05:19:00,0.9895,1.679,0.9895,3.2465495,5.508799,18.2237330641812,26.4200531983105,340.59137254902,29.8887762364748,0,11.9095246806167,85.9199961553221,1.887,2.1595,4.06566666666667
"321",2026-02-01 05:20:00,0.99,1.68,0.99,3.24819,5.51208,18.3109279592251,26.1584685131788,339.749019607843,29.8887762364748,0,11.8070373848699,85.7999961606918,1.926,2.194,4.09233333333333
"322",2026-02-01 05:21:00,0.986,1.672,0.986,3.235066,5.485832,18.0493432740933,25.5481042478713,339.187450980392,29.8875950370449,0,11.7296471074997,85.6999961651665,1.965,2.2285,4.119
"323",2026-02-01 05:22:00,0.982,1.664,0.982,3.221942,5.459584,17.7877585889616,24.9377399825638,338.625882352941,29.886413837615,0,11.6522568301295,85.5999961696412,2.004,2.263,4.14566666666667
"324",2026-02-01 05:23:00,0.978,1.656,0.978,3.208818,5.433336,17.5261739038298,24.3273757172562,338.06431372549,29.8852326381851,0,11.5748665527593,85.4999961741159,2.043,2.2975,4.17233333333333
"325",2026-02-01 05:24:00,0.974,1.648,0.974,3.195694,5.407088,17.264589218698,23.7170114519487,337.502745098039,29.8840514387552,0,11.4974762753891,85.3999961785907,2.082,2.332,4.199
"326",2026-02-01 05:25:00,0.97,1.64,0.97,3.18257,5.38084,17.0030045335662,23.1066471866412,336.941176470588,29.8828702393252,0,11.4200859980189,85.2999961830654,2.10883333333333,2.36083333333333,4.21883333333333
"327",2026-02-01 05:26:00,0.966,1.632,0.966,3.169446,5.354592,17.0901994286101,23.1066471866412,336.660392156863,29.8828702393252,0,11.3161832492384,85.15999618933,2.13566666666667,2.38966666666667,4.23866666666667
"328",2026-02-01 05:27:00,0.962,1.624,0.962,3.156322,5.328344,17.1773943236541,23.1066471866412,336.379607843137,29.8828702393252,0,11.2122805004579,85.0199961955946,2.1625,2.4185,4.2585
"329",2026-02-01 05:28:00,0.958,1.616,0.958,3.143198,5.302096,17.264589218698,23.1066471866412,336.098823529412,29.8828702393252,0,11.1083777516774,84.8799962018592,2.18933333333333,2.44733333333333,4.27833333333333
"330",2026-02-01 05:29:00,0.954,1.608,0.954,3.130074,5.275848,17.3517841137419,23.1066471866412,335.818039215686,29.8828702393252,0,11.0044750028969,84.7399962081238,2.21616666666667,2.47616666666667,4.29816666666667
"331",2026-02-01 05:30:00,0.95,1.6,0.95,3.11695,5.2496,17.4389790087858,23.1066471866412,335.537254901961,29.8828702393252,0,10.9005722541164,84.5999962143884,2.243,2.505,4.318
"332",2026-02-01 05:31:00,0.946,1.592,0.946,3.103826,5.223352,17.264589218698,23.1938420816852,334.97568627451,29.8828702393252,0,10.9526269300728,84.6399962125985,2.27083333333333,2.5335,4.342
"333",2026-02-01 05:32:00,0.942,1.584,0.942,3.090702,5.197104,17.0901994286101,23.2810369767291,334.414117647059,29.8828702393252,0,11.0046816060293,84.6799962108086,2.29866666666667,2.562,4.366
"334",2026-02-01 05:33:00,0.938,1.576,0.938,3.077578,5.170856,16.9158096385223,23.368231871773,333.852549019608,29.8828702393252,0,11.0567362819857,84.7199962090187,2.3265,2.5905,4.39
"335",2026-02-01 05:34:00,0.934,1.568,0.934,3.064454,5.144608,16.7414198484344,23.455426766817,333.290980392157,29.8828702393252,0,11.1087909579422,84.7599962072289,2.35433333333333,2.619,4.414
"336",2026-02-01 05:35:00,0.93,1.56,0.93,3.05133,5.11836,16.5670300583465,23.5426216618609,332.729411764706,29.8828702393252,0,11.1608456338987,84.799996205439,2.38216666666667,2.6475,4.438
"337",2026-02-01 05:36:00,0.926,1.552,0.926,3.038206,5.092112,16.4798351633026,23.7170114519487,333.290980392157,29.8840514387552,0,11.0957447051694,84.799996205439,2.41,2.676,4.462
"338",2026-02-01 05:37:00,0.922,1.544,0.922,3.025082,5.065864,16.3926402682587,23.8914012420366,333.852549019608,29.8852326381851,0,11.0306437764401,84.799996205439,2.44366666666667,2.71266666666667,4.48983333333333
"339",2026-02-01 05:38:00,0.918,1.536,0.918,3.011958,5.039616,16.3054453732148,24.0657910321245,334.414117647059,29.886413837615,0,10.9655428477108,84.799996205439,2.47733333333333,2.74933333333333,4.51766666666667
"340",2026-02-01 05:39:00,0.914,1.528,0.914,2.998834,5.013368,16.2182504781708,24.2401808222123,334.97568627451,29.8875950370449,0,10.9004419189815,84.799996205439,2.511,2.786,4.5455
"341",2026-02-01 05:40:00,0.91,1.52,0.91,2.98571,4.98712,16.1310555831269,24.4145706123002,335.537254901961,29.8887762364748,0,10.8353409902523,84.799996205439,2.54466666666667,2.82266666666667,4.57333333333333
"342",2026-02-01 05:41:00,0.909,1.52,0.909,2.982429,4.98712,16.3054453732148,23.8914012420366,335.537254901961,29.8893668361898,0,10.7961233781682,84.7599962072289,2.57833333333333,2.85933333333333,4.60116666666667
"343",2026-02-01 05:42:00,0.908,1.52,0.908,2.979148,4.98712,16.4798351633026,23.368231871773,335.537254901961,29.8899574359048,0,10.7569057660841,84.7199962090187,2.612,2.896,4.629
"344",2026-02-01 05:43:00,0.907,1.52,0.907,2.975867,4.98712,16.6542249533905,22.8450625015095,335.537254901961,29.8905480356197,0,10.717688154,84.6799962108086,2.64516666666667,2.92983333333333,4.6525
"345",2026-02-01 05:44:00,0.906,1.52,0.906,2.972586,4.98712,16.8286147434783,22.3218931312459,335.537254901961,29.8911386353347,0,10.6784705419159,84.6399962125985,2.67833333333333,2.96366666666667,4.676
"346",2026-02-01 05:45:00,0.905,1.52,0.905,2.969305,4.98712,17.0030045335662,21.7987237609823,335.537254901961,29.8917292350496,0,10.6392529298319,84.5999962143884,2.7115,2.9975,4.6995
"347",2026-02-01 05:46:00,0.904,1.52,0.904,2.966024,4.98712,17.0901994286101,22.2346982362019,334.97568627451,29.8911386353347,0,10.560459136564,84.5199962179682,2.74466666666667,3.03133333333333,4.723
"348",2026-02-01 05:47:00,0.903,1.52,0.903,2.962743,4.98712,17.1773943236541,22.6706727114216,334.414117647059,29.8905480356197,0,10.4816653432962,84.439996221548,2.77783333333333,3.06516666666667,4.7465
"349",2026-02-01 05:48:00,0.902,1.52,0.902,2.959462,4.98712,17.264589218698,23.1066471866412,333.852549019608,29.8899574359048,0,10.4028715500284,84.3599962251277,2.811,3.099,4.77
"350",2026-02-01 05:49:00,0.901,1.52,0.901,2.956181,4.98712,17.3517841137419,23.5426216618609,333.290980392157,29.8893668361898,0,10.3240777567606,84.2799962287075,2.85116666666667,3.12633333333333,4.79466666666667
"351",2026-02-01 05:50:00,0.9,1.52,0.9,2.9529,4.98712,17.4389790087858,23.9785961370805,332.729411764706,29.8887762364748,0,10.2452839634928,84.1999962322873,2.89133333333333,3.15366666666667,4.81933333333333
"352",2026-02-01 05:51:00,0.899,1.52,0.899,2.949619,4.98712,17.4389790087858,24.1529859271684,332.167843137255,29.8875950370449,0,10.2584497419969,84.2399962304974,2.9315,3.181,4.844
"353",2026-02-01 05:52:00,0.898,1.52,0.898,2.946338,4.98712,17.4389790087858,24.3273757172562,331.606274509804,29.886413837615,0,10.2716155205011,84.2799962287075,2.97166666666667,3.20833333333333,4.86866666666667
"354",2026-02-01 05:53:00,0.897,1.52,0.897,2.943057,4.98712,17.4389790087858,24.5017655073441,331.044705882353,29.8852326381851,0,10.2847812990052,84.3199962269176,3.01183333333333,3.23566666666667,4.89333333333333
"355",2026-02-01 05:54:00,0.896,1.52,0.896,2.939776,4.98712,17.4389790087858,24.676155297432,330.483137254902,29.8840514387552,0,10.2979470775094,84.3599962251277,3.052,3.263,4.918
"356",2026-02-01 05:55:00,0.895,1.52,0.895,2.936495,4.98712,17.4389790087858,24.8505450875198,329.921568627451,29.8828702393252,0,10.3111128560135,84.3999962233378,3.08816666666667,3.28766666666667,4.94533333333333
"357",2026-02-01 05:56:00,0.894,1.52,0.894,2.933214,4.98712,17.5261739038298,24.7633501924759,330.483137254902,29.8834608390402,0,10.2715750063951,84.4199962224429,3.12433333333333,3.31233333333333,4.97266666666667
"358",2026-02-01 05:57:00,0.893,1.52,0.893,2.929933,4.98712,17.6133687988737,24.676155297432,331.044705882353,29.8840514387552,0,10.2320371567767,84.439996221548,3.1605,3.337,5
"359",2026-02-01 05:58:00,0.892,1.52,0.892,2.926652,4.98712,17.7005636939176,24.588960402388,331.606274509804,29.8846420384701,0,10.1924993071582,84.459996220653,3.19666666666667,3.36166666666667,5.02733333333333
"360",2026-02-01 05:59:00,0.891,1.52,0.891,2.923371,4.98712,17.7877585889616,24.5017655073441,332.167843137255,29.8852326381851,0,10.1529614575398,84.4799962197581,3.23283333333333,3.38633333333333,5.05466666666667
"361",2026-02-01 06:00:00,0.89,1.52,0.89,2.92009,4.98712,17.8749534840055,24.4145706123002,332.729411764706,29.8858232379,0,10.1134236079213,84.4999962188631,3.269,3.411,5.082
"362",2026-02-01 06:01:00,0.892,1.5215,0.892,2.926652,4.9920415,17.8749534840055,24.3273757172562,333.290980392157,29.886413837615,0,10.0737635735419,84.4799962197581,3.30716666666667,3.44333333333333,5.10216666666667
"363",2026-02-01 06:02:00,0.894,1.523,0.894,2.933214,4.996963,17.8749534840055,24.2401808222123,333.852549019608,29.88700443733,0,10.0341035391624,84.459996220653,3.34533333333333,3.47566666666667,5.12233333333333
"364",2026-02-01 06:03:00,0.896,1.5245,0.896,2.939776,5.0018845,17.8749534840055,24.1529859271684,334.414117647059,29.8875950370449,0,9.99444350478298,84.439996221548,3.3835,3.508,5.1425
"365",2026-02-01 06:04:00,0.898,1.526,0.898,2.946338,5.006806,17.8749534840055,24.0657910321245,334.97568627451,29.8881856367599,0,9.95478347040353,84.4199962224429,3.42166666666667,3.54033333333333,5.16266666666667
"366",2026-02-01 06:05:00,0.9,1.5275,0.9,2.9529,5.0117275,17.8749534840055,23.9785961370805,335.537254901961,29.8887762364748,0,9.91512343602407,84.3999962233378,3.45983333333333,3.57266666666667,5.18283333333333
"367",2026-02-01 06:06:00,0.902,1.529,0.902,2.959462,5.016649,17.7877585889616,23.9785961370805,334.694901960784,29.8887762364748,0,9.98115554151781,84.5199962179682,3.498,3.605,5.203
"368",2026-02-01 06:07:00,0.904,1.5305,0.904,2.966024,5.0215705,17.7005636939176,23.9785961370805,333.852549019608,29.8887762364748,0,10.0471876470116,84.6399962125985,3.53633333333333,3.6465,5.21833333333333
"369",2026-02-01 06:08:00,0.906,1.532,0.906,2.972586,5.026492,17.6133687988737,23.9785961370805,333.010196078431,29.8887762364748,0,10.1132197525053,84.7599962072289,3.57466666666667,3.688,5.23366666666667
"370",2026-02-01 06:09:00,0.908,1.5335,0.908,2.979148,5.0314135,17.5261739038298,23.9785961370805,332.167843137255,29.8887762364748,0,10.179251857999,84.8799962018592,3.613,3.7295,5.249
"371",2026-02-01 06:10:00,0.91,1.535,0.91,2.98571,5.036335,17.4389790087858,23.9785961370805,331.325490196078,29.8887762364748,0,10.2452839634928,84.9999961964895,3.65133333333333,3.771,5.26433333333333
"372",2026-02-01 06:11:00,0.912,1.5365,0.912,2.992272,5.0412565,17.3517841137419,23.8042063469927,332.44862745098,29.8881856367599,0,10.179251857999,84.8999962009643,3.68966666666667,3.8125,5.27966666666667
"373",2026-02-01 06:12:00,0.914,1.538,0.914,2.998834,5.046178,17.264589218698,23.6298165569048,333.571764705882,29.8875950370449,0,10.1132197525053,84.799996205439,3.728,3.854,5.295
"374",2026-02-01 06:13:00,0.916,1.5395,0.916,3.005396,5.0510995,17.1773943236541,23.455426766817,334.694901960784,29.88700443733,0,10.0471876470116,84.6999962099137,3.76883333333333,3.8945,5.30983333333333
"375",2026-02-01 06:14:00,0.918,1.541,0.918,3.011958,5.056021,17.0901994286101,23.2810369767291,335.818039215686,29.886413837615,0,9.98115554151781,84.5999962143884,3.80966666666667,3.935,5.32466666666667
"376",2026-02-01 06:15:00,0.92,1.5425,0.92,3.01852,5.0609425,17.0030045335662,23.1066471866412,336.941176470588,29.8858232379,0,9.91512343602407,84.4999962188631,3.8505,3.9755,5.3395
"377",2026-02-01 06:16:00,0.922,1.544,0.922,3.025082,5.065864,17.1773943236541,23.8042063469927,337.221960784314,29.8852326381851,0,9.91512343602407,84.4999962188631,3.89133333333333,4.016,5.35433333333333
"378",2026-02-01 06:17:00,0.924,1.5455,0.924,3.031644,5.0707855,17.3517841137419,24.5017655073441,337.502745098039,29.8846420384701,0,9.91512343602407,84.4999962188631,3.93216666666667,4.0565,5.36916666666667
"379",2026-02-01 06:18:00,0.926,1.547,0.926,3.038206,5.075707,17.5261739038298,25.1993246676955,337.783529411765,29.8840514387552,0,9.91512343602407,84.4999962188631,3.973,4.097,5.384
"380",2026-02-01 06:19:00,0.928,1.5485,0.928,3.044768,5.0806285,17.7005636939176,25.896883828047,338.06431372549,29.8834608390402,0,9.91512343602407,84.4999962188631,4.01383333333333,4.14116666666667,5.39766666666667
"381",2026-02-01 06:20:00,0.93,1.55,0.93,3.05133,5.08555,17.8749534840055,26.5944429883984,338.345098039216,29.8828702393252,0,9.91512343602407,84.4999962188631,4.05466666666667,4.18533333333333,5.41133333333333
"382",2026-02-01 06:21:00,0.928,1.5495,0.928,3.044768,5.0839095,17.6133687988737,25.9840787230909,337.783529411765,29.8846420384701,0,9.88861495722409,84.439996221548,4.0955,4.2295,5.425
"383",2026-02-01 06:22:00,0.926,1.549,0.926,3.038206,5.082269,17.3517841137419,25.3737144577834,337.221960784314,29.886413837615,0,9.86210647842411,84.3799962242328,4.13633333333333,4.27366666666667,5.43866666666667
"384",2026-02-01 06:23:00,0.924,1.5485,0.924,3.031644,5.0806285,17.0901994286101,24.7633501924759,336.660392156863,29.8881856367599,0,9.83559799962413,84.3199962269176,4.17716666666667,4.31783333333333,5.45233333333333
"385",2026-02-01 06:24:00,0.922,1.548,0.922,3.025082,5.078988,16.8286147434783,24.1529859271684,336.098823529412,29.8899574359048,0,9.80908952082415,84.2599962296025,4.218,4.362,5.466
"386",2026-02-01 06:25:00,0.92,1.5475,0.92,3.01852,5.0773475,16.5670300583465,23.5426216618609,335.537254901961,29.8917292350496,0,9.78258104202417,84.1999962322873,4.25583333333333,4.402,5.478
"387",2026-02-01 06:26:00,0.918,1.547,0.918,3.011958,5.075707,16.5670300583465,23.1066471866412,335.256470588235,29.8905480356197,0,9.79584215600644,84.1799962331822,4.29366666666667,4.442,5.49
"388",2026-02-01 06:27:00,0.916,1.5465,0.916,3.005396,5.0740665,16.5670300583465,22.6706727114216,334.97568627451,29.8893668361898,0,9.80910326998871,84.1599962340772,4.3315,4.482,5.502
"389",2026-02-01 06:28:00,0.914,1.546,0.914,2.998834,5.072426,16.5670300583465,22.2346982362019,334.694901960784,29.8881856367599,0,9.82236438397098,84.1399962349721,4.36933333333333,4.522,5.514
"390",2026-02-01 06:29:00,0.912,1.5455,0.912,2.992272,5.0707855,16.5670300583465,21.7987237609823,334.414117647059,29.88700443733,0,9.83562549795326,84.119996235867,4.40716666666667,4.562,5.526
"391",2026-02-01 06:30:00,0.91,1.545,0.91,2.98571,5.069145,16.5670300583465,21.3627492857627,334.133333333333,29.8858232379,0,9.84888661193553,84.099996236762,4.445,4.602,5.538
"392",2026-02-01 06:31:00,0.908,1.5445,0.908,2.979148,5.0675045,16.8286147434783,21.7987237609823,333.290980392157,29.8852326381851,0,9.78244267188342,84.0199962403418,4.48466666666667,4.64566666666667,5.5495
"393",2026-02-01 06:32:00,0.906,1.544,0.906,2.972586,5.065864,17.0901994286101,22.2346982362019,332.44862745098,29.8846420384701,0,9.71599873183132,83.9399962439215,4.52433333333333,4.68933333333333,5.561
"394",2026-02-01 06:33:00,0.904,1.5435,0.904,2.966024,5.0642235,17.3517841137419,22.6706727114216,331.606274509804,29.8840514387552,0,9.64955479177922,83.8599962475013,4.564,4.733,5.5725
"395",2026-02-01 06:34:00,0.902,1.543,0.902,2.959462,5.062583,17.6133687988737,23.1066471866412,330.763921568627,29.8834608390402,0,9.58311085172712,83.7799962510811,4.60366666666667,4.77666666666667,5.584
"396",2026-02-01 06:35:00,0.9,1.5425,0.9,2.9529,5.0609425,17.8749534840055,23.5426216618609,329.921568627451,29.8828702393252,0,9.51666691167502,83.6999962546609,4.64333333333333,4.82033333333333,5.5955
"397",2026-02-01 06:36:00,0.898,1.542,0.898,2.946338,5.059302,17.8749534840055,23.7170114519487,330.763921568627,29.8840514387552,0,9.56984973774485,83.7199962537659,4.683,4.864,5.607
"398",2026-02-01 06:37:00,0.896,1.5415,0.896,2.939776,5.0576615,17.8749534840055,23.8914012420366,331.606274509804,29.8852326381851,0,9.62303256381468,83.739996252871,4.71583333333333,4.9165,5.62183333333333
"399",2026-02-01 06:38:00,0.894,1.541,0.894,2.933214,5.056021,17.8749534840055,24.0657910321245,332.44862745098,29.886413837615,0,9.67621538988451,83.759996251976,4.74866666666667,4.969,5.63666666666667
"400",2026-02-01 06:39:00,0.892,1.5405,0.892,2.926652,5.0543805,17.8749534840055,24.2401808222123,333.290980392157,29.8875950370449,0,9.72939821595434,83.7799962510811,4.7815,5.0215,5.6515
"401",2026-02-01 06:40:00,0.89,1.54,0.89,2.92009,5.05274,17.8749534840055,24.4145706123002,334.133333333333,29.8887762364748,0,9.78258104202417,83.7999962501862,4.81433333333333,5.074,5.66633333333333
"402",2026-02-01 06:41:00,0.8905,1.5415,0.8905,2.9217305,5.0576615,17.8749534840055,24.2401808222123,333.571764705882,29.886413837615,0,9.72939821595434,83.739996252871,4.84716666666667,5.1265,5.68116666666667
"403",2026-02-01 06:42:00,0.891,1.543,0.891,2.923371,5.062583,17.8749534840055,24.0657910321245,333.010196078431,29.8840514387552,0,9.67621538988451,83.6799962555558,4.88,5.179,5.696
"404",2026-02-01 06:43:00,0.8915,1.5445,0.8915,2.9250115,5.0675045,17.8749534840055,23.8914012420366,332.44862745098,29.8816890398953,0,9.62303256381468,83.6199962582406,4.924,5.23366666666667,5.70733333333333
"405",2026-02-01 06:44:00,0.892,1.546,0.892,2.926652,5.072426,17.8749534840055,23.7170114519487,331.887058823529,29.8793266410355,0,9.56984973774485,83.5599962609255,4.968,5.28833333333333,5.71866666666667
"406",2026-02-01 06:45:00,0.8925,1.5475,0.8925,2.9282925,5.0773475,17.8749534840055,23.5426216618609,331.325490196078,29.8769642421757,0,9.51666691167502,83.4999962636103,5.012,5.343,5.73
"407",2026-02-01 06:46:00,0.893,1.549,0.893,2.929933,5.082269,17.8749534840055,23.6298165569048,331.325490196078,29.8769642421757,0,9.52998346204918,83.4999962636103,5.056,5.39766666666667,5.74133333333333
"408",2026-02-01 06:47:00,0.8935,1.5505,0.8935,2.9315735,5.0871905,17.8749534840055,23.7170114519487,331.325490196078,29.8769642421757,0,9.54330001242334,83.4999962636103,5.1,5.45233333333333,5.75266666666667
"409",2026-02-01 06:48:00,0.894,1.552,0.894,2.933214,5.092112,17.8749534840055,23.8042063469927,331.325490196078,29.8769642421757,0,9.55661656279749,83.4999962636103,5.144,5.507,5.764
"410",2026-02-01 06:49:00,0.8945,1.5535,0.8945,2.9348545,5.0970335,17.8749534840055,23.8914012420366,331.325490196078,29.8769642421757,0,9.56993311317165,83.4999962636103,5.18316666666667,5.54866666666667,5.77233333333333
"411",2026-02-01 06:50:00,0.895,1.555,0.895,2.936495,5.101955,17.8749534840055,23.9785961370805,331.325490196078,29.8769642421757,0,9.58324966354581,83.4999962636103,5.22233333333333,5.59033333333333,5.78066666666667
"412",2026-02-01 06:51:00,0.8955,1.5565,0.8955,2.9381355,5.1068765,18.1365381691373,24.4145706123002,331.044705882353,29.8757830427457,0,9.46289400490942,83.2799962734547,5.2615,5.632,5.789
"413",2026-02-01 06:52:00,0.896,1.558,0.896,2.939776,5.111798,18.3981228542691,24.8505450875198,330.763921568627,29.8746018433158,0,9.34253834627304,83.0599962832991,5.30066666666667,5.67366666666667,5.79733333333333
"414",2026-02-01 06:53:00,0.8965,1.5595,0.8965,2.9414165,5.1167195,18.6597075394009,25.2865195627395,330.483137254902,29.8734206438859,0,9.22218268763665,82.8399962931434,5.33983333333333,5.71533333333333,5.80566666666667
"415",2026-02-01 06:54:00,0.897,1.561,0.897,2.943057,5.121641,18.9212922245326,25.7224940379591,330.202352941176,29.872239444456,0,9.10182702900027,82.6199963029878,5.379,5.757,5.814
"416",2026-02-01 06:55:00,0.8975,1.5625,0.8975,2.9446975,5.1265625,19.1828769096644,26.1584685131788,329.921568627451,29.8710582450261,0,8.98147137036388,82.3999963128322,5.42633333333333,5.78983333333333,5.81716666666667
"417",2026-02-01 06:56:00,0.898,1.564,0.898,2.946338,5.131484,18.9212922245326,25.7224940379591,330.202352941176,29.8710582450261,0,9.06183542309682,82.4999963083575,5.47366666666667,5.82266666666667,5.82033333333333
"418",2026-02-01 06:57:00,0.8985,1.5655,0.8985,2.9479785,5.1364055,18.6597075394009,25.2865195627395,330.483137254902,29.8710582450261,0,9.14219947582976,82.5999963038828,5.521,5.8555,5.8235
"419",2026-02-01 06:58:00,0.899,1.567,0.899,2.949619,5.141327,18.3981228542691,24.8505450875198,330.763921568627,29.8710582450261,0,9.2225635285627,82.699996299408,5.56833333333333,5.88833333333333,5.82666666666667
"420",2026-02-01 06:59:00,0.8995,1.5685,0.8995,2.9512595,5.1462485,18.1365381691373,24.4145706123002,331.044705882353,29.8710582450261,0,9.30292758129563,82.7999962949333,5.61566666666667,5.92116666666667,5.82983333333333
"421",2026-02-01 07:00:00,0.9,1.57,0.9,2.9529,5.15117,17.8749534840055,23.9785961370805,331.325490196078,29.8710582450261,0,9.38329163402857,82.8999962904586,5.663,5.954,5.833
"422",2026-02-01 07:01:00,0.903,1.5695,0.903,2.962743,5.1495295,17.9621483790494,23.9785961370805,331.325490196078,29.8692864458812,0,9.35656033940267,82.8999962904586,5.70766666666667,5.9895,5.83416666666667
"423",2026-02-01 07:02:00,0.906,1.569,0.906,2.972586,5.147889,18.0493432740933,23.9785961370805,331.325490196078,29.8675146467363,0,9.32982904477677,82.8999962904586,5.75233333333333,6.025,5.83533333333333
"424",2026-02-01 07:03:00,0.909,1.5685,0.909,2.982429,5.1462485,18.1365381691373,23.9785961370805,331.325490196078,29.8657428475914,0,9.30309775015087,82.8999962904586,5.797,6.0605,5.8365
"425",2026-02-01 07:04:00,0.912,1.568,0.912,2.992272,5.144608,18.2237330641812,23.9785961370805,331.325490196078,29.8639710484466,0,9.27636645552497,82.8999962904586,5.84166666666667,6.096,5.83766666666667
"426",2026-02-01 07:05:00,0.915,1.5675,0.915,3.002115,5.1429675,18.3109279592251,23.9785961370805,331.325490196078,29.8621992493017,0,9.24963516089907,82.8999962904586,5.88633333333333,6.1315,5.83883333333333
"427",2026-02-01 07:06:00,0.918,1.567,0.918,3.011958,5.141327,18.3109279592251,23.9785961370805,330.763921568627,29.8616086495867,0,9.19600240279203,82.7999962949333,5.931,6.167,5.84
"428",2026-02-01 07:07:00,0.921,1.5665,0.921,3.021801,5.1396865,18.3109279592251,23.9785961370805,330.202352941176,29.8610180498718,0,9.142369644685,82.699996299408,5.97675,6.20366666666667,5.83783333333333
"429",2026-02-01 07:08:00,0.924,1.566,0.924,3.031644,5.138046,18.3109279592251,23.9785961370805,329.640784313725,29.8604274501568,0,9.08873688657796,82.5999963038828,6.0225,6.24033333333333,5.83566666666667
"430",2026-02-01 07:09:00,0.927,1.5655,0.927,3.041487,5.1364055,18.3109279592251,23.9785961370805,329.079215686274,29.8598368504418,0,9.03510412847092,82.4999963083575,6.06825,6.277,5.8335
"431",2026-02-01 07:10:00,0.93,1.565,0.93,3.05133,5.134765,18.3109279592251,23.9785961370805,328.517647058824,29.8592462507269,0,8.98147137036388,82.3999963128322,6.114,6.31366666666667,5.83133333333333
"432",2026-02-01 07:11:00,0.933,1.5645,0.933,3.061173,5.1331245,18.3981228542691,24.3273757172562,329.079215686274,29.8586556510119,0,8.95456917293501,82.3799963137271,6.15975,6.35033333333333,5.82916666666667
"433",2026-02-01 07:12:00,0.936,1.564,0.936,3.071016,5.131484,18.485317749313,24.676155297432,329.640784313725,29.858065051297,0,8.92766697550613,82.3599963146221,6.2055,6.387,5.827
"434",2026-02-01 07:13:00,0.939,1.5635,0.939,3.080859,5.1298435,18.5725126443569,25.0249348776077,330.202352941176,29.857474451582,0,8.90076477807726,82.339996315517,6.25125,6.4285,5.82366666666667
"435",2026-02-01 07:14:00,0.942,1.563,0.942,3.090702,5.128203,18.6597075394009,25.3737144577834,330.763921568627,29.856883851867,0,8.87386258064839,82.319996316412,6.297,6.47,5.82033333333333
"436",2026-02-01 07:15:00,0.945,1.5625,0.945,3.100545,5.1265625,18.7469024344448,25.7224940379591,331.325490196078,29.8562932521521,0,8.84696038321951,82.2999963173069,6.34275,6.5115,5.817
"437",2026-02-01 07:16:00,0.948,1.562,0.948,3.110388,5.124922,18.5725126443569,25.4609093528273,330.763921568627,29.8557026524371,0,8.86041867199262,82.3799963137271,6.3885,6.553,5.81366666666667
"438",2026-02-01 07:17:00,0.951,1.5615,0.951,3.120231,5.1232815,18.3981228542691,25.1993246676955,330.202352941176,29.8551120527222,0,8.87387696076573,82.4599963101474,6.43425,6.5945,5.81033333333333
"439",2026-02-01 07:18:00,0.954,1.561,0.954,3.130074,5.121641,18.2237330641812,24.9377399825638,329.640784313725,29.8545214530072,0,8.88733524953884,82.5399963065676,6.48,6.636,5.807
"440",2026-02-01 07:19:00,0.957,1.5605,0.957,3.139917,5.1200005,18.0493432740933,24.676155297432,329.079215686274,29.8539308532923,0,8.90079353831195,82.6199963029878,6.53116666666667,6.682,5.80216666666667
"441",2026-02-01 07:20:00,0.96,1.56,0.96,3.14976,5.11836,17.8749534840055,24.4145706123002,328.517647058824,29.8533402535773,0,8.91425182708506,82.699996299408,6.58233333333333,6.728,5.79733333333333
"442",2026-02-01 07:21:00,0.9605,1.566,0.9605,3.1514005,5.138046,18.2237330641812,24.676155297432,328.517647058824,29.8509778547175,0,8.91425182708506,82.699996299408,6.6335,6.774,5.7925
"443",2026-02-01 07:22:00,0.961,1.572,0.961,3.153041,5.157732,18.5725126443569,24.9377399825638,328.517647058824,29.8486154558576,0,8.91425182708506,82.699996299408,6.68466666666667,6.82,5.78766666666667
"444",2026-02-01 07:23:00,0.9615,1.578,0.9615,3.1546815,5.177418,18.9212922245326,25.1993246676955,328.517647058824,29.8462530569978,0,8.91425182708506,82.699996299408,6.73583333333333,6.866,5.78283333333333
"445",2026-02-01 07:24:00,0.962,1.584,0.962,3.156322,5.197104,19.2700718047084,25.4609093528273,328.517647058824,29.843890658138,0,8.91425182708506,82.699996299408,6.787,6.912,5.778
"446",2026-02-01 07:25:00,0.9625,1.59,0.9625,3.1579625,5.21679,19.6188513848841,25.7224940379591,328.517647058824,29.8415282592781,0,8.91425182708506,82.699996299408,6.83116666666667,6.96,5.77566666666667
"447",2026-02-01 07:26:00,0.963,1.596,0.963,3.159603,5.236476,19.4444615947962,25.2865195627395,328.236862745098,29.843890658138,0,8.91425182708506,82.7399962976181,6.87533333333333,7.008,5.77333333333333
"448",2026-02-01 07:27:00,0.9635,1.602,0.9635,3.1612435,5.256162,19.2700718047084,24.8505450875198,327.956078431373,29.8462530569978,0,8.91425182708506,82.7799962958283,6.9195,7.056,5.771
"449",2026-02-01 07:28:00,0.964,1.608,0.964,3.162884,5.275848,19.0956820146205,24.4145706123002,327.675294117647,29.8486154558576,0,8.91425182708506,82.8199962940384,6.96366666666667,7.104,5.76866666666667
"450",2026-02-01 07:29:00,0.9645,1.614,0.9645,3.1645245,5.295534,18.9212922245326,23.9785961370805,327.394509803922,29.8509778547175,0,8.91425182708506,82.8599962922485,7.00783333333333,7.152,5.76633333333333
"451",2026-02-01 07:30:00,0.965,1.62,0.965,3.166165,5.31522,18.7469024344448,23.5426216618609,327.113725490196,29.8533402535773,0,8.91425182708506,82.8999962904586,7.052,7.2,5.764
"452",2026-02-01 07:31:00,0.9655,1.626,0.9655,3.1678055,5.334906,18.485317749313,23.8914012420366,327.675294117647,29.8521590541474,0,8.96794164385046,83.019996285089,7.10016666666667,7.23716666666667,5.75583333333333
"453",2026-02-01 07:32:00,0.966,1.632,0.966,3.169446,5.354592,18.2237330641812,24.2401808222123,328.236862745098,29.8509778547175,0,9.02163146061586,83.1399962797193,7.14833333333333,7.27433333333333,5.74766666666667
"454",2026-02-01 07:33:00,0.9665,1.638,0.9665,3.1710865,5.374278,17.9621483790494,24.588960402388,328.798431372549,29.8497966552875,0,9.07532127738126,83.2599962743496,7.1965,7.3115,5.7395
"455",2026-02-01 07:34:00,0.967,1.644,0.967,3.172727,5.393964,17.7005636939176,24.9377399825638,329.36,29.8486154558576,0,9.12901109414666,83.37999626898,7.24466666666667,7.34866666666667,5.73133333333333
"456",2026-02-01 07:35:00,0.9675,1.65,0.9675,3.1743675,5.41365,17.4389790087858,25.2865195627395,329.921568627451,29.8474342564277,0,9.18270091091206,83.4999962636103,7.29283333333333,7.38583333333333,5.72316666666667
"457",2026-02-01 07:36:00,0.968,1.656,0.968,3.176008,5.433336,17.4389790087858,24.9377399825638,330.483137254902,29.8474342564277,0,9.22281905553537,83.5799962600305,7.341,7.423,5.715
"458",2026-02-01 07:37:00,0.9685,1.662,0.9685,3.1776485,5.453022,17.4389790087858,24.588960402388,331.044705882353,29.8474342564277,0,9.26293720015867,83.6599962564508,7.38366666666667,7.475,5.703
"459",2026-02-01 07:38:00,0.969,1.668,0.969,3.179289,5.472708,17.4389790087858,24.2401808222123,331.606274509804,29.8474342564277,0,9.30305534478197,83.739996252871,7.42633333333333,7.527,5.691
"460",2026-02-01 07:39:00,0.9695,1.674,0.9695,3.1809295,5.492394,17.4389790087858,23.8914012420366,332.167843137255,29.8474342564277,0,9.34317348940527,83.8199962492912,7.469,7.579,5.679
"461",2026-02-01 07:40:00,0.97,1.68,0.97,3.18257,5.51208,17.4389790087858,23.5426216618609,332.729411764706,29.8474342564277,0,9.38329163402857,83.8999962457114,7.51166666666667,7.631,5.667
"462",2026-02-01 07:41:00,0.972,1.6835,0.972,3.189132,5.5235635,17.3517841137419,23.368231871773,332.167843137255,29.8462530569978,0,9.28948367263987,83.759996251976,7.55433333333333,7.683,5.655
"463",2026-02-01 07:42:00,0.974,1.687,0.974,3.195694,5.535047,17.264589218698,23.1938420816852,331.606274509804,29.8450718575679,0,9.19567571125117,83.6199962582406,7.597,7.735,5.643
"464",2026-02-01 07:43:00,0.976,1.6905,0.976,3.202256,5.5465305,17.1773943236541,23.0194522915973,331.044705882353,29.843890658138,0,9.10186774986247,83.4799962645052,7.644,7.78866666666667,5.632
"465",2026-02-01 07:44:00,0.978,1.694,0.978,3.208818,5.558014,17.0901994286101,22.8450625015095,330.483137254902,29.842709458708,0,9.00805978847377,83.3399962707699,7.691,7.84233333333333,5.621
"466",2026-02-01 07:45:00,0.98,1.6975,0.98,3.21538,5.5694975,17.0030045335662,22.6706727114216,329.921568627451,29.8415282592781,0,8.91425182708506,83.1999962770345,7.738,7.896,5.61
"467",2026-02-01 07:46:00,0.982,1.701,0.982,3.221942,5.580981,17.0030045335662,22.7578676064655,330.483137254902,29.842709458708,0,8.88732082282318,83.0999962815092,7.785,7.94966666666667,5.599
"468",2026-02-01 07:47:00,0.984,1.7045,0.984,3.228504,5.5924645,17.0030045335662,22.8450625015095,331.044705882353,29.843890658138,0,8.8603898185613,82.9999962859839,7.832,8.00333333333333,5.588
"469",2026-02-01 07:48:00,0.986,1.708,0.986,3.235066,5.603948,17.0030045335662,22.9322573965534,331.606274509804,29.8450718575679,0,8.83345881429941,82.8999962904586,7.879,8.057,5.577
"470",2026-02-01 07:49:00,0.988,1.7115,0.988,3.241628,5.6154315,17.0030045335662,23.0194522915973,332.167843137255,29.8462530569978,0,8.80652781003752,82.7999962949333,7.93266666666667,8.1165,5.56233333333333
"471",2026-02-01 07:50:00,0.99,1.715,0.99,3.24819,5.626915,17.0030045335662,23.1066471866412,332.729411764706,29.8474342564277,0,8.77959680577564,82.699996299408,7.98633333333333,8.176,5.54766666666667
"472",2026-02-01 07:51:00,0.992,1.7185,0.992,3.254752,5.6383985,16.6542249533905,22.9322573965534,333.290980392157,29.8486154558576,0,8.94032737732967,82.9199962895637,8.04,8.2355,5.533
"473",2026-02-01 07:52:00,0.994,1.722,0.994,3.261314,5.649882,16.3054453732148,22.7578676064655,333.852549019608,29.8497966552875,0,9.10105794888371,83.1399962797193,8.09366666666667,8.295,5.51833333333333
"474",2026-02-01 07:53:00,0.996,1.7255,0.996,3.267876,5.6613655,15.956665793039,22.5834778163777,334.414117647059,29.8509778547175,0,9.26178852043774,83.3599962698749,8.14733333333333,8.3545,5.50366666666667
"475",2026-02-01 07:54:00,0.998,1.729,0.998,3.274438,5.672849,15.6078862128633,22.4090880262898,334.97568627451,29.8521590541474,0,9.42251909199177,83.5799962600305,8.201,8.414,5.489
"476",2026-02-01 07:55:00,1,1.7325,1,3.281,5.6843325,15.2591066326876,22.234698236202,335.537254901961,29.8533402535773,0,9.58324966354581,83.7999962501862,8.25266666666667,8.46383333333333,5.471
"477",2026-02-01 07:56:00,1.002,1.736,1.002,3.287562,5.695816,15.4334964227755,22.7578676064655,336.098823529412,29.8527496538623,0,9.42251909199177,83.4799962645052,8.30433333333333,8.51366666666667,5.453
"478",2026-02-01 07:57:00,1.004,1.7395,1.004,3.294124,5.7072995,15.6078862128633,23.2810369767291,336.660392156863,29.8521590541474,0,9.26178852043774,83.1599962788244,8.356,8.5635,5.435
"479",2026-02-01 07:58:00,1.006,1.743,1.006,3.300686,5.718783,15.7822760029512,23.8042063469927,337.221960784314,29.8515684544324,0,9.10105794888371,82.8399962931434,8.40766666666667,8.61333333333333,5.417
"480",2026-02-01 07:59:00,1.008,1.7465,1.008,3.307248,5.7302665,15.956665793039,24.3273757172563,337.783529411765,29.8509778547175,0,8.94032737732967,82.5199963074625,8.45933333333333,8.66316666666667,5.399
"481",2026-02-01 08:00:00,1.01,1.75,1.01,3.31381,5.74175,16.1310555831269,24.8505450875198,338.345098039216,29.8503872550025,0,8.77959680577564,82.1999963217816,8.511,8.713,5.381
"482",2026-02-01 08:01:00,1.0115,1.752,1.0115,3.3187315,5.748312,16.3926402682587,24.8505450875198,338.06431372549,29.8486154558576,0,8.88697717655459,82.319996316412,8.55333333333333,8.78133333333333,5.36883333333333
"483",2026-02-01 08:02:00,1.013,1.754,1.013,3.323653,5.754874,16.6542249533905,24.8505450875198,337.783529411765,29.8468436567127,0,8.99435754733355,82.4399963110423,8.59566666666667,8.84966666666667,5.35666666666667
"484",2026-02-01 08:03:00,1.0145,1.756,1.0145,3.3285745,5.761436,16.9158096385223,24.8505450875198,337.502745098039,29.8450718575679,0,9.1017379181125,82.5599963056727,8.638,8.918,5.3445
"485",2026-02-01 08:04:00,1.016,1.758,1.016,3.333496,5.767998,17.1773943236541,24.8505450875198,337.221960784314,29.843300058423,0,9.20911828889145,82.679996300303,8.68033333333333,8.98633333333333,5.33233333333333
"486",2026-02-01 08:05:00,1.0175,1.76,1.0175,3.3384175,5.77456,17.4389790087858,24.8505450875198,336.941176470588,29.8415282592781,0,9.3164986596704,82.7999962949333,8.72266666666667,9.05466666666667,5.32016666666667
"487",2026-02-01 08:06:00,1.019,1.762,1.019,3.343339,5.781122,17.4389790087858,24.676155297432,336.098823529412,29.8403470598482,0,9.35653231007133,82.7799962958283,8.765,9.123,5.308
"488",2026-02-01 08:07:00,1.0205,1.764,1.0205,3.3482605,5.787684,17.4389790087858,24.5017655073441,335.256470588235,29.8391658604183,0,9.39656596047225,82.7599962967232,8.81183333333333,9.17166666666667,5.29666666666667
"489",2026-02-01 08:08:00,1.022,1.766,1.022,3.353182,5.794246,17.4389790087858,24.3273757172562,334.414117647059,29.8379846609884,0,9.43659961087317,82.7399962976181,8.85866666666667,9.22033333333333,5.28533333333333
"490",2026-02-01 08:09:00,1.0235,1.768,1.0235,3.3581035,5.800808,17.4389790087858,24.1529859271684,333.571764705882,29.8368034615584,0,9.4766332612741,82.7199962985131,8.9055,9.269,5.274
"491",2026-02-01 08:10:00,1.025,1.77,1.025,3.363025,5.80737,17.4389790087858,23.9785961370805,332.729411764706,29.8356222621285,0,9.51666691167502,82.699996299408,8.95233333333333,9.31766666666667,5.26266666666667
"492",2026-02-01 08:11:00,1.0265,1.772,1.0265,3.3679465,5.813932,17.5261739038298,23.8914012420366,332.729411764706,29.8373940612734,0,9.4766332612741,82.5999963038828,8.99916666666667,9.36633333333333,5.25133333333333
"493",2026-02-01 08:12:00,1.028,1.774,1.028,3.372868,5.820494,17.6133687988737,23.8042063469927,332.729411764706,29.8391658604183,0,9.43659961087317,82.4999963083575,9.046,9.415,5.24
"494",2026-02-01 08:13:00,1.0295,1.776,1.0295,3.3777895,5.827056,17.7005636939176,23.7170114519487,332.729411764706,29.8409376595632,0,9.39656596047225,82.3999963128322,9.09183333333333,9.45166666666667,5.22566666666667
"495",2026-02-01 08:14:00,1.031,1.778,1.031,3.382711,5.833618,17.7877585889616,23.6298165569048,332.729411764706,29.842709458708,0,9.35653231007133,82.2999963173069,9.13766666666667,9.48833333333333,5.21133333333333
"496",2026-02-01 08:15:00,1.0325,1.78,1.0325,3.3876325,5.84018,17.8749534840055,23.5426216618609,332.729411764706,29.8444812578529,0,9.3164986596704,82.1999963217816,9.1835,9.525,5.197
"497",2026-02-01 08:16:00,1.034,1.782,1.034,3.392554,5.846742,17.7877585889616,23.8914012420366,333.852549019608,29.843890658138,0,9.36984886044548,82.2199963208867,9.22933333333333,9.56166666666667,5.18266666666667
"498",2026-02-01 08:17:00,1.0355,1.784,1.0355,3.3974755,5.853304,17.7005636939176,24.2401808222123,334.97568627451,29.843300058423,0,9.42319906122056,82.2399963199917,9.27516666666667,9.59833333333333,5.16833333333333
"499",2026-02-01 08:18:00,1.037,1.786,1.037,3.402397,5.859866,17.6133687988737,24.588960402388,336.098823529412,29.842709458708,0,9.47654926199565,82.2599963190968,9.321,9.635,5.154
"500",2026-02-01 08:19:00,1.0385,1.788,1.0385,3.4073185,5.866428,17.5261739038298,24.9377399825638,337.221960784314,29.8421188589931,0,9.52989946277073,82.2799963182019,9.3715,9.66933333333333,5.14316666666667
"501",2026-02-01 08:20:00,1.04,1.79,1.04,3.41224,5.87299,17.4389790087858,25.2865195627395,338.345098039216,29.8415282592781,0,9.58324966354581,82.2999963173069,9.422,9.70366666666667,5.13233333333333
"502",2026-02-01 08:21:00,1.0415,1.7925,1.0415,3.4171615,5.8811925,17.3517841137419,24.9377399825638,337.783529411765,29.842709458708,0,9.58324966354581,82.2799963182019,9.4725,9.738,5.1215
"503",2026-02-01 08:22:00,1.043,1.795,1.043,3.422083,5.889395,17.264589218698,24.588960402388,337.221960784314,29.843890658138,0,9.58324966354581,82.2599963190968,9.523,9.77233333333333,5.11066666666667
"504",2026-02-01 08:23:00,1.0445,1.7975,1.0445,3.4270045,5.8975975,17.1773943236541,24.2401808222123,336.660392156863,29.8450718575679,0,9.58324966354581,82.2399963199917,9.5735,9.80666666666667,5.09983333333333
"505",2026-02-01 08:24:00,1.046,1.8,1.046,3.431926,5.9058,17.0901994286101,23.8914012420366,336.098823529412,29.8462530569978,0,9.58324966354581,82.2199963208867,9.624,9.841,5.089
"506",2026-02-01 08:25:00,1.0475,1.8025,1.0475,3.4368475,5.9140025,17.0030045335662,23.5426216618609,335.537254901961,29.8474342564277,0,9.58324966354581,82.1999963217816,9.67366666666667,9.88483333333333,5.07466666666667
"507",2026-02-01 08:26:00,1.049,1.805,1.049,3.441769,5.922205,17.0901994286101,23.5426216618609,334.97568627451,29.8468436567127,0,9.54325805764236,82.0399963289412,9.72333333333333,9.92866666666667,5.06033333333333
"508",2026-02-01 08:27:00,1.0505,1.8075,1.0505,3.4466905,5.9304075,17.1773943236541,23.5426216618609,334.414117647059,29.8462530569978,0,9.50326645173891,81.8799963361007,9.773,9.9725,5.046
"509",2026-02-01 08:28:00,1.052,1.81,1.052,3.451612,5.93861,17.264589218698,23.5426216618609,333.852549019608,29.8456624572828,0,9.46327484583546,81.7199963432603,9.82266666666667,10.0163333333333,5.03166666666667
"510",2026-02-01 08:29:00,1.0535,1.8125,1.0535,3.4565335,5.9468125,17.3517841137419,23.5426216618609,333.290980392157,29.8450718575679,0,9.42328323993202,81.5599963504198,9.87233333333333,10.0601666666667,5.01733333333333
"511",2026-02-01 08:30:00,1.055,1.815,1.055,3.461455,5.955015,17.4389790087858,23.5426216618609,332.729411764706,29.8444812578529,0,9.38329163402857,81.3999963575794,9.922,10.104,5.003
"512",2026-02-01 08:31:00,1.0565,1.8175,1.0565,3.4663765,5.9632175,17.264589218698,24.0657910321245,333.571764705882,29.8450718575679,0,9.51611165072536,81.5199963522097,9.95766666666667,10.1493333333333,4.98383333333333
"513",2026-02-01 08:32:00,1.058,1.82,1.058,3.471298,5.97142,17.0901994286101,24.588960402388,334.414117647059,29.8456624572828,0,9.64893166742215,81.63999634684,9.99333333333333,10.1946666666667,4.96466666666667
"514",2026-02-01 08:33:00,1.0595,1.8225,1.0595,3.4762195,5.9796225,16.9158096385223,25.1121297726516,335.256470588235,29.8462530569978,0,9.78175168411894,81.7599963414704,10.029,10.24,4.9455
"515",2026-02-01 08:34:00,1.061,1.825,1.061,3.481141,5.987825,16.7414198484344,25.6352991429152,336.098823529412,29.8468436567127,0,9.91457170081573,81.8799963361007,10.0646666666667,10.2853333333333,4.92633333333333
"516",2026-02-01 08:35:00,1.0625,1.8275,1.0625,3.4860625,5.9960275,16.5670300583465,26.1584685131788,336.941176470588,29.8474342564277,0,10.0473917175125,81.9999963307311,10.1003333333333,10.3306666666667,4.90716666666667
"517",2026-02-01 08:36:00,1.064,1.83,1.064,3.490984,6.00423,16.7414198484344,25.9840787230909,337.221960784314,29.8468436567127,0,10.0209380612148,81.9399963334159,10.136,10.376,4.888
"518",2026-02-01 08:37:00,1.0655,1.8325,1.0655,3.4959055,6.0124325,16.9158096385223,25.809688933003,337.502745098039,29.8462530569978,0,9.99448440491715,81.8799963361007,10.1861666666667,10.4153333333333,4.87166666666667
"519",2026-02-01 08:38:00,1.067,1.835,1.067,3.500827,6.020635,17.0901994286101,25.6352991429152,337.783529411765,29.8456624572828,0,9.96803074861946,81.8199963387856,10.2363333333333,10.4546666666667,4.85533333333333
"520",2026-02-01 08:39:00,1.0685,1.8375,1.0685,3.5057485,6.0288375,17.264589218698,25.4609093528273,338.06431372549,29.8450718575679,0,9.94157709232177,81.7599963414704,10.2865,10.494,4.839
"521",2026-02-01 08:40:00,1.07,1.84,1.07,3.51067,6.03704,17.4389790087858,25.2865195627395,338.345098039216,29.8444812578529,0,9.91512343602407,81.6999963441552,10.3366666666667,10.5333333333333,4.82266666666667
"522",2026-02-01 08:41:00,1.0675,1.8315,1.0675,3.5024675,6.0091515,17.4389790087858,25.7224940379591,338.06431372549,29.843300058423,0,9.94157709232177,81.6599963459451,10.3868333333333,10.5726666666667,4.80633333333333
"523",2026-02-01 08:42:00,1.065,1.823,1.065,3.494265,5.981263,17.4389790087858,26.1584685131788,337.783529411765,29.8421188589931,0,9.96803074861946,81.619996347735,10.437,10.612,4.79
"524",2026-02-01 08:43:00,1.0625,1.8145,1.0625,3.4860625,5.9533745,17.4389790087858,26.5944429883984,337.502745098039,29.8409376595632,0,9.99448440491715,81.5799963495249,10.4706666666667,10.6493333333333,4.77683333333333
"525",2026-02-01 08:44:00,1.06,1.806,1.06,3.47786,5.925486,17.4389790087858,27.0304174636181,337.221960784314,29.8397564601332,0,10.0209380612148,81.5399963513148,10.5043333333333,10.6866666666667,4.76366666666667
"526",2026-02-01 08:45:00,1.0575,1.7975,1.0575,3.4696575,5.8975975,17.4389790087858,27.4663919388377,336.941176470588,29.8385752607033,0,10.0473917175125,81.4999963531047,10.538,10.724,4.7505
"527",2026-02-01 08:46:00,1.055,1.789,1.055,3.461455,5.869709,17.1773943236541,26.5072480933545,336.379607843137,29.8368034615584,0,10.0737908977165,81.4199963566844,10.5716666666667,10.7613333333333,4.73733333333333
"528",2026-02-01 08:47:00,1.0525,1.7805,1.0525,3.4532525,5.8418205,16.9158096385223,25.5481042478713,335.818039215686,29.8350316624136,0,10.1001900779205,81.3399963602642,10.6053333333333,10.7986666666667,4.72416666666667
"529",2026-02-01 08:48:00,1.05,1.772,1.05,3.44505,5.813932,16.6542249533905,24.588960402388,335.256470588235,29.8332598632687,0,10.1265892581246,81.259996363844,10.639,10.836,4.711
"530",2026-02-01 08:49:00,1.0475,1.7635,1.0475,3.4368475,5.7860435,16.3926402682587,23.6298165569048,334.694901960784,29.8314880641238,0,10.1529884383286,81.1799963674238,10.6739166666667,10.8725,4.69083333333333
"531",2026-02-01 08:50:00,1.045,1.755,1.045,3.428645,5.758155,16.1310555831269,22.6706727114216,334.133333333333,29.8297162649789,0,10.1793876185326,81.0999963710035,10.7088333333333,10.909,4.67066666666667
"532",2026-02-01 08:51:00,1.0425,1.7465,1.0425,3.4204425,5.7302665,16.3926402682587,22.7578676064655,333.571764705882,29.829125665264,0,10.2844464015483,81.0399963736884,10.74375,10.9455,4.6505
"533",2026-02-01 08:52:00,1.04,1.738,1.04,3.41224,5.702378,16.6542249533905,22.8450625015095,333.010196078431,29.828535065549,0,10.3895051845641,80.9799963763732,10.7786666666667,10.982,4.63033333333333
"534",2026-02-01 08:53:00,1.0375,1.7295,1.0375,3.4040375,5.6744895,16.9158096385223,22.9322573965534,332.44862745098,29.827944465834,0,10.4945639675799,80.919996379058,10.8135833333333,11.0185,4.61016666666667
"535",2026-02-01 08:54:00,1.035,1.721,1.035,3.395835,5.646601,17.1773943236541,23.0194522915973,331.887058823529,29.8273538661191,0,10.5996227505956,80.8599963817429,10.8485,11.055,4.59
"536",2026-02-01 08:55:00,1.0325,1.7125,1.0325,3.3876325,5.6187125,17.4389790087858,23.1066471866412,331.325490196078,29.8267632664041,0,10.7046815336114,80.7999963844277,10.8834166666667,11.1086666666667,4.573
"537",2026-02-01 08:56:00,1.03,1.704,1.03,3.37943,5.590824,17.5261739038298,23.2810369767291,332.167843137255,29.8273538661191,0,10.7568928563973,80.8199963835327,10.9183333333333,11.1623333333333,4.556
"538",2026-02-01 08:57:00,1.0275,1.6955,1.0275,3.3712275,5.5629355,17.6133687988737,23.455426766817,333.010196078431,29.827944465834,0,10.8091041791833,80.8399963826378,10.95325,11.216,4.539
"539",2026-02-01 08:58:00,1.025,1.687,1.025,3.363025,5.535047,17.7005636939176,23.6298165569048,333.852549019608,29.828535065549,0,10.8613155019692,80.8599963817429,10.9881666666667,11.2696666666667,4.522
"540",2026-02-01 08:59:00,1.0225,1.6785,1.0225,3.3548225,5.5071585,17.7877585889616,23.8042063469927,334.694901960784,29.829125665264,0,10.9135268247552,80.8799963808479,11.0230833333333,11.3233333333333,4.505
"541",2026-02-01 09:00:00,1.02,1.67,1.02,3.34662,5.47927,17.8749534840055,23.9785961370805,335.537254901961,29.8297162649789,0,10.9657381475411,80.899996379953,11.058,11.377,4.488
"542",2026-02-01 09:01:00,1.0235,1.6745,1.0235,3.3581035,5.4940345,17.9621483790494,24.3273757172562,334.133333333333,29.827944465834,0,10.8873421447525,80.5999963933771,11.0883333333333,11.4098333333333,4.47433333333333
"543",2026-02-01 09:02:00,1.027,1.679,1.027,3.369587,5.508799,18.0493432740933,24.676155297432,332.729411764706,29.8261726666892,0,10.808946141964,80.2999964068013,11.1186666666667,11.4426666666667,4.46066666666667
"544",2026-02-01 09:03:00,1.0305,1.6835,1.0305,3.3810705,5.5235635,18.1365381691373,25.0249348776077,331.325490196078,29.8244008675443,0,10.7305501391754,79.9999964202254,11.149,11.4755,4.447
"545",2026-02-01 09:04:00,1.034,1.688,1.034,3.392554,5.538328,18.2237330641812,25.3737144577834,329.921568627451,29.8226290683994,0,10.6521541363868,79.6999964336496,11.1793333333333,11.5083333333333,4.43333333333333
"546",2026-02-01 09:05:00,1.0375,1.6925,1.0375,3.4040375,5.5530925,18.3109279592251,25.7224940379591,328.517647058824,29.8208572692545,0,10.5737581335982,79.3999964470737,11.2096666666667,11.5411666666667,4.41966666666667
"547",2026-02-01 09:06:00,1.041,1.697,1.041,3.415521,5.567857,18.3109279592251,25.7224940379591,330.202352941176,29.8220384686845,0,10.626074704929,79.499996442599,11.24,11.574,4.406
"548",2026-02-01 09:07:00,1.0445,1.7015,1.0445,3.4270045,5.5826215,18.3109279592251,25.7224940379591,331.887058823529,29.8232196681144,0,10.6783912762598,79.5999964381243,11.2703333333333,11.603,4.389
"549",2026-02-01 09:08:00,1.048,1.706,1.048,3.438488,5.597386,18.3109279592251,25.7224940379591,333.571764705882,29.8244008675443,0,10.7307078475906,79.6999964336496,11.3006666666667,11.632,4.372
"550",2026-02-01 09:09:00,1.0515,1.7105,1.0515,3.4499715,5.6121505,18.3109279592251,25.7224940379591,335.256470588235,29.8255820669742,0,10.7830244189215,79.7999964291749,11.331,11.661,4.355
"551",2026-02-01 09:10:00,1.055,1.715,1.055,3.461455,5.626915,18.3109279592251,25.7224940379591,336.941176470588,29.8267632664041,0,10.8353409902523,79.8999964247001,11.3613333333333,11.69,4.338
"552",2026-02-01 09:11:00,1.0585,1.7195,1.0585,3.4729385,5.6416795,18.2237330641812,25.4609093528273,336.379607843137,29.8261726666892,0,10.8874477192875,79.9799964211204,11.3916666666667,11.719,4.321
"553",2026-02-01 09:12:00,1.062,1.724,1.062,3.484422,5.656444,18.1365381691373,25.1993246676955,335.818039215686,29.8255820669742,0,10.9395544483227,80.0599964175406,11.422,11.748,4.304
"554",2026-02-01 09:13:00,1.0655,1.7285,1.0655,3.4959055,5.6712085,18.0493432740933,24.9377399825638,335.256470588235,29.8249914672593,0,10.9916611773579,80.1399964139608,11.4473333333333,11.7736666666667,4.28
"555",2026-02-01 09:14:00,1.069,1.733,1.069,3.507389,5.685973,17.9621483790494,24.676155297432,334.694901960784,29.8244008675443,0,11.0437679063931,80.2199964103811,11.4726666666667,11.7993333333333,4.256
"556",2026-02-01 09:15:00,1.0725,1.7375,1.0725,3.5188725,5.7007375,17.8749534840055,24.4145706123002,334.133333333333,29.8238102678293,0,11.0958746354283,80.2999964068013,11.498,11.825,4.232
"557",2026-02-01 09:16:00,1.076,1.742,1.076,3.530356,5.715502,17.8749534840055,24.3273757172562,334.694901960784,29.8238102678293,0,11.1218501223342,80.2199964103811,11.5233333333333,11.8506666666667,4.208
"558",2026-02-01 09:17:00,1.0795,1.7465,1.0795,3.5418395,5.7302665,17.8749534840055,24.2401808222123,335.256470588235,29.8238102678293,0,11.1478256092401,80.1399964139608,11.5486666666667,11.8763333333333,4.184
"559",2026-02-01 09:18:00,1.083,1.751,1.083,3.553323,5.745031,17.8749534840055,24.1529859271684,335.818039215686,29.8238102678293,0,11.173801096146,80.0599964175406,11.574,11.902,4.16
"560",2026-02-01 09:19:00,1.0865,1.7555,1.0865,3.5648065,5.7597955,17.8749534840055,24.0657910321245,336.379607843137,29.8238102678293,0,11.1997765830518,79.9799964211204,11.6008333333333,11.9226666666667,4.1365
"561",2026-02-01 09:20:00,1.09,1.76,1.09,3.57629,5.77456,17.8749534840055,23.9785961370805,336.941176470588,29.8238102678293,0,11.2257520699577,79.8999964247001,11.6276666666667,11.9433333333333,4.113
"562",2026-02-01 09:21:00,1.094,1.767,1.094,3.589414,5.797527,17.8749534840055,24.3273757172562,336.098823529412,29.8220384686845,0,11.3033708576945,79.85999642649,11.6545,11.964,4.0895
"563",2026-02-01 09:22:00,1.098,1.774,1.098,3.602538,5.820494,17.8749534840055,24.676155297432,335.256470588235,29.8202666695396,0,11.3809896454312,79.8199964282799,11.6813333333333,11.9846666666667,4.066
"564",2026-02-01 09:23:00,1.102,1.781,1.102,3.615662,5.843461,17.8749534840055,25.0249348776077,334.414117647059,29.8184948703947,0,11.458608433168,79.7799964300698,11.7081666666667,12.0053333333333,4.0425
"565",2026-02-01 09:24:00,1.106,1.788,1.106,3.628786,5.866428,17.8749534840055,25.3737144577834,333.571764705882,29.8167230712498,0,11.5362272209047,79.7399964318597,11.735,12.026,4.019
"566",2026-02-01 09:25:00,1.11,1.795,1.11,3.64191,5.889395,17.8749534840055,25.7224940379591,332.729411764706,29.814951272105,0,11.6138460086415,79.6999964336496,11.7501666666667,12.0375,3.99433333333333
"567",2026-02-01 09:26:00,1.114,1.802,1.114,3.655034,5.912362,17.8749534840055,25.6352991429152,332.729411764706,29.814951272105,0,11.6267380182499,79.6799964345445,11.7653333333333,12.049,3.96966666666667
"568",2026-02-01 09:27:00,1.118,1.809,1.118,3.668158,5.935329,17.8749534840055,25.5481042478713,332.729411764706,29.814951272105,0,11.6396300278584,79.6599964354395,11.7805,12.0605,3.945
"569",2026-02-01 09:28:00,1.122,1.816,1.122,3.681282,5.958296,17.8749534840055,25.4609093528273,332.729411764706,29.814951272105,0,11.6525220374668,79.6399964363344,11.7956666666667,12.072,3.92033333333333
"570",2026-02-01 09:29:00,1.126,1.823,1.126,3.694406,5.981263,17.8749534840055,25.3737144577834,332.729411764706,29.814951272105,0,11.6654140470753,79.6199964372294,11.8108333333333,12.0835,3.89566666666667
"571",2026-02-01 09:30:00,1.13,1.83,1.13,3.70753,6.00423,17.8749534840055,25.2865195627395,332.729411764706,29.814951272105,0,11.6783060566837,79.5999964381243,11.826,12.095,3.871
"572",2026-02-01 09:31:00,1.134,1.837,1.134,3.720654,6.027197,17.7877585889616,25.4609093528273,334.133333333333,29.814951272105,0,11.7553949155669,79.6599964354395,11.8376666666667,12.1071666666667,3.84966666666667
"573",2026-02-01 09:32:00,1.138,1.844,1.138,3.733778,6.050164,17.7005636939176,25.6352991429152,335.537254901961,29.814951272105,0,11.83248377445,79.7199964327546,11.8493333333333,12.1193333333333,3.82833333333333
"574",2026-02-01 09:33:00,1.142,1.851,1.142,3.746902,6.073131,17.6133687988737,25.809688933003,336.941176470588,29.814951272105,0,11.9095726333331,79.7799964300698,11.861,12.1315,3.807
"575",2026-02-01 09:34:00,1.146,1.858,1.146,3.760026,6.096098,17.5261739038298,25.9840787230909,338.345098039216,29.814951272105,0,11.9866614922163,79.839996427385,11.8726666666667,12.1436666666667,3.78566666666667
"576",2026-02-01 09:35:00,1.15,1.865,1.15,3.77315,6.119065,17.4389790087858,26.1584685131788,339.749019607843,29.814951272105,0,12.0637503510994,79.8999964247001,11.8843333333333,12.1558333333333,3.76433333333333
"577",2026-02-01 09:36:00,1.154,1.872,1.154,3.786274,6.142032,17.5261739038298,25.896883828047,339.468235294118,29.8155418718199,0,12.0381039421808,79.7599964309648,11.896,12.168,3.743
"578",2026-02-01 09:37:00,1.158,1.879,1.158,3.799398,6.164999,17.6133687988737,25.6352991429152,339.187450980392,29.8161324715349,0,12.0124575332623,79.6199964372294,11.9168333333333,12.1855,3.7255
"579",2026-02-01 09:38:00,1.162,1.886,1.162,3.812522,6.187966,17.7005636939176,25.3737144577834,338.906666666667,29.8167230712498,0,11.9868111243437,79.479996443494,11.9376666666667,12.203,3.708
"580",2026-02-01 09:39:00,1.166,1.893,1.166,3.825646,6.210933,17.7877585889616,25.1121297726516,338.625882352941,29.8173136709648,0,11.9611647154252,79.3399964497586,11.9585,12.2205,3.6905
"581",2026-02-01 09:40:00,1.17,1.9,1.17,3.83877,6.2339,17.8749534840055,24.8505450875198,338.345098039216,29.8179042706797,0,11.9355183065066,79.1999964560232,11.9793333333333,12.238,3.673
"582",2026-02-01 09:41:00,1.174,1.906,1.174,3.851894,6.253586,17.9621483790494,24.588960402388,338.345098039216,29.8161324715349,0,11.9995416628053,79.1999964560232,12.0001666666667,12.2555,3.6555
"583",2026-02-01 09:42:00,1.178,1.912,1.178,3.865018,6.273272,18.0493432740933,24.3273757172562,338.345098039216,29.81436067239,0,12.0635650191039,79.1999964560232,12.021,12.273,3.638
"584",2026-02-01 09:43:00,1.182,1.918,1.182,3.878142,6.292958,18.1365381691373,24.0657910321245,338.345098039216,29.8125888732451,0,12.1275883754026,79.1999964560232,12.0346666666667,12.2855,3.6145
"585",2026-02-01 09:44:00,1.186,1.924,1.186,3.891266,6.312644,18.2237330641812,23.8042063469927,338.345098039216,29.8108170741002,0,12.1916117317013,79.1999964560232,12.0483333333333,12.298,3.591
"586",2026-02-01 09:45:00,1.19,1.93,1.19,3.90439,6.33233,18.3109279592251,23.5426216618609,338.345098039216,29.8090452749554,0,12.2556350879999,79.1999964560232,12.062,12.3105,3.5675
"587",2026-02-01 09:46:00,1.194,1.936,1.194,3.917514,6.352016,18.1365381691373,23.455426766817,337.502745098039,29.8090452749554,0,12.2428550774821,79.0599964622878,12.0756666666667,12.323,3.544
"588",2026-02-01 09:47:00,1.198,1.942,1.198,3.930638,6.371702,17.9621483790494,23.368231871773,336.660392156863,29.8090452749554,0,12.2300750669643,78.9199964685524,12.0893333333333,12.3355,3.5205
"589",2026-02-01 09:48:00,1.202,1.948,1.202,3.943762,6.391388,17.7877585889616,23.2810369767291,335.818039215686,29.8090452749554,0,12.2172950564465,78.779996474817,12.103,12.348,3.497
"590",2026-02-01 09:49:00,1.206,1.954,1.206,3.956886,6.411074,17.6133687988737,23.1938420816852,334.97568627451,29.8090452749554,0,12.2045150459287,78.6399964810816,12.1133333333333,12.3633333333333,3.47683333333333
"591",2026-02-01 09:50:00,1.21,1.96,1.21,3.97001,6.43076,17.4389790087858,23.1066471866412,334.133333333333,29.8090452749554,0,12.1917350354109,78.4999964873462,12.1236666666667,12.3786666666667,3.45666666666667
"592",2026-02-01 09:51:00,1.214,1.966,1.214,3.983134,6.450446,17.1773943236541,22.9322573965534,335.256470588235,29.8096358746703,0,12.3569297857235,78.779996474817,12.134,12.394,3.4365
"593",2026-02-01 09:52:00,1.218,1.972,1.218,3.996258,6.470132,16.9158096385223,22.7578676064655,336.379607843137,29.8102264743853,0,12.522124536036,79.0599964622878,12.1443333333333,12.4093333333333,3.41633333333333
"594",2026-02-01 09:53:00,1.222,1.978,1.222,4.009382,6.489818,16.6542249533905,22.5834778163777,337.502745098039,29.8108170741002,0,12.6873192863486,79.3399964497586,12.1546666666667,12.4246666666667,3.39616666666667
"595",2026-02-01 09:54:00,1.226,1.984,1.226,4.022506,6.509504,16.3926402682587,22.4090880262898,338.625882352941,29.8114076738152,0,12.8525140366611,79.6199964372294,12.165,12.44,3.376
"596",2026-02-01 09:55:00,1.23,1.99,1.23,4.03563,6.52919,16.1310555831269,22.234698236202,339.749019607843,29.8119982735302,0,13.0177087869737,79.8999964247001,12.1698333333333,12.4515,3.3535
"597",2026-02-01 09:56:00,1.234,1.996,1.234,4.048754,6.548876,16.3926402682587,22.5834778163777,339.749019607843,29.8102264743853,0,12.9924261956009,79.7599964309648,12.1746666666667,12.463,3.331
"598",2026-02-01 09:57:00,1.238,2.002,1.238,4.061878,6.568562,16.6542249533905,22.9322573965534,339.749019607843,29.8084546752404,0,12.9671436042282,79.6199964372294,12.1795,12.4745,3.3085
"599",2026-02-01 09:58:00,1.242,2.008,1.242,4.075002,6.588248,16.9158096385223,23.2810369767291,339.749019607843,29.8066828760955,0,12.9418610128554,79.479996443494,12.1843333333333,12.486,3.286
"600",2026-02-01 09:59:00,1.246,2.014,1.246,4.088126,6.607934,17.1773943236541,23.6298165569048,339.749019607843,29.8049110769506,0,12.9165784214827,79.3399964497586,12.1891666666667,12.4975,3.2635
"601",2026-02-01 10:00:00,1.25,2.02,1.25,4.10125,6.62762,17.4389790087858,23.9785961370805,339.749019607843,29.8031392778058,0,12.89129583011,79.1999964560232,12.194,12.509,3.241
"602",2026-02-01 10:01:00,1.245,2.012,1.245,4.084845,6.601372,17.3517841137419,24.2401808222123,339.749019607843,29.8031392778058,0,12.9165784214827,79.139996458708,12.1995,12.509,3.21433333333333
"603",2026-02-01 10:02:00,1.24,2.004,1.24,4.06844,6.575124,17.264589218698,24.5017655073441,339.749019607843,29.8031392778058,0,12.9418610128554,79.0799964613929,12.205,12.509,3.18766666666667
"604",2026-02-01 10:03:00,1.235,1.996,1.235,4.052035,6.548876,17.1773943236541,24.7633501924759,339.749019607843,29.8031392778058,0,12.9671436042282,79.0199964640777,12.2105,12.509,3.161
"605",2026-02-01 10:04:00,1.23,1.988,1.23,4.03563,6.522628,17.0901994286101,25.0249348776077,339.749019607843,29.8031392778058,0,12.9924261956009,78.9599964667625,12.216,12.509,3.13433333333333
"606",2026-02-01 10:05:00,1.225,1.98,1.225,4.019225,6.49638,17.0030045335662,25.2865195627395,339.749019607843,29.8031392778058,0,13.0177087869737,78.8999964694473,12.2215,12.509,3.10766666666667
"607",2026-02-01 10:06:00,1.22,1.972,1.22,4.00282,6.470132,17.264589218698,25.1121297726516,338.625882352941,29.8019580783759,0,12.9670960438025,78.6399964810816,12.227,12.509,3.081
"608",2026-02-01 10:07:00,1.215,1.964,1.215,3.986415,6.443884,17.5261739038298,24.9377399825638,337.502745098039,29.8007768789459,0,12.9164833006312,78.3799964927159,12.2238333333333,12.5138333333333,3.05466666666667
"609",2026-02-01 10:08:00,1.21,1.956,1.21,3.97001,6.417636,17.7877585889616,24.7633501924759,336.379607843137,29.799595679516,0,12.86587055746,78.1199965043501,12.2206666666667,12.5186666666667,3.02833333333333
"610",2026-02-01 10:09:00,1.205,1.948,1.205,3.953605,6.391388,18.0493432740933,24.588960402388,335.256470588235,29.7984144800861,0,12.8152578142888,77.8599965159844,12.2175,12.5235,3.002
"611",2026-02-01 10:10:00,1.2,1.94,1.2,3.9372,6.36514,18.3109279592251,24.4145706123002,334.133333333333,29.7972332806562,0,12.7646450711176,77.5999965276187,12.2143333333333,12.5283333333333,2.97566666666667
"612",2026-02-01 10:11:00,1.195,1.932,1.195,3.920795,6.338892,18.3109279592251,24.5017655073441,334.97568627451,29.7972332806562,0,12.8782580813669,77.7799965195642,12.2111666666667,12.5331666666667,2.94933333333333
"613",2026-02-01 10:12:00,1.19,1.924,1.19,3.90439,6.312644,18.3109279592251,24.588960402388,335.818039215686,29.7972332806562,0,12.9918710916161,77.9599965115097,12.208,12.538,2.923
"614",2026-02-01 10:13:00,1.185,1.916,1.185,3.887985,6.286396,18.3109279592251,24.676155297432,336.660392156863,29.7972332806562,0,13.1054841018653,78.1399965034552,12.2135,12.5325,2.90283333333333
"615",2026-02-01 10:14:00,1.18,1.908,1.18,3.87158,6.260148,18.3109279592251,24.7633501924759,337.502745098039,29.7972332806562,0,13.2190971121146,78.3199964954007,12.219,12.527,2.88266666666667
"616",2026-02-01 10:15:00,1.175,1.9,1.175,3.855175,6.2339,18.3109279592251,24.8505450875198,338.345098039216,29.7972332806562,0,13.3327101223638,78.4999964873462,12.2245,12.5215,2.8625
"617",2026-02-01 10:16:00,1.17,1.892,1.17,3.83877,6.207652,18.485317749313,24.676155297432,338.06431372549,29.7954614815113,0,13.4578417078132,78.6399964810816,12.23,12.516,2.84233333333333
"618",2026-02-01 10:17:00,1.165,1.884,1.165,3.822365,6.181404,18.6597075394008,24.5017655073441,337.783529411765,29.7936896823664,0,13.5829732932627,78.779996474817,12.2355,12.5105,2.82216666666667
"619",2026-02-01 10:18:00,1.16,1.876,1.16,3.80596,6.155156,18.8340973294887,24.3273757172562,337.502745098039,29.7919178832215,0,13.7081048787121,78.9199964685524,12.241,12.505,2.802
"620",2026-02-01 10:19:00,1.155,1.868,1.155,3.789555,6.128908,19.0084871195766,24.1529859271684,337.221960784314,29.7901460840767,0,13.8332364641615,79.0599964622878,12.2498333333333,12.504,2.78233333333333
"621",2026-02-01 10:20:00,1.15,1.86,1.15,3.77315,6.10266,19.1828769096644,23.9785961370805,336.941176470588,29.7883742849318,0,13.958368049611,79.1999964560232,12.2586666666667,12.503,2.76266666666667
"622",2026-02-01 10:21:00,1.143,1.8485,1.143,3.750183,6.0649285,19.3572666997523,24.8505450875198,338.06431372549,29.7877836852168,0,13.958368049611,79.2599964533384,12.2675,12.502,2.743
"623",2026-02-01 10:22:00,1.136,1.837,1.136,3.727216,6.027197,19.5316564898401,25.7224940379591,339.187450980392,29.7871930855019,0,13.958368049611,79.3199964506535,12.2763333333333,12.501,2.72333333333333
"624",2026-02-01 10:23:00,1.129,1.8255,1.129,3.704249,5.9894655,19.706046279928,26.5944429883984,340.310588235294,29.7866024857869,0,13.958368049611,79.3799964479687,12.2851666666667,12.5,2.70366666666667
"625",2026-02-01 10:24:00,1.122,1.814,1.122,3.681282,5.951734,19.8804360700159,27.4663919388377,341.433725490196,29.786011886072,0,13.958368049611,79.4399964452839,12.294,12.499,2.684
"626",2026-02-01 10:25:00,1.115,1.8025,1.115,3.658315,5.9140025,20.0548258601037,28.338340889277,342.556862745098,29.785421286357,0,13.958368049611,79.499996442599,12.2906666666667,12.4925,2.66266666666667
"627",2026-02-01 10:26:00,1.108,1.791,1.108,3.635348,5.876271,19.9676309650598,27.9895613091013,342.837647058824,29.785421286357,0,13.9832576602497,79.5199964417041,12.2873333333333,12.486,2.64133333333333
"628",2026-02-01 10:27:00,1.101,1.7795,1.101,3.612381,5.8385395,19.8804360700159,27.6407817289256,343.118431372549,29.785421286357,0,14.0081472708884,79.5399964408091,12.284,12.4795,2.62
"629",2026-02-01 10:28:00,1.094,1.768,1.094,3.589414,5.800808,19.7932411749719,27.2920021487498,343.399215686275,29.785421286357,0,14.0330368815272,79.5599964399142,12.2806666666667,12.473,2.59866666666667
"630",2026-02-01 10:29:00,1.087,1.7565,1.087,3.566447,5.7630765,19.706046279928,26.9432225685741,343.68,29.785421286357,0,14.0579264921659,79.5799964390193,12.2773333333333,12.4665,2.57733333333333
"631",2026-02-01 10:30:00,1.08,1.745,1.08,3.54348,5.725345,19.6188513848841,26.5944429883984,343.960784313726,29.785421286357,0,14.0828161028046,79.5999964381243,12.274,12.46,2.556
"632",2026-02-01 10:31:00,1.073,1.7335,1.073,3.520513,5.6876135,19.4444615947962,26.8560276735302,342.837647058824,29.7866024857869,0,14.0828161028046,79.5399964408091,12.2726666666667,12.4605,2.53566666666667
"633",2026-02-01 10:32:00,1.066,1.722,1.066,3.497546,5.649882,19.2700718047084,27.117612358662,341.714509803922,29.7877836852168,0,14.0828161028046,79.479996443494,12.2713333333333,12.461,2.51533333333333
"634",2026-02-01 10:33:00,1.059,1.7105,1.059,3.474579,5.6121505,19.0956820146205,27.3791970437938,340.59137254902,29.7889648846467,0,14.0828161028046,79.4199964461788,12.27,12.4615,2.495
"635",2026-02-01 10:34:00,1.052,1.699,1.052,3.451612,5.574419,18.9212922245326,27.6407817289256,339.468235294118,29.7901460840767,0,14.0828161028046,79.3599964488636,12.2686666666667,12.462,2.47466666666667
"636",2026-02-01 10:35:00,1.045,1.6875,1.045,3.428645,5.5366875,18.7469024344448,27.9023664140573,338.345098039216,29.7913272835066,0,14.0828161028046,79.2999964515485,12.2673333333333,12.4625,2.45433333333333
"637",2026-02-01 10:36:00,1.038,1.676,1.038,3.405678,5.498956,19.0956820146205,27.8151715190134,339.749019607843,29.7895554843617,0,14.0579264921659,79.0399964631827,12.266,12.463,2.434
"638",2026-02-01 10:37:00,1.031,1.6645,1.031,3.382711,5.4612245,19.4444615947962,27.7279766239695,341.152941176471,29.7877836852168,0,14.0330368815272,78.779996474817,12.2526666666667,12.4591666666667,2.4155
"639",2026-02-01 10:38:00,1.024,1.653,1.024,3.359744,5.423493,19.7932411749719,27.6407817289256,342.556862745098,29.786011886072,0,14.0081472708884,78.5199964864513,12.2393333333333,12.4553333333333,2.397
"640",2026-02-01 10:39:00,1.017,1.6415,1.017,3.336777,5.3857615,20.1420207551476,27.5535868338816,343.960784313725,29.7842400869271,0,13.9832576602497,78.2599964980855,12.226,12.4515,2.3785
"641",2026-02-01 10:40:00,1.01,1.63,1.01,3.31381,5.34803,20.4908003353234,27.4663919388377,345.364705882353,29.7824682877822,0,13.958368049611,77.9999965097198,12.2126666666667,12.4476666666667,2.36
"642",2026-02-01 10:41:00,1.0135,1.636,1.0135,3.3252935,5.367716,20.4036054402794,27.5535868338816,344.522352941176,29.7824682877822,0,13.958368049611,77.8599965159844,12.1993333333333,12.4438333333333,2.3415
"643",2026-02-01 10:42:00,1.017,1.642,1.017,3.336777,5.387402,20.3164105452355,27.6407817289256,343.68,29.7824682877822,0,13.958368049611,77.719996522249,12.186,12.44,2.323
"644",2026-02-01 10:43:00,1.0205,1.648,1.0205,3.3482605,5.407088,20.2292156501916,27.7279766239695,342.837647058824,29.7824682877822,0,13.958368049611,77.5799965285136,12.1768333333333,12.4388333333333,2.305
"645",2026-02-01 10:44:00,1.024,1.654,1.024,3.359744,5.426774,20.1420207551476,27.8151715190134,341.995294117647,29.7824682877822,0,13.958368049611,77.4399965347782,12.1676666666667,12.4376666666667,2.287
"646",2026-02-01 10:45:00,1.0275,1.66,1.0275,3.3712275,5.44646,20.0548258601037,27.9023664140573,341.152941176471,29.7824682877822,0,13.958368049611,77.2999965410428,12.1585,12.4365,2.269
"647",2026-02-01 10:46:00,1.031,1.666,1.031,3.382711,5.466146,19.5316564898401,27.117612358662,341.152941176471,29.7824682877822,0,13.995685595558,77.3199965401479,12.1493333333333,12.4353333333333,2.251
"648",2026-02-01 10:47:00,1.0345,1.672,1.0345,3.3941945,5.485832,19.0084871195766,26.3328583032666,341.152941176471,29.7824682877822,0,14.0330031415051,77.3399965392529,12.1401666666667,12.4341666666667,2.233
"649",2026-02-01 10:48:00,1.038,1.678,1.038,3.405678,5.505518,18.485317749313,25.5481042478713,341.152941176471,29.7824682877822,0,14.0703206874521,77.359996538358,12.131,12.433,2.215
"650",2026-02-01 10:49:00,1.0415,1.684,1.0415,3.4171615,5.525204,17.9621483790494,24.7633501924759,341.152941176471,29.7824682877822,0,14.1076382333992,77.3799965374631,12.1201666666667,12.4243333333333,2.1915
"651",2026-02-01 10:50:00,1.045,1.69,1.045,3.428645,5.54489,17.4389790087858,23.9785961370805,341.152941176471,29.7824682877822,0,14.1449557793462,77.3999965365681,12.1093333333333,12.4156666666667,2.168
"652",2026-02-01 10:51:00,1.0485,1.696,1.0485,3.4401285,5.564576,17.5261739038298,24.0657910321245,340.310588235294,29.7824682877822,0,14.2439787229916,77.359996538358,12.0985,12.407,2.1445
"653",2026-02-01 10:52:00,1.052,1.702,1.052,3.451612,5.584262,17.6133687988737,24.1529859271684,339.468235294118,29.7824682877822,0,14.343001666637,77.3199965401479,12.0876666666667,12.3983333333333,2.121
"654",2026-02-01 10:53:00,1.0555,1.708,1.0555,3.4630955,5.603948,17.7005636939176,24.2401808222123,338.625882352941,29.7824682877822,0,14.4420246102823,77.2799965419378,12.0768333333333,12.3896666666667,2.0975
"655",2026-02-01 10:54:00,1.059,1.714,1.059,3.474579,5.623634,17.7877585889616,24.3273757172562,337.783529411765,29.7824682877822,0,14.5410475539277,77.2399965437277,12.066,12.381,2.074
"656",2026-02-01 10:55:00,1.0625,1.72,1.0625,3.4860625,5.64332,17.8749534840055,24.4145706123002,336.941176470588,29.7824682877822,0,14.6400704975731,77.1999965455175,12.0646666666667,12.37,2.05033333333333
"657",2026-02-01 10:56:00,1.066,1.726,1.066,3.497546,5.663006,17.8749534840055,24.4145706123002,337.221960784314,29.7812870883523,0,14.5906475988756,76.8999965589417,12.0633333333333,12.359,2.02666666666667
"658",2026-02-01 10:57:00,1.0695,1.732,1.0695,3.5090295,5.682692,17.8749534840055,24.4145706123002,337.502745098039,29.7801058889224,0,14.5412247001781,76.5999965723659,12.062,12.348,2.003
"659",2026-02-01 10:58:00,1.073,1.738,1.073,3.520513,5.702378,17.8749534840055,24.4145706123002,337.783529411765,29.7789246894924,0,14.4918018014806,76.29999658579,12.0606666666667,12.337,1.97933333333333
"660",2026-02-01 10:59:00,1.0765,1.744,1.0765,3.5319965,5.722064,17.8749534840055,24.4145706123002,338.06431372549,29.7777434900625,0,14.442378902783,75.9999965992142,12.0593333333333,12.326,1.95566666666667
"661",2026-02-01 11:00:00,1.08,1.75,1.08,3.54348,5.74175,17.8749534840055,24.4145706123002,338.345098039216,29.7765622906326,0,14.3929560040855,75.6999966126383,12.058,12.315,1.932
"662",2026-02-01 11:01:00,1.0845,1.757,1.0845,3.5582445,5.764717,17.8749534840055,25.0249348776077,338.906666666667,29.7759716909177,0,14.5896052001605,76.1399965929496,12.033,12.3063333333333,1.9135
"663",2026-02-01 11:02:00,1.089,1.764,1.089,3.573009,5.787684,17.8749534840055,25.6352991429152,339.468235294118,29.7753810912027,0,14.7862543962355,76.5799965732608,12.008,12.2976666666667,1.895
"664",2026-02-01 11:03:00,1.0935,1.771,1.0935,3.5877735,5.810651,17.8749534840055,26.2456634082227,340.029803921569,29.7747904914877,0,14.9829035923105,77.019996553572,11.983,12.289,1.8765
"665",2026-02-01 11:04:00,1.098,1.778,1.098,3.602538,5.833618,17.8749534840055,26.8560276735302,340.59137254902,29.7741998917728,0,15.1795527883855,77.4599965338833,11.958,12.2803333333333,1.858
"666",2026-02-01 11:05:00,1.1025,1.785,1.1025,3.6173025,5.856585,17.8749534840055,27.4663919388377,341.152941176471,29.7736092920578,0,15.3762019844605,77.8999965141945,11.933,12.2716666666667,1.8395
"667",2026-02-01 11:06:00,1.107,1.792,1.107,3.632067,5.879552,18.1365381691373,27.2920021487498,341.995294117647,29.7724280926279,0,15.2536213528035,77.4799965329883,11.908,12.263,1.821
"668",2026-02-01 11:07:00,1.1115,1.799,1.1115,3.6468315,5.902519,18.3981228542691,27.117612358662,342.837647058824,29.771246893198,0,15.1310407211466,77.0599965517822,11.89175,12.2508333333333,1.80016666666667
"669",2026-02-01 11:08:00,1.116,1.806,1.116,3.661596,5.925486,18.6597075394009,26.9432225685741,343.68,29.7700656937681,0,15.0084600894897,76.639996570576,11.8755,12.2386666666667,1.77933333333333
"670",2026-02-01 11:09:00,1.1205,1.813,1.1205,3.6763605,5.948453,18.9212922245326,26.7688327784863,344.522352941176,29.7688844943381,0,14.8858794578328,76.2199965893698,11.85925,12.2265,1.7585
"671",2026-02-01 11:10:00,1.125,1.82,1.125,3.691125,5.97142,19.1828769096644,26.5944429883984,345.364705882353,29.7677032949082,0,14.7632988261758,75.7999966081636,11.843,12.2143333333333,1.73766666666667
"672",2026-02-01 11:11:00,1.1295,1.827,1.1295,3.7058895,5.994387,18.8340973294887,25.896883828047,343.118431372549,29.7677032949082,0,14.7386531604553,75.4999966215878,11.82675,12.2021666666667,1.71683333333333
"673",2026-02-01 11:12:00,1.134,1.834,1.134,3.720654,6.017354,18.485317749313,25.1993246676955,340.872156862745,29.7677032949082,0,14.7140074947347,75.1999966350119,11.8105,12.19,1.696
"674",2026-02-01 11:13:00,1.1385,1.841,1.1385,3.7354185,6.040321,18.1365381691373,24.5017655073441,338.625882352941,29.7677032949082,0,14.6893618290142,74.8999966484361,11.79425,12.1676666666667,1.67633333333333
"675",2026-02-01 11:14:00,1.143,1.848,1.143,3.750183,6.063288,17.7877585889616,23.8042063469927,336.379607843137,29.7677032949082,0,14.6647161632936,74.5999966618602,11.778,12.1453333333333,1.65666666666667
"676",2026-02-01 11:15:00,1.1475,1.855,1.1475,3.7649475,6.086255,17.4389790087858,23.1066471866412,334.133333333333,29.7677032949082,0,14.6400704975731,74.2999966752844,11.76175,12.123,1.637
"677",2026-02-01 11:16:00,1.152,1.862,1.152,3.779712,6.109222,17.5261739038298,23.7170114519487,336.098823529412,29.7665220954783,0,14.7138772022866,74.3599966725996,11.7455,12.1006666666667,1.61733333333333
"678",2026-02-01 11:17:00,1.1565,1.869,1.1565,3.7944765,6.132189,17.6133687988737,24.3273757172562,338.06431372549,29.7653408960484,0,14.7876839070001,74.4199966699147,11.72925,12.0783333333333,1.59766666666667
"679",2026-02-01 11:18:00,1.161,1.876,1.161,3.809241,6.155156,17.7005636939176,24.9377399825638,340.029803921569,29.7641596966185,0,14.8614906117136,74.4799966672299,11.713,12.056,1.578
"680",2026-02-01 11:19:00,1.1655,1.883,1.1655,3.8240055,6.178123,17.7877585889616,25.5481042478713,341.995294117647,29.7629784971886,0,14.9352973164271,74.5399966645451,11.6916666666667,12.0341666666667,1.55883333333333
"681",2026-02-01 11:20:00,1.17,1.89,1.17,3.83877,6.20109,17.8749534840055,26.1584685131788,343.960784313726,29.7617972977586,0,15.0091040211406,74.5999966618602,11.6703333333333,12.0123333333333,1.53966666666667
"682",2026-02-01 11:21:00,1.171,1.8905,1.171,3.842051,6.2027305,18.2237330641812,26.3328583032666,344.803137254902,29.7612066980437,0,15.094723047535,74.6599966591754,11.649,11.9905,1.5205
"683",2026-02-01 11:22:00,1.172,1.891,1.172,3.845332,6.204371,18.5725126443569,26.5072480933545,345.645490196078,29.7606160983287,0,15.1803420739293,74.7199966564906,11.6276666666667,11.9686666666667,1.50133333333333
"684",2026-02-01 11:23:00,1.173,1.8915,1.173,3.848613,6.2060115,18.9212922245326,26.6816378834423,346.487843137255,29.7600254986138,0,15.2659611003236,74.7799966538057,11.6063333333333,11.9468333333333,1.48216666666667
"685",2026-02-01 11:24:00,1.174,1.892,1.174,3.851894,6.207652,19.2700718047084,26.8560276735302,347.330196078431,29.7594348988988,0,15.351580126718,74.8399966511209,11.585,11.925,1.463
"686",2026-02-01 11:25:00,1.175,1.8925,1.175,3.855175,6.2092925,19.6188513848841,27.0304174636181,348.172549019608,29.7588442991838,0,15.4371991531123,74.8999966484361,11.5558333333333,11.8948333333333,1.44716666666667
"687",2026-02-01 11:26:00,1.176,1.893,1.176,3.858456,6.210933,19.2700718047084,26.8560276735302,347.330196078431,29.7600254986138,0,15.4005691191469,74.6599966591754,11.5266666666667,11.8646666666667,1.43133333333333
"688",2026-02-01 11:27:00,1.177,1.8935,1.177,3.861737,6.2125735,18.9212922245326,26.6816378834423,346.487843137255,29.7612066980437,0,15.3639390851814,74.4199966699147,11.4975,11.8345,1.4155
"689",2026-02-01 11:28:00,1.178,1.894,1.178,3.865018,6.214214,18.5725126443569,26.5072480933545,345.645490196078,29.7623878974736,0,15.327309051216,74.179996680654,11.4683333333333,11.8043333333333,1.39966666666667
"690",2026-02-01 11:29:00,1.179,1.8945,1.179,3.868299,6.2158545,18.2237330641812,26.3328583032666,344.803137254902,29.7635690969035,0,15.2906790172506,73.9399966913934,11.4391666666667,11.7741666666667,1.38383333333333
"691",2026-02-01 11:30:00,1.18,1.895,1.18,3.87158,6.217495,17.8749534840055,26.1584685131788,343.960784313726,29.7647502963334,0,15.2540489832852,73.6999967021327,11.41,11.744,1.368
"692",2026-02-01 11:31:00,1.181,1.8955,1.181,3.874861,6.2191355,17.6133687988737,26.2456634082227,343.68,29.7635690969035,0,15.3636554030911,73.7199967012377,11.3913333333333,11.7226666666667,1.35483333333333
"693",2026-02-01 11:32:00,1.182,1.896,1.182,3.878142,6.220776,17.3517841137419,26.3328583032666,343.399215686275,29.7623878974736,0,15.4732618228969,73.7399967003428,11.3726666666667,11.7013333333333,1.34166666666667
"694",2026-02-01 11:33:00,1.183,1.8965,1.183,3.881423,6.2224165,17.0901994286101,26.4200531983106,343.118431372549,29.7612066980437,0,15.5828682427028,73.7599966994479,11.354,11.68,1.3285
"695",2026-02-01 11:34:00,1.184,1.897,1.184,3.884704,6.224057,16.8286147434783,26.5072480933545,342.837647058824,29.7600254986138,0,15.6924746625087,73.7799966985529,11.3353333333333,11.6586666666667,1.31533333333333
"696",2026-02-01 11:35:00,1.185,1.8975,1.185,3.887985,6.2256975,16.5670300583465,26.5944429883984,342.556862745098,29.7588442991838,0,15.8020810823146,73.799996697658,11.3166666666667,11.6373333333333,1.30216666666667
"697",2026-02-01 11:36:00,1.186,1.898,1.186,3.891266,6.227338,16.3054453732148,25.896883828047,343.68,29.7594348988988,0,15.8626096539416,73.7199967012377,11.298,11.616,1.289
"698",2026-02-01 11:37:00,1.187,1.8985,1.187,3.894547,6.2289785,16.043860688083,25.1993246676955,344.803137254902,29.7600254986138,0,15.9231382255686,73.6399967048175,11.2676666666667,11.5886666666667,1.27316666666667
"699",2026-02-01 11:38:00,1.188,1.899,1.188,3.897828,6.230619,15.7822760029512,24.5017655073441,345.926274509804,29.7606160983287,0,15.9836667971957,73.5599967083973,11.2373333333333,11.5613333333333,1.25733333333333
"700",2026-02-01 11:39:00,1.189,1.8995,1.189,3.901109,6.2322595,15.5206913178194,23.8042063469927,347.049411764706,29.7612066980437,0,16.0441953688227,73.4799967119771,11.207,11.534,1.2415
"701",2026-02-01 11:40:00,1.19,1.9,1.19,3.90439,6.2339,15.2591066326876,23.1066471866412,348.172549019608,29.7617972977586,0,16.1047239404497,73.3999967155568,11.1766666666667,11.5066666666667,1.22566666666667
"702",2026-02-01 11:41:00,1.192,1.904,1.192,3.910952,6.247024,15.6078862128633,23.7170114519487,348.734117647059,29.7606160983287,0,16.0563216777274,72.9999967334557,11.1463333333333,11.4793333333333,1.20983333333333
"703",2026-02-01 11:42:00,1.194,1.908,1.194,3.917514,6.260148,15.956665793039,24.3273757172562,349.29568627451,29.7594348988988,0,16.0079194150052,72.5999967513546,11.116,11.452,1.194
"704",2026-02-01 11:43:00,1.196,1.912,1.196,3.924076,6.273272,16.3054453732148,24.9377399825638,349.857254901961,29.7582536994689,0,15.9595171522829,72.1999967692535,11.0845,11.4285,1.17866666666667
"705",2026-02-01 11:44:00,1.198,1.916,1.198,3.930638,6.286396,16.6542249533905,25.5481042478713,350.418823529412,29.757072500039,0,15.9111148895606,71.7999967871523,11.053,11.405,1.16333333333333
"706",2026-02-01 11:45:00,1.2,1.92,1.2,3.9372,6.29952,17.0030045335662,26.1584685131788,350.980392156863,29.755891300609,0,15.8627126268383,71.3999968050512,11.0215,11.3815,1.148
"707",2026-02-01 11:46:00,1.202,1.924,1.202,3.943762,6.312644,16.3926402682587,25.2865195627395,350.699607843137,29.7547101011791,0,15.9834125831041,71.3999968050512,10.99,11.358,1.13266666666667
"708",2026-02-01 11:47:00,1.204,1.928,1.204,3.950324,6.325768,15.7822760029512,24.4145706123002,350.418823529412,29.7535289017492,0,16.1041125393699,71.3999968050512,10.9585,11.3345,1.11733333333333
"709",2026-02-01 11:48:00,1.206,1.932,1.206,3.956886,6.338892,15.1719117376437,23.5426216618609,350.138039215686,29.7523477023193,0,16.2248124956356,71.3999968050512,10.927,11.311,1.102
"710",2026-02-01 11:49:00,1.208,1.936,1.208,3.963448,6.352016,14.5615474723362,22.6706727114216,349.857254901961,29.7511665028894,0,16.3455124519014,71.3999968050512,10.8965,11.2793333333333,1.08666666666667
"711",2026-02-01 11:50:00,1.21,1.94,1.21,3.97001,6.36514,13.9511832070287,21.7987237609823,349.576470588235,29.7499853034595,0,16.4662124081672,71.3999968050512,10.866,11.2476666666667,1.07133333333333
"712",2026-02-01 11:51:00,1.212,1.944,1.212,3.976572,6.378264,13.9511832070287,21.8859186560262,349.576470588235,29.7476229045996,0,16.490231043984,71.0999968184754,10.8355,11.216,1.056
"713",2026-02-01 11:52:00,1.214,1.948,1.214,3.983134,6.391388,13.9511832070287,21.9731135510702,349.576470588235,29.7452605057398,0,16.5142496798009,70.7999968318995,10.805,11.1843333333333,1.04066666666667
"714",2026-02-01 11:53:00,1.216,1.952,1.216,3.989696,6.404512,13.9511832070287,22.0603084461141,349.576470588235,29.7428981068799,0,16.5382683156178,70.4999968453237,10.7745,11.1526666666667,1.02533333333333
"715",2026-02-01 11:54:00,1.218,1.956,1.218,3.996258,6.417636,13.9511832070287,22.147503341158,349.576470588235,29.7405357080201,0,16.5622869514346,70.1999968587478,10.744,11.121,1.01
"716",2026-02-01 11:55:00,1.22,1.96,1.22,4.00282,6.43076,13.9511832070287,22.234698236202,349.576470588235,29.7381733091603,0,16.5863055872515,69.899996872172,10.7128333333333,11.0898333333333,0.9975
"717",2026-02-01 11:56:00,1.222,1.964,1.222,4.009382,6.443884,14.5615474723362,22.5834778163777,348.734117647059,29.7375827094453,0,16.6102843056714,69.8399968748568,10.6816666666667,11.0586666666667,0.985
"718",2026-02-01 11:57:00,1.224,1.968,1.224,4.015944,6.457008,15.1719117376437,22.9322573965534,347.891764705882,29.7369921097303,0,16.6342630240913,69.7799968775416,10.6505,11.0275,0.9725
"719",2026-02-01 11:58:00,1.226,1.972,1.226,4.022506,6.470132,15.7822760029512,23.2810369767291,347.049411764706,29.7364015100154,0,16.6582417425112,69.7199968802265,10.6193333333333,10.9963333333333,0.96
"720",2026-02-01 11:59:00,1.228,1.976,1.228,4.029068,6.483256,16.3926402682587,23.6298165569048,346.207058823529,29.7358109103004,0,16.6822204609311,69.6599968829113,10.5881666666667,10.9651666666667,0.9475
"721",2026-02-01 12:00:00,1.23,1.98,1.23,4.03563,6.49638,17.0030045335662,23.9785961370805,345.364705882353,29.7352203105855,0,16.706199179351,69.5999968855961,10.557,10.934,0.935
"722",2026-02-01 12:01:00,1.2305,1.98,1.2305,4.0372705,6.49638,16.1310555831269,23.6298165569048,346.207058823529,29.7352203105855,0,16.8492457430976,69.5999968855961,10.527,10.905,0.9225
"723",2026-02-01 12:02:00,1.231,1.98,1.231,4.038911,6.49638,15.2591066326876,23.2810369767291,347.049411764706,29.7352203105855,0,16.9922923068441,69.5999968855961,10.497,10.876,0.91
"724",2026-02-01 12:03:00,1.2315,1.98,1.2315,4.0405515,6.49638,14.3871576822483,22.9322573965534,347.891764705882,29.7352203105855,0,17.1353388705907,69.5999968855961,10.467,10.847,0.8975
"725",2026-02-01 12:04:00,1.232,1.98,1.232,4.042192,6.49638,13.515208731809,22.5834778163777,348.734117647059,29.7352203105855,0,17.2783854343372,69.5999968855961,10.437,10.818,0.885
"726",2026-02-01 12:05:00,1.2325,1.98,1.2325,4.0438325,6.49638,12.6432597813697,22.234698236202,349.576470588235,29.7352203105855,0,17.4214319980838,69.5999968855961,10.407,10.789,0.8725
"727",2026-02-01 12:06:00,1.233,1.98,1.233,4.045473,6.49638,12.7304546764137,22.0603084461141,349.857254901961,29.7352203105855,0,17.539580141053,69.6199968847012,10.377,10.76,0.86
"728",2026-02-01 12:07:00,1.2335,1.98,1.2335,4.0471135,6.49638,12.8176495714576,21.8859186560262,350.138039215686,29.7352203105855,0,17.6577282840222,69.6399968838062,10.3431666666667,10.7195,0.849
"729",2026-02-01 12:08:00,1.234,1.98,1.234,4.048754,6.49638,12.9048444665015,21.7115288659384,350.418823529412,29.7352203105855,0,17.7758764269913,69.6599968829113,10.3093333333333,10.679,0.838
"730",2026-02-01 12:09:00,1.2345,1.98,1.2345,4.0503945,6.49638,12.9920393615455,21.5371390758505,350.699607843137,29.7352203105855,0,17.8940245699605,69.6799968820164,10.2755,10.6385,0.827
"731",2026-02-01 12:10:00,1.235,1.98,1.235,4.052035,6.49638,13.0792342565894,21.3627492857627,350.980392156863,29.7352203105855,0,18.0121727129297,69.6999968811214,10.2416666666667,10.598,0.816
"732",2026-02-01 12:11:00,1.2355,1.98,1.2355,4.0536755,6.49638,12.9048444665015,20.6651901254112,350.699607843137,29.7352203105855,0,17.9058821138443,69.3799968954405,10.2078333333333,10.5575,0.805
"733",2026-02-01 12:12:00,1.236,1.98,1.236,4.055316,6.49638,12.7304546764137,19.9676309650598,350.418823529412,29.7352203105855,0,17.7995915147589,69.0599969097596,10.174,10.517,0.794
"734",2026-02-01 12:13:00,1.2365,1.98,1.2365,4.0569565,6.49638,12.5560648863258,19.2700718047084,350.138039215686,29.7352203105855,0,17.6933009156735,68.7399969240787,10.1343333333333,10.4803333333333,0.784666666666667
"735",2026-02-01 12:14:00,1.237,1.98,1.237,4.058597,6.49638,12.3816750962379,18.5725126443569,349.857254901961,29.7352203105855,0,17.587010316588,68.4199969383978,10.0946666666667,10.4436666666667,0.775333333333333
"736",2026-02-01 12:15:00,1.2375,1.98,1.2375,4.0602375,6.49638,12.2072853061501,17.8749534840055,349.576470588235,29.7352203105855,0,17.4807197175026,68.0999969527169,10.055,10.407,0.766
"737",2026-02-01 12:16:00,1.238,1.98,1.238,4.061878,6.49638,12.2072853061501,18.2237330641812,349.576470588235,29.7328579117256,0,17.622271649305,68.1999969482422,10.0153333333333,10.3703333333333,0.756666666666667
"738",2026-02-01 12:17:00,1.2385,1.98,1.2385,4.0635185,6.49638,12.2072853061501,18.5725126443569,349.576470588235,29.7304955128658,0,17.7638235811074,68.2999969437675,9.97566666666667,10.3336666666667,0.747333333333333
"739",2026-02-01 12:18:00,1.239,1.98,1.239,4.065159,6.49638,12.2072853061501,18.9212922245326,349.576470588235,29.728133114006,0,17.9053755129098,68.3999969392927,9.936,10.297,0.738
"740",2026-02-01 12:19:00,1.2395,1.98,1.2395,4.0667995,6.49638,12.2072853061501,19.2700718047084,349.576470588235,29.7257707151461,0,18.0469274447122,68.499996934818,9.90083333333333,10.2615,0.728166666666667
"741",2026-02-01 12:20:00,1.24,1.98,1.24,4.06844,6.49638,12.2072853061501,19.6188513848841,349.576470588235,29.7234083162863,0,18.1884793765146,68.5999969303433,9.86566666666667,10.226,0.718333333333333
"742",2026-02-01 12:21:00,1.24,1.981,1.24,4.06844,6.499661,12.294480201194,19.7932411749719,350.699607843137,29.7239989160012,0,18.2587529295199,68.7799969222888,9.8305,10.1905,0.7085
"743",2026-02-01 12:22:00,1.24,1.982,1.24,4.06844,6.502942,12.3816750962379,19.9676309650598,351.822745098039,29.7245895157162,0,18.3290264825253,68.9599969142343,9.79533333333333,10.155,0.698666666666667
"744",2026-02-01 12:23:00,1.24,1.983,1.24,4.06844,6.506223,12.4688699912819,20.1420207551476,352.945882352941,29.7251801154312,0,18.3993000355306,69.1399969061798,9.76016666666667,10.1195,0.688833333333333
"745",2026-02-01 12:24:00,1.24,1.984,1.24,4.06844,6.509504,12.5560648863258,20.3164105452355,354.069019607843,29.7257707151461,0,18.4695735885359,69.3199968981253,9.725,10.084,0.679
"746",2026-02-01 12:25:00,1.24,1.985,1.24,4.06844,6.512785,12.6432597813697,20.4908003353234,355.192156862745,29.7263613148611,0,18.5398471415413,69.4999968900708,9.68575,10.049,0.671833333333333
"747",2026-02-01 12:26:00,1.24,1.986,1.24,4.06844,6.516066,12.8176495714576,20.3164105452355,353.788235294118,29.7239989160012,0,18.5631985929191,69.3199968981253,9.6465,10.014,0.664666666666667
"748",2026-02-01 12:27:00,1.24,1.987,1.24,4.06844,6.519347,12.9920393615455,20.1420207551476,352.38431372549,29.7216365171414,0,18.586550044297,69.1399969061798,9.60725,9.979,0.6575
"749",2026-02-01 12:28:00,1.24,1.988,1.24,4.06844,6.522628,13.1664291516333,19.9676309650598,350.980392156863,29.7192741182816,0,18.6099014956749,68.9599969142343,9.568,9.944,0.650333333333333
"750",2026-02-01 12:29:00,1.24,1.989,1.24,4.06844,6.525909,13.3408189417212,19.7932411749719,349.576470588235,29.7169117194217,0,18.6332529470528,68.7799969222888,9.52875,9.909,0.643166666666667
"751",2026-02-01 12:30:00,1.24,1.99,1.24,4.06844,6.52919,13.515208731809,19.6188513848841,348.172549019608,29.7145493205619,0,18.6566043984307,68.5999969303433,9.4895,9.874,0.636
"752",2026-02-01 12:31:00,1.24,1.991,1.24,4.06844,6.532471,13.2536240466772,20.4908003353234,348.734117647059,29.713368121132,0,18.6215635844582,68.2399969464523,9.45025,9.833,0.6295
"753",2026-02-01 12:32:00,1.24,1.992,1.24,4.06844,6.535752,12.9920393615455,21.3627492857627,349.29568627451,29.7121869217021,0,18.5865227704858,67.8799969625613,9.411,9.792,0.623
"754",2026-02-01 12:33:00,1.24,1.993,1.24,4.06844,6.539033,12.7304546764137,22.234698236202,349.857254901961,29.7110057222722,0,18.5514819565134,67.5199969786703,9.37175,9.751,0.6165
"755",2026-02-01 12:34:00,1.24,1.994,1.24,4.06844,6.542314,12.4688699912819,23.1066471866412,350.418823529412,29.7098245228422,0,18.516441142541,67.1599969947792,9.3325,9.71,0.61
"756",2026-02-01 12:35:00,1.24,1.995,1.24,4.06844,6.545595,12.2072853061501,23.9785961370805,350.980392156863,29.7086433234123,0,18.4814003285686,66.7999970108882,9.29325,9.669,0.6035
"757",2026-02-01 12:36:00,1.24,1.996,1.24,4.06844,6.548876,12.4688699912819,23.455426766817,350.980392156863,29.7080527236974,0,18.6210775725471,67.0199970010438,9.254,9.628,0.597
"758",2026-02-01 12:37:00,1.24,1.997,1.24,4.06844,6.552157,12.7304546764137,22.9322573965534,350.980392156863,29.7074621239824,0,18.7607548165255,67.2399969911995,9.21733333333333,9.59733333333333,0.591
"759",2026-02-01 12:38:00,1.24,1.998,1.24,4.06844,6.555438,12.9920393615455,22.4090880262898,350.980392156863,29.7068715242674,0,18.900432060504,67.4599969813551,9.18066666666667,9.56666666666667,0.585
"760",2026-02-01 12:39:00,1.24,1.999,1.24,4.06844,6.558719,13.2536240466772,21.8859186560262,350.980392156863,29.7062809245525,0,19.0401093044825,67.6799969715107,9.144,9.536,0.579
"761",2026-02-01 12:40:00,1.24,2,1.24,4.06844,6.562,13.515208731809,21.3627492857627,350.980392156863,29.7056903248375,0,19.179786548461,67.8999969616663,9.10733333333333,9.50533333333333,0.573
"762",2026-02-01 12:41:00,1.2355,1.992,1.2355,4.0536755,6.535752,13.602403626853,21.1883594956748,350.980392156863,29.7050997251226,0,19.0751501184549,67.6199969741955,9.07066666666667,9.47466666666667,0.567
"763",2026-02-01 12:42:00,1.231,1.984,1.231,4.038911,6.509504,13.6895985218969,21.0139697055869,350.980392156863,29.7045091254076,0,18.9705136884488,67.3399969867248,9.034,9.444,0.561
"764",2026-02-01 12:43:00,1.2265,1.976,1.2265,4.0241465,6.483256,13.7767934169408,20.8395799154991,350.980392156863,29.7039185256926,0,18.8658772584428,67.059996999254,8.98316666666667,9.40633333333333,0.562166666666667
"765",2026-02-01 12:44:00,1.222,1.968,1.222,4.009382,6.457008,13.8639883119847,20.6651901254112,350.980392156863,29.7033279259777,0,18.7612408284367,66.7799970117832,8.93233333333333,9.36866666666667,0.563333333333333
"766",2026-02-01 12:45:00,1.2175,1.96,1.2175,3.9946175,6.43076,13.9511832070287,20.4908003353234,350.980392156863,29.7027373262627,0,18.6566043984307,66.4999970243124,8.8815,9.331,0.5645
"767",2026-02-01 12:46:00,1.213,1.952,1.213,3.979853,6.404512,14.1255729971165,21.2755543907187,351.261176470588,29.7021467265478,0,18.6449332100262,66.4599970261023,8.83066666666667,9.29333333333333,0.565666666666667
"768",2026-02-01 12:47:00,1.2085,1.944,1.2085,3.9650885,6.378264,14.2999627872044,22.0603084461141,351.541960784314,29.7015561268328,0,18.6332620216217,66.4199970278922,8.77983333333333,9.25566666666667,0.566833333333333
"769",2026-02-01 12:48:00,1.204,1.936,1.204,3.950324,6.352016,14.4743525772922,22.8450625015095,351.822745098039,29.7009655271178,0,18.6215908332172,66.3799970296821,8.729,9.218,0.568
"770",2026-02-01 12:49:00,1.1995,1.928,1.1995,3.9355595,6.325768,14.6487423673801,23.6298165569048,352.103529411765,29.7003749274029,0,18.6099196448127,66.3399970314719,8.691,9.1775,0.568
"771",2026-02-01 12:50:00,1.195,1.92,1.195,3.920795,6.29952,14.823132157468,24.4145706123002,352.38431372549,29.6997843276879,0,18.5982484564082,66.2999970332618,8.653,9.137,0.568
"772",2026-02-01 12:51:00,1.1905,1.912,1.1905,3.9060305,6.273272,14.1255729971165,23.1938420816852,352.665098039216,29.698603128258,0,18.7029654447086,66.3999970287871,8.615,9.0965,0.568
"773",2026-02-01 12:52:00,1.186,1.904,1.186,3.891266,6.247024,13.4280138367651,21.9731135510702,352.945882352941,29.6974219288281,0,18.8076824330091,66.4999970243124,8.577,9.056,0.568
"774",2026-02-01 12:53:00,1.1815,1.896,1.1815,3.8765015,6.220776,12.7304546764137,20.7523850204552,353.226666666667,29.6962407293982,0,18.9123994213096,66.5999970198377,8.539,9.0155,0.568
"775",2026-02-01 12:54:00,1.177,1.888,1.177,3.861737,6.194528,12.0328955160622,19.5316564898401,353.507450980392,29.6950595299683,0,19.0171164096101,66.699997015363,8.501,8.975,0.568
"776",2026-02-01 12:55:00,1.1725,1.88,1.1725,3.8469725,6.16828,11.3353363557108,18.3109279592251,353.788235294118,29.6938783305383,0,19.1218333979106,66.7999970108882,8.45933333333333,8.93016666666667,0.564666666666667
"777",2026-02-01 12:56:00,1.168,1.872,1.168,3.832208,6.142032,11.8585057259744,19.0084871195766,353.507450980392,29.6932877308234,0,19.1912452262798,67.0399970001489,8.41766666666667,8.88533333333333,0.561333333333333
"778",2026-02-01 12:57:00,1.1635,1.864,1.1635,3.8174435,6.115784,12.3816750962379,19.706046279928,353.226666666667,29.6926971311084,0,19.2606570546491,67.2799969894096,8.376,8.8405,0.558
"779",2026-02-01 12:58:00,1.159,1.856,1.159,3.802679,6.089536,12.9048444665015,20.4036054402794,352.945882352941,29.6921065313935,0,19.3300688830184,67.5199969786703,8.33433333333333,8.79566666666667,0.554666666666667
"780",2026-02-01 12:59:00,1.1545,1.848,1.1545,3.7879145,6.063288,13.4280138367651,21.1011646006309,352.665098039216,29.6915159316785,0,19.3994807113876,67.759996967931,8.29266666666667,8.75083333333333,0.551333333333333
"781",2026-02-01 13:00:00,1.15,1.84,1.15,3.77315,6.03704,13.9511832070287,21.7987237609823,352.38431372549,29.6909253319635,0,19.4688925397569,67.9999969571916,8.251,8.706,0.548
"782",2026-02-01 13:01:00,1.1465,1.8345,1.1465,3.7616665,6.0189945,13.8639883119847,21.1883594956748,349.29568627451,29.6897441325336,0,19.434226139219,67.7399969688259,8.1975,8.65733333333333,0.545333333333333
"783",2026-02-01 13:02:00,1.143,1.829,1.143,3.750183,6.000949,13.7767934169408,20.5779952303673,346.207058823529,29.6885629331037,0,19.3995597386811,67.4799969804602,8.144,8.60866666666667,0.542666666666667
"784",2026-02-01 13:03:00,1.1395,1.8235,1.1395,3.7386995,5.9829035,13.6895985218969,19.9676309650598,343.118431372549,29.6873817336738,0,19.3648933381432,67.2199969920944,8.0905,8.56,0.54
"785",2026-02-01 13:04:00,1.136,1.818,1.136,3.727216,5.964858,13.602403626853,19.3572666997523,340.029803921569,29.6862005342439,0,19.3302269376053,66.9599970037287,8.037,8.51133333333333,0.537333333333333
"786",2026-02-01 13:05:00,1.1325,1.8125,1.1325,3.7157325,5.9468125,13.515208731809,18.7469024344448,336.941176470588,29.685019334814,0,19.2955605370674,66.699997015363,7.9835,8.46266666666667,0.534666666666667
"787",2026-02-01 13:06:00,1.129,1.807,1.129,3.704249,5.928767,13.4280138367651,18.9212922245326,337.502745098039,29.685019334814,0,19.3186802116868,66.5399970225225,7.93,8.414,0.532
"788",2026-02-01 13:07:00,1.1255,1.8015,1.1255,3.6927655,5.9107215,13.3408189417212,19.0956820146205,338.06431372549,29.685019334814,0,19.3417998863062,66.3799970296821,7.88783333333333,8.367,0.532
"789",2026-02-01 13:08:00,1.122,1.796,1.122,3.681282,5.892676,13.2536240466772,19.2700718047084,338.625882352941,29.685019334814,0,19.3649195609256,66.2199970368416,7.84566666666667,8.32,0.532
"790",2026-02-01 13:09:00,1.1185,1.7905,1.1185,3.6697985,5.8746305,13.1664291516333,19.4444615947962,339.187450980392,29.685019334814,0,19.388039235545,66.0599970440012,7.8035,8.273,0.532
"791",2026-02-01 13:10:00,1.115,1.785,1.115,3.658315,5.856585,13.0792342565894,19.6188513848841,339.749019607843,29.685019334814,0,19.4111589101644,65.8999970511607,7.76133333333333,8.226,0.532
"792",2026-02-01 13:11:00,1.1115,1.7795,1.1115,3.6468315,5.8385395,12.8176495714576,19.4444615947962,341.714509803922,29.685019334814,0,19.4342436527856,65.8599970529506,7.71916666666667,8.179,0.532
"793",2026-02-01 13:12:00,1.108,1.774,1.108,3.635348,5.820494,12.5560648863258,19.2700718047084,343.68,29.685019334814,0,19.4573283954067,65.8199970547405,7.677,8.132,0.532
"794",2026-02-01 13:13:00,1.1045,1.7685,1.1045,3.6238645,5.8024485,12.294480201194,19.0956820146205,345.645490196078,29.685019334814,0,19.4804131380278,65.7799970565304,7.63833333333333,8.08233333333333,0.5385
"795",2026-02-01 13:14:00,1.101,1.763,1.101,3.612381,5.784403,12.0328955160622,18.9212922245326,347.610980392157,29.685019334814,0,19.503497880649,65.7399970583203,7.59966666666667,8.03266666666667,0.545
"796",2026-02-01 13:15:00,1.0975,1.7575,1.0975,3.6008975,5.7663575,11.7713108309304,18.7469024344448,349.576470588235,29.685019334814,0,19.5265826232701,65.6999970601101,7.561,7.983,0.5515
"797",2026-02-01 13:16:00,1.094,1.752,1.094,3.589414,5.748312,12.0328955160622,18.7469024344448,349.29568627451,29.685019334814,0,19.6643680430753,66.2999970332618,7.52233333333333,7.93333333333333,0.558
"798",2026-02-01 13:17:00,1.0905,1.7465,1.0905,3.5779305,5.7302665,12.294480201194,18.7469024344448,349.014901960784,29.685019334814,0,19.8021534628804,66.8999970064135,7.48366666666667,7.88366666666667,0.5645
"799",2026-02-01 13:18:00,1.087,1.741,1.087,3.566447,5.712221,12.5560648863258,18.7469024344448,348.734117647059,29.685019334814,0,19.9399388826855,67.4999969795652,7.445,7.834,0.571
"800",2026-02-01 13:19:00,1.0835,1.7355,1.0835,3.5549635,5.6941755,12.8176495714576,18.7469024344448,348.453333333333,29.685019334814,0,20.0777243024906,68.0999969527169,7.4025,7.7765,0.572666666666667
"801",2026-02-01 13:20:00,1.08,1.73,1.08,3.54348,5.67613,13.0792342565894,18.7469024344448,348.172549019608,29.685019334814,0,20.2155097222957,68.6999969258686,7.36,7.719,0.574333333333333
"802",2026-02-01 13:21:00,1.0785,1.728,1.0785,3.5385585,5.669568,13.3408189417212,19.3572666997523,347.891764705882,29.683838135384,0,20.0546395598695,67.8199969652461,7.3175,7.6615,0.576
"803",2026-02-01 13:22:00,1.077,1.726,1.077,3.533637,5.663006,13.602403626853,19.9676309650598,347.610980392157,29.6826569359541,0,19.8937693974432,66.9399970046236,7.275,7.604,0.577666666666667
"804",2026-02-01 13:23:00,1.0755,1.724,1.0755,3.5287155,5.656444,13.8639883119847,20.5779952303673,347.330196078431,29.6814757365242,0,19.7328992350169,66.0599970440012,7.2325,7.5465,0.579333333333333
"805",2026-02-01 13:24:00,1.074,1.722,1.074,3.523794,5.649882,14.1255729971165,21.1883594956748,347.049411764706,29.6802945370943,0,19.5720290725907,65.1799970833787,7.19,7.489,0.581
"806",2026-02-01 13:25:00,1.0725,1.72,1.0725,3.5188725,5.64332,14.3871576822483,21.7987237609823,346.76862745098,29.6791133376644,0,19.4111589101644,64.2999971227562,7.15116666666667,7.44633333333333,0.5815
"807",2026-02-01 13:26:00,1.071,1.718,1.071,3.513951,5.636758,14.735937262424,22.2346982362019,347.330196078431,29.6797039373793,0,19.4342436527856,64.2599971245461,7.11233333333333,7.40366666666667,0.582
"808",2026-02-01 13:27:00,1.0695,1.716,1.0695,3.5090295,5.630196,15.0847168425998,22.6706727114216,347.891764705882,29.6802945370943,0,19.4573283954067,64.219997126336,7.0735,7.361,0.5825
"809",2026-02-01 13:28:00,1.068,1.714,1.068,3.504108,5.623634,15.4334964227755,23.1066471866412,348.453333333333,29.6808851368092,0,19.4804131380278,64.1799971281259,7.03466666666667,7.31833333333333,0.583
"810",2026-02-01 13:29:00,1.0665,1.712,1.0665,3.4991865,5.617072,15.7822760029512,23.5426216618609,349.014901960784,29.6814757365242,0,19.503497880649,64.1399971299157,6.99583333333333,7.27566666666667,0.5835
"811",2026-02-01 13:30:00,1.065,1.71,1.065,3.494265,5.61051,16.1310555831269,23.9785961370805,349.576470588235,29.6820663362392,0,19.5265826232701,64.0999971317056,6.957,7.233,0.584
"812",2026-02-01 13:31:00,1.0635,1.708,1.0635,3.4893435,5.603948,15.3463015277315,23.6298165569048,350.699607843137,29.6820663362392,0,19.6872135026353,64.5199971129118,6.909,7.19483333333333,0.59
"813",2026-02-01 13:32:00,1.062,1.706,1.062,3.484422,5.597386,14.5615474723362,23.2810369767291,351.822745098039,29.6820663362392,0,19.8478443820005,64.939997094118,6.861,7.15666666666667,0.596
"814",2026-02-01 13:33:00,1.0605,1.704,1.0605,3.4795005,5.590824,13.7767934169408,22.9322573965534,352.945882352941,29.6820663362392,0,20.0084752613656,65.3599970753242,6.813,7.1185,0.602
"815",2026-02-01 13:34:00,1.059,1.702,1.059,3.474579,5.584262,12.9920393615455,22.5834778163777,354.069019607843,29.6820663362392,0,20.1691061407308,65.7799970565304,6.765,7.08033333333333,0.608
"816",2026-02-01 13:35:00,1.0575,1.7,1.0575,3.4696575,5.5777,12.2072853061501,22.234698236202,355.192156862745,29.6820663362392,0,20.329737020096,66.1999970377366,6.717,7.04216666666667,0.614
"817",2026-02-01 13:36:00,1.056,1.698,1.056,3.464736,5.571138,12.3816750962379,21.9731135510702,354.349803921569,29.6826569359541,0,20.363942547001,66.1199970413163,6.669,7.004,0.62
"818",2026-02-01 13:37:00,1.0545,1.696,1.0545,3.4598145,5.564576,12.5560648863258,21.7115288659384,353.507450980392,29.6832475356691,0,20.398148073906,66.0399970448961,6.62466666666667,6.96183333333333,0.627166666666667
"819",2026-02-01 13:38:00,1.053,1.694,1.053,3.454893,5.558014,12.7304546764137,21.4499441808066,352.665098039216,29.683838135384,0,20.432353600811,65.9599970484759,6.58033333333333,6.91966666666667,0.634333333333333
"820",2026-02-01 13:39:00,1.0515,1.692,1.0515,3.4499715,5.551452,12.9048444665015,21.1883594956748,351.822745098039,29.684428735099,0,20.466559127716,65.8799970520556,6.536,6.8775,0.6415
"821",2026-02-01 13:40:00,1.05,1.69,1.05,3.44505,5.54489,13.0792342565894,20.926774810543,350.980392156863,29.685019334814,0,20.500764654621,65.7999970556354,6.49166666666667,6.83533333333333,0.648666666666667
"822",2026-02-01 13:41:00,1.0445,1.684,1.0445,3.4270045,5.525204,13.1664291516333,20.6651901254112,351.261176470588,29.683838135384,0,20.4779693025207,65.4599970708495,6.44733333333333,6.79316666666667,0.655833333333333
"823",2026-02-01 13:42:00,1.039,1.678,1.039,3.408959,5.505518,13.2536240466772,20.4036054402794,351.541960784314,29.6826569359541,0,20.4551739504204,65.1199970860635,6.403,6.751,0.663
"824",2026-02-01 13:43:00,1.0335,1.672,1.0335,3.3909135,5.485832,13.3408189417212,20.1420207551476,351.822745098039,29.6814757365242,0,20.4323785983201,64.7799971012775,6.353,6.71383333333333,0.671166666666667
"825",2026-02-01 13:44:00,1.028,1.666,1.028,3.372868,5.466146,13.4280138367651,19.8804360700159,352.103529411765,29.6802945370943,0,20.4095832462198,64.4399971164916,6.303,6.67666666666667,0.679333333333333
"826",2026-02-01 13:45:00,1.0225,1.66,1.0225,3.3548225,5.44646,13.515208731809,19.6188513848841,352.38431372549,29.6791133376644,0,20.3867878941195,64.0999971317056,6.253,6.6395,0.6875
"827",2026-02-01 13:46:00,1.017,1.654,1.017,3.336777,5.426774,13.7767934169408,20.0548258601037,351.822745098039,29.6791133376644,0,20.3981897289505,63.8199971442348,6.203,6.60233333333333,0.695666666666667
"828",2026-02-01 13:47:00,1.0115,1.648,1.0115,3.3187315,5.407088,14.0383781020726,20.4908003353234,351.261176470588,29.6791133376644,0,20.4095915637816,63.5399971567641,6.153,6.56516666666667,0.703833333333333
"829",2026-02-01 13:48:00,1.006,1.642,1.006,3.300686,5.387402,14.2999627872044,20.926774810543,350.699607843137,29.6791133376644,0,20.4209933986126,63.2599971692933,6.103,6.528,0.712
"830",2026-02-01 13:49:00,1.0005,1.636,1.0005,3.2826405,5.367716,14.5615474723362,21.3627492857627,350.138039215686,29.6791133376644,0,20.4323952334436,62.9799971818225,6.059,6.49016666666667,0.716333333333333
"831",2026-02-01 13:50:00,0.995,1.63,0.995,3.264595,5.34803,14.823132157468,21.7987237609823,349.576470588235,29.6791133376644,0,20.4437970682747,62.6999971943517,6.015,6.45233333333333,0.720666666666667
"832",2026-02-01 13:51:00,0.9895,1.624,0.9895,3.2465495,5.328344,14.5615474723362,21.4499441808066,349.576470588235,29.6785227379494,0,20.5799766507596,63.1999971719781,5.971,6.4145,0.725
"833",2026-02-01 13:52:00,0.984,1.618,0.984,3.228504,5.308658,14.2999627872044,21.1011646006309,349.576470588235,29.6779321382344,0,20.7161562332444,63.6999971496045,5.927,6.37666666666667,0.729333333333333
"834",2026-02-01 13:53:00,0.9785,1.612,0.9785,3.2104585,5.288972,14.0383781020726,20.7523850204552,349.576470588235,29.6773415385195,0,20.8523358157293,64.1999971272309,5.883,6.33883333333333,0.733666666666667
"835",2026-02-01 13:54:00,0.973,1.606,0.973,3.192413,5.269286,13.7767934169408,20.4036054402794,349.576470588235,29.6767509388045,0,20.9885153982142,64.6999971048573,5.839,6.301,0.738
"836",2026-02-01 13:55:00,0.9675,1.6,0.9675,3.1743675,5.2496,13.515208731809,20.0548258601037,349.576470588235,29.6761603390896,0,21.1246949806991,65.1999970824837,5.79233333333333,6.25733333333333,0.7435
"837",2026-02-01 13:56:00,0.962,1.594,0.962,3.156322,5.229914,12.9048444665015,19.3572666997523,349.857254901961,29.6749791396596,0,21.192347476054,64.8599970976978,5.74566666666667,6.21366666666667,0.749
"838",2026-02-01 13:57:00,0.9565,1.588,0.9565,3.1382765,5.210228,12.294480201194,18.6597075394009,350.138039215686,29.6737979402297,0,21.2599999714089,64.5199971129118,5.699,6.17,0.7545
"839",2026-02-01 13:58:00,0.951,1.582,0.951,3.120231,5.190542,11.6841159358865,17.9621483790494,350.418823529412,29.6726167407998,0,21.3276524667638,64.1799971281259,5.65233333333333,6.12633333333333,0.76
"840",2026-02-01 13:59:00,0.9455,1.576,0.9455,3.1021855,5.170856,11.073751670579,17.264589218698,350.699607843137,29.6714355413699,0,21.3953049621186,63.8399971433399,5.60566666666667,6.08266666666667,0.7655
"841",2026-02-01 14:00:00,0.94,1.57,0.94,3.08414,5.15117,10.4633874052715,16.5670300583465,350.980392156863,29.67025434194,0,21.4629574574735,63.499997158554,5.559,6.039,0.771
"842",2026-02-01 14:01:00,0.9385,1.5645,0.9385,3.0792185,5.1331245,10.6377771953594,16.7414198484344,350.980392156863,29.6690731425101,0,21.496676406757,63.4799971594489,5.5195,5.99633333333333,0.781333333333333
"843",2026-02-01 14:02:00,0.937,1.559,0.937,3.074297,5.115079,10.8121669854472,16.9158096385223,350.980392156863,29.6678919430801,0,21.5303953560404,63.4599971603438,5.48,5.95366666666667,0.791666666666667
"844",2026-02-01 14:03:00,0.9355,1.5535,0.9355,3.0693755,5.0970335,10.9865567755351,17.0901994286101,350.980392156863,29.6667107436502,0,21.5641143053239,63.4399971612388,5.4405,5.911,0.802
"845",2026-02-01 14:04:00,0.934,1.548,0.934,3.064454,5.078988,11.1609465656229,17.264589218698,350.980392156863,29.6655295442203,0,21.5978332546073,63.4199971621337,5.401,5.86833333333333,0.812333333333333
"846",2026-02-01 14:05:00,0.9325,1.5425,0.9325,3.0595325,5.0609425,11.3353363557108,17.4389790087858,350.980392156863,29.6643483447904,0,21.6315522038907,63.3999971630287,5.3615,5.82566666666667,0.822666666666667
"847",2026-02-01 14:06:00,0.931,1.537,0.931,3.054611,5.042897,11.5097261457987,17.9621483790494,351.261176470588,29.6631671453605,0,21.6090808031724,63.179997172873,5.322,5.783,0.833
"848",2026-02-01 14:07:00,0.9295,1.5315,0.9295,3.0496895,5.0248515,11.6841159358865,18.485317749313,351.541960784314,29.6619859459305,0,21.586609402454,62.9599971827174,5.278,5.73766666666667,0.8375
"849",2026-02-01 14:08:00,0.928,1.526,0.928,3.044768,5.006806,11.8585057259744,19.0084871195766,351.822745098039,29.6608047465006,0,21.5641380017357,62.7399971925618,5.234,5.69233333333333,0.842
"850",2026-02-01 14:09:00,0.9265,1.5205,0.9265,3.0398465,4.9887605,12.0328955160622,19.5316564898401,352.103529411765,29.6596235470707,0,21.5416666010173,62.5199972024062,5.19,5.647,0.8465
"851",2026-02-01 14:10:00,0.925,1.515,0.925,3.034925,4.970715,12.2072853061501,20.0548258601037,352.38431372549,29.6584423476408,0,21.519195200299,62.2999972122506,5.146,5.60166666666667,0.851
"852",2026-02-01 14:11:00,0.9235,1.5095,0.9235,3.0300035,4.9526695,12.1200904111062,20.1420207551476,352.665098039216,29.6572611482109,0,21.6200698772206,62.3199972113556,5.102,5.55633333333333,0.8555
"853",2026-02-01 14:12:00,0.922,1.504,0.922,3.025082,4.934624,12.0328955160622,20.2292156501916,352.945882352941,29.656079948781,0,21.7209445541422,62.3399972104607,5.058,5.511,0.86
"854",2026-02-01 14:13:00,0.9205,1.4985,0.9205,3.0201605,4.9165785,11.9457006210183,20.3164105452355,353.226666666667,29.654898749351,0,21.8218192310639,62.3599972095657,5.00816666666667,5.4655,0.86
"855",2026-02-01 14:14:00,0.919,1.493,0.919,3.015239,4.898533,11.8585057259744,20.4036054402794,353.507450980392,29.6537175499211,0,21.9226939079855,62.3799972086708,4.95833333333333,5.42,0.86
"856",2026-02-01 14:15:00,0.9175,1.4875,0.9175,3.0103175,4.8804875,11.7713108309304,20.4908003353234,353.788235294118,29.6525363504912,0,22.0235685849071,62.3999972077758,4.9085,5.3745,0.86
"857",2026-02-01 14:16:00,0.916,1.482,0.916,3.005396,4.862442,12.294480201194,20.7523850204552,352.665098039216,29.6525363504912,0,22.0012065545888,62.1999972167253,4.85866666666667,5.329,0.86
"858",2026-02-01 14:17:00,0.9145,1.4765,0.9145,3.0004745,4.8443965,12.8176495714576,21.0139697055869,351.541960784314,29.6525363504912,0,21.9788445242705,61.9999972256747,4.80883333333333,5.2835,0.86
"859",2026-02-01 14:18:00,0.913,1.471,0.913,2.995553,4.826351,13.3408189417212,21.2755543907187,350.418823529412,29.6525363504912,0,21.9564824939521,61.7999972346242,4.759,5.238,0.86
"860",2026-02-01 14:19:00,0.9115,1.4655,0.9115,2.9906315,4.8083055,13.8639883119847,21.5371390758505,349.29568627451,29.6525363504912,0,21.9341204636338,61.5999972435736,4.7065,5.18933333333333,0.864333333333333
"861",2026-02-01 14:20:00,0.91,1.46,0.91,2.98571,4.79026,14.3871576822483,21.7987237609823,348.172549019608,29.6525363504912,0,21.9117584333155,61.399997252523,4.654,5.14066666666667,0.868666666666667
"862",2026-02-01 14:21:00,0.9095,1.459,0.9095,2.9840695,4.786979,13.8639883119847,21.2755543907187,348.172549019608,29.6519457507762,0,22.0121454642831,61.5399972462584,4.6015,5.092,0.873
"863",2026-02-01 14:22:00,0.909,1.458,0.909,2.982429,4.783698,13.3408189417212,20.7523850204552,348.172549019608,29.6513551510613,0,22.1125324952508,61.6799972399938,4.549,5.04333333333333,0.877333333333333
"864",2026-02-01 14:23:00,0.9085,1.457,0.9085,2.9807885,4.780417,12.8176495714576,20.2292156501916,348.172549019608,29.6507645513463,0,22.2129195262185,61.8199972337292,4.4965,4.99466666666667,0.881666666666667
"865",2026-02-01 14:24:00,0.908,1.456,0.908,2.979148,4.777136,12.294480201194,19.706046279928,348.172549019608,29.6501739516314,0,22.3133065571862,61.9599972274646,4.444,4.946,0.886
"866",2026-02-01 14:25:00,0.9075,1.455,0.9075,2.9775075,4.773855,11.7713108309304,19.1828769096644,348.172549019608,29.6495833519164,0,22.4136935881539,62.0999972212,4.398,4.89416666666667,0.896333333333333
"867",2026-02-01 14:26:00,0.907,1.454,0.907,2.975867,4.770574,11.3353363557108,18.5725126443569,349.014901960784,29.6489927522014,0,22.5134667171031,62.2199972158303,4.352,4.84233333333333,0.906666666666667
"868",2026-02-01 14:27:00,0.9065,1.453,0.9065,2.9742265,4.767293,10.8993618804912,17.9621483790494,349.857254901961,29.6484021524865,0,22.6132398460523,62.3399972104607,4.306,4.7905,0.917
"869",2026-02-01 14:28:00,0.906,1.452,0.906,2.972586,4.764012,10.4633874052715,17.3517841137419,350.699607843137,29.6478115527715,0,22.7130129750015,62.459997205091,4.26,4.73866666666667,0.927333333333333
"870",2026-02-01 14:29:00,0.9055,1.451,0.9055,2.9709455,4.760731,10.0274129300519,16.7414198484344,351.541960784314,29.6472209530566,0,22.8127861039507,62.5799971997213,4.214,4.68683333333333,0.937666666666667
"871",2026-02-01 14:30:00,0.905,1.45,0.905,2.969305,4.75745,9.59143845483221,16.1310555831269,352.38431372549,29.6466303533416,0,22.9125592328998,62.6999971943517,4.168,4.635,0.948
"872",2026-02-01 14:31:00,0.9045,1.449,0.9045,2.9676645,4.754169,9.67863334987614,16.3926402682587,353.507450980392,29.6472209530566,0,22.9567095495058,62.9399971836124,4.1225,4.57966666666667,0.958333333333333
"873",2026-02-01 14:32:00,0.904,1.448,0.904,2.966024,4.750888,9.76582824492007,16.6542249533905,354.630588235294,29.6478115527715,0,23.0008598661117,63.179997172873,4.077,4.52433333333333,0.968666666666667
"874",2026-02-01 14:33:00,0.9035,1.447,0.9035,2.9643835,4.747607,9.853023139964,16.9158096385223,355.753725490196,29.6484021524865,0,23.0450101827176,63.4199971621337,4.0315,4.469,0.979
"875",2026-02-01 14:34:00,0.903,1.446,0.903,2.962743,4.744326,9.94021803500793,17.1773943236541,356.876862745098,29.6489927522014,0,23.0891604993236,63.6599971513944,3.986,4.41366666666667,0.989333333333333
"876",2026-02-01 14:35:00,0.9025,1.445,0.9025,2.9611025,4.741045,10.0274129300519,17.4389790087858,358,29.6495833519164,0,23.1333108159295,63.8999971406551,3.9405,4.35833333333333,0.999666666666667
"877",2026-02-01 14:36:00,0.902,1.444,0.902,2.959462,4.737764,10.2889976151836,17.5261739038298,357.719215686275,29.6495833519164,0,23.1112503843191,63.5999971540792,3.895,4.303,1.01
"878",2026-02-01 14:37:00,0.9015,1.443,0.9015,2.9578215,4.734483,10.5505823003154,17.6133687988737,357.438431372549,29.6495833519164,0,23.0891899527086,63.2999971675034,3.85116666666667,4.25716666666667,1.01666666666667
"879",2026-02-01 14:38:00,0.901,1.442,0.901,2.956181,4.731202,10.8121669854472,17.7005636939176,357.157647058824,29.6495833519164,0,23.0671295210982,62.9999971809275,3.80733333333333,4.21133333333333,1.02333333333333
"880",2026-02-01 14:39:00,0.9005,1.441,0.9005,2.9545405,4.727921,11.073751670579,17.7877585889616,356.876862745098,29.6495833519164,0,23.0450690894878,62.6999971943517,3.7635,4.1655,1.03
"881",2026-02-01 14:40:00,0.9,1.44,0.9,2.9529,4.72464,11.3353363557108,17.8749534840055,356.596078431373,29.6495833519164,0,23.0230086578773,62.3999972077758,3.71966666666667,4.11966666666667,1.03666666666667
"882",2026-02-01 14:41:00,0.8995,1.44,0.8995,2.9512595,4.72464,11.2481414606669,17.9621483790494,356.034509803922,29.6484021524865,0,23.0781048469492,62.5799971997214,3.67583333333333,4.07383333333333,1.04333333333333
"883",2026-02-01 14:42:00,0.899,1.44,0.899,2.949619,4.72464,11.1609465656229,18.0493432740933,355.472941176471,29.6472209530566,0,23.133201036021,62.7599971916669,3.632,4.028,1.05
"884",2026-02-01 14:43:00,0.8985,1.44,0.8985,2.9479785,4.72464,11.073751670579,18.1365381691373,354.91137254902,29.6460397536266,0,23.1882972250928,62.9399971836124,3.58066666666667,3.97983333333333,1.05433333333333
"885",2026-02-01 14:44:00,0.898,1.44,0.898,2.946338,4.72464,10.9865567755351,18.2237330641812,354.349803921569,29.6448585541967,0,23.2433934141647,63.1199971755579,3.52933333333333,3.93166666666667,1.05866666666667
"886",2026-02-01 14:45:00,0.8975,1.44,0.8975,2.9446975,4.72464,10.8993618804912,18.3109279592251,353.788235294118,29.6436773547668,0,23.2984896032365,63.2999971675034,3.478,3.8835,1.063
"887",2026-02-01 14:46:00,0.897,1.44,0.897,2.943057,4.72464,11.1609465656229,18.7469024344448,354.069019607843,29.6436773547668,0,23.2984896032365,63.3199971666084,3.42666666666667,3.83533333333333,1.06733333333333
"888",2026-02-01 14:47:00,0.8965,1.44,0.8965,2.9414165,4.72464,11.4225312507547,19.1828769096644,354.349803921569,29.6436773547668,0,23.2984896032365,63.3399971657135,3.37533333333333,3.78716666666667,1.07166666666667
"889",2026-02-01 14:48:00,0.896,1.44,0.896,2.939776,4.72464,11.6841159358865,19.6188513848841,354.630588235294,29.6436773547668,0,23.2984896032365,63.3599971648185,3.324,3.739,1.076
"890",2026-02-01 14:49:00,0.8955,1.44,0.8955,2.9381355,4.72464,11.9457006210183,20.0548258601037,354.91137254902,29.6436773547668,0,23.2984896032365,63.3799971639236,3.277,3.69416666666667,1.08316666666667
"891",2026-02-01 14:50:00,0.895,1.44,0.895,2.936495,4.72464,12.2072853061501,20.4908003353234,355.192156862745,29.6436773547668,0,23.2984896032365,63.3999971630287,3.23,3.64933333333333,1.09033333333333
"892",2026-02-01 14:51:00,0.8945,1.44,0.8945,2.9348545,4.72464,11.9457006210183,20.2292156501916,284.153725490196,29.6448585541967,0,23.3643653908132,63.3999971630287,3.183,3.6045,1.0975
"893",2026-02-01 14:52:00,0.894,1.44,0.894,2.933214,4.72464,11.6841159358865,19.9676309650598,213.115294117647,29.6460397536266,0,23.4302411783899,63.3999971630287,3.136,3.55966666666667,1.10466666666667
"894",2026-02-01 14:53:00,0.8935,1.44,0.8935,2.9315735,4.72464,11.4225312507547,19.706046279928,142.076862745098,29.6472209530566,0,23.4961169659666,63.3999971630287,3.089,3.51483333333333,1.11183333333333
"895",2026-02-01 14:54:00,0.893,1.44,0.893,2.929933,4.72464,11.1609465656229,19.4444615947962,71.038431372549,29.6484021524865,0,23.5619927535433,63.3999971630287,3.042,3.47,1.119
"896",2026-02-01 14:55:00,0.8925,1.44,0.8925,2.9282925,4.72464,10.8993618804912,19.1828769096644,0,29.6495833519164,0,23.62786854112,63.3999971630287,2.9955,3.42566666666667,1.12283333333333
"897",2026-02-01 14:56:00,0.892,1.44,0.892,2.926652,4.72464,10.9865567755351,18.9212922245326,70.7576470588235,29.6489927522014,0,23.5509881276371,62.9999971809275,2.949,3.38133333333333,1.12666666666667
"898",2026-02-01 14:57:00,0.8915,1.44,0.8915,2.9250115,4.72464,11.073751670579,18.6597075394009,141.515294117647,29.6484021524865,0,23.4741077141543,62.5999971988264,2.9025,3.337,1.1305
"899",2026-02-01 14:58:00,0.891,1.44,0.891,2.923371,4.72464,11.1609465656229,18.3981228542691,212.272941176471,29.6478115527715,0,23.3972273006714,62.1999972167253,2.856,3.29266666666667,1.13433333333333
"900",2026-02-01 14:59:00,0.8905,1.44,0.8905,2.9217305,4.72464,11.2481414606669,18.1365381691373,283.030588235294,29.6472209530566,0,23.3203468871885,61.7999972346242,2.8095,3.24833333333333,1.13816666666667
"901",2026-02-01 15:00:00,0.89,1.44,0.89,2.92009,4.72464,11.3353363557108,17.8749534840055,353.788235294118,29.6466303533416,0,23.2434664737056,61.399997252523,2.763,3.204,1.142
"902",2026-02-01 15:01:00,0.8855,1.432,0.8855,2.9053255,4.698392,11.5097261457987,17.8749534840055,352.945882352941,29.6466303533416,0,23.2764585664514,61.1999972614725,2.7135,3.16083333333333,1.14416666666667
"903",2026-02-01 15:02:00,0.881,1.424,0.881,2.890561,4.672144,11.6841159358865,17.8749534840055,352.103529411765,29.6466303533416,0,23.3094506591972,60.9999972704219,2.664,3.11766666666667,1.14633333333333
"904",2026-02-01 15:03:00,0.8765,1.416,0.8765,2.8757965,4.645896,11.8585057259744,17.8749534840055,351.261176470588,29.6466303533416,0,23.342442751943,60.7999972793713,2.6145,3.0745,1.1485
"905",2026-02-01 15:04:00,0.872,1.408,0.872,2.861032,4.619648,12.0328955160622,17.8749534840055,350.418823529412,29.6466303533416,0,23.3754348446888,60.5999972883208,2.565,3.03133333333333,1.15066666666667
"906",2026-02-01 15:05:00,0.8675,1.4,0.8675,2.8462675,4.5934,12.2072853061501,17.8749534840055,349.576470588235,29.6466303533416,0,23.4084269374345,60.3999972972702,2.5155,2.98816666666667,1.15283333333333
"907",2026-02-01 15:06:00,0.863,1.392,0.863,2.831503,4.567152,12.2072853061501,18.485317749313,350.699607843137,29.6472209530566,0,23.4303854833059,60.3999972972702,2.466,2.945,1.155
"908",2026-02-01 15:07:00,0.8585,1.384,0.8585,2.8167385,4.540904,12.2072853061501,19.0956820146205,351.822745098039,29.6478115527715,0,23.4523440291772,60.3999972972702,2.421,2.89683333333333,1.15716666666667
"909",2026-02-01 15:08:00,0.854,1.376,0.854,2.801974,4.514656,12.2072853061501,19.706046279928,352.945882352941,29.6484021524865,0,23.4743025750485,60.3999972972702,2.376,2.84866666666667,1.15933333333333
"910",2026-02-01 15:09:00,0.8495,1.368,0.8495,2.7872095,4.488408,12.2072853061501,20.3164105452355,354.069019607843,29.6489927522014,0,23.4962611209199,60.3999972972702,2.331,2.8005,1.1615
"911",2026-02-01 15:10:00,0.845,1.36,0.845,2.772445,4.46216,12.2072853061501,20.926774810543,355.192156862745,29.6495833519164,0,23.5182196667912,60.3999972972702,2.286,2.75233333333333,1.16366666666667
"912",2026-02-01 15:11:00,0.8405,1.352,0.8405,2.7576805,4.435912,12.2072853061501,20.4036054402794,354.069019607843,29.6507645513463,0,23.5072439995818,60.4799972936904,2.241,2.70416666666667,1.16583333333333
"913",2026-02-01 15:12:00,0.836,1.344,0.836,2.742916,4.409664,12.2072853061501,19.8804360700159,352.945882352941,29.6519457507762,0,23.4962683323724,60.5599972901107,2.196,2.656,1.168
"914",2026-02-01 15:13:00,0.8315,1.336,0.8315,2.7281515,4.383416,12.2072853061501,19.3572666997523,351.822745098039,29.6531269502062,0,23.485292665163,60.6399972865309,2.152,2.60633333333333,1.17233333333333
"915",2026-02-01 15:14:00,0.827,1.328,0.827,2.713387,4.357168,12.2072853061501,18.8340973294887,350.699607843137,29.6543081496361,0,23.4743169979536,60.7199972829511,2.108,2.55666666666667,1.17666666666667
"916",2026-02-01 15:15:00,0.8225,1.32,0.8225,2.6986225,4.33092,12.2072853061501,18.3109279592251,349.576470588235,29.655489349066,0,23.4633413307442,60.7999972793713,2.064,2.507,1.181
"917",2026-02-01 15:16:00,0.818,1.312,0.818,2.683858,4.304672,12.1200904111062,18.6597075394008,350.418823529412,29.6543081496361,0,23.5509463124821,61.2199972605775,2.02,2.45733333333333,1.18533333333333
"918",2026-02-01 15:17:00,0.8135,1.304,0.8135,2.6690935,4.278424,12.0328955160622,19.0084871195766,351.261176470588,29.6531269502062,0,23.63855129422,61.6399972417837,1.976,2.40766666666667,1.18966666666667
"919",2026-02-01 15:18:00,0.809,1.296,0.809,2.654329,4.252176,11.9457006210183,19.3572666997523,352.103529411765,29.6519457507762,0,23.7261562759579,62.0599972229899,1.932,2.358,1.194
"920",2026-02-01 15:19:00,0.8045,1.288,0.8045,2.6395645,4.225928,11.8585057259744,19.706046279928,352.945882352941,29.6507645513463,0,23.8137612576957,62.4799972041961,1.8945,2.30716666666667,1.20283333333333
"921",2026-02-01 15:20:00,0.8,1.28,0.8,2.6248,4.19968,11.7713108309304,20.0548258601037,353.788235294118,29.6495833519164,0,23.9013662394336,62.8999971854023,1.857,2.25633333333333,1.21166666666667
"922",2026-02-01 15:21:00,0.799,1.2775,0.799,2.621519,4.1914775,11.5969210408426,19.0956820146205,352.103529411765,29.6501739516314,0,23.8466666997709,62.4199972068809,1.8195,2.2055,1.2205
"923",2026-02-01 15:22:00,0.798,1.275,0.798,2.618238,4.183275,11.4225312507547,18.1365381691373,350.418823529412,29.6507645513463,0,23.7919671601082,61.9399972283596,1.782,2.15466666666667,1.22933333333333
"924",2026-02-01 15:23:00,0.797,1.2725,0.797,2.614957,4.1750725,11.2481414606669,17.1773943236541,348.734117647059,29.6513551510613,0,23.7372676204455,61.4599972498382,1.7445,2.10383333333333,1.23816666666667
"925",2026-02-01 15:24:00,0.796,1.27,0.796,2.611676,4.16687,11.073751670579,16.2182504781708,347.049411764706,29.6519457507762,0,23.6825680807827,60.9799972713168,1.707,2.053,1.247
"926",2026-02-01 15:25:00,0.795,1.2675,0.795,2.608395,4.1586675,10.8993618804912,15.2591066326876,345.364705882353,29.6525363504912,0,23.62786854112,60.4999972927955,1.67533333333333,2.00533333333333,1.2535
"927",2026-02-01 15:26:00,0.794,1.265,0.794,2.605114,4.150465,10.9865567755351,15.5206913178194,345.926274509804,29.6531269502062,0,23.6607095835089,60.5599972901107,1.64366666666667,1.95766666666667,1.26
"928",2026-02-01 15:27:00,0.793,1.2625,0.793,2.601833,4.1422625,11.073751670579,15.7822760029512,346.487843137255,29.6537175499211,0,23.6935506258977,60.6199972874258,1.612,1.91,1.2665
"929",2026-02-01 15:28:00,0.792,1.26,0.792,2.598552,4.13406,11.1609465656229,16.043860688083,347.049411764706,29.6543081496361,0,23.7263916682866,60.679997284741,1.58033333333333,1.86233333333333,1.273
"930",2026-02-01 15:29:00,0.791,1.2575,0.791,2.595271,4.1258575,11.2481414606669,16.3054453732148,347.610980392157,29.654898749351,0,23.7592327106754,60.7399972820562,1.54866666666667,1.81466666666667,1.2795
"931",2026-02-01 15:30:00,0.79,1.255,0.79,2.59199,4.117655,11.3353363557108,16.5670300583465,348.172549019608,29.655489349066,0,23.7920737530643,60.7999972793713,1.517,1.767,1.286
"932",2026-02-01 15:31:00,0.789,1.2525,0.789,2.588709,4.1094525,11.1609465656229,16.5670300583465,345.364705882353,29.654898749351,0,23.8575646301626,60.8199972784764,1.48533333333333,1.7195,1.29316666666667
"933",2026-02-01 15:32:00,0.788,1.25,0.788,2.585428,4.10125,10.9865567755351,16.5670300583465,342.556862745098,29.6543081496361,0,23.9230555072609,60.8399972775815,1.45366666666667,1.672,1.30033333333333
"934",2026-02-01 15:33:00,0.787,1.2475,0.787,2.582147,4.0930475,10.8121669854472,16.5670300583465,339.749019607843,29.6537175499211,0,23.9885463843593,60.8599972766865,1.422,1.6245,1.3075
"935",2026-02-01 15:34:00,0.786,1.245,0.786,2.578866,4.084845,10.6377771953594,16.5670300583465,336.941176470588,29.6531269502062,0,24.0540372614576,60.8799972757916,1.39033333333333,1.577,1.31466666666667
"936",2026-02-01 15:35:00,0.785,1.2425,0.785,2.575585,4.0766425,10.4633874052715,16.5670300583465,334.133333333333,29.6525363504912,0,24.1195281385559,60.8999972748966,1.35866666666667,1.5295,1.32183333333333
"937",2026-02-01 15:36:00,0.784,1.24,0.784,2.572304,4.06844,10.7249720904033,16.3926402682587,334.414117647059,29.6513551510613,0,24.0868144031715,60.3599972990601,1.327,1.482,1.329
"938",2026-02-01 15:37:00,0.783,1.2375,0.783,2.569023,4.0602375,10.9865567755351,16.2182504781708,334.694901960784,29.6501739516314,0,24.0541006677871,59.8199973232236,1.2955,1.43816666666667,1.342
"939",2026-02-01 15:38:00,0.782,1.235,0.782,2.565742,4.052035,11.2481414606669,16.043860688083,334.97568627451,29.6489927522014,0,24.0213869324027,59.2799973473871,1.264,1.39433333333333,1.355
"940",2026-02-01 15:39:00,0.781,1.2325,0.781,2.562461,4.0438325,11.5097261457987,15.8694708979951,335.256470588235,29.6478115527715,0,23.9886731970182,58.7399973715505,1.2325,1.3505,1.368
"941",2026-02-01 15:40:00,0.78,1.23,0.78,2.55918,4.03563,11.7713108309304,15.6950811079073,335.537254901961,29.6466303533416,0,23.9559594616338,58.199997395714,1.201,1.30666666666667,1.381
"942",2026-02-01 15:41:00,0.777,1.226,0.777,2.549337,4.022506,11.9457006210183,16.043860688083,335.256470588235,29.6478115527715,0,23.9122424304112,58.199997395714,1.1695,1.26283333333333,1.394
"943",2026-02-01 15:42:00,0.774,1.222,0.774,2.539494,4.009382,12.1200904111062,16.3926402682587,334.97568627451,29.6489927522014,0,23.8685253991885,58.199997395714,1.138,1.219,1.407
"944",2026-02-01 15:43:00,0.771,1.218,0.771,2.529651,3.996258,12.294480201194,16.7414198484344,334.694901960784,29.6501739516314,0,23.8248083679659,58.199997395714,1.10616666666667,1.18783333333333,1.418
"945",2026-02-01 15:44:00,0.768,1.214,0.768,2.519808,3.983134,12.4688699912819,17.0901994286101,334.414117647059,29.6513551510613,0,23.7810913367432,58.199997395714,1.07433333333333,1.15666666666667,1.429
"946",2026-02-01 15:45:00,0.765,1.21,0.765,2.509965,3.97001,12.6432597813697,17.4389790087858,334.133333333333,29.6525363504912,0,23.7373743055206,58.199997395714,1.0425,1.1255,1.44
"947",2026-02-01 15:46:00,0.762,1.206,0.762,2.500122,3.956886,12.4688699912819,17.264589218698,334.414117647059,29.6525363504912,0,23.7373743055206,58.3399973894494,1.01066666666667,1.09433333333333,1.451
"948",2026-02-01 15:47:00,0.759,1.202,0.759,2.490279,3.943762,12.294480201194,17.0901994286101,334.694901960784,29.6525363504912,0,23.7373743055206,58.4799973831848,0.978833333333333,1.06316666666667,1.462
"949",2026-02-01 15:48:00,0.756,1.198,0.756,2.480436,3.930638,12.1200904111062,16.9158096385223,334.97568627451,29.6525363504912,0,23.7373743055206,58.6199973769202,0.947,1.032,1.473
"950",2026-02-01 15:49:00,0.753,1.194,0.753,2.470593,3.917514,11.9457006210183,16.7414198484344,335.256470588235,29.6525363504912,0,23.7373743055206,58.7599973706556,0.9175,1.0015,1.4795
"951",2026-02-01 15:50:00,0.75,1.19,0.75,2.46075,3.90439,11.7713108309304,16.5670300583465,335.537254901961,29.6525363504912,0,23.7373743055206,58.899997364391,0.888,0.971,1.486
"952",2026-02-01 15:51:00,0.747,1.186,0.747,2.450907,3.891266,12.1200904111062,17.1773943236541,335.818039215686,29.6519457507762,0,23.7592469845014,58.8599973661809,0.8585,0.9405,1.4925
"953",2026-02-01 15:52:00,0.744,1.182,0.744,2.441064,3.878142,12.4688699912819,17.7877585889616,336.098823529412,29.6513551510613,0,23.7811196634823,58.8199973679708,0.829,0.91,1.499
"954",2026-02-01 15:53:00,0.741,1.178,0.741,2.431221,3.865018,12.8176495714576,18.3981228542691,336.379607843137,29.6507645513463,0,23.8029923424632,58.7799973697607,0.7995,0.8795,1.5055
"955",2026-02-01 15:54:00,0.738,1.174,0.738,2.421378,3.851894,13.1664291516333,19.0084871195766,336.660392156863,29.6501739516314,0,23.824865021444,58.7399973715505,0.77,0.849,1.512
"956",2026-02-01 15:55:00,0.735,1.17,0.735,2.411535,3.83877,13.515208731809,19.6188513848841,336.941176470588,29.6495833519164,0,23.8467377004249,58.6999973733404,0.744166666666666,0.824333333333333,1.5225
"957",2026-02-01 15:56:00,0.732,1.166,0.732,2.401692,3.825646,13.7767934169408,19.706046279928,338.345098039216,29.6484021524865,0,23.8903982244123,58.6999973733404,0.718333333333333,0.799666666666667,1.533
"958",2026-02-01 15:57:00,0.729,1.162,0.729,2.391849,3.812522,14.0383781020726,19.7932411749719,339.749019607843,29.6472209530566,0,23.9340587483997,58.6999973733404,0.6925,0.775,1.5435
"959",2026-02-01 15:58:00,0.726,1.158,0.726,2.382006,3.799398,14.2999627872044,19.8804360700159,341.152941176471,29.6460397536266,0,23.9777192723871,58.6999973733404,0.666666666666667,0.750333333333333,1.554
"960",2026-02-01 15:59:00,0.723,1.154,0.723,2.372163,3.786274,14.5615474723362,19.9676309650598,342.556862745098,29.6448585541967,0,24.0213797963745,58.6999973733404,0.640833333333333,0.725666666666667,1.5645
"961",2026-02-01 16:00:00,0.72,1.15,0.72,2.36232,3.77315,14.823132157468,20.0548258601037,343.960784313726,29.6436773547668,0,24.065040320362,58.6999973733404,0.615,0.701,1.575
"962",2026-02-01 16:01:00,0.724,1.1565,0.724,2.375444,3.7944765,14.3871576822483,19.7932411749719,342.276078431373,29.6454491539117,0,24.065040320362,58.6999973733404,0.597333333333334,0.681833333333333,1.59083333333333
"963",2026-02-01 16:02:00,0.728,1.163,0.728,2.388568,3.815803,13.9511832070287,19.5316564898401,340.59137254902,29.6472209530566,0,24.065040320362,58.6999973733404,0.579666666666667,0.662666666666667,1.60666666666667
"964",2026-02-01 16:03:00,0.732,1.1695,0.732,2.401692,3.8371295,13.515208731809,19.2700718047084,338.906666666667,29.6489927522014,0,24.065040320362,58.6999973733404,0.562,0.6435,1.6225
"965",2026-02-01 16:04:00,0.736,1.176,0.736,2.414816,3.858456,13.0792342565894,19.0084871195766,337.221960784314,29.6507645513463,0,24.065040320362,58.6999973733404,0.544333333333334,0.624333333333333,1.63833333333333
"966",2026-02-01 16:05:00,0.74,1.1825,0.74,2.42794,3.8797825,12.6432597813697,18.7469024344448,335.537254901961,29.6525363504912,0,24.065040320362,58.6999973733404,0.526666666666667,0.605166666666667,1.65416666666667
"967",2026-02-01 16:06:00,0.744,1.189,0.744,2.441064,3.901109,12.3816750962379,18.0493432740933,336.098823529412,29.6513551510613,0,24.0977120572211,58.8599973661809,0.509,0.586,1.67
"968",2026-02-01 16:07:00,0.748,1.1955,0.748,2.454188,3.9224355,12.1200904111062,17.3517841137419,336.660392156863,29.6501739516314,0,24.1303837940802,59.0199973590213,0.490333333333334,0.574,1.687
"969",2026-02-01 16:08:00,0.752,1.202,0.752,2.467312,3.943762,11.8585057259744,16.6542249533905,337.221960784314,29.6489927522014,0,24.1630555309393,59.1799973518618,0.471666666666667,0.562,1.704
"970",2026-02-01 16:09:00,0.756,1.2085,0.756,2.480436,3.9650885,11.5969210408426,15.956665793039,337.783529411765,29.6478115527715,0,24.1957272677984,59.3399973447022,0.453,0.55,1.721
"971",2026-02-01 16:10:00,0.76,1.215,0.76,2.49356,3.986415,11.3353363557108,15.2591066326876,338.345098039216,29.6466303533416,0,24.2283990046575,59.4999973375427,0.434333333333334,0.538,1.738
"972",2026-02-01 16:11:00,0.764,1.2215,0.764,2.506684,4.0077415,11.073751670579,14.9103270525119,337.221960784314,29.6478115527715,0,24.1957272677984,59.3799973429123,0.415666666666667,0.526,1.755
"973",2026-02-01 16:12:00,0.768,1.228,0.768,2.519808,4.029068,10.8121669854472,14.5615474723362,336.098823529412,29.6489927522014,0,24.1630555309393,59.259997348282,0.397,0.514,1.772
"974",2026-02-01 16:13:00,0.772,1.2345,0.772,2.532932,4.0503945,10.5505823003154,14.2127678921605,334.97568627451,29.6501739516314,0,24.1303837940802,59.1399973536517,0.386625,0.506333333333333,1.78883333333333
"975",2026-02-01 16:14:00,0.776,1.241,0.776,2.546056,4.071721,10.2889976151836,13.8639883119847,333.852549019608,29.6513551510613,0,24.0977120572211,59.0199973590213,0.37625,0.498666666666667,1.80566666666667
"976",2026-02-01 16:15:00,0.78,1.2475,0.78,2.55918,4.0930475,10.0274129300519,13.515208731809,332.729411764706,29.6525363504912,0,24.065040320362,58.899997364391,0.365875,0.491,1.8225
"977",2026-02-01 16:16:00,0.784,1.254,0.784,2.572304,4.114374,10.2889976151836,13.9511832070287,331.887058823529,29.6513551510613,0,24.0323055041763,58.7599973706556,0.3555,0.483333333333333,1.83933333333333
"978",2026-02-01 16:17:00,0.788,1.2605,0.788,2.585428,4.1357005,10.5505823003154,14.3871576822483,331.044705882353,29.6501739516314,0,23.9995706879906,58.6199973769202,0.345125,0.475666666666667,1.85616666666667
"979",2026-02-01 16:18:00,0.792,1.267,0.792,2.598552,4.157027,10.8121669854472,14.823132157468,330.202352941176,29.6489927522014,0,23.9668358718049,58.4799973831848,0.33475,0.468,1.873
"980",2026-02-01 16:19:00,0.796,1.2735,0.796,2.611676,4.1783535,11.073751670579,15.2591066326876,329.36,29.6478115527715,0,23.9341010556193,58.3399973894494,0.324375,0.462,1.8895
"981",2026-02-01 16:20:00,0.8,1.28,0.8,2.6248,4.19968,11.3353363557108,15.6950811079073,328.517647058824,29.6466303533416,0,23.9013662394336,58.199997395714,0.314,0.456,1.906
"982",2026-02-01 16:21:00,0.803,1.284,0.803,2.634643,4.212804,11.4225312507547,15.8694708979951,328.517647058824,29.6478115527715,0,23.8904405316319,57.9999974046634,0.303625,0.45,1.9225
"983",2026-02-01 16:22:00,0.806,1.288,0.806,2.644486,4.225928,11.5097261457987,16.043860688083,328.517647058824,29.6489927522014,0,23.8795148238301,57.7999974136129,0.29325,0.444,1.939
"984",2026-02-01 16:23:00,0.809,1.292,0.809,2.654329,4.239052,11.5969210408426,16.2182504781708,328.517647058824,29.6501739516314,0,23.8685891160284,57.5999974225623,0.282875,0.438,1.9555
"985",2026-02-01 16:24:00,0.812,1.296,0.812,2.664172,4.252176,11.6841159358865,16.3926402682587,328.517647058824,29.6513551510613,0,23.8576634082266,57.3999974315117,0.2725,0.432,1.972
"986",2026-02-01 16:25:00,0.815,1.3,0.815,2.674015,4.2653,11.7713108309304,16.5670300583465,328.517647058824,29.6525363504912,0,23.8467377004249,57.1999974404612,0.262125,0.423166666666667,1.99216666666667
"987",2026-02-01 16:26:00,0.818,1.304,0.818,2.683858,4.278424,12.2072853061501,17.3517841137419,330.763921568627,29.6525363504912,0,23.8794936519968,57.3399974341966,0.25175,0.414333333333333,2.01233333333333
"988",2026-02-01 16:27:00,0.821,1.308,0.821,2.693701,4.291548,12.6432597813697,18.1365381691373,333.010196078431,29.6525363504912,0,23.9122496035688,57.479997427932,0.241375,0.4055,2.0325
"989",2026-02-01 16:28:00,0.824,1.312,0.824,2.703544,4.304672,13.0792342565894,18.9212922245326,335.256470588235,29.6525363504912,0,23.9450055551408,57.6199974216674,0.231,0.396666666666667,2.05266666666667
"990",2026-02-01 16:29:00,0.827,1.316,0.827,2.713387,4.317796,13.515208731809,19.706046279928,337.502745098039,29.6525363504912,0,23.9777615067127,57.7599974154028,0.220625,0.387833333333333,2.07283333333333
"991",2026-02-01 16:30:00,0.83,1.32,0.83,2.72323,4.33092,13.9511832070287,20.4908003353234,339.749019607843,29.6525363504912,0,24.0105174582847,57.8999974091382,0.21025,0.379,2.093
"992",2026-02-01 16:31:00,0.833,1.324,0.833,2.733073,4.344044,13.9511832070287,20.4036054402794,340.872156862745,29.6525363504912,0,24.032319594339,58.1599973975039,0.199875,0.3775,2.1105
"993",2026-02-01 16:32:00,0.836,1.328,0.836,2.742916,4.357168,13.9511832070287,20.3164105452355,341.995294117647,29.6525363504912,0,24.0541217303932,58.4199973858696,0.1895,0.376,2.128
"994",2026-02-01 16:33:00,0.839,1.332,0.839,2.752759,4.370292,13.9511832070287,20.2292156501916,343.118431372549,29.6525363504912,0,24.0759238664475,58.6799973742354,0.179125,0.3745,2.1455
"995",2026-02-01 16:34:00,0.842,1.336,0.842,2.762602,4.383416,13.9511832070287,20.1420207551476,344.241568627451,29.6525363504912,0,24.0977260025017,58.9399973626011,0.16875,0.373,2.163
"996",2026-02-01 16:35:00,0.845,1.34,0.845,2.772445,4.39654,13.9511832070287,20.0548258601037,345.364705882353,29.6525363504912,0,24.1195281385559,59.1999973509668,0.158375,0.3715,2.1805
"997",2026-02-01 16:36:00,0.848,1.344,0.848,2.782288,4.409664,13.4280138367651,19.2700718047084,343.960784313725,29.6519457507762,0,24.0977260025017,59.4199973411225,0.148,0.37,2.198
"998",2026-02-01 16:37:00,0.851,1.348,0.851,2.792131,4.422788,12.9048444665015,18.485317749313,342.556862745098,29.6513551510613,0,24.0759238664475,59.6399973312781,0.1485,0.363333333333333,2.2145
"999",2026-02-01 16:38:00,0.854,1.352,0.854,2.801974,4.435912,12.3816750962379,17.7005636939176,341.152941176471,29.6507645513463,0,24.0541217303932,59.8599973214337,0.149,0.356666666666667,2.231
"1000",2026-02-01 16:39:00,0.857,1.356,0.857,2.811817,4.449036,11.8585057259744,16.9158096385223,339.749019607843,29.6501739516314,0,24.032319594339,60.0799973115893,0.1495,0.35,2.2475
"1001",2026-02-01 16:40:00,0.86,1.36,0.86,2.82166,4.46216,11.3353363557108,16.1310555831269,338.345098039216,29.6495833519164,0,24.0105174582847,60.2999973017449,0.15,0.343333333333333,2.264
"1002",2026-02-01 16:41:00,0.863,1.3655,0.863,2.831503,4.4802055,11.3353363557108,16.1310555831269,336.098823529412,29.6507645513463,0,23.9886872145145,59.8799973205387,0.1505,0.336666666666667,2.2805
"1003",2026-02-01 16:42:00,0.866,1.371,0.866,2.841346,4.498251,11.3353363557108,16.1310555831269,333.852549019608,29.6519457507762,0,23.9668569707443,59.4599973393326,0.151,0.33,2.297
"1004",2026-02-01 16:43:00,0.869,1.3765,0.869,2.851189,4.5162965,11.3353363557108,16.1310555831269,331.606274509804,29.6531269502062,0,23.945026726974,59.0399973581264,0.149,0.326166666666667,2.3155
"1005",2026-02-01 16:44:00,0.872,1.382,0.872,2.861032,4.534342,11.3353363557108,16.1310555831269,329.36,29.6543081496361,0,23.9231964832038,58.6199973769202,0.147,0.322333333333333,2.334
"1006",2026-02-01 16:45:00,0.875,1.3875,0.875,2.870875,4.5523875,11.3353363557108,16.1310555831269,327.113725490196,29.655489349066,0,23.9013662394336,58.199997395714,0.145,0.3185,2.3525
"1007",2026-02-01 16:46:00,0.878,1.393,0.878,2.880718,4.570433,10.8121669854472,15.4334964227755,324.586666666667,29.654898749351,0,23.8466666997709,58.559997379605,0.143,0.314666666666667,2.371
"1008",2026-02-01 16:47:00,0.881,1.3985,0.881,2.890561,4.5884785,10.2889976151836,14.735937262424,322.059607843137,29.6543081496361,0,23.7919671601082,58.919997363496,0.141,0.310833333333333,2.3895
"1009",2026-02-01 16:48:00,0.884,1.404,0.884,2.900404,4.606524,9.76582824492007,14.0383781020726,319.532549019608,29.6537175499211,0,23.7372676204455,59.279997347387,0.139,0.307,2.408
"1010",2026-02-01 16:49:00,0.887,1.4095,0.887,2.910247,4.6245695,9.2426588746565,13.3408189417212,317.005490196078,29.6531269502062,0,23.6825680807827,59.6399973312781,0.1465,0.307666666666667,2.43316666666667
"1011",2026-02-01 16:50:00,0.89,1.415,0.89,2.92009,4.642615,8.71948950439292,12.6432597813697,314.478431372549,29.6525363504912,0,23.62786854112,59.9999973151691,0.154,0.308333333333333,2.45833333333333
"1012",2026-02-01 16:51:00,0.893,1.4205,0.893,2.929933,4.6606605,8.98107418952471,13.1664291516333,313.355294117647,29.6531269502062,0,23.5839802203829,59.7999973241185,0.1615,0.309,2.4835
"1013",2026-02-01 16:52:00,0.896,1.426,0.896,2.939776,4.678706,9.2426588746565,13.6895985218969,312.232156862745,29.6537175499211,0,23.5400918996458,59.599997333068,0.169,0.309666666666667,2.50866666666667
"1014",2026-02-01 16:53:00,0.899,1.4315,0.899,2.949619,4.6967515,9.50424355978828,14.2127678921605,311.109019607843,29.6543081496361,0,23.4962035789087,59.3999973420174,0.1765,0.310333333333333,2.53383333333333
"1015",2026-02-01 16:54:00,0.902,1.437,0.902,2.959462,4.714797,9.76582824492007,14.735937262424,309.985882352941,29.654898749351,0,23.4523152581716,59.1999973509668,0.184,0.311,2.559
"1016",2026-02-01 16:55:00,0.905,1.4425,0.905,2.969305,4.7328425,10.0274129300519,15.2591066326876,308.862745098039,29.655489349066,0,23.4084269374345,58.9999973599163,0.1915,0.317,2.5885
"1017",2026-02-01 16:56:00,0.908,1.448,0.908,2.979148,4.750888,10.0274129300519,14.9975219475558,309.42431372549,29.655489349066,0,23.3864394705949,59.1799973518618,0.199,0.323,2.618
"1018",2026-02-01 16:57:00,0.911,1.4535,0.911,2.988991,4.7689335,10.0274129300519,14.735937262424,309.985882352941,29.655489349066,0,23.3644520037553,59.3599973438073,0.2065,0.329,2.6475
"1019",2026-02-01 16:58:00,0.914,1.459,0.914,2.998834,4.786979,10.0274129300519,14.4743525772922,310.547450980392,29.655489349066,0,23.3424645369157,59.5399973357528,0.214,0.335,2.677
"1020",2026-02-01 16:59:00,0.917,1.4645,0.917,3.008677,4.8050245,10.0274129300519,14.2127678921605,311.109019607843,29.655489349066,0,23.3204770700761,59.7199973276983,0.2215,0.341,2.7065
"1021",2026-02-01 17:00:00,0.92,1.47,0.92,3.01852,4.82307,10.0274129300519,13.9511832070287,311.670588235294,29.655489349066,0,23.2984896032365,59.8999973196438,0.229,0.347,2.736
"1022",2026-02-01 17:01:00,0.9235,1.4755,0.9235,3.0300035,4.8411155,10.0274129300519,14.4743525772922,311.670588235294,29.655489349066,0,23.2544273020369,59.6999973285932,0.2365,0.351833333333333,2.76233333333333
"1023",2026-02-01 17:02:00,0.927,1.481,0.927,3.041487,4.859161,10.0274129300519,14.9975219475558,311.670588235294,29.655489349066,0,23.2103650008373,59.4999973375427,0.244,0.356666666666667,2.78866666666667
"1024",2026-02-01 17:03:00,0.9305,1.4865,0.9305,3.0529705,4.8772065,10.0274129300519,15.5206913178194,311.670588235294,29.655489349066,0,23.1663026996377,59.2999973464921,0.2515,0.3615,2.815
"1025",2026-02-01 17:04:00,0.934,1.492,0.934,3.064454,4.895252,10.0274129300519,16.043860688083,311.670588235294,29.655489349066,0,23.1222403984381,59.0999973554415,0.259,0.366333333333333,2.84133333333333
"1026",2026-02-01 17:05:00,0.9375,1.4975,0.9375,3.0759375,4.9132975,10.0274129300519,16.5670300583465,311.670588235294,29.655489349066,0,23.0781780972385,58.899997364391,0.2665,0.371166666666667,2.86766666666667
"1027",2026-02-01 17:06:00,0.941,1.503,0.941,3.087421,4.931343,10.2889976151836,16.5670300583465,311.95137254902,29.655489349066,0,23.0450543243708,58.7199973724455,0.274,0.376,2.894
"1028",2026-02-01 17:07:00,0.9445,1.5085,0.9445,3.0989045,4.9493885,10.5505823003154,16.5670300583465,312.232156862745,29.655489349066,0,23.011930551503,58.5399973805,0.286,0.389166666666667,2.92066666666667
"1029",2026-02-01 17:08:00,0.948,1.514,0.948,3.110388,4.967434,10.8121669854472,16.5670300583465,312.512941176471,29.655489349066,0,22.9788067786353,58.3599973885545,0.298,0.402333333333333,2.94733333333333
"1030",2026-02-01 17:09:00,0.9515,1.5195,0.9515,3.1218715,4.9854795,11.073751670579,16.5670300583465,312.793725490196,29.655489349066,0,22.9456830057676,58.179997396609,0.31,0.4155,2.974
"1031",2026-02-01 17:10:00,0.955,1.525,0.955,3.133355,5.003525,11.3353363557108,16.5670300583465,313.074509803922,29.655489349066,0,22.9125592328998,57.9999974046634,0.322,0.428666666666667,3.00066666666667
"1032",2026-02-01 17:11:00,0.9585,1.5305,0.9585,3.1448385,5.0215705,11.4225312507547,17.0030045335662,313.355294117647,29.655489349066,0,22.9015031971991,57.9599974064533,0.334,0.441833333333333,3.02733333333333
"1033",2026-02-01 17:12:00,0.962,1.536,0.962,3.156322,5.039616,11.5097261457987,17.4389790087858,313.636078431373,29.655489349066,0,22.8904471614983,57.9199974082432,0.346,0.455,3.054
"1034",2026-02-01 17:13:00,0.9655,1.5415,0.9655,3.1678055,5.0576615,11.5969210408426,17.8749534840055,313.916862745098,29.655489349066,0,22.8793911257975,57.8799974100331,0.358166666666667,0.468166666666667,3.08416666666667
"1035",2026-02-01 17:14:00,0.969,1.547,0.969,3.179289,5.075707,11.6841159358865,18.3109279592251,314.197647058824,29.655489349066,0,22.8683350900967,57.839997411823,0.370333333333333,0.481333333333333,3.11433333333333
"1036",2026-02-01 17:15:00,0.9725,1.5525,0.9725,3.1907725,5.0937525,11.7713108309304,18.7469024344448,314.478431372549,29.655489349066,0,22.857279054396,57.7999974136129,0.3825,0.4945,3.1445
"1037",2026-02-01 17:16:00,0.976,1.558,0.976,3.202256,5.111798,11.6841159358865,18.2237330641812,314.478431372549,29.6566705484959,0,22.8462155974049,58.0799974010837,0.394666666666666,0.507666666666667,3.17466666666667
"1038",2026-02-01 17:17:00,0.9795,1.5635,0.9795,3.2137395,5.1298435,11.5969210408426,17.7005636939176,314.478431372549,29.6578517479258,0,22.8351521404138,58.3599973885545,0.406833333333333,0.520833333333333,3.20483333333333
"1039",2026-02-01 17:18:00,0.983,1.569,0.983,3.225223,5.147889,11.5097261457987,17.1773943236541,314.478431372549,29.6590329473557,0,22.8240886834227,58.6399973760253,0.419,0.534,3.235
"1040",2026-02-01 17:19:00,0.9865,1.5745,0.9865,3.2367065,5.1659345,11.4225312507547,16.6542249533905,314.478431372549,29.6602141467857,0,22.8130252264317,58.919997363496,0.43375,0.549833333333333,3.26666666666667
"1041",2026-02-01 17:20:00,0.99,1.58,0.99,3.24819,5.18398,11.3353363557108,16.1310555831269,314.478431372549,29.6613953462156,0,22.8019617694406,59.1999973509668,0.4485,0.565666666666667,3.29833333333333
"1042",2026-02-01 17:21:00,0.9855,1.5735,0.9855,3.2334255,5.1626535,11.1609465656229,16.1310555831269,313.636078431373,29.6602141467857,0,22.7465324824038,58.919997363496,0.46325,0.5815,3.33
"1043",2026-02-01 17:22:00,0.981,1.567,0.981,3.218661,5.141327,10.9865567755351,16.1310555831269,312.793725490196,29.6590329473557,0,22.691103195367,58.6399973760253,0.478,0.597333333333333,3.36166666666667
"1044",2026-02-01 17:23:00,0.9765,1.5605,0.9765,3.2038965,5.1200005,10.8121669854472,16.1310555831269,311.95137254902,29.6578517479258,0,22.6356739083302,58.3599973885545,0.49275,0.613166666666667,3.39333333333333
"1045",2026-02-01 17:24:00,0.972,1.554,0.972,3.189132,5.098674,10.6377771953594,16.1310555831269,311.109019607843,29.6566705484959,0,22.5802446212934,58.0799974010837,0.5075,0.629,3.425
"1046",2026-02-01 17:25:00,0.9675,1.5475,0.9675,3.1743675,5.0773475,10.4633874052715,16.1310555831269,310.266666666667,29.655489349066,0,22.5248153342566,57.7999974136129,0.52225,0.6475,3.454
"1047",2026-02-01 17:26:00,0.963,1.541,0.963,3.159603,5.056021,10.9865567755351,17.1773943236541,311.109019607843,29.654898749351,0,22.5248153342566,57.859997410928,0.537,0.666,3.483
"1048",2026-02-01 17:27:00,0.9585,1.5345,0.9585,3.1448385,5.0346945,11.5097261457987,18.2237330641812,311.95137254902,29.6543081496361,0,22.5248153342566,57.9199974082432,0.55175,0.6845,3.512
"1049",2026-02-01 17:28:00,0.954,1.528,0.954,3.130074,5.013368,12.0328955160622,19.2700718047084,312.793725490196,29.6537175499211,0,22.5248153342566,57.9799974055584,0.5665,0.703,3.541
"1050",2026-02-01 17:29:00,0.9495,1.5215,0.9495,3.1153095,4.9920415,12.5560648863258,20.3164105452355,313.636078431373,29.6531269502062,0,22.5248153342566,58.0399974028736,0.58125,0.7215,3.57
"1051",2026-02-01 17:30:00,0.945,1.515,0.945,3.100545,4.970715,13.0792342565894,21.3627492857627,314.478431372549,29.6525363504912,0,22.5248153342566,58.0999974001887,0.596,0.74,3.599
"1052",2026-02-01 17:31:00,0.9405,1.5085,0.9405,3.0857805,4.9493885,13.0792342565894,21.0139697055869,315.320784313725,29.6537175499211,0,22.5248153342566,58.3399973894494,0.613166666666667,0.7575,3.63066666666667
"1053",2026-02-01 17:32:00,0.936,1.502,0.936,3.071016,4.928062,13.0792342565894,20.6651901254112,316.163137254902,29.654898749351,0,22.5248153342566,58.5799973787101,0.630333333333333,0.775,3.66233333333333
"1054",2026-02-01 17:33:00,0.9315,1.4955,0.9315,3.0562515,4.9067355,13.0792342565894,20.3164105452355,317.005490196078,29.656079948781,0,22.5248153342566,58.8199973679708,0.6475,0.7925,3.694
"1055",2026-02-01 17:34:00,0.927,1.489,0.927,3.041487,4.885409,13.0792342565894,19.9676309650598,317.847843137255,29.6572611482109,0,22.5248153342566,59.0599973572314,0.664666666666667,0.81,3.72566666666667
"1056",2026-02-01 17:35:00,0.9225,1.4825,0.9225,3.0267225,4.8640825,13.0792342565894,19.6188513848841,318.690196078431,29.6584423476408,0,22.5248153342566,59.2999973464921,0.681833333333333,0.8275,3.75733333333333
"1057",2026-02-01 17:36:00,0.918,1.476,0.918,3.011958,4.842756,12.7304546764137,19.0084871195766,318.409411764706,29.6590329473557,0,22.5248153342566,59.259997348282,0.699,0.845,3.789
"1058",2026-02-01 17:37:00,0.9135,1.4695,0.9135,2.9971935,4.8214295,12.3816750962379,18.3981228542691,318.12862745098,29.6596235470707,0,22.5248153342566,59.2199973500719,0.721333333333333,0.8675,3.82183333333333
"1059",2026-02-01 17:38:00,0.909,1.463,0.909,2.982429,4.800103,12.0328955160622,17.7877585889616,317.847843137255,29.6602141467857,0,22.5248153342566,59.1799973518618,0.743666666666667,0.89,3.85466666666667
"1060",2026-02-01 17:39:00,0.9045,1.4565,0.9045,2.9676645,4.7787765,11.6841159358865,17.1773943236541,317.567058823529,29.6608047465006,0,22.5248153342566,59.1399973536517,0.766,0.9125,3.8875
"1061",2026-02-01 17:40:00,0.9,1.45,0.9,2.9529,4.75745,11.3353363557108,16.5670300583465,317.286274509804,29.6613953462156,0,22.5248153342566,59.0999973554415,0.788333333333333,0.935,3.92033333333333
"1062",2026-02-01 17:41:00,0.896,1.4425,0.896,2.939776,4.7328425,11.1609465656229,16.3926402682587,316.443921568627,29.6613953462156,0,22.491467452459,59.1599973527567,0.810666666666667,0.9575,3.95316666666667
"1063",2026-02-01 17:42:00,0.892,1.435,0.892,2.926652,4.708235,10.9865567755351,16.2182504781708,315.601568627451,29.6613953462156,0,22.4581195706614,59.2199973500719,0.833,0.98,3.986
"1064",2026-02-01 17:43:00,0.888,1.4275,0.888,2.913528,4.6836275,10.8121669854472,16.043860688083,314.759215686275,29.6613953462156,0,22.4247716888637,59.279997347387,0.862333333333334,1.00133333333333,4.01883333333333
"1065",2026-02-01 17:44:00,0.884,1.42,0.884,2.900404,4.65902,10.6377771953594,15.8694708979951,313.916862745098,29.6613953462156,0,22.3914238070661,59.3399973447022,0.891666666666667,1.02266666666667,4.05166666666667
"1066",2026-02-01 17:45:00,0.88,1.4125,0.88,2.88728,4.6344125,10.4633874052715,15.6950811079073,313.074509803922,29.6613953462156,0,22.3580759252684,59.3999973420174,0.921,1.044,4.0845
"1067",2026-02-01 17:46:00,0.876,1.405,0.876,2.874156,4.609805,10.8121669854472,15.8694708979951,311.95137254902,29.6613953462156,0,22.3358060444207,59.1999973509668,0.950333333333334,1.06533333333333,4.11733333333333
"1068",2026-02-01 17:47:00,0.872,1.3975,0.872,2.861032,4.5851975,11.1609465656229,16.043860688083,310.828235294118,29.6613953462156,0,22.313536163573,58.9999973599163,0.979666666666667,1.08666666666667,4.15016666666667
"1069",2026-02-01 17:48:00,0.868,1.39,0.868,2.847908,4.56059,11.5097261457987,16.2182504781708,309.705098039216,29.6613953462156,0,22.2912662827253,58.7999973688657,1.009,1.108,4.183
"1070",2026-02-01 17:49:00,0.864,1.3825,0.864,2.834784,4.5359825,11.8585057259744,16.3926402682587,308.581960784314,29.6613953462156,0,22.2689964018776,58.5999973778151,1.03233333333333,1.137,4.21416666666667
"1071",2026-02-01 17:50:00,0.86,1.375,0.86,2.82166,4.511375,12.2072853061501,16.5670300583465,307.458823529412,29.6613953462156,0,22.2467265210299,58.3999973867646,1.05566666666667,1.166,4.24533333333333
"1072",2026-02-01 17:51:00,0.856,1.3675,0.856,2.808536,4.4867675,12.1200904111062,16.7414198484344,308.301176470588,29.6608047465006,0,22.2355801326607,58.8399973670758,1.079,1.195,4.2765
"1073",2026-02-01 17:52:00,0.852,1.36,0.852,2.795412,4.46216,12.0328955160622,16.9158096385223,309.143529411765,29.6602141467857,0,22.2244337442915,59.279997347387,1.10233333333333,1.224,4.30766666666667
"1074",2026-02-01 17:53:00,0.848,1.3525,0.848,2.782288,4.4375525,11.9457006210183,17.0901994286101,309.985882352941,29.6596235470707,0,22.2132873559223,59.7199973276983,1.12566666666667,1.253,4.33883333333333
"1075",2026-02-01 17:54:00,0.844,1.345,0.844,2.769164,4.412945,11.8585057259744,17.264589218698,310.828235294118,29.6590329473557,0,22.2021409675531,60.1599973080095,1.149,1.282,4.37
"1076",2026-02-01 17:55:00,0.84,1.3375,0.84,2.75604,4.3883375,11.7713108309304,17.4389790087858,311.670588235294,29.6584423476408,0,22.1909945791838,60.5999972883208,1.17733333333333,1.306,4.40166666666667
"1077",2026-02-01 17:56:00,0.836,1.33,0.836,2.742916,4.36373,12.2072853061501,18.1365381691373,311.670588235294,29.6590329473557,0,22.1575093803285,60.31999730085,1.20566666666667,1.33,4.43333333333333
"1078",2026-02-01 17:57:00,0.832,1.3225,0.832,2.729792,4.3391225,12.6432597813697,18.8340973294887,311.670588235294,29.6596235470707,0,22.1240241814732,60.0399973133792,1.234,1.354,4.465
"1079",2026-02-01 17:58:00,0.828,1.315,0.828,2.716668,4.314515,13.0792342565894,19.5316564898401,311.670588235294,29.6602141467857,0,22.0905389826178,59.7599973259084,1.26233333333333,1.378,4.49666666666667
"1080",2026-02-01 17:59:00,0.824,1.3075,0.824,2.703544,4.2899075,13.515208731809,20.2292156501916,311.670588235294,29.6608047465006,0,22.0570537837625,59.4799973384376,1.29066666666667,1.402,4.52833333333333
"1081",2026-02-01 18:00:00,0.82,1.3,0.82,2.69042,4.2653,13.9511832070287,20.926774810543,311.670588235294,29.6613953462156,0,22.0235685849071,59.1999973509668,1.319,1.426,4.56
"1082",2026-02-01 18:01:00,0.8225,1.3045,0.8225,2.6986225,4.2800645,13.7767934169408,20.7523850204552,311.670588235294,29.6608047465006,0,21.9900139088684,59.1599973527567,1.343,1.456,4.59183333333333
"1083",2026-02-01 18:02:00,0.825,1.309,0.825,2.706825,4.294829,13.602403626853,20.5779952303673,311.670588235294,29.6602141467857,0,21.9564592328296,59.1199973545466,1.367,1.486,4.62366666666667
"1084",2026-02-01 18:03:00,0.8275,1.3135,0.8275,2.7150275,4.3095935,13.4280138367651,20.4036054402794,311.670588235294,29.6596235470707,0,21.9229045567909,59.0799973563365,1.391,1.516,4.6555
"1085",2026-02-01 18:04:00,0.83,1.318,0.83,2.72323,4.324358,13.2536240466772,20.2292156501916,311.670588235294,29.6590329473557,0,21.8893498807521,59.0399973581264,1.415,1.546,4.68733333333333
"1086",2026-02-01 18:05:00,0.8325,1.3225,0.8325,2.7314325,4.3391225,13.0792342565894,20.0548258601037,311.670588235294,29.6584423476408,0,21.8557952047134,58.9999973599163,1.439,1.576,4.71916666666667
"1087",2026-02-01 18:06:00,0.835,1.327,0.835,2.739635,4.353887,12.9048444665015,19.7932411749719,311.670588235294,29.6584423476408,0,21.8781727356202,59.259997348282,1.463,1.606,4.751
"1088",2026-02-01 18:07:00,0.8375,1.3315,0.8375,2.7478375,4.3686515,12.7304546764137,19.5316564898401,311.670588235294,29.6584423476408,0,21.9005502665271,59.5199973366477,1.49466666666667,1.64216666666667,4.781
"1089",2026-02-01 18:08:00,0.84,1.336,0.84,2.75604,4.383416,12.5560648863258,19.2700718047084,311.670588235294,29.6584423476408,0,21.922927797434,59.7799973250135,1.52633333333333,1.67833333333333,4.811
"1090",2026-02-01 18:09:00,0.8425,1.3405,0.8425,2.7642425,4.3981805,12.3816750962379,19.0084871195766,311.670588235294,29.6584423476408,0,21.9453053283409,60.0399973133792,1.558,1.7145,4.841
"1091",2026-02-01 18:10:00,0.845,1.345,0.845,2.772445,4.412945,12.2072853061501,18.7469024344448,311.670588235294,29.6584423476408,0,21.9676828592478,60.2999973017449,1.58966666666667,1.75066666666667,4.871
"1092",2026-02-01 18:11:00,0.8475,1.3495,0.8475,2.7806475,4.4277095,12.3816750962379,19.0084871195766,311.95137254902,29.6590329473557,0,21.9564979740613,60.2599973035348,1.62133333333333,1.78683333333333,4.901
"1093",2026-02-01 18:12:00,0.85,1.354,0.85,2.78885,4.442474,12.5560648863258,19.2700718047084,312.232156862745,29.6596235470707,0,21.9453130888749,60.2199973053247,1.653,1.823,4.931
"1094",2026-02-01 18:13:00,0.8525,1.3585,0.8525,2.7970525,4.4572385,12.7304546764137,19.5316564898401,312.512941176471,29.6602141467857,0,21.9341282036884,60.1799973071146,1.6835,1.85533333333333,4.95733333333333
"1095",2026-02-01 18:14:00,0.855,1.363,0.855,2.805255,4.472003,12.9048444665015,19.7932411749719,312.793725490196,29.6608047465006,0,21.9229433185019,60.1399973089045,1.714,1.88766666666667,4.98366666666667
"1096",2026-02-01 18:15:00,0.8575,1.3675,0.8575,2.8134575,4.4867675,13.0792342565894,20.0548258601037,313.074509803922,29.6613953462156,0,21.9117584333155,60.0999973106944,1.7445,1.92,5.01
"1097",2026-02-01 18:16:00,0.86,1.372,0.86,2.82166,4.501532,12.9920393615455,19.5316564898401,313.074509803922,29.6608047465006,0,21.8893653607943,59.9199973187489,1.775,1.95233333333333,5.03633333333333
"1098",2026-02-01 18:17:00,0.8625,1.3765,0.8625,2.8298625,4.5162965,12.9048444665015,19.0084871195766,313.074509803922,29.6602141467857,0,21.8669722882732,59.7399973268033,1.8055,1.98466666666667,5.06266666666667
"1099",2026-02-01 18:18:00,0.865,1.381,0.865,2.838065,4.531061,12.8176495714576,18.485317749313,313.074509803922,29.6596235470707,0,21.844579215752,59.5599973348578,1.836,2.017,5.089
"1100",2026-02-01 18:19:00,0.8675,1.3855,0.8675,2.8462675,4.5458255,12.7304546764137,17.9621483790494,313.074509803922,29.6590329473557,0,21.8221861432309,59.3799973429123,1.86783333333333,2.05083333333333,5.11683333333333
"1101",2026-02-01 18:20:00,0.87,1.39,0.87,2.85447,4.56059,12.6432597813697,17.4389790087858,313.074509803922,29.6584423476408,0,21.7997930707098,59.1999973509668,1.89966666666667,2.08466666666667,5.14466666666667
"1102",2026-02-01 18:21:00,0.8705,1.391,0.8705,2.8561105,4.563871,12.6432597813697,17.3517841137419,313.636078431373,29.6590329473557,0,21.7997930707098,59.4199973411225,1.9315,2.1185,5.1725
"1103",2026-02-01 18:22:00,0.871,1.392,0.871,2.857751,4.567152,12.6432597813697,17.264589218698,314.197647058824,29.6596235470707,0,21.7997930707098,59.6399973312781,1.96333333333333,2.15233333333333,5.20033333333333
"1104",2026-02-01 18:23:00,0.8715,1.393,0.8715,2.8593915,4.570433,12.6432597813697,17.1773943236541,314.759215686275,29.6602141467857,0,21.7997930707098,59.8599973214337,1.99516666666667,2.18616666666667,5.22816666666667
"1105",2026-02-01 18:24:00,0.872,1.394,0.872,2.861032,4.573714,12.6432597813697,17.0901994286101,315.320784313725,29.6608047465006,0,21.7997930707098,60.0799973115893,2.027,2.22,5.256
"1106",2026-02-01 18:25:00,0.8725,1.395,0.8725,2.8626725,4.576995,12.6432597813697,17.0030045335662,315.882352941176,29.6613953462156,0,21.7997930707098,60.2999973017449,2.06433333333333,2.255,5.28333333333333
"1107",2026-02-01 18:26:00,0.873,1.396,0.873,2.864313,4.580276,12.7304546764137,17.264589218698,314.197647058824,29.6608047465006,0,21.766144897346,60.4599972945854,2.10166666666667,2.29,5.31066666666667
"1108",2026-02-01 18:27:00,0.8735,1.397,0.8735,2.8659535,4.583557,12.8176495714576,17.5261739038298,312.512941176471,29.6602141467857,0,21.7324967239822,60.6199972874258,2.139,2.325,5.338
"1109",2026-02-01 18:28:00,0.874,1.398,0.874,2.867594,4.586838,12.9048444665015,17.7877585889616,310.828235294118,29.6596235470707,0,21.6988485506183,60.7799972802663,2.17633333333333,2.36,5.36533333333333
"1110",2026-02-01 18:29:00,0.8745,1.399,0.8745,2.8692345,4.590119,12.9920393615455,18.0493432740933,309.143529411765,29.6590329473557,0,21.6652003772545,60.9399972731067,2.21366666666667,2.395,5.39266666666667
"1111",2026-02-01 18:30:00,0.875,1.4,0.875,2.870875,4.5934,13.0792342565894,18.3109279592251,307.458823529412,29.6584423476408,0,21.6315522038907,61.0999972659472,2.251,2.43,5.42
"1112",2026-02-01 18:31:00,0.8755,1.401,0.8755,2.8725155,4.596681,13.3408189417212,19.1828769096644,307.458823529412,29.6590329473557,0,21.5978332546073,60.8199972784764,2.28033333333333,2.47,5.44516666666667
"1113",2026-02-01 18:32:00,0.876,1.402,0.876,2.874156,4.599962,13.602403626853,20.0548258601037,307.458823529412,29.6596235470707,0,21.5641143053239,60.5399972910056,2.30966666666667,2.51,5.47033333333333
"1114",2026-02-01 18:33:00,0.8765,1.403,0.8765,2.8757965,4.603243,13.8639883119847,20.926774810543,307.458823529412,29.6602141467857,0,21.5303953560404,60.2599973035348,2.339,2.55,5.4955
"1115",2026-02-01 18:34:00,0.877,1.404,0.877,2.877437,4.606524,14.1255729971165,21.7987237609823,307.458823529412,29.6608047465006,0,21.496676406757,59.979997316064,2.36833333333333,2.59,5.52066666666667
"1116",2026-02-01 18:35:00,0.8775,1.405,0.8775,2.8790775,4.609805,14.3871576822483,22.6706727114216,307.458823529412,29.6613953462156,0,21.4629574574735,59.6999973285932,2.39766666666667,2.63,5.54583333333333
"1117",2026-02-01 18:36:00,0.878,1.406,0.878,2.880718,4.613086,14.2127678921605,21.9731135510702,307.458823529412,29.6608047465006,0,21.4517019820925,59.9399973178539,2.427,2.67,5.571
"1118",2026-02-01 18:37:00,0.8785,1.407,0.8785,2.8823585,4.616367,14.0383781020726,21.2755543907187,307.458823529412,29.6602141467857,0,21.4404465067114,60.1799973071146,2.46516666666667,2.70216666666667,5.59616666666667
"1119",2026-02-01 18:38:00,0.879,1.408,0.879,2.883999,4.619648,13.8639883119847,20.5779952303673,307.458823529412,29.6596235470707,0,21.4291910313303,60.4199972963753,2.50333333333333,2.73433333333333,5.62133333333333
"1120",2026-02-01 18:39:00,0.8795,1.409,0.8795,2.8856395,4.622929,13.6895985218969,19.8804360700159,307.458823529412,29.6590329473557,0,21.4179355559492,60.659997285636,2.5415,2.7665,5.6465
"1121",2026-02-01 18:40:00,0.88,1.41,0.88,2.88728,4.62621,13.515208731809,19.1828769096644,307.458823529412,29.6584423476408,0,21.4066800805682,60.8999972748966,2.57966666666667,2.79866666666667,5.67166666666667
"1122",2026-02-01 18:41:00,0.8845,1.4165,0.8845,2.9020445,4.6475365,13.602403626853,18.9212922245326,307.458823529412,29.6590329473557,0,21.3841452649034,60.7799972802663,2.61783333333333,2.83083333333333,5.69683333333333
"1123",2026-02-01 18:42:00,0.889,1.423,0.889,2.916809,4.668863,13.6895985218969,18.6597075394009,307.458823529412,29.6596235470707,0,21.3616104492386,60.659997285636,2.656,2.863,5.722
"1124",2026-02-01 18:43:00,0.8935,1.4295,0.8935,2.9315735,4.6901895,13.7767934169408,18.3981228542691,307.458823529412,29.6602141467857,0,21.3390756335738,60.5399972910056,2.69083333333333,2.90066666666667,5.74266666666667
"1125",2026-02-01 18:44:00,0.898,1.436,0.898,2.946338,4.711516,13.8639883119847,18.1365381691373,307.458823529412,29.6608047465006,0,21.316540817909,60.4199972963753,2.72566666666667,2.93833333333333,5.76333333333333
"1126",2026-02-01 18:45:00,0.9025,1.4425,0.9025,2.9611025,4.7328425,13.9511832070287,17.8749534840055,307.458823529412,29.6613953462156,0,21.2940060022442,60.2999973017449,2.7605,2.976,5.784
"1127",2026-02-01 18:46:00,0.907,1.449,0.907,2.975867,4.754169,13.8639883119847,17.7877585889616,307.458823529412,29.6608047465006,0,21.2714392252473,60.3599972990601,2.79533333333333,3.01366666666667,5.80466666666667
"1128",2026-02-01 18:47:00,0.9115,1.4555,0.9115,2.9906315,4.7754955,13.7767934169408,17.7005636939176,307.458823529412,29.6602141467857,0,21.2488724482503,60.4199972963753,2.83016666666667,3.05133333333333,5.82533333333333
"1129",2026-02-01 18:48:00,0.916,1.462,0.916,3.005396,4.796822,13.6895985218969,17.6133687988737,307.458823529412,29.6596235470707,0,21.2263056712533,60.4799972936904,2.865,3.089,5.846
"1130",2026-02-01 18:49:00,0.9205,1.4685,0.9205,3.0201605,4.8181485,13.602403626853,17.5261739038298,307.458823529412,29.6590329473557,0,21.2037388942563,60.5399972910056,2.899,3.12516666666667,5.863
"1131",2026-02-01 18:50:00,0.925,1.475,0.925,3.034925,4.839475,13.515208731809,17.4389790087858,307.458823529412,29.6584423476408,0,21.1811721172594,60.5999972883208,2.933,3.16133333333333,5.88
"1132",2026-02-01 18:51:00,0.9295,1.4815,0.9295,3.0496895,4.8608015,13.602403626853,17.7877585889616,307.178039215686,29.6590329473557,0,21.1924595115695,60.8399972775814,2.967,3.1975,5.897
"1133",2026-02-01 18:52:00,0.934,1.488,0.934,3.064454,4.882128,13.6895985218969,18.1365381691373,306.897254901961,29.6596235470707,0,21.2037469058796,61.0799972668421,3.001,3.23366666666667,5.914
"1134",2026-02-01 18:53:00,0.9385,1.4945,0.9385,3.0792185,4.9034545,13.7767934169408,18.485317749313,306.616470588235,29.6602141467857,0,21.2150343001898,61.3199972561028,3.035,3.26983333333333,5.931
"1135",2026-02-01 18:54:00,0.943,1.501,0.943,3.093983,4.924781,13.8639883119847,18.8340973294887,306.33568627451,29.6608047465006,0,21.2263216944999,61.5599972453635,3.069,3.306,5.948
"1136",2026-02-01 18:55:00,0.9475,1.5075,0.9475,3.1087475,4.9461075,13.9511832070287,19.1828769096644,306.054901960784,29.6613953462156,0,21.23760908881,61.7999972346242,3.1095,3.3465,5.965
"1137",2026-02-01 18:56:00,0.952,1.514,0.952,3.123512,4.967434,13.9511832070287,19.2700718047084,306.616470588235,29.6602141467857,0,21.23760908881,61.7999972346242,3.15,3.387,5.982
"1138",2026-02-01 18:57:00,0.9565,1.5205,0.9565,3.1382765,4.9887605,13.9511832070287,19.3572666997523,307.178039215686,29.6590329473557,0,21.23760908881,61.7999972346242,3.1905,3.4275,5.999
"1139",2026-02-01 18:58:00,0.961,1.527,0.961,3.153041,5.010087,13.9511832070287,19.4444615947962,307.739607843137,29.6578517479258,0,21.23760908881,61.7999972346242,3.231,3.468,6.016
"1140",2026-02-01 18:59:00,0.9655,1.5335,0.9655,3.1678055,5.0314135,13.9511832070287,19.5316564898401,308.301176470588,29.6566705484959,0,21.23760908881,61.7999972346242,3.2715,3.5085,6.033
"1141",2026-02-01 19:00:00,0.97,1.54,0.97,3.18257,5.05274,13.9511832070287,19.6188513848841,308.862745098039,29.655489349066,0,21.23760908881,61.7999972346242,3.312,3.549,6.05
"1142",2026-02-01 19:01:00,0.972,1.544,0.972,3.189132,5.065864,14.1255729971165,20.1420207551476,309.143529411765,29.6566705484959,0,21.2488884714969,61.759997236414,3.34866666666667,3.58233333333333,6.06466666666667
"1143",2026-02-01 19:02:00,0.974,1.548,0.974,3.195694,5.078988,14.2999627872044,20.6651901254112,309.42431372549,29.6578517479258,0,21.2601678541837,61.7199972382039,3.38533333333333,3.61566666666667,6.07933333333333
"1144",2026-02-01 19:03:00,0.976,1.552,0.976,3.202256,5.092112,14.4743525772922,21.1883594956748,309.705098039216,29.6590329473557,0,21.2714472368706,61.6799972399938,3.422,3.649,6.094
"1145",2026-02-01 19:04:00,0.978,1.556,0.978,3.208818,5.105236,14.6487423673801,21.7115288659384,309.985882352941,29.6602141467857,0,21.2827266195574,61.6399972417837,3.45866666666667,3.68233333333333,6.10866666666667
"1146",2026-02-01 19:05:00,0.98,1.56,0.98,3.21538,5.11836,14.823132157468,22.234698236202,310.266666666667,29.6613953462156,0,21.2940060022442,61.5999972435736,3.49533333333333,3.71566666666667,6.12333333333333
"1147",2026-02-01 19:06:00,0.982,1.564,0.982,3.221942,5.131484,14.6487423673801,21.5371390758505,309.143529411765,29.6619859459305,0,21.2827266195574,61.4199972516281,3.532,3.749,6.138
"1148",2026-02-01 19:07:00,0.984,1.568,0.984,3.228504,5.144608,14.4743525772922,20.8395799154991,308.020392156863,29.6625765456455,0,21.2714472368706,61.2399972596826,3.56416666666667,3.78566666666667,6.149
"1149",2026-02-01 19:08:00,0.986,1.572,0.986,3.235066,5.157732,14.2999627872044,20.1420207551476,306.897254901961,29.6631671453605,0,21.2601678541837,61.0599972677371,3.59633333333333,3.82233333333333,6.16
"1150",2026-02-01 19:09:00,0.988,1.576,0.988,3.241628,5.170856,14.1255729971165,19.4444615947962,305.774117647059,29.6637577450754,0,21.2488884714969,60.8799972757916,3.6285,3.859,6.171
"1151",2026-02-01 19:10:00,0.99,1.58,0.99,3.24819,5.18398,13.9511832070287,18.7469024344448,304.650980392157,29.6643483447904,0,21.23760908881,60.699997283846,3.66066666666667,3.89566666666667,6.182
"1152",2026-02-01 19:11:00,0.992,1.584,0.992,3.254752,5.197104,13.9511832070287,18.6597075394009,306.054901960784,29.6637577450754,0,21.2150262671878,60.699997283846,3.69283333333333,3.93233333333333,6.193
"1153",2026-02-01 19:12:00,0.994,1.588,0.994,3.261314,5.210228,13.9511832070287,18.5725126443569,307.458823529412,29.6631671453605,0,21.1924434455656,60.699997283846,3.725,3.969,6.204
"1154",2026-02-01 19:13:00,0.996,1.592,0.996,3.267876,5.223352,13.9511832070287,18.485317749313,308.862745098039,29.6625765456455,0,21.1698606239435,60.699997283846,3.769,4.00666666666667,6.215
"1155",2026-02-01 19:14:00,0.998,1.596,0.998,3.274438,5.236476,13.9511832070287,18.3981228542691,310.266666666667,29.6619859459305,0,21.1472778023213,60.699997283846,3.813,4.04433333333333,6.226
"1156",2026-02-01 19:15:00,1,1.6,1,3.281,5.2496,13.9511832070287,18.3109279592251,311.670588235294,29.6613953462156,0,21.1246949806991,60.699997283846,3.857,4.082,6.237
"1157",2026-02-01 19:16:00,1.002,1.604,1.002,3.287562,5.262724,14.0383781020726,18.5725126443569,311.109019607843,29.6613953462156,0,21.1133914989345,60.6599972856359,3.901,4.11966666666667,6.248
"1158",2026-02-01 19:17:00,1.004,1.608,1.004,3.294124,5.275848,14.1255729971165,18.8340973294887,310.547450980392,29.6613953462156,0,21.10208801717,60.6199972874258,3.945,4.15733333333333,6.259
"1159",2026-02-01 19:18:00,1.006,1.612,1.006,3.300686,5.288972,14.2127678921605,19.0956820146205,309.985882352941,29.6613953462156,0,21.0907845354055,60.5799972892157,3.989,4.195,6.27
"1160",2026-02-01 19:19:00,1.008,1.616,1.008,3.307248,5.302096,14.2999627872044,19.3572666997523,309.42431372549,29.6613953462156,0,21.0794810536409,60.5399972910056,4.02616666666667,4.23716666666667,6.2765
"1161",2026-02-01 19:20:00,1.01,1.62,1.01,3.31381,5.31522,14.3871576822483,19.6188513848841,308.862745098039,29.6613953462156,0,21.0681775718764,60.4999972927955,4.06333333333333,4.27933333333333,6.283
"1162",2026-02-01 19:21:00,1.009,1.6185,1.009,3.310529,5.3102985,14.1255729971165,19.6188513848841,308.862745098039,29.6613953462156,0,21.090776480953,60.7599972811612,4.1005,4.3215,6.2895
"1163",2026-02-01 19:22:00,1.008,1.617,1.008,3.307248,5.305377,13.8639883119847,19.6188513848841,308.862745098039,29.6613953462156,0,21.1133753900296,61.019997269527,4.13766666666667,4.36366666666667,6.296
"1164",2026-02-01 19:23:00,1.007,1.6155,1.007,3.303967,5.3004555,13.602403626853,19.6188513848841,308.862745098039,29.6613953462156,0,21.1359742991062,61.2799972578927,4.17483333333333,4.40583333333333,6.3025
"1165",2026-02-01 19:24:00,1.006,1.614,1.006,3.300686,5.295534,13.3408189417212,19.6188513848841,308.862745098039,29.6613953462156,0,21.1585732081828,61.5399972462584,4.212,4.448,6.309
"1166",2026-02-01 19:25:00,1.005,1.6125,1.005,3.297405,5.2906125,13.0792342565894,19.6188513848841,308.862745098039,29.6613953462156,0,21.1811721172594,61.7999972346242,4.25233333333333,4.483,6.31116666666667
"1167",2026-02-01 19:26:00,1.004,1.611,1.004,3.294124,5.285691,13.3408189417212,19.5316564898401,308.301176470588,29.6613953462156,0,21.1811721172594,61.7199972382039,4.29266666666667,4.518,6.31333333333333
"1168",2026-02-01 19:27:00,1.003,1.6095,1.003,3.290843,5.2807695,13.602403626853,19.4444615947962,307.739607843137,29.6613953462156,0,21.1811721172594,61.6399972417837,4.333,4.553,6.3155
"1169",2026-02-01 19:28:00,1.002,1.608,1.002,3.287562,5.275848,13.8639883119847,19.3572666997523,307.178039215686,29.6613953462156,0,21.1811721172594,61.5599972453635,4.37333333333333,4.588,6.31766666666667
"1170",2026-02-01 19:29:00,1.001,1.6065,1.001,3.284281,5.2709265,14.1255729971165,19.2700718047084,306.616470588235,29.6613953462156,0,21.1811721172594,61.4799972489433,4.41366666666667,4.623,6.31983333333333
"1171",2026-02-01 19:30:00,1,1.605,1,3.281,5.266005,14.3871576822483,19.1828769096644,306.054901960784,29.6613953462156,0,21.1811721172594,61.399997252523,4.454,4.658,6.322
"1172",2026-02-01 19:31:00,0.999,1.6035,0.999,3.277719,5.2610835,14.1255729971165,19.0956820146205,305.493333333333,29.6613953462156,0,21.1359419951348,61.4199972516281,4.4935,4.6995,6.3225
"1173",2026-02-01 19:32:00,0.998,1.602,0.998,3.274438,5.256162,13.8639883119847,19.0084871195766,304.931764705882,29.6613953462156,0,21.0907118730101,61.4399972507331,4.533,4.741,6.323
"1174",2026-02-01 19:33:00,0.997,1.6005,0.997,3.271157,5.2512405,13.602403626853,18.9212922245326,304.370196078431,29.6613953462156,0,21.0454817508855,61.4599972498382,4.5725,4.7825,6.3235
"1175",2026-02-01 19:34:00,0.996,1.599,0.996,3.267876,5.246319,13.3408189417212,18.8340973294887,303.80862745098,29.6613953462156,0,21.0002516287609,61.4799972489433,4.612,4.824,6.324
"1176",2026-02-01 19:35:00,0.995,1.5975,0.995,3.264595,5.2413975,13.0792342565894,18.7469024344448,303.247058823529,29.6613953462156,0,20.9550215066363,61.4999972480483,4.6515,4.8655,6.3245
"1177",2026-02-01 19:36:00,0.994,1.596,0.994,3.261314,5.236476,12.9048444665015,18.3109279592251,303.527843137255,29.6613953462156,0,20.9663411619449,61.759997236414,4.691,4.907,6.325
"1178",2026-02-01 19:37:00,0.993,1.5945,0.993,3.258033,5.2315545,12.7304546764137,17.8749534840055,303.80862745098,29.6613953462156,0,20.9776608172535,62.0199972247798,4.72616666666667,4.948,6.3235
"1179",2026-02-01 19:38:00,0.992,1.593,0.992,3.254752,5.226633,12.5560648863258,17.4389790087858,304.089411764706,29.6613953462156,0,20.9889804725621,62.2799972131455,4.76133333333333,4.989,6.322
"1180",2026-02-01 19:39:00,0.991,1.5915,0.991,3.251471,5.2217115,12.3816750962379,17.0030045335662,304.370196078431,29.6613953462156,0,21.0003001278707,62.5399972015112,4.7965,5.03,6.3205
"1181",2026-02-01 19:40:00,0.99,1.59,0.99,3.24819,5.21679,12.2072853061501,16.5670300583465,304.650980392157,29.6613953462156,0,21.0116197831792,62.799997189877,4.83166666666667,5.071,6.319
"1182",2026-02-01 19:41:00,0.993,1.5935,0.993,3.258033,5.2282735,12.3816750962379,17.1773943236541,304.931764705882,29.6619859459305,0,21.0229313409187,62.7599971916669,4.86683333333333,5.112,6.3175
"1183",2026-02-01 19:42:00,0.996,1.597,0.996,3.267876,5.239757,12.5560648863258,17.7877585889616,305.212549019608,29.6625765456455,0,21.0342428986581,62.7199971934567,4.902,5.153,6.316
"1184",2026-02-01 19:43:00,0.999,1.6005,0.999,3.277719,5.2512405,12.7304546764137,18.3981228542691,305.493333333333,29.6631671453605,0,21.0455544563975,62.6799971952466,4.94333333333333,5.19566666666667,6.30933333333333
"1185",2026-02-01 19:44:00,1.002,1.604,1.002,3.287562,5.262724,12.9048444665015,19.0084871195766,305.774117647059,29.6637577450754,0,21.056866014137,62.6399971970365,4.98466666666667,5.23833333333333,6.30266666666667
"1186",2026-02-01 19:45:00,1.005,1.6075,1.005,3.297405,5.2742075,13.0792342565894,19.6188513848841,306.054901960784,29.6643483447904,0,21.0681775718764,62.5999971988264,5.026,5.281,6.296
"1187",2026-02-01 19:46:00,1.008,1.611,1.008,3.307248,5.285691,13.3408189417212,19.6188513848841,306.616470588235,29.6637577450754,0,21.0455463588284,62.2999972122506,5.06733333333333,5.32366666666667,6.28933333333333
"1188",2026-02-01 19:47:00,1.011,1.6145,1.011,3.317091,5.2971745,13.602403626853,19.6188513848841,307.178039215686,29.6631671453605,0,21.0229151457804,61.9999972256747,5.10866666666667,5.36633333333333,6.28266666666667
"1189",2026-02-01 19:48:00,1.014,1.618,1.014,3.326934,5.308658,13.8639883119847,19.6188513848841,307.739607843137,29.6625765456455,0,21.0002839327323,61.6999972390989,5.15,5.409,6.276
"1190",2026-02-01 19:49:00,1.017,1.6215,1.017,3.336777,5.3201415,14.1255729971165,19.6188513848841,308.301176470588,29.6619859459305,0,20.9776527196843,61.399997252523,5.19816666666667,5.45166666666667,6.26516666666667
"1191",2026-02-01 19:50:00,1.02,1.625,1.02,3.34662,5.331625,14.3871576822483,19.6188513848841,308.862745098039,29.6613953462156,0,20.9550215066363,61.0999972659472,5.24633333333333,5.49433333333333,6.25433333333333
"1192",2026-02-01 19:51:00,1.023,1.6285,1.023,3.356463,5.3431085,14.2999627872044,19.3572666997523,307.739607843137,29.6619859459305,0,20.9323578165702,61.1799972623674,5.2945,5.537,6.2435
"1193",2026-02-01 19:52:00,1.026,1.632,1.026,3.366306,5.354592,14.2127678921605,19.0956820146205,306.616470588235,29.6625765456455,0,20.9096941265041,61.2599972587876,5.34266666666667,5.57966666666667,6.23266666666667
"1194",2026-02-01 19:53:00,1.029,1.6355,1.029,3.376149,5.3660755,14.1255729971165,18.8340973294887,305.493333333333,29.6631671453605,0,20.887030436438,61.3399972552079,5.39083333333333,5.62233333333333,6.22183333333333
"1195",2026-02-01 19:54:00,1.032,1.639,1.032,3.385992,5.377559,14.0383781020726,18.5725126443569,304.370196078431,29.6637577450754,0,20.8643667463719,61.4199972516281,5.439,5.665,6.211
"1196",2026-02-01 19:55:00,1.035,1.6425,1.035,3.395835,5.3890425,13.9511832070287,18.3109279592251,303.247058823529,29.6643483447904,0,20.8417030563058,61.4999972480483,5.485,5.70716666666667,6.2
"1197",2026-02-01 19:56:00,1.038,1.646,1.038,3.405678,5.400526,13.8639883119847,18.485317749313,304.650980392157,29.6625765456455,0,20.8190067150084,61.4399972507331,5.531,5.74933333333333,6.189
"1198",2026-02-01 19:57:00,1.041,1.6495,1.041,3.415521,5.4120095,13.7767934169408,18.6597075394008,306.054901960784,29.6608047465006,0,20.796310373711,61.379997253418,5.577,5.7915,6.178
"1199",2026-02-01 19:58:00,1.044,1.653,1.044,3.425364,5.423493,13.6895985218969,18.8340973294887,307.458823529412,29.6590329473557,0,20.7736140324136,61.3199972561028,5.623,5.83366666666667,6.167
"1200",2026-02-01 19:59:00,1.047,1.6565,1.047,3.435207,5.4349765,13.602403626853,19.0084871195766,308.862745098039,29.6572611482109,0,20.7509176911162,61.2599972587876,5.669,5.87583333333333,6.156
"1201",2026-02-01 20:00:00,1.05,1.66,1.05,3.44505,5.44646,13.515208731809,19.1828769096644,310.266666666667,29.655489349066,0,20.7282213498187,61.1999972614725,5.715,5.918,6.145
"1202",2026-02-01 20:01:00,1.0445,1.6525,1.0445,3.4270045,5.4218525,13.515208731809,19.4444615947962,310.266666666667,29.656079948781,0,20.7735813811822,61.6599972408888,5.76366666666667,5.96166666666667,6.13183333333333
"1203",2026-02-01 20:02:00,1.039,1.645,1.039,3.408959,5.397245,13.515208731809,19.706046279928,310.266666666667,29.6566705484959,0,20.8189414125458,62.119997220305,5.81233333333333,6.00533333333333,6.11866666666667
"1204",2026-02-01 20:03:00,1.0335,1.6375,1.0335,3.3909135,5.3726375,13.515208731809,19.9676309650598,310.266666666667,29.6572611482109,0,20.8643014439093,62.5799971997214,5.861,6.049,6.1055
"1205",2026-02-01 20:04:00,1.028,1.63,1.028,3.372868,5.34803,13.515208731809,20.2292156501916,310.266666666667,29.6578517479258,0,20.9096614752728,63.0399971791377,5.90966666666667,6.09266666666667,6.09233333333333
"1206",2026-02-01 20:05:00,1.0225,1.6225,1.0225,3.3548225,5.3234225,13.515208731809,20.4908003353234,310.266666666667,29.6584423476408,0,20.9550215066363,63.499997158554,5.95833333333333,6.13633333333333,6.07916666666667
"1207",2026-02-01 20:06:00,1.017,1.615,1.017,3.336777,5.298815,13.4280138367651,20.2292156501916,308.862745098039,29.6596235470707,0,20.9210137382595,63.6199971531843,6.007,6.18,6.066
"1208",2026-02-01 20:07:00,1.0115,1.6075,1.0115,3.3187315,5.2742075,13.3408189417212,19.9676309650598,307.458823529412,29.6608047465006,0,20.8870059698827,63.7399971478146,6.0525,6.22366666666667,6.048
"1209",2026-02-01 20:08:00,1.006,1.6,1.006,3.300686,5.2496,13.2536240466772,19.706046279928,306.054901960784,29.6619859459305,0,20.8529982015059,63.859997142445,6.098,6.26733333333333,6.03
"1210",2026-02-01 20:09:00,1.0005,1.5925,1.0005,3.2826405,5.2249925,13.1664291516333,19.4444615947962,304.650980392157,29.6631671453605,0,20.818990433129,63.9799971370753,6.1435,6.311,6.012
"1211",2026-02-01 20:10:00,0.995,1.585,0.995,3.264595,5.200385,13.0792342565894,19.1828769096644,303.247058823529,29.6643483447904,0,20.7849826647522,64.0999971317056,6.189,6.35466666666667,5.994
"1212",2026-02-01 20:11:00,0.9895,1.5775,0.9895,3.2465495,5.1757775,12.9920393615455,18.8340973294887,303.80862745098,29.6661201439353,0,20.7736304017655,63.7399971478146,6.2345,6.39833333333333,5.976
"1213",2026-02-01 20:12:00,0.984,1.57,0.984,3.228504,5.15117,12.9048444665015,18.485317749313,304.370196078431,29.6678919430801,0,20.7622781387788,63.3799971639236,6.28,6.442,5.958
"1214",2026-02-01 20:13:00,0.9785,1.5625,0.9785,3.2104585,5.1265625,12.8176495714576,18.1365381691373,304.931764705882,29.669663742225,0,20.7509258757921,63.0199971800326,6.32616666666667,6.48916666666667,5.93716666666667
"1215",2026-02-01 20:14:00,0.973,1.555,0.973,3.192413,5.101955,12.7304546764137,17.7877585889616,305.493333333333,29.6714355413699,0,20.7395736128054,62.6599971961416,6.37233333333333,6.53633333333333,5.91633333333333
"1216",2026-02-01 20:15:00,0.9675,1.5475,0.9675,3.1743675,5.0773475,12.6432597813697,17.4389790087858,306.054901960784,29.6732073405148,0,20.7282213498187,62.2999972122506,6.4185,6.5835,5.8955
"1217",2026-02-01 20:16:00,0.962,1.54,0.962,3.156322,5.05274,12.9048444665015,17.8749534840055,305.212549019608,29.6726167407998,0,20.6713364935099,62.1999972167253,6.46466666666667,6.63066666666667,5.87466666666667
"1218",2026-02-01 20:17:00,0.9565,1.5325,0.9565,3.1382765,5.0281325,13.1664291516333,18.3109279592251,304.370196078431,29.6720261410848,0,20.6144516372011,62.0999972212,6.51083333333333,6.67783333333333,5.85383333333333
"1219",2026-02-01 20:18:00,0.951,1.525,0.951,3.120231,5.003525,13.4280138367651,18.7469024344448,303.527843137255,29.6714355413699,0,20.5575667808923,61.9999972256747,6.557,6.725,5.833
"1220",2026-02-01 20:19:00,0.9455,1.5175,0.9455,3.1021855,4.9789175,13.6895985218969,19.1828769096644,302.685490196078,29.6708449416549,0,20.5006819245835,61.8999972301494,6.60516666666667,6.77516666666667,5.81233333333333
"1221",2026-02-01 20:20:00,0.94,1.51,0.94,3.08414,4.95431,13.9511832070287,19.6188513848841,301.843137254902,29.67025434194,0,20.4437970682747,61.7999972346242,6.65333333333333,6.82533333333333,5.79166666666667
"1222",2026-02-01 20:21:00,0.9415,1.5125,0.9415,3.0890615,4.9625125,13.6895985218969,19.0956820146205,303.247058823529,29.6714355413699,0,20.4779527566642,62.079997222095,6.7015,6.8755,5.771
"1223",2026-02-01 20:22:00,0.943,1.515,0.943,3.093983,4.970715,13.4280138367651,18.5725126443569,304.650980392157,29.6726167407998,0,20.5121084450537,62.3599972095657,6.74966666666667,6.92566666666667,5.75033333333333
"1224",2026-02-01 20:23:00,0.9445,1.5175,0.9445,3.0989045,4.9789175,13.1664291516333,18.0493432740933,306.054901960784,29.6737979402297,0,20.5462641334432,62.6399971970365,6.79783333333333,6.97583333333333,5.72966666666667
"1225",2026-02-01 20:24:00,0.946,1.52,0.946,3.103826,4.98712,12.9048444665015,17.5261739038298,307.458823529412,29.6749791396596,0,20.5804198218327,62.9199971845073,6.846,7.026,5.709
"1226",2026-02-01 20:25:00,0.9475,1.5225,0.9475,3.1087475,4.9953225,12.6432597813697,17.0030045335662,308.862745098039,29.6761603390896,0,20.6145755102223,63.1999971719781,6.88966666666667,7.07633333333333,5.686
"1227",2026-02-01 20:26:00,0.949,1.525,0.949,3.113669,5.003525,12.8176495714576,17.7005636939176,308.301176470588,29.6749791396596,0,20.591813339102,63.0799971773478,6.93333333333333,7.12666666666667,5.663
"1228",2026-02-01 20:27:00,0.9505,1.5275,0.9505,3.1185905,5.0117275,12.9920393615455,18.3981228542691,307.739607843137,29.6737979402297,0,20.5690511679817,62.9599971827174,6.977,7.177,5.64
"1229",2026-02-01 20:28:00,0.952,1.53,0.952,3.123512,5.01993,13.1664291516333,19.0956820146205,307.178039215686,29.6726167407998,0,20.5462889968615,62.8399971880871,7.02066666666667,7.22733333333333,5.617
"1230",2026-02-01 20:29:00,0.9535,1.5325,0.9535,3.1284335,5.0281325,13.3408189417212,19.7932411749719,306.616470588235,29.6714355413699,0,20.5235268257412,62.7199971934567,7.06433333333333,7.27766666666667,5.594
"1231",2026-02-01 20:30:00,0.955,1.535,0.955,3.133355,5.036335,13.515208731809,20.4908003353234,306.054901960784,29.67025434194,0,20.500764654621,62.5999971988264,7.108,7.328,5.571
"1232",2026-02-01 20:31:00,0.9565,1.5375,0.9565,3.1382765,5.0445375,13.6895985218969,20.5779952303673,306.616470588235,29.6714355413699,0,20.4893711373517,62.5199972024062,7.15416666666667,7.3795,5.54466666666667
"1233",2026-02-01 20:32:00,0.958,1.54,0.958,3.143198,5.05274,13.8639883119847,20.6651901254112,307.178039215686,29.6726167407998,0,20.4779776200825,62.439997205986,7.20033333333333,7.431,5.51833333333333
"1234",2026-02-01 20:33:00,0.9595,1.5425,0.9595,3.1481195,5.0609425,14.0383781020726,20.7523850204552,307.739607843137,29.6737979402297,0,20.4665841028132,62.3599972095657,7.2465,7.4825,5.492
"1235",2026-02-01 20:34:00,0.961,1.545,0.961,3.153041,5.069145,14.2127678921605,20.8395799154991,308.301176470588,29.6749791396596,0,20.4551905855439,62.2799972131455,7.29266666666667,7.534,5.46566666666667
"1236",2026-02-01 20:35:00,0.9625,1.5475,0.9625,3.1579625,5.0773475,14.3871576822483,20.926774810543,308.862745098039,29.6761603390896,0,20.4437970682747,62.1999972167253,7.33883333333333,7.5855,5.43933333333333
"1237",2026-02-01 20:36:00,0.964,1.55,0.964,3.162884,5.08555,14.2999627872044,20.6651901254112,308.581960784314,29.6761603390896,0,20.4779527566642,62.6199971979315,7.385,7.637,5.413
"1238",2026-02-01 20:37:00,0.9655,1.5525,0.9655,3.1678055,5.0937525,14.2127678921605,20.4036054402794,308.301176470588,29.6761603390896,0,20.5121084450537,63.0399971791376,7.43083333333333,7.68666666666667,5.3885
"1239",2026-02-01 20:38:00,0.967,1.555,0.967,3.172727,5.101955,14.1255729971165,20.1420207551476,308.020392156863,29.6761603390896,0,20.5462641334432,63.4599971603438,7.47666666666667,7.73633333333333,5.364
"1240",2026-02-01 20:39:00,0.9685,1.5575,0.9685,3.1776485,5.1101575,14.0383781020726,19.8804360700159,307.739607843137,29.6761603390896,0,20.5804198218327,63.87999714155,7.5225,7.786,5.3395
"1241",2026-02-01 20:40:00,0.97,1.56,0.97,3.18257,5.11836,13.9511832070287,19.6188513848841,307.458823529412,29.6761603390896,0,20.6145755102223,64.2999971227562,7.56833333333333,7.83566666666667,5.315
"1242",2026-02-01 20:41:00,0.97,1.5595,0.97,3.18257,5.1167195,13.6895985218969,19.4444615947962,307.178039215686,29.6761603390896,0,20.591813339102,64.3399971209663,7.61416666666667,7.88533333333333,5.2905
"1243",2026-02-01 20:42:00,0.97,1.559,0.97,3.18257,5.115079,13.4280138367651,19.2700718047084,306.897254901961,29.6761603390896,0,20.5690511679817,64.3799971191764,7.66,7.935,5.266
"1244",2026-02-01 20:43:00,0.97,1.5585,0.97,3.18257,5.1134385,13.1664291516333,19.0956820146205,306.616470588235,29.6761603390896,0,20.5462889968615,64.4199971173865,7.70683333333333,7.98266666666667,5.23866666666667
"1245",2026-02-01 20:44:00,0.97,1.558,0.97,3.18257,5.111798,12.9048444665015,18.9212922245326,306.33568627451,29.6761603390896,0,20.5235268257412,64.4599971155967,7.75366666666667,8.03033333333333,5.21133333333333
"1246",2026-02-01 20:45:00,0.97,1.5575,0.97,3.18257,5.1101575,12.6432597813697,18.7469024344448,306.054901960784,29.6761603390896,0,20.500764654621,64.4999971138068,7.8005,8.078,5.184
"1247",2026-02-01 20:46:00,0.97,1.557,0.97,3.18257,5.108517,12.9048444665015,18.7469024344448,306.054901960784,29.6773415385195,0,20.4893711373517,64.4199971173865,7.84733333333333,8.12566666666667,5.15666666666667
"1248",2026-02-01 20:47:00,0.97,1.5565,0.97,3.18257,5.1068765,13.1664291516333,18.7469024344448,306.054901960784,29.6785227379494,0,20.4779776200825,64.3399971209663,7.89416666666667,8.17333333333333,5.12933333333333
"1249",2026-02-01 20:48:00,0.97,1.556,0.97,3.18257,5.105236,13.4280138367651,18.7469024344448,306.054901960784,29.6797039373793,0,20.4665841028132,64.2599971245461,7.941,8.221,5.102
"1250",2026-02-01 20:49:00,0.97,1.5555,0.97,3.18257,5.1035955,13.6895985218969,18.7469024344448,306.054901960784,29.6808851368092,0,20.4551905855439,64.1799971281259,7.981,8.26966666666667,5.07566666666667
"1251",2026-02-01 20:50:00,0.97,1.555,0.97,3.18257,5.101955,13.9511832070287,18.7469024344448,306.054901960784,29.6820663362392,0,20.4437970682747,64.0999971317056,8.021,8.31833333333333,5.04933333333333
"1252",2026-02-01 20:51:00,0.97,1.5545,0.97,3.18257,5.1003145,13.7767934169408,18.7469024344448,305.493333333333,29.6826569359541,0,20.3981395990789,63.9199971397601,8.061,8.367,5.023
"1253",2026-02-01 20:52:00,0.97,1.554,0.97,3.18257,5.098674,13.602403626853,18.7469024344448,304.931764705882,29.6832475356691,0,20.3524821298831,63.7399971478146,8.101,8.41566666666667,4.99666666666667
"1254",2026-02-01 20:53:00,0.97,1.5535,0.97,3.18257,5.0970335,13.4280138367651,18.7469024344448,304.370196078431,29.683838135384,0,20.3068246606873,63.5599971558691,8.141,8.46433333333333,4.97033333333333
"1255",2026-02-01 20:54:00,0.97,1.553,0.97,3.18257,5.095393,13.2536240466772,18.7469024344448,303.80862745098,29.684428735099,0,20.2611671914915,63.3799971639236,8.181,8.513,4.944
"1256",2026-02-01 20:55:00,0.97,1.5525,0.97,3.18257,5.0937525,13.0792342565894,18.7469024344448,303.247058823529,29.685019334814,0,20.2155097222957,63.1999971719781,8.22483333333333,8.55783333333333,4.92
"1257",2026-02-01 20:56:00,0.97,1.552,0.97,3.18257,5.092112,12.9048444665015,18.485317749313,303.247058823529,29.6862005342439,0,20.2155097222957,63.0799971773478,8.26866666666667,8.60266666666667,4.896
"1258",2026-02-01 20:57:00,0.97,1.5515,0.97,3.18257,5.0904715,12.7304546764137,18.2237330641812,303.247058823529,29.6873817336738,0,20.2155097222957,62.9599971827174,8.3125,8.6475,4.872
"1259",2026-02-01 20:58:00,0.97,1.551,0.97,3.18257,5.088831,12.5560648863258,17.9621483790494,303.247058823529,29.6885629331037,0,20.2155097222957,62.8399971880871,8.35633333333333,8.69233333333333,4.848
"1260",2026-02-01 20:59:00,0.97,1.5505,0.97,3.18257,5.0871905,12.3816750962379,17.7005636939176,303.247058823529,29.6897441325336,0,20.2155097222957,62.7199971934567,8.40016666666667,8.73716666666667,4.824
"1261",2026-02-01 21:00:00,0.97,1.55,0.97,3.18257,5.08555,12.2072853061501,17.4389790087858,303.247058823529,29.6909253319635,0,20.2155097222957,62.5999971988264,8.444,8.782,4.8
"1262",2026-02-01 21:01:00,0.9725,1.5535,0.9725,3.1907725,5.0970335,12.4688699912819,17.8749534840055,303.80862745098,29.6897441325336,0,20.2383551818558,62.6599971961416,8.49366666666667,8.82233333333333,4.77433333333333
"1263",2026-02-01 21:02:00,0.975,1.557,0.975,3.198975,5.108517,12.7304546764137,18.3109279592251,304.370196078431,29.6885629331037,0,20.2612006414158,62.7199971934567,8.54333333333333,8.86266666666667,4.74866666666667
"1264",2026-02-01 21:03:00,0.9775,1.5605,0.9775,3.2071775,5.1200005,12.9920393615455,18.7469024344448,304.931764705882,29.6873817336738,0,20.2840461009759,62.7799971907719,8.593,8.903,4.723
"1265",2026-02-01 21:04:00,0.98,1.564,0.98,3.21538,5.131484,13.2536240466772,19.1828769096644,305.493333333333,29.6862005342439,0,20.3068915605359,62.8399971880871,8.64266666666667,8.94333333333333,4.69733333333333
"1266",2026-02-01 21:05:00,0.9825,1.5675,0.9825,3.2235825,5.1429675,13.515208731809,19.6188513848841,306.054901960784,29.685019334814,0,20.329737020096,62.8999971854023,8.69233333333333,8.98366666666667,4.67166666666667
"1267",2026-02-01 21:06:00,0.985,1.571,0.985,3.231785,5.154451,13.2536240466772,19.0084871195766,305.774117647059,29.6856099345289,0,20.329737020096,63.0399971791377,8.742,9.024,4.646
"1268",2026-02-01 21:07:00,0.9875,1.5745,0.9875,3.2399875,5.1659345,12.9920393615455,18.3981228542691,305.493333333333,29.6862005342439,0,20.329737020096,63.179997172873,8.7785,9.058,4.62183333333333
"1269",2026-02-01 21:08:00,0.99,1.578,0.99,3.24819,5.177418,12.7304546764137,17.7877585889616,305.212549019608,29.6867911339588,0,20.329737020096,63.3199971666084,8.815,9.092,4.59766666666667
"1270",2026-02-01 21:09:00,0.9925,1.5815,0.9925,3.2563925,5.1889015,12.4688699912819,17.1773943236541,304.931764705882,29.6873817336738,0,20.329737020096,63.4599971603438,8.8515,9.126,4.5735
"1271",2026-02-01 21:10:00,0.995,1.585,0.995,3.264595,5.200385,12.2072853061501,16.5670300583465,304.650980392157,29.6879723333887,0,20.329737020096,63.5999971540792,8.888,9.16,4.54933333333333
"1272",2026-02-01 21:11:00,0.9975,1.5885,0.9975,3.2727975,5.2118685,11.9457006210183,16.3926402682587,303.527843137255,29.6879723333887,0,20.2840124702216,63.5599971558691,8.9245,9.194,4.52516666666667
"1273",2026-02-01 21:12:00,1,1.592,1,3.281,5.223352,11.6841159358865,16.2182504781708,302.404705882353,29.6879723333887,0,20.2382879203473,63.519997157659,8.961,9.228,4.501
"1274",2026-02-01 21:13:00,1.0025,1.5955,1.0025,3.2892025,5.2348355,11.4225312507547,16.043860688083,301.281568627451,29.6879723333887,0,20.1925633704729,63.4799971594489,8.9985,9.269,4.477
"1275",2026-02-01 21:14:00,1.005,1.599,1.005,3.297405,5.246319,11.1609465656229,15.8694708979951,300.158431372549,29.6879723333887,0,20.1468388205986,63.4399971612388,9.036,9.31,4.453
"1276",2026-02-01 21:15:00,1.0075,1.6025,1.0075,3.3056075,5.2578025,10.8993618804912,15.6950811079073,299.035294117647,29.6879723333887,0,20.1011142707242,63.3999971630287,9.0735,9.351,4.429
"1277",2026-02-01 21:16:00,1.01,1.606,1.01,3.31381,5.269286,11.1609465656229,16.1310555831269,299.877647058824,29.6885629331037,0,20.1011142707242,63.2599971692933,9.111,9.392,4.405
"1278",2026-02-01 21:17:00,1.0125,1.6095,1.0125,3.3220125,5.2807695,11.4225312507547,16.5670300583465,300.72,29.6891535328187,0,20.1011142707242,63.1199971755579,9.1485,9.433,4.381
"1279",2026-02-01 21:18:00,1.015,1.613,1.015,3.330215,5.292253,11.6841159358865,17.0030045335662,301.562352941176,29.6897441325336,0,20.1011142707242,62.9799971818225,9.186,9.474,4.357
"1280",2026-02-01 21:19:00,1.0175,1.6165,1.0175,3.3384175,5.3037365,11.9457006210183,17.4389790087858,302.404705882353,29.6903347322486,0,20.1011142707242,62.8399971880871,9.22283333333333,9.5155,4.3345
"1281",2026-02-01 21:20:00,1.02,1.62,1.02,3.34662,5.31522,12.2072853061501,17.8749534840055,303.247058823529,29.6909253319635,0,20.1011142707242,62.6999971943517,9.25966666666667,9.557,4.312
"1282",2026-02-01 21:21:00,1.0205,1.6205,1.0205,3.3482605,5.3168605,12.4688699912819,18.1365381691373,303.527843137255,29.6909253319635,0,20.1125580310759,62.7799971907719,9.2965,9.5985,4.2895
"1283",2026-02-01 21:22:00,1.021,1.621,1.021,3.349901,5.318501,12.7304546764137,18.3981228542691,303.80862745098,29.6909253319635,0,20.1240017914275,62.8599971871921,9.33333333333333,9.64,4.267
"1284",2026-02-01 21:23:00,1.0215,1.6215,1.0215,3.3515415,5.3201415,12.9920393615455,18.6597075394009,304.089411764706,29.6909253319635,0,20.1354455517791,62.9399971836124,9.37016666666667,9.6815,4.2445
"1285",2026-02-01 21:24:00,1.022,1.622,1.022,3.353182,5.321782,13.2536240466772,18.9212922245326,304.370196078431,29.6909253319635,0,20.1468893121307,63.0199971800326,9.407,9.723,4.222
"1286",2026-02-01 21:25:00,1.0225,1.6225,1.0225,3.3548225,5.3234225,13.515208731809,19.1828769096644,304.650980392157,29.6909253319635,0,20.1583330724823,63.0999971764528,9.43916666666667,9.75533333333333,4.1985
"1287",2026-02-01 21:26:00,1.023,1.623,1.023,3.356463,5.325063,13.0792342565894,18.6597075394009,304.089411764706,29.6921065313935,0,20.1468893121307,63.3799971639236,9.47133333333333,9.78766666666667,4.175
"1288",2026-02-01 21:27:00,1.0235,1.6235,1.0235,3.3581035,5.3267035,12.6432597813697,18.1365381691373,303.527843137255,29.6932877308234,0,20.1354455517791,63.6599971513944,9.5035,9.82,4.1515
"1289",2026-02-01 21:28:00,1.024,1.624,1.024,3.359744,5.328344,12.2072853061501,17.6133687988737,302.966274509804,29.6944689302533,0,20.1240017914275,63.9399971388652,9.53566666666667,9.85233333333333,4.128
"1290",2026-02-01 21:29:00,1.0245,1.6245,1.0245,3.3613845,5.3299845,11.7713108309304,17.0901994286101,302.404705882353,29.6956501296832,0,20.1125580310759,64.219997126336,9.56783333333333,9.88466666666667,4.1045
"1291",2026-02-01 21:30:00,1.025,1.625,1.025,3.363025,5.331625,11.3353363557108,16.5670300583465,301.843137254902,29.6968313291131,0,20.1011142707242,64.4999971138068,9.6,9.917,4.081
"1292",2026-02-01 21:31:00,1.0255,1.6255,1.0255,3.3646655,5.3332655,11.4225312507547,16.6542249533905,302.404705882353,29.6962407293982,0,20.0896620571857,64.2799971236511,9.63616666666667,9.94483333333333,4.0575
"1293",2026-02-01 21:32:00,1.026,1.626,1.026,3.366306,5.334906,11.5097261457987,16.7414198484344,302.966274509804,29.6956501296832,0,20.0782098436471,64.0599971334955,9.67233333333333,9.97266666666667,4.034
"1294",2026-02-01 21:33:00,1.0265,1.6265,1.0265,3.3679465,5.3365465,11.5969210408426,16.8286147434783,303.527843137255,29.6950595299683,0,20.0667576301086,63.8399971433399,9.7085,10.0005,4.0105
"1295",2026-02-01 21:34:00,1.027,1.627,1.027,3.369587,5.338187,11.6841159358865,16.9158096385223,304.089411764706,29.6944689302533,0,20.05530541657,63.6199971531843,9.74466666666667,10.0283333333333,3.987
"1296",2026-02-01 21:35:00,1.0275,1.6275,1.0275,3.3712275,5.3398275,11.7713108309304,17.0030045335662,304.650980392157,29.6938783305383,0,20.0438532030315,63.3999971630287,9.78083333333333,10.0561666666667,3.9635
"1297",2026-02-01 21:36:00,1.028,1.628,1.028,3.372868,5.341468,11.8585057259744,17.0901994286101,304.650980392157,29.6938783305383,0,20.05530541657,63.4999971585539,9.817,10.084,3.94
"1298",2026-02-01 21:37:00,1.0285,1.6285,1.0285,3.3745085,5.3431085,11.9457006210183,17.1773943236541,304.650980392157,29.6938783305383,0,20.0667576301086,63.5999971540792,9.84683333333333,10.1201666666667,3.916
"1299",2026-02-01 21:38:00,1.029,1.629,1.029,3.376149,5.344749,12.0328955160622,17.264589218698,304.650980392157,29.6938783305383,0,20.0782098436471,63.6999971496045,9.87666666666667,10.1563333333333,3.892
"1300",2026-02-01 21:39:00,1.0295,1.6295,1.0295,3.3777895,5.3463895,12.1200904111062,17.3517841137419,304.650980392157,29.6938783305383,0,20.0896620571857,63.7999971451298,9.9065,10.1925,3.868
"1301",2026-02-01 21:40:00,1.03,1.63,1.03,3.37943,5.34803,12.2072853061501,17.4389790087858,304.650980392157,29.6938783305383,0,20.1011142707242,63.8999971406551,9.93633333333333,10.2286666666667,3.844
"1302",2026-02-01 21:41:00,1.036,1.64,1.036,3.399116,5.38084,12.2072853061501,17.1773943236541,305.493333333333,29.6944689302533,0,20.0667321789654,63.7999971451298,9.96616666666667,10.2648333333333,3.82
"1303",2026-02-01 21:42:00,1.042,1.65,1.042,3.418802,5.41365,12.2072853061501,16.9158096385223,306.33568627451,29.6950595299683,0,20.0323500872066,63.6999971496045,9.996,10.301,3.796
"1304",2026-02-01 21:43:00,1.048,1.66,1.048,3.438488,5.44646,12.2072853061501,16.6542249533905,307.178039215686,29.6956501296832,0,19.9979679954478,63.5999971540792,10.0253333333333,10.3288333333333,3.7725
"1305",2026-02-01 21:44:00,1.054,1.67,1.054,3.458174,5.47927,12.2072853061501,16.3926402682587,308.020392156863,29.6962407293982,0,19.963585903689,63.4999971585539,10.0546666666667,10.3566666666667,3.749
"1306",2026-02-01 21:45:00,1.06,1.68,1.06,3.47786,5.51208,12.2072853061501,16.1310555831269,308.862745098039,29.6968313291131,0,19.9292038119302,63.3999971630287,10.084,10.3845,3.7255
"1307",2026-02-01 21:46:00,1.066,1.69,1.066,3.497546,5.54489,12.2072853061501,16.3054453732148,308.862745098039,29.6974219288281,0,19.9406730005492,63.4599971603438,10.1133333333333,10.4123333333333,3.702
"1308",2026-02-01 21:47:00,1.072,1.7,1.072,3.517232,5.5777,12.2072853061501,16.4798351633026,308.862745098039,29.698012528543,0,19.9521421891683,63.519997157659,10.1426666666667,10.4401666666667,3.6785
"1309",2026-02-01 21:48:00,1.078,1.71,1.078,3.536918,5.61051,12.2072853061501,16.6542249533905,308.862745098039,29.698603128258,0,19.9636113777873,63.5799971549742,10.172,10.468,3.655
"1310",2026-02-01 21:49:00,1.084,1.72,1.084,3.556604,5.64332,12.2072853061501,16.8286147434783,308.862745098039,29.699193727973,0,19.9750805664064,63.6399971522893,10.1976666666667,10.4958333333333,3.63316666666667
"1311",2026-02-01 21:50:00,1.09,1.73,1.09,3.57629,5.67613,12.2072853061501,17.0030045335662,308.862745098039,29.6997843276879,0,19.9865497550254,63.6999971496045,10.2233333333333,10.5236666666667,3.61133333333333
"1312",2026-02-01 21:51:00,1.096,1.74,1.096,3.595976,5.70894,12.1200904111062,16.8286147434783,307.739607843137,29.6997843276879,0,19.9291183598826,63.6199971531843,10.249,10.5515,3.5895
"1313",2026-02-01 21:52:00,1.102,1.75,1.102,3.615662,5.74175,12.0328955160622,16.6542249533905,306.616470588235,29.6997843276879,0,19.8716869647397,63.539997156764,10.2746666666667,10.5793333333333,3.56766666666667
"1314",2026-02-01 21:53:00,1.108,1.76,1.108,3.635348,5.77456,11.9457006210183,16.4798351633026,305.493333333333,29.6997843276879,0,19.8142555695968,63.4599971603438,10.3003333333333,10.6071666666667,3.54583333333333
"1315",2026-02-01 21:54:00,1.114,1.77,1.114,3.655034,5.80737,11.8585057259744,16.3054453732148,304.370196078431,29.6997843276879,0,19.7568241744539,63.3799971639236,10.326,10.635,3.524
"1316",2026-02-01 21:55:00,1.12,1.78,1.12,3.67472,5.84018,11.7713108309304,16.1310555831269,303.247058823529,29.6997843276879,0,19.699392779311,63.2999971675034,10.3491666666667,10.663,3.50316666666667
"1317",2026-02-01 21:56:00,1.126,1.79,1.126,3.694406,5.87299,11.6841159358865,16.1310555831269,303.247058823529,29.6997843276879,0,19.6878807485009,63.4799971594489,10.3723333333333,10.691,3.48233333333333
"1318",2026-02-01 21:57:00,1.132,1.8,1.132,3.714092,5.9058,11.5969210408426,16.1310555831269,303.247058823529,29.6997843276879,0,19.6763687176908,63.6599971513944,10.3955,10.719,3.4615
"1319",2026-02-01 21:58:00,1.138,1.81,1.138,3.733778,5.93861,11.5097261457987,16.1310555831269,303.247058823529,29.6997843276879,0,19.6648566868807,63.8399971433399,10.4186666666667,10.747,3.44066666666667
"1320",2026-02-01 21:59:00,1.144,1.82,1.144,3.753464,5.97142,11.4225312507547,16.1310555831269,303.247058823529,29.6997843276879,0,19.6533446560706,64.0199971352854,10.4418333333333,10.775,3.41983333333333
"1321",2026-02-01 22:00:00,1.15,1.83,1.15,3.77315,6.00423,11.3353363557108,16.1310555831269,303.247058823529,29.6997843276879,0,19.6418326252605,64.1999971272309,10.465,10.803,3.399
"1322",2026-02-01 22:01:00,1.1455,1.823,1.1455,3.7583855,5.981263,11.5097261457987,16.043860688083,303.247058823529,29.6997843276879,0,19.6418326252605,64.1599971290208,10.4873333333333,10.816,3.37716666666667
"1323",2026-02-01 22:02:00,1.141,1.816,1.141,3.743621,5.958296,11.6841159358865,15.956665793039,303.247058823529,29.6997843276879,0,19.6418326252605,64.1199971308107,10.5096666666667,10.829,3.35533333333333
"1324",2026-02-01 22:03:00,1.1365,1.809,1.1365,3.7288565,5.935329,11.8585057259744,15.8694708979951,303.247058823529,29.6997843276879,0,19.6418326252605,64.0799971326006,10.532,10.842,3.3335
"1325",2026-02-01 22:04:00,1.132,1.802,1.132,3.714092,5.912362,12.0328955160622,15.7822760029512,303.247058823529,29.6997843276879,0,19.6418326252605,64.0399971343905,10.5543333333333,10.855,3.31166666666667
"1326",2026-02-01 22:05:00,1.1275,1.795,1.1275,3.6993275,5.889395,12.2072853061501,15.6950811079073,303.247058823529,29.6997843276879,0,19.6418326252605,63.9999971361804,10.5766666666667,10.868,3.28983333333333
"1327",2026-02-01 22:06:00,1.123,1.788,1.123,3.684563,5.866428,12.2072853061501,16.1310555831269,303.247058823529,29.7009655271178,0,19.6418326252605,64.0399971343905,10.599,10.881,3.268
"1328",2026-02-01 22:07:00,1.1185,1.781,1.1185,3.6697985,5.843461,12.2072853061501,16.5670300583465,303.247058823529,29.7021467265478,0,19.6418326252605,64.0799971326006,10.6115,10.8953333333333,3.2455
"1329",2026-02-01 22:08:00,1.114,1.774,1.114,3.655034,5.820494,12.2072853061501,17.0030045335662,303.247058823529,29.7033279259777,0,19.6418326252605,64.1199971308107,10.624,10.9096666666667,3.223
"1330",2026-02-01 22:09:00,1.1095,1.767,1.1095,3.6402695,5.797527,12.2072853061501,17.4389790087858,303.247058823529,29.7045091254076,0,19.6418326252605,64.1599971290208,10.6365,10.924,3.2005
"1331",2026-02-01 22:10:00,1.105,1.76,1.105,3.625505,5.77456,12.2072853061501,17.8749534840055,303.247058823529,29.7056903248375,0,19.6418326252605,64.1999971272309,10.649,10.9383333333333,3.178
"1332",2026-02-01 22:11:00,1.1005,1.753,1.1005,3.6107405,5.751593,12.0328955160622,17.5261739038298,303.527843137255,29.7050997251226,0,19.5956978822413,64.0199971352854,10.6615,10.9526666666667,3.1555
"1333",2026-02-01 22:12:00,1.096,1.746,1.096,3.595976,5.728626,11.8585057259744,17.1773943236541,303.80862745098,29.7045091254076,0,19.5495631392221,63.8399971433399,10.674,10.967,3.133
"1334",2026-02-01 22:13:00,1.0915,1.739,1.0915,3.5812115,5.705659,11.6841159358865,16.8286147434783,304.089411764706,29.7039185256926,0,19.5034283962028,63.6599971513944,10.6938333333333,10.9888333333333,3.11233333333333
"1335",2026-02-01 22:14:00,1.087,1.732,1.087,3.566447,5.682692,11.5097261457987,16.4798351633026,304.370196078431,29.7033279259777,0,19.4572936531836,63.4799971594489,10.7136666666667,11.0106666666667,3.09166666666667
"1336",2026-02-01 22:15:00,1.0825,1.725,1.0825,3.5516825,5.659725,11.3353363557108,16.1310555831269,304.650980392157,29.7027373262627,0,19.4111589101644,63.2999971675034,10.7335,11.0325,3.071
"1337",2026-02-01 22:16:00,1.078,1.718,1.078,3.536918,5.636758,11.3353363557108,16.3054453732148,304.931764705882,29.7033279259777,0,19.4227056360829,63.5799971549742,10.7533333333333,11.0543333333333,3.05033333333333
"1338",2026-02-01 22:17:00,1.0735,1.711,1.0735,3.5221535,5.613791,11.3353363557108,16.4798351633026,305.212549019608,29.7039185256926,0,19.4342523620014,63.859997142445,10.7731666666667,11.0761666666667,3.02966666666667
"1339",2026-02-01 22:18:00,1.069,1.704,1.069,3.507389,5.590824,11.3353363557108,16.6542249533905,305.493333333333,29.7045091254076,0,19.4457990879199,64.1399971299157,10.793,11.098,3.009
"1340",2026-02-01 22:19:00,1.0645,1.697,1.0645,3.4926245,5.567857,11.3353363557108,16.8286147434783,305.774117647059,29.7050997251226,0,19.4573458138384,64.4199971173865,10.8068333333333,11.1061666666667,2.98983333333333
"1341",2026-02-01 22:20:00,1.06,1.69,1.06,3.47786,5.54489,11.3353363557108,17.0030045335662,306.054901960784,29.7056903248375,0,19.4688925397569,64.6999971048573,10.8206666666667,11.1143333333333,2.97066666666667
"1342",2026-02-01 22:21:00,1.0655,1.699,1.0655,3.4959055,5.574419,11.4225312507547,17.0901994286101,305.493333333333,29.7068715242674,0,19.4573458138384,64.599997109332,10.8345,11.1225,2.9515
"1343",2026-02-01 22:22:00,1.071,1.708,1.071,3.513951,5.603948,11.5097261457987,17.1773943236541,304.931764705882,29.7080527236974,0,19.4457990879199,64.4999971138068,10.8483333333333,11.1306666666667,2.93233333333333
"1344",2026-02-01 22:23:00,1.0765,1.717,1.0765,3.5319965,5.633477,11.5969210408426,17.264589218698,304.370196078431,29.7092339231273,0,19.4342523620014,64.3999971182815,10.8621666666667,11.1388333333333,2.91316666666667
"1345",2026-02-01 22:24:00,1.082,1.726,1.082,3.550042,5.663006,11.6841159358865,17.3517841137419,303.80862745098,29.7104151225572,0,19.4227056360829,64.2999971227562,10.876,11.147,2.894
"1346",2026-02-01 22:25:00,1.0875,1.735,1.0875,3.5680875,5.692535,11.7713108309304,17.4389790087858,303.247058823529,29.7115963219871,0,19.4111589101644,64.1999971272309,10.8875,11.1596666666667,2.872
"1347",2026-02-01 22:26:00,1.093,1.744,1.093,3.586133,5.722064,11.6841159358865,17.264589218698,303.527843137255,29.7115963219871,0,19.3764662390683,64.0999971317056,10.899,11.1723333333333,2.85
"1348",2026-02-01 22:27:00,1.0985,1.753,1.0985,3.6041785,5.751593,11.5969210408426,17.0901994286101,303.80862745098,29.7115963219871,0,19.3417735679721,63.9999971361804,10.9105,11.185,2.828
"1349",2026-02-01 22:28:00,1.104,1.762,1.104,3.622224,5.781122,11.5097261457987,16.9158096385223,304.089411764706,29.7115963219871,0,19.3070808968759,63.8999971406551,10.922,11.1976666666667,2.806
"1350",2026-02-01 22:29:00,1.1095,1.771,1.1095,3.6402695,5.810651,11.4225312507547,16.7414198484344,304.370196078431,29.7115963219871,0,19.2723882257798,63.7999971451298,10.9335,11.2103333333333,2.784
"1351",2026-02-01 22:30:00,1.115,1.78,1.115,3.658315,5.84018,11.3353363557108,16.5670300583465,304.650980392157,29.7115963219871,0,19.2376955546836,63.6999971496045,10.945,11.223,2.762
"1352",2026-02-01 22:31:00,1.1205,1.789,1.1205,3.6763605,5.869709,11.5097261457987,16.5670300583465,304.931764705882,29.7121869217021,0,19.2492685511604,63.6199971531843,10.9501666666667,11.2316666666667,2.743
"1353",2026-02-01 22:32:00,1.126,1.798,1.126,3.694406,5.899238,11.6841159358865,16.5670300583465,305.212549019608,29.712777521417,0,19.2608415476371,63.539997156764,10.9553333333333,11.2403333333333,2.724
"1354",2026-02-01 22:33:00,1.1315,1.807,1.1315,3.7124515,5.928767,11.8585057259744,16.5670300583465,305.493333333333,29.713368121132,0,19.2724145441139,63.4599971603438,10.9605,11.249,2.705
"1355",2026-02-01 22:34:00,1.137,1.816,1.137,3.730497,5.958296,12.0328955160622,16.5670300583465,305.774117647059,29.7139587208469,0,19.2839875405907,63.3799971639236,10.9656666666667,11.2576666666667,2.686
"1356",2026-02-01 22:35:00,1.1425,1.825,1.1425,3.7485425,5.987825,12.2072853061501,16.5670300583465,306.054901960784,29.7145493205619,0,19.2955605370674,63.2999971675034,10.9708333333333,11.2663333333333,2.667
"1357",2026-02-01 22:36:00,1.148,1.834,1.148,3.766588,6.017354,12.294480201194,16.6542249533905,305.774117647059,29.7145493205619,0,19.3071247527896,63.4199971621337,10.976,11.275,2.648
"1358",2026-02-01 22:37:00,1.1535,1.843,1.1535,3.7846335,6.046883,12.3816750962379,16.7414198484344,305.493333333333,29.7145493205619,0,19.3186889685118,63.539997156764,10.9866666666667,11.281,2.62833333333333
"1359",2026-02-01 22:38:00,1.159,1.852,1.159,3.802679,6.076412,12.4688699912819,16.8286147434783,305.212549019608,29.7145493205619,0,19.330253184234,63.6599971513944,10.9973333333333,11.287,2.60866666666667
"1360",2026-02-01 22:39:00,1.1645,1.861,1.1645,3.8207245,6.105941,12.5560648863258,16.9158096385223,304.931764705882,29.7145493205619,0,19.3418173999561,63.7799971460247,11.008,11.293,2.589
"1361",2026-02-01 22:40:00,1.17,1.87,1.17,3.83877,6.13547,12.6432597813697,17.0030045335662,304.650980392157,29.7145493205619,0,19.3533816156783,63.8999971406551,11.0186666666667,11.299,2.56933333333333
"1362",2026-02-01 22:41:00,1.17,1.8685,1.17,3.83877,6.1305485,12.5560648863258,17.264589218698,304.370196078431,29.7151399202769,0,19.3302444034794,63.7199971487096,11.0293333333333,11.305,2.54966666666667
"1363",2026-02-01 22:42:00,1.17,1.867,1.17,3.83877,6.125627,12.4688699912819,17.5261739038298,304.089411764706,29.7157305199918,0,19.3071071912804,63.539997156764,11.04,11.311,2.53
"1364",2026-02-01 22:43:00,1.17,1.8655,1.17,3.83877,6.1207055,12.3816750962379,17.7877585889616,303.80862745098,29.7163211197068,0,19.2839699790815,63.3599971648186,11.0456666666667,11.3143333333333,2.51016666666667
"1365",2026-02-01 22:44:00,1.17,1.864,1.17,3.83877,6.115784,12.294480201194,18.0493432740933,303.527843137255,29.7169117194217,0,19.2608327668826,63.179997172873,11.0513333333333,11.3176666666667,2.49033333333333
"1366",2026-02-01 22:45:00,1.17,1.8625,1.17,3.83877,6.1108625,12.2072853061501,18.3109279592251,303.247058823529,29.7175023191367,0,19.2376955546836,62.9999971809275,11.057,11.321,2.4705
"1367",2026-02-01 22:46:00,1.17,1.861,1.17,3.83877,6.105941,12.2072853061501,18.2237330641812,303.247058823529,29.7175023191367,0,19.2492685511604,63.1999971719781,11.0626666666667,11.3243333333333,2.45066666666667
"1368",2026-02-01 22:47:00,1.17,1.8595,1.17,3.83877,6.1010195,12.2072853061501,18.1365381691373,303.247058823529,29.7175023191367,0,19.2608415476371,63.3999971630287,11.0683333333333,11.3276666666667,2.43083333333333
"1369",2026-02-01 22:48:00,1.17,1.858,1.17,3.83877,6.096098,12.2072853061501,18.0493432740933,303.247058823529,29.7175023191367,0,19.2724145441139,63.5999971540792,11.074,11.331,2.411
"1370",2026-02-01 22:49:00,1.17,1.8565,1.17,3.83877,6.0911765,12.2072853061501,17.9621483790494,303.247058823529,29.7175023191367,0,19.2839875405907,63.7999971451298,11.076,11.3358333333333,2.39416666666667
"1371",2026-02-01 22:50:00,1.17,1.855,1.17,3.83877,6.086255,12.2072853061501,17.8749534840055,303.247058823529,29.7175023191367,0,19.2955605370674,63.9999971361804,11.078,11.3406666666667,2.37733333333333
"1372",2026-02-01 22:51:00,1.17,1.8535,1.17,3.83877,6.0813335,12.294480201194,18.2237330641812,303.527843137255,29.7175023191367,0,19.2608151092361,63.859997142445,11.08,11.3455,2.3605
"1373",2026-02-01 22:52:00,1.17,1.852,1.17,3.83877,6.076412,12.3816750962379,18.5725126443569,303.80862745098,29.7175023191367,0,19.2260696814047,63.7199971487096,11.082,11.3503333333333,2.34366666666667
"1374",2026-02-01 22:53:00,1.17,1.8505,1.17,3.83877,6.0714905,12.4688699912819,18.9212922245326,304.089411764706,29.7175023191367,0,19.1913242535733,63.5799971549742,11.084,11.3551666666667,2.32683333333333
"1375",2026-02-01 22:54:00,1.17,1.849,1.17,3.83877,6.066569,12.5560648863258,19.2700718047084,304.370196078431,29.7175023191367,0,19.156578825742,63.4399971612388,11.086,11.36,2.31
"1376",2026-02-01 22:55:00,1.17,1.8475,1.17,3.83877,6.0616475,12.6432597813697,19.6188513848841,304.650980392157,29.7175023191367,0,19.1218333979106,63.2999971675034,11.0865,11.3595,2.2935
"1377",2026-02-01 22:56:00,1.17,1.846,1.17,3.83877,6.056726,12.5560648863258,19.0956820146205,304.370196078431,29.7169117194217,0,19.0870082921375,63.1399971746629,11.087,11.359,2.277
"1378",2026-02-01 22:57:00,1.17,1.8445,1.17,3.83877,6.0518045,12.4688699912819,18.5725126443569,304.089411764706,29.7163211197068,0,19.0521831863645,62.9799971818225,11.0875,11.3585,2.2605
"1379",2026-02-01 22:58:00,1.17,1.843,1.17,3.83877,6.046883,12.3816750962379,18.0493432740933,303.80862745098,29.7157305199918,0,19.0173580805915,62.819997188982,11.088,11.358,2.244
"1380",2026-02-01 22:59:00,1.17,1.8415,1.17,3.83877,6.0419615,12.294480201194,17.5261739038298,303.527843137255,29.7151399202769,0,18.9825329748184,62.6599971961416,11.0885,11.3575,2.2275
"1381",2026-02-01 23:00:00,1.17,1.84,1.17,3.83877,6.03704,12.2072853061501,17.0030045335662,303.247058823529,29.7145493205619,0,18.9477078690454,62.4999972033011,11.089,11.357,2.211
"1382",2026-02-01 23:01:00,1.166,1.8335,1.166,3.825646,6.0157135,12.1200904111062,16.9158096385223,302.966274509804,29.7157305199918,0,18.9709334916604,62.7199971934567,11.0856666666667,11.3613333333333,2.19416666666667
"1383",2026-02-01 23:02:00,1.162,1.827,1.162,3.812522,5.994387,12.0328955160622,16.8286147434783,302.685490196078,29.7169117194217,0,18.9941591142753,62.9399971836124,11.0823333333333,11.3656666666667,2.17733333333333
"1384",2026-02-01 23:03:00,1.158,1.8205,1.158,3.799398,5.9730605,11.9457006210183,16.7414198484344,302.404705882353,29.7180929188517,0,19.0173847368903,63.159997173768,11.079,11.37,2.1605
"1385",2026-02-01 23:04:00,1.154,1.814,1.154,3.786274,5.951734,11.8585057259744,16.6542249533905,302.123921568627,29.7192741182816,0,19.0406103595053,63.3799971639236,11.0756666666667,11.3743333333333,2.14366666666667
"1386",2026-02-01 23:05:00,1.15,1.8075,1.15,3.77315,5.9304075,11.7713108309304,16.5670300583465,301.843137254902,29.7204553177115,0,19.0638359821203,63.5999971540792,11.0723333333333,11.3786666666667,2.12683333333333
"1387",2026-02-01 23:06:00,1.146,1.801,1.146,3.760026,5.909081,12.0328955160622,16.6542249533905,301.843137254902,29.7204553177115,0,19.0173490323757,63.3599971648186,11.069,11.383,2.11
"1388",2026-02-01 23:07:00,1.142,1.7945,1.142,3.746902,5.8877545,12.294480201194,16.7414198484344,301.843137254902,29.7204553177115,0,18.970862082631,63.1199971755579,11.0738333333333,11.3781666666667,2.093
"1389",2026-02-01 23:08:00,1.138,1.788,1.138,3.733778,5.866428,12.5560648863258,16.8286147434783,301.843137254902,29.7204553177115,0,18.9243751328864,62.8799971862972,11.0786666666667,11.3733333333333,2.076
"1390",2026-02-01 23:09:00,1.134,1.7815,1.134,3.720654,5.8451015,12.8176495714576,16.9158096385223,301.843137254902,29.7204553177115,0,18.8778881831417,62.6399971970365,11.0835,11.3685,2.059
"1391",2026-02-01 23:10:00,1.13,1.775,1.13,3.70753,5.823775,13.0792342565894,17.0030045335662,301.843137254902,29.7204553177115,0,18.8314012333971,62.3999972077758,11.0883333333333,11.3636666666667,2.042
"1392",2026-02-01 23:11:00,1.126,1.7685,1.126,3.694406,5.8024485,12.9920393615455,17.0030045335662,302.123921568627,29.7210459174265,0,18.808104005203,62.3999972077758,11.0931666666667,11.3588333333333,2.025
"1393",2026-02-01 23:12:00,1.122,1.762,1.122,3.681282,5.781122,12.9048444665015,17.0030045335662,302.404705882353,29.7216365171414,0,18.7848067770089,62.3999972077758,11.098,11.354,2.008
"1394",2026-02-01 23:13:00,1.118,1.7555,1.118,3.668158,5.7597955,12.8176495714576,17.0030045335662,302.685490196078,29.7222271168564,0,18.7615095488147,62.3999972077758,11.0925,11.3523333333333,1.99433333333333
"1395",2026-02-01 23:14:00,1.114,1.749,1.114,3.655034,5.738469,12.7304546764137,17.0030045335662,302.966274509804,29.7228177165713,0,18.7382123206206,62.3999972077758,11.087,11.3506666666667,1.98066666666667
"1396",2026-02-01 23:15:00,1.11,1.7425,1.11,3.64191,5.7171425,12.6432597813697,17.0030045335662,303.247058823529,29.7234083162863,0,18.7149150924265,62.3999972077758,11.0815,11.349,1.967
"1397",2026-02-01 23:16:00,1.106,1.736,1.106,3.628786,5.695816,12.6432597813697,17.4389790087858,302.966274509804,29.7239989160012,0,18.7265682064953,62.5799971997214,11.076,11.3473333333333,1.95333333333333
"1398",2026-02-01 23:17:00,1.102,1.7295,1.102,3.615662,5.6744895,12.6432597813697,17.8749534840055,302.685490196078,29.7245895157162,0,18.7382213205641,62.7599971916669,11.0705,11.3456666666667,1.93966666666667
"1399",2026-02-01 23:18:00,1.098,1.723,1.098,3.602538,5.653163,12.6432597813697,18.3109279592251,302.404705882353,29.7251801154312,0,18.7498744346329,62.9399971836124,11.065,11.344,1.926
"1400",2026-02-01 23:19:00,1.094,1.7165,1.094,3.589414,5.6318365,12.6432597813697,18.7469024344448,302.123921568627,29.7257707151461,0,18.7615275487017,63.1199971755579,11.0581666666667,11.3391666666667,1.91066666666667
"1401",2026-02-01 23:20:00,1.09,1.71,1.09,3.57629,5.61051,12.6432597813697,19.1828769096644,301.843137254902,29.7263613148611,0,18.7731806627705,63.2999971675034,11.0513333333333,11.3343333333333,1.89533333333333
"1402",2026-02-01 23:21:00,1.089,1.708,1.089,3.573009,5.603948,12.7304546764137,19.1828769096644,301.562352941176,29.7263613148611,0,18.7148245959301,63.1399971746629,11.0445,11.3295,1.88
"1403",2026-02-01 23:22:00,1.088,1.706,1.088,3.569728,5.597386,12.8176495714576,19.1828769096644,301.281568627451,29.7263613148611,0,18.6564685290898,62.9799971818225,11.0376666666667,11.3246666666667,1.86466666666667
"1404",2026-02-01 23:23:00,1.087,1.704,1.087,3.566447,5.590824,12.9048444665015,19.1828769096644,301.000784313725,29.7263613148611,0,18.5981124622494,62.819997188982,11.0308333333333,11.3198333333333,1.84933333333333
"1405",2026-02-01 23:24:00,1.086,1.702,1.086,3.563166,5.584262,12.9920393615455,19.1828769096644,300.72,29.7263613148611,0,18.539756395409,62.6599971961416,11.024,11.315,1.834
"1406",2026-02-01 23:25:00,1.085,1.7,1.085,3.559885,5.5777,13.0792342565894,19.1828769096644,300.439215686275,29.7263613148611,0,18.4814003285686,62.4999972033011,11.0205,11.3138333333333,1.81983333333333
"1407",2026-02-01 23:26:00,1.084,1.698,1.084,3.556604,5.571138,13.1664291516333,19.0956820146205,301.281568627451,29.7263613148611,0,18.4697018412109,62.4799972041961,11.017,11.3126666666667,1.80566666666667
"1408",2026-02-01 23:27:00,1.083,1.696,1.083,3.553323,5.564576,13.2536240466772,19.0084871195766,302.123921568627,29.7263613148611,0,18.4580033538532,62.459997205091,11.0135,11.3115,1.7915
"1409",2026-02-01 23:28:00,1.082,1.694,1.082,3.550042,5.558014,13.3408189417212,18.9212922245326,302.966274509804,29.7263613148611,0,18.4463048664955,62.439997205986,11.01,11.3103333333333,1.77733333333333
"1410",2026-02-01 23:29:00,1.081,1.692,1.081,3.546761,5.551452,13.4280138367651,18.8340973294887,303.80862745098,29.7263613148611,0,18.4346063791378,62.4199972068809,11.0065,11.3091666666667,1.76316666666667
"1411",2026-02-01 23:30:00,1.08,1.69,1.08,3.54348,5.54489,13.515208731809,18.7469024344448,304.650980392157,29.7263613148611,0,18.4229078917801,62.3999972077758,11.003,11.308,1.749
"1412",2026-02-01 23:31:00,1.079,1.688,1.079,3.540199,5.538328,13.2536240466772,18.6597075394009,304.931764705882,29.726951914576,0,18.4462957417323,62.7199971934567,10.9923333333333,11.2998333333333,1.73583333333333
"1413",2026-02-01 23:32:00,1.078,1.686,1.078,3.536918,5.531766,12.9920393615455,18.5725126443569,305.212549019608,29.727542514291,0,18.4696835916846,63.0399971791377,10.9816666666667,11.2916666666667,1.72266666666667
"1414",2026-02-01 23:33:00,1.077,1.684,1.077,3.533637,5.525204,12.7304546764137,18.485317749313,305.493333333333,29.728133114006,0,18.4930714416368,63.3599971648186,10.971,11.2835,1.7095
"1415",2026-02-01 23:34:00,1.076,1.682,1.076,3.530356,5.518642,12.4688699912819,18.3981228542691,305.774117647059,29.7287237137209,0,18.516459291589,63.6799971504995,10.9603333333333,11.2753333333333,1.69633333333333
"1416",2026-02-01 23:35:00,1.075,1.68,1.075,3.527075,5.51208,12.2072853061501,18.3109279592251,306.054901960784,29.7293143134359,0,18.5398471415413,63.9999971361804,10.9496666666667,11.2671666666667,1.68316666666667
"1417",2026-02-01 23:36:00,1.074,1.678,1.074,3.523794,5.505518,12.2072853061501,18.3109279592251,305.212549019608,29.7310861125808,0,18.5047516542365,63.9999971361804,10.939,11.259,1.67
"1418",2026-02-01 23:37:00,1.073,1.676,1.073,3.520513,5.498956,12.2072853061501,18.3109279592251,304.370196078431,29.7328579117256,0,18.4696561669318,63.9999971361804,10.9246666666667,11.2491666666667,1.6585
"1419",2026-02-01 23:38:00,1.072,1.674,1.072,3.517232,5.492394,12.2072853061501,18.3109279592251,303.527843137255,29.7346297108705,0,18.4345606796271,63.9999971361804,10.9103333333333,11.2393333333333,1.647
"1420",2026-02-01 23:39:00,1.071,1.672,1.071,3.513951,5.485832,12.2072853061501,18.3109279592251,302.685490196078,29.7364015100154,0,18.3994651923224,63.9999971361804,10.896,11.2295,1.6355
"1421",2026-02-01 23:40:00,1.07,1.67,1.07,3.51067,5.47927,12.2072853061501,18.3109279592251,301.843137254902,29.7381733091603,0,18.3643697050177,63.9999971361804,10.8816666666667,11.2196666666667,1.624
"1422",2026-02-01 23:41:00,1.0775,1.6825,1.0775,3.5352775,5.5202825,12.1200904111062,18.2237330641812,301.843137254902,29.7369921097303,0,18.3174471478553,63.9799971370753,10.8673333333333,11.2098333333333,1.6125
"1423",2026-02-01 23:42:00,1.085,1.695,1.085,3.559885,5.561295,12.0328955160622,18.1365381691373,301.843137254902,29.7358109103004,0,18.270524590693,63.9599971379702,10.853,11.2,1.601
"1424",2026-02-01 23:43:00,1.0925,1.7075,1.0925,3.5844925,5.6023075,11.9457006210183,18.0493432740933,301.843137254902,29.7346297108705,0,18.2236020335306,63.9399971388652,10.8445,11.1906666666667,1.5885
"1425",2026-02-01 23:44:00,1.1,1.72,1.1,3.6091,5.64332,11.8585057259744,17.9621483790494,301.843137254902,29.7334485114406,0,18.1766794763683,63.9199971397601,10.836,11.1813333333333,1.576
"1426",2026-02-01 23:45:00,1.1075,1.7325,1.1075,3.6337075,5.6843325,11.7713108309304,17.8749534840055,301.843137254902,29.7322673120107,0,18.1297569192059,63.8999971406551,10.8275,11.172,1.5635
"1427",2026-02-01 23:46:00,1.115,1.745,1.115,3.658315,5.725345,11.9457006210183,18.2237330641812,301.843137254902,29.7334485114406,0,18.1297569192059,63.7999971451298,10.819,11.1626666666667,1.551
"1428",2026-02-01 23:47:00,1.1225,1.7575,1.1225,3.6829225,5.7663575,12.1200904111062,18.5725126443569,301.843137254902,29.7346297108705,0,18.1297569192059,63.6999971496045,10.8105,11.1533333333333,1.5385
"1429",2026-02-01 23:48:00,1.13,1.77,1.13,3.70753,5.80737,12.294480201194,18.9212922245326,301.843137254902,29.7358109103004,0,18.1297569192059,63.5999971540792,10.802,11.144,1.526
"1430",2026-02-01 23:49:00,1.1375,1.7825,1.1375,3.7321375,5.8483825,12.4688699912819,19.2700718047084,301.843137254902,29.7369921097303,0,18.1297569192059,63.4999971585539,10.7875,11.132,1.5145
"1431",2026-02-01 23:50:00,1.145,1.795,1.145,3.756745,5.889395,12.6432597813697,19.6188513848841,301.843137254902,29.7381733091603,0,18.1297569192059,63.3999971630287,10.773,11.12,1.503
"1432",2026-02-01 23:51:00,1.1525,1.8075,1.1525,3.7813525,5.9304075,12.294480201194,18.8340973294887,301.281568627451,29.7381733091603,0,18.0708947821339,63.3399971657135,10.7585,11.108,1.4915
"1433",2026-02-01 23:52:00,1.16,1.82,1.16,3.80596,5.97142,11.9457006210183,18.0493432740933,300.72,29.7381733091603,0,18.0120326450618,63.2799971683983,10.744,11.096,1.48
"1434",2026-02-01 23:53:00,1.1675,1.8325,1.1675,3.8305675,6.0124325,11.5969210408426,17.264589218698,300.158431372549,29.7381733091603,0,17.9531705079898,63.2199971710832,10.7295,11.084,1.4685
"1435",2026-02-01 23:54:00,1.175,1.845,1.175,3.855175,6.053445,11.2481414606669,16.4798351633026,299.596862745098,29.7381733091603,0,17.8943083709177,63.159997173768,10.715,11.072,1.457
"1436",2026-02-01 23:55:00,1.1825,1.8575,1.1825,3.8797825,6.0944575,10.8993618804912,15.6950811079073,299.035294117647,29.7381733091603,0,17.8354462338457,63.0999971764528,10.6966666666667,11.0555,1.4465
"1437",2026-02-01 23:56:00,1.19,1.87,1.19,3.90439,6.13547,10.9865567755351,16.043860688083,299.035294117647,29.7387639088752,0,17.8590191282153,63.159997173768,10.6783333333333,11.039,1.436
"1438",2026-02-01 23:57:00,1.1975,1.8825,1.1975,3.9289975,6.1764825,11.073751670579,16.3926402682587,299.035294117647,29.7393545085902,0,17.8825920225849,63.2199971710832,10.66,11.0225,1.4255
"1439",2026-02-01 23:58:00,1.205,1.895,1.205,3.953605,6.217495,11.1609465656229,16.7414198484344,299.035294117647,29.7399451083051,0,17.9061649169545,63.2799971683983,10.6416666666667,11.006,1.415
"1440",2026-02-01 23:59:00,1.2125,1.9075,1.2125,3.9782125,6.2585075,11.2481414606669,17.0901994286101,299.035294117647,29.7405357080201,0,17.9297378113241,63.3399971657135,10.6233333333333,10.9895,1.4045
"1441",2026-02-02,1.22,1.92,1.22,4.00282,6.29952,11.3353363557108,17.4389790087858,299.035294117647,29.7411263077351,0,17.9533107056937,63.3999971630287,10.605,10.973,1.394
"1442",2026-02-02 00:01:00,1.22,1.92,1.22,4.00282,6.29952,11.2481414606669,17.0030045335662,299.596862745098,29.74171690745,0,17.9297378113241,63.4799971594489,10.5785,10.9576666666667,1.38533333333333
"1443",2026-02-02 00:02:00,1.22,1.92,1.22,4.00282,6.29952,11.1609465656229,16.5670300583465,300.158431372549,29.742307507165,0,17.9061649169545,63.5599971558691,10.552,10.9423333333333,1.37666666666667
"1444",2026-02-02 00:03:00,1.22,1.92,1.22,4.00282,6.29952,11.073751670579,16.1310555831269,300.72,29.7428981068799,0,17.8825920225849,63.6399971522893,10.5255,10.927,1.368
"1445",2026-02-02 00:04:00,1.22,1.92,1.22,4.00282,6.29952,10.9865567755351,15.6950811079073,301.281568627451,29.7434887065949,0,17.8590191282153,63.7199971487096,10.499,10.9116666666667,1.35933333333333
"1446",2026-02-02 00:05:00,1.22,1.92,1.22,4.00282,6.29952,10.8993618804912,15.2591066326876,301.843137254902,29.7440793063099,0,17.8354462338457,63.7999971451298,10.4725,10.8963333333333,1.35066666666667
"1447",2026-02-02 00:06:00,1.22,1.92,1.22,4.00282,6.29952,11.073751670579,15.6950811079073,301.843137254902,29.7440793063099,0,17.84723737163,63.6999971496045,10.446,10.881,1.342
"1448",2026-02-02 00:07:00,1.22,1.92,1.22,4.00282,6.29952,11.2481414606669,16.1310555831269,301.843137254902,29.7440793063099,0,17.8590285094142,63.5999971540792,10.4266666666667,10.8581666666667,1.33383333333333
"1449",2026-02-02 00:08:00,1.22,1.92,1.22,4.00282,6.29952,11.4225312507547,16.5670300583465,301.843137254902,29.7440793063099,0,17.8708196471985,63.4999971585539,10.4073333333333,10.8353333333333,1.32566666666667
"1450",2026-02-02 00:09:00,1.22,1.92,1.22,4.00282,6.29952,11.5969210408426,17.0030045335662,301.843137254902,29.7440793063099,0,17.8826107849828,63.3999971630287,10.388,10.8125,1.3175
"1451",2026-02-02 00:10:00,1.22,1.92,1.22,4.00282,6.29952,11.7713108309304,17.4389790087858,301.843137254902,29.7440793063099,0,17.894401922767,63.2999971675034,10.3686666666667,10.7896666666667,1.30933333333333
"1452",2026-02-02 00:11:00,1.22,1.92,1.22,4.00282,6.29952,11.8585057259744,17.264589218698,301.000784313725,29.7446699060248,0,17.8590002611001,63.1999971719781,10.3493333333333,10.7668333333333,1.30116666666667
"1453",2026-02-02 00:12:00,1.22,1.92,1.22,4.00282,6.29952,11.9457006210183,17.0901994286101,300.158431372549,29.7452605057398,0,17.8235985994331,63.0999971764528,10.33,10.744,1.293
"1454",2026-02-02 00:13:00,1.22,1.92,1.22,4.00282,6.29952,12.0328955160622,16.9158096385223,299.316078431373,29.7458511054547,0,17.7881969377661,62.9999971809275,10.3043333333333,10.722,1.28583333333333
"1455",2026-02-02 00:14:00,1.22,1.92,1.22,4.00282,6.29952,12.1200904111062,16.7414198484344,298.473725490196,29.7464417051697,0,17.7527952760991,62.8999971854022,10.2786666666667,10.7,1.27866666666667
"1456",2026-02-02 00:15:00,1.22,1.92,1.22,4.00282,6.29952,12.2072853061501,16.5670300583465,297.63137254902,29.7470323048847,0,17.7173936144322,62.799997189877,10.253,10.678,1.2715
"1457",2026-02-02 00:16:00,1.22,1.92,1.22,4.00282,6.29952,11.9457006210183,16.5670300583465,297.912156862745,29.7482135043146,0,17.7645770326845,63.1999971719781,10.2273333333333,10.656,1.26433333333333
"1458",2026-02-02 00:17:00,1.22,1.92,1.22,4.00282,6.29952,11.6841159358865,16.5670300583465,298.192941176471,29.7493947037445,0,17.8117604509368,63.5999971540792,10.2016666666667,10.634,1.25716666666667
"1459",2026-02-02 00:18:00,1.22,1.92,1.22,4.00282,6.29952,11.4225312507547,16.5670300583465,298.473725490196,29.7505759031744,0,17.8589438691891,63.9999971361804,10.176,10.612,1.25
"1460",2026-02-02 00:19:00,1.22,1.92,1.22,4.00282,6.29952,11.1609465656229,16.5670300583465,298.754509803922,29.7517571026043,0,17.9061272874414,64.3999971182815,10.1501666666667,10.5831666666667,1.24183333333333
"1461",2026-02-02 00:20:00,1.22,1.92,1.22,4.00282,6.29952,10.8993618804912,16.5670300583465,299.035294117647,29.7529383020342,0,17.9533107056937,64.7999971003826,10.1243333333333,10.5543333333333,1.23366666666667
"1462",2026-02-02 00:21:00,1.2205,1.921,1.2205,4.0044605,6.302801,10.8121669854472,16.3054453732148,299.035294117647,29.7529383020342,0,17.8824789236591,64.4599971155967,10.0985,10.5255,1.2255
"1463",2026-02-02 00:22:00,1.221,1.922,1.221,4.006101,6.306082,10.7249720904033,16.043860688083,299.035294117647,29.7529383020342,0,17.8116471416245,64.1199971308107,10.0726666666667,10.4966666666667,1.21733333333333
"1464",2026-02-02 00:23:00,1.2215,1.923,1.2215,4.0077415,6.309363,10.6377771953594,15.7822760029512,299.035294117647,29.7529383020342,0,17.7408153595899,63.7799971460247,10.0468333333333,10.4678333333333,1.20916666666667
"1465",2026-02-02 00:24:00,1.222,1.924,1.222,4.009382,6.312644,10.5505823003154,15.5206913178194,299.035294117647,29.7529383020342,0,17.6699835775553,63.4399971612388,10.021,10.439,1.201
"1466",2026-02-02 00:25:00,1.2225,1.925,1.2225,4.0110225,6.315925,10.4633874052715,15.2591066326876,299.035294117647,29.7529383020342,0,17.5991517955207,63.0999971764528,9.99616666666667,10.4115,1.196
"1467",2026-02-02 00:26:00,1.223,1.926,1.223,4.012663,6.319206,10.3761925102276,15.2591066326876,299.035294117647,29.7535289017492,0,17.622800159303,63.3199971666084,9.97133333333333,10.384,1.191
"1468",2026-02-02 00:27:00,1.2235,1.927,1.2235,4.0143035,6.322487,10.2889976151836,15.2591066326876,299.035294117647,29.7541195014642,0,17.6464485230853,63.5399971567641,9.9465,10.3565,1.186
"1469",2026-02-02 00:28:00,1.224,1.928,1.224,4.015944,6.325768,10.2018027201397,15.2591066326876,299.035294117647,29.7547101011791,0,17.6700968868676,63.7599971469197,9.92166666666667,10.329,1.181
"1470",2026-02-02 00:29:00,1.2245,1.929,1.2245,4.0175845,6.329049,10.1146078250958,15.2591066326876,299.035294117647,29.7553007008941,0,17.6937452506499,63.9799971370753,9.89683333333333,10.3015,1.176
"1471",2026-02-02 00:30:00,1.225,1.93,1.225,4.019225,6.33233,10.0274129300519,15.2591066326876,299.035294117647,29.755891300609,0,17.7173936144322,64.1999971272309,9.872,10.274,1.171
"1472",2026-02-02 00:31:00,1.2255,1.931,1.2255,4.0208655,6.335611,10.2018027201397,15.2591066326876,300.158431372549,29.755891300609,0,17.7173936144322,64.0599971334955,9.84216666666667,10.2418333333333,1.165
"1473",2026-02-02 00:32:00,1.226,1.932,1.226,4.022506,6.338892,10.3761925102276,15.2591066326876,301.281568627451,29.755891300609,0,17.7173936144322,63.9199971397601,9.81233333333333,10.2096666666667,1.159
"1474",2026-02-02 00:33:00,1.2265,1.933,1.2265,4.0241465,6.342173,10.5505823003154,15.2591066326876,302.404705882353,29.755891300609,0,17.7173936144322,63.7799971460247,9.7825,10.1775,1.153
"1475",2026-02-02 00:34:00,1.227,1.934,1.227,4.025787,6.345454,10.7249720904033,15.2591066326876,303.527843137255,29.755891300609,0,17.7173936144322,63.6399971522893,9.75266666666667,10.1453333333333,1.147
"1476",2026-02-02 00:35:00,1.2275,1.935,1.2275,4.0274275,6.348735,10.8993618804912,15.2591066326876,304.650980392157,29.755891300609,0,17.7173936144322,63.499997158554,9.72283333333333,10.1131666666667,1.141
"1477",2026-02-02 00:36:00,1.228,1.936,1.228,4.029068,6.352016,11.073751670579,15.5206913178194,304.650980392157,29.7553007008941,0,17.7173936144322,63.4799971594489,9.693,10.081,1.135
"1478",2026-02-02 00:37:00,1.2285,1.937,1.2285,4.0307085,6.355297,11.2481414606669,15.7822760029512,304.650980392157,29.7547101011791,0,17.7173936144322,63.4599971603438,9.666,10.0515,1.13016666666667
"1479",2026-02-02 00:38:00,1.229,1.938,1.229,4.032349,6.358578,11.4225312507547,16.043860688083,304.650980392157,29.7541195014642,0,17.7173936144322,63.4399971612388,9.639,10.022,1.12533333333333
"1480",2026-02-02 00:39:00,1.2295,1.939,1.2295,4.0339895,6.361859,11.5969210408426,16.3054453732148,304.650980392157,29.7535289017492,0,17.7173936144322,63.4199971621337,9.612,9.9925,1.1205
"1481",2026-02-02 00:40:00,1.23,1.94,1.23,4.03563,6.36514,11.7713108309304,16.5670300583465,304.650980392157,29.7529383020342,0,17.7173936144322,63.3999971630287,9.585,9.963,1.11566666666667
"1482",2026-02-02 00:41:00,1.2345,1.946,1.2345,4.0503945,6.384826,11.9457006210183,16.4798351633026,304.931764705882,29.7541195014642,0,17.7055741757375,63.3399971657135,9.558,9.9335,1.11083333333333
"1483",2026-02-02 00:42:00,1.239,1.952,1.239,4.065159,6.404512,12.1200904111062,16.3926402682587,305.212549019608,29.7553007008941,0,17.6937547370429,63.2799971683983,9.531,9.904,1.106
"1484",2026-02-02 00:43:00,1.2435,1.958,1.2435,4.0799235,6.424198,12.294480201194,16.3054453732148,305.493333333333,29.756481900324,0,17.6819352983482,63.2199971710832,9.50483333333333,9.8695,1.10216666666667
"1485",2026-02-02 00:44:00,1.248,1.964,1.248,4.094688,6.443884,12.4688699912819,16.2182504781708,305.774117647059,29.7576630997539,0,17.6701158596536,63.159997173768,9.47866666666667,9.835,1.09833333333333
"1486",2026-02-02 00:45:00,1.2525,1.97,1.2525,4.1094525,6.46357,12.6432597813697,16.1310555831269,306.054901960784,29.7588442991838,0,17.6582964209589,63.0999971764528,9.4525,9.8005,1.0945
"1487",2026-02-02 00:46:00,1.257,1.976,1.257,4.124217,6.483256,12.3816750962379,16.3054453732148,305.212549019608,29.7588442991838,0,17.6819258383975,63.4199971621337,9.42633333333333,9.766,1.09066666666667
"1488",2026-02-02 00:47:00,1.2615,1.982,1.2615,4.1389815,6.502942,12.1200904111062,16.4798351633026,304.370196078431,29.7588442991838,0,17.705555255836,63.7399971478146,9.40016666666667,9.7315,1.08683333333333
"1489",2026-02-02 00:48:00,1.266,1.988,1.266,4.153746,6.522628,11.8585057259744,16.6542249533905,303.527843137255,29.7588442991838,0,17.7291846732745,64.0599971334955,9.374,9.697,1.083
"1490",2026-02-02 00:49:00,1.2705,1.994,1.2705,4.1685105,6.542314,11.5969210408426,16.8286147434783,302.685490196078,29.7588442991838,0,17.7528140907131,64.3799971191764,9.33783333333333,9.66483333333333,1.08083333333333
"1491",2026-02-02 00:50:00,1.275,2,1.275,4.183275,6.562,11.3353363557108,17.0030045335662,301.843137254902,29.7588442991838,0,17.7764435081516,64.6999971048573,9.30166666666667,9.63266666666667,1.07866666666667
"1492",2026-02-02 00:51:00,1.2795,2.006,1.2795,4.1980395,6.581686,11.4225312507547,17.1773943236541,301.843137254902,29.7588442991838,0,17.7409851656254,64.4599971155966,9.2655,9.6005,1.0765
"1493",2026-02-02 00:52:00,1.284,2.012,1.284,4.212804,6.601372,11.5097261457987,17.3517841137419,301.843137254902,29.7588442991838,0,17.7055268230993,64.219997126336,9.22933333333333,9.56833333333333,1.07433333333333
"1494",2026-02-02 00:53:00,1.2885,2.018,1.2885,4.2275685,6.621058,11.5969210408426,17.5261739038298,301.843137254902,29.7588442991838,0,17.6700684805731,63.9799971370753,9.19316666666667,9.53616666666667,1.07216666666667
"1495",2026-02-02 00:54:00,1.293,2.024,1.293,4.242333,6.640744,11.6841159358865,17.7005636939176,301.843137254902,29.7588442991838,0,17.6346101380469,63.7399971478146,9.157,9.504,1.07
"1496",2026-02-02 00:55:00,1.2975,2.03,1.2975,4.2570975,6.66043,11.7713108309304,17.8749534840055,301.843137254902,29.7588442991838,0,17.5991517955207,63.499997158554,9.123,9.47333333333333,1.06883333333333
"1497",2026-02-02 00:56:00,1.302,2.036,1.302,4.271862,6.680116,11.8585057259744,17.6133687988737,301.281568627451,29.7594348988988,0,17.6464106831857,63.8399971433399,9.089,9.44266666666667,1.06766666666667
"1498",2026-02-02 00:57:00,1.3065,2.042,1.3065,4.2866265,6.699802,11.9457006210183,17.3517841137419,300.72,29.7600254986138,0,17.6936695708507,64.1799971281259,9.055,9.412,1.0665
"1499",2026-02-02 00:58:00,1.311,2.048,1.311,4.301391,6.719488,12.0328955160622,17.0901994286101,300.158431372549,29.7606160983287,0,17.7409284585157,64.5199971129118,9.021,9.38133333333333,1.06533333333333
"1500",2026-02-02 00:59:00,1.3155,2.054,1.3155,4.3161555,6.739174,12.1200904111062,16.8286147434783,299.596862745098,29.7612066980437,0,17.7881873461807,64.8599970976978,8.987,9.35066666666667,1.06416666666667
"1501",2026-02-02 01:00:00,1.32,2.06,1.32,4.33092,6.75886,12.2072853061501,16.5670300583465,299.035294117647,29.7617972977586,0,17.8354462338457,65.1999970824837,8.953,9.32,1.063
"1502",2026-02-02 01:01:00,1.307,2.0405,1.307,4.288267,6.6948805,12.1200904111062,16.8286147434783,299.316078431373,29.7623878974736,0,17.776348908162,64.8599970976978,8.92183333333333,9.28666666666667,1.063
"1503",2026-02-02 01:02:00,1.294,2.021,1.294,4.245614,6.630901,12.0328955160622,17.0901994286101,299.596862745098,29.7629784971886,0,17.7172515824783,64.5199971129118,8.89066666666667,9.25333333333333,1.063
"1504",2026-02-02 01:03:00,1.281,2.0015,1.281,4.202961,6.5669215,11.9457006210183,17.3517841137419,299.877647058824,29.7635690969035,0,17.6581542567946,64.1799971281259,8.8595,9.22,1.063
"1505",2026-02-02 01:04:00,1.268,1.982,1.268,4.160308,6.502942,11.8585057259744,17.6133687988737,300.158431372549,29.7641596966185,0,17.5990569311109,63.8399971433399,8.82833333333333,9.18666666666667,1.063
"1506",2026-02-02 01:05:00,1.255,1.9625,1.255,4.117655,6.4389625,11.7713108309304,17.8749534840055,300.439215686275,29.7647502963334,0,17.5399596054272,63.499997158554,8.79716666666667,9.15333333333333,1.063
"1507",2026-02-02 01:06:00,1.242,1.943,1.242,4.075002,6.374983,11.6841159358865,17.3517841137419,300.72,29.7653408960484,0,17.5636269685335,63.5799971549742,8.766,9.12,1.063
"1508",2026-02-02 01:07:00,1.229,1.9235,1.229,4.032349,6.3110035,11.5969210408426,16.8286147434783,301.000784313725,29.7659314957633,0,17.5872943316399,63.6599971513944,8.72983333333333,9.08716666666667,1.06416666666667
"1509",2026-02-02 01:08:00,1.216,1.904,1.216,3.989696,6.247024,11.5097261457987,16.3054453732148,301.281568627451,29.7665220954783,0,17.6109616947462,63.7399971478146,8.69366666666667,9.05433333333333,1.06533333333333
"1510",2026-02-02 01:09:00,1.203,1.8845,1.203,3.947043,6.1830445,11.4225312507547,15.7822760029512,301.562352941176,29.7671126951933,0,17.6346290578526,63.8199971442348,8.6575,9.0215,1.0665
"1511",2026-02-02 01:10:00,1.19,1.865,1.19,3.90439,6.119065,11.3353363557108,15.2591066326876,301.843137254902,29.7677032949082,0,17.6582964209589,63.8999971406551,8.62133333333333,8.98866666666667,1.06766666666667
"1512",2026-02-02 01:11:00,1.177,1.8455,1.177,3.861737,6.0550855,11.1609465656229,15.2591066326876,302.123921568627,29.7677032949082,0,17.6464674958713,64.0999971317056,8.58516666666667,8.95583333333333,1.06883333333333
"1513",2026-02-02 01:12:00,1.164,1.826,1.164,3.819084,5.991106,10.9865567755351,15.2591066326876,302.404705882353,29.7677032949082,0,17.6346385707836,64.2999971227562,8.549,8.923,1.07
"1514",2026-02-02 01:13:00,1.151,1.8065,1.151,3.776431,5.9271265,10.8121669854472,15.2591066326876,302.685490196078,29.7677032949082,0,17.622809645696,64.4999971138068,8.5125,8.89183333333333,1.07383333333333
"1515",2026-02-02 01:14:00,1.138,1.787,1.138,3.733778,5.863147,10.6377771953594,15.2591066326876,302.966274509804,29.7677032949082,0,17.6109807206084,64.6999971048573,8.476,8.86066666666667,1.07766666666667
"1516",2026-02-02 01:15:00,1.125,1.7675,1.125,3.691125,5.7991675,10.4633874052715,15.2591066326876,303.247058823529,29.7677032949082,0,17.5991517955207,64.8999970959079,8.4395,8.8295,1.0815
"1517",2026-02-02 01:16:00,1.112,1.748,1.112,3.648472,5.735188,10.8993618804912,15.6078862128633,303.247058823529,29.7682938946232,0,17.5636078360333,64.219997126336,8.403,8.79833333333333,1.08533333333333
"1518",2026-02-02 01:17:00,1.099,1.7285,1.099,3.605819,5.6712085,11.3353363557108,15.956665793039,303.247058823529,29.7688844943381,0,17.5280638765459,63.5399971567641,8.3665,8.76716666666667,1.08916666666667
"1519",2026-02-02 01:18:00,1.086,1.709,1.086,3.563166,5.607229,11.7713108309304,16.3054453732148,303.247058823529,29.7694750940531,0,17.4925199170586,62.8599971871921,8.33,8.736,1.093
"1520",2026-02-02 01:19:00,1.073,1.6895,1.073,3.520513,5.5432495,12.2072853061501,16.6542249533905,303.247058823529,29.7700656937681,0,17.4569759575712,62.1799972176202,8.29333333333333,8.70416666666667,1.099
"1521",2026-02-02 01:20:00,1.06,1.67,1.06,3.47786,5.47927,12.6432597813697,17.0030045335662,303.247058823529,29.770656293483,0,17.4214319980838,61.4999972480483,8.25666666666667,8.67233333333333,1.105
"1522",2026-02-02 01:21:00,1.0635,1.675,1.0635,3.4893435,5.495675,12.294480201194,16.4798351633026,302.966274509804,29.771246893198,0,17.4214319980838,61.759997236414,8.22,8.6405,1.111
"1523",2026-02-02 01:22:00,1.067,1.68,1.067,3.500827,5.51208,11.9457006210183,15.956665793039,302.685490196078,29.7718374929129,0,17.4214319980838,62.0199972247798,8.18333333333333,8.60866666666667,1.117
"1524",2026-02-02 01:23:00,1.0705,1.685,1.0705,3.5123105,5.528485,11.5969210408426,15.4334964227755,302.404705882353,29.7724280926279,0,17.4214319980838,62.2799972131455,8.14666666666667,8.57683333333333,1.123
"1525",2026-02-02 01:24:00,1.074,1.69,1.074,3.523794,5.54489,11.2481414606669,14.9103270525119,302.123921568627,29.7730186923429,0,17.4214319980838,62.5399972015112,8.11,8.545,1.129
"1526",2026-02-02 01:25:00,1.0775,1.695,1.0775,3.5352775,5.561295,10.8993618804912,14.3871576822483,301.843137254902,29.7736092920578,0,17.4214319980838,62.799997189877,8.0785,8.51116666666667,1.13433333333333
"1527",2026-02-02 01:26:00,1.081,1.7,1.081,3.546761,5.5777,10.8993618804912,14.4743525772922,301.281568627451,29.7736092920578,0,17.4095648610705,62.819997188982,8.047,8.47733333333333,1.13966666666667
"1528",2026-02-02 01:27:00,1.0845,1.705,1.0845,3.5582445,5.594105,10.8993618804912,14.5615474723362,300.72,29.7736092920578,0,17.3976977240573,62.8399971880871,8.0155,8.4435,1.145
"1529",2026-02-02 01:28:00,1.088,1.71,1.088,3.569728,5.61051,10.8993618804912,14.6487423673801,300.158431372549,29.7736092920578,0,17.385830587044,62.8599971871921,7.984,8.40966666666667,1.15033333333333
"1530",2026-02-02 01:29:00,1.0915,1.715,1.0915,3.5812115,5.626915,10.8993618804912,14.735937262424,299.596862745098,29.7736092920578,0,17.3739634500308,62.8799971862972,7.9525,8.37583333333333,1.15566666666667
"1531",2026-02-02 01:30:00,1.095,1.72,1.095,3.592695,5.64332,10.8993618804912,14.823132157468,299.035294117647,29.7736092920578,0,17.3620963130175,62.8999971854023,7.921,8.342,1.161
"1532",2026-02-02 01:31:00,1.0985,1.725,1.0985,3.6041785,5.659725,11.073751670579,15.4334964227755,298.473725490196,29.7730186923429,0,17.3620963130175,62.7599971916669,7.87975,8.30483333333333,1.1655
"1533",2026-02-02 01:32:00,1.102,1.73,1.102,3.615662,5.67613,11.2481414606669,16.043860688083,297.912156862745,29.7724280926279,0,17.3620963130175,62.6199971979315,7.8385,8.26766666666667,1.17
"1534",2026-02-02 01:33:00,1.1055,1.735,1.1055,3.6271455,5.692535,11.4225312507547,16.6542249533905,297.350588235294,29.7718374929129,0,17.3620963130175,62.4799972041961,7.79725,8.2305,1.1745
"1535",2026-02-02 01:34:00,1.109,1.74,1.109,3.638629,5.70894,11.5969210408426,17.264589218698,296.789019607843,29.771246893198,0,17.3620963130175,62.3399972104607,7.756,8.19333333333333,1.179
"1536",2026-02-02 01:35:00,1.1125,1.745,1.1125,3.6501125,5.725345,11.7713108309304,17.8749534840055,296.227450980392,29.770656293483,0,17.3620963130175,62.1999972167253,7.71475,8.15616666666667,1.1835
"1537",2026-02-02 01:36:00,1.116,1.75,1.116,3.661596,5.74175,11.7713108309304,17.5261739038298,297.069803921569,29.7718374929129,0,17.3739634500308,62.2199972158303,7.6735,8.119,1.188
"1538",2026-02-02 01:37:00,1.1195,1.755,1.1195,3.6730795,5.758155,11.7713108309304,17.1773943236541,297.912156862745,29.7730186923429,0,17.385830587044,62.2399972149354,7.63225,8.08066666666667,1.194
"1539",2026-02-02 01:38:00,1.123,1.76,1.123,3.684563,5.77456,11.7713108309304,16.8286147434783,298.754509803922,29.7741998917728,0,17.3976977240573,62.2599972140404,7.591,8.04233333333333,1.2
"1540",2026-02-02 01:39:00,1.1265,1.765,1.1265,3.6960465,5.790965,11.7713108309304,16.4798351633026,299.596862745098,29.7753810912027,0,17.4095648610705,62.2799972131455,7.54975,8.004,1.206
"1541",2026-02-02 01:40:00,1.13,1.77,1.13,3.70753,5.80737,11.7713108309304,16.1310555831269,300.439215686275,29.7765622906326,0,17.4214319980838,62.2999972122506,7.5085,7.96566666666667,1.212
"1542",2026-02-02 01:41:00,1.131,1.772,1.131,3.710811,5.813932,11.5969210408426,16.043860688083,300.72,29.7771528903476,0,17.4095648610705,62.3999972077758,7.46725,7.92733333333333,1.218
"1543",2026-02-02 01:42:00,1.132,1.774,1.132,3.714092,5.820494,11.4225312507547,15.956665793039,301.000784313725,29.7777434900625,0,17.3976977240573,62.4999972033011,7.426,7.889,1.224
"1544",2026-02-02 01:43:00,1.133,1.776,1.133,3.717373,5.827056,11.2481414606669,15.8694708979951,301.281568627451,29.7783340897775,0,17.385830587044,62.5999971988264,7.38733333333333,7.8475,1.23216666666667
"1545",2026-02-02 01:44:00,1.134,1.778,1.134,3.720654,5.833618,11.073751670579,15.7822760029512,301.562352941176,29.7789246894924,0,17.3739634500308,62.6999971943517,7.34866666666667,7.806,1.24033333333333
"1546",2026-02-02 01:45:00,1.135,1.78,1.135,3.723935,5.84018,10.8993618804912,15.6950811079073,301.843137254902,29.7795152892074,0,17.3620963130175,62.799997189877,7.31,7.7645,1.2485
"1547",2026-02-02 01:46:00,1.136,1.782,1.136,3.727216,5.846742,10.8993618804912,15.6078862128633,301.562352941176,29.7795152892074,0,17.3620963130175,62.7799971907719,7.27133333333333,7.723,1.25666666666667
"1548",2026-02-02 01:47:00,1.137,1.784,1.137,3.730497,5.853304,10.8993618804912,15.5206913178194,301.281568627451,29.7795152892074,0,17.3620963130175,62.7599971916669,7.23266666666667,7.6815,1.26483333333333
"1549",2026-02-02 01:48:00,1.138,1.786,1.138,3.733778,5.859866,10.8993618804912,15.4334964227755,301.000784313725,29.7795152892074,0,17.3620963130175,62.7399971925618,7.194,7.64,1.273
"1550",2026-02-02 01:49:00,1.139,1.788,1.139,3.737059,5.866428,10.8993618804912,15.3463015277315,300.72,29.7795152892074,0,17.3620963130175,62.7199971934567,7.15708333333333,7.59566666666667,1.28066666666667
"1551",2026-02-02 01:50:00,1.14,1.79,1.14,3.74034,5.87299,10.8993618804912,15.2591066326876,300.439215686275,29.7795152892074,0,17.3620963130175,62.6999971943517,7.12016666666667,7.55133333333333,1.28833333333333
"1552",2026-02-02 01:51:00,1.141,1.792,1.141,3.743621,5.879552,10.8993618804912,15.3463015277315,300.72,29.7789246894924,0,17.3976689714994,62.9799971818225,7.08325,7.507,1.296
"1553",2026-02-02 01:52:00,1.142,1.794,1.142,3.746902,5.886114,10.8993618804912,15.4334964227755,301.000784313725,29.7783340897775,0,17.4332416299814,63.2599971692933,7.04633333333333,7.46266666666667,1.30366666666667
"1554",2026-02-02 01:53:00,1.143,1.796,1.143,3.750183,5.892676,10.8993618804912,15.5206913178194,301.281568627451,29.7777434900625,0,17.4688142884633,63.5399971567641,7.00941666666667,7.41833333333333,1.31133333333333
"1555",2026-02-02 01:54:00,1.144,1.798,1.144,3.753464,5.899238,10.8993618804912,15.6078862128633,301.562352941176,29.7771528903476,0,17.5043869469453,63.8199971442348,6.9725,7.374,1.319
"1556",2026-02-02 01:55:00,1.145,1.8,1.145,3.756745,5.9058,10.8993618804912,15.6950811079073,301.843137254902,29.7765622906326,0,17.5399596054272,64.0999971317056,6.93558333333333,7.3325,1.32933333333333
"1557",2026-02-02 01:56:00,1.146,1.802,1.146,3.760026,5.912362,10.9865567755351,15.8694708979951,301.281568627451,29.7771528903476,0,17.4806237857161,63.5999971540792,6.89866666666667,7.291,1.33966666666667
"1558",2026-02-02 01:57:00,1.147,1.804,1.147,3.763307,5.918924,11.073751670579,16.043860688083,300.72,29.7777434900625,0,17.4212879660051,63.0999971764528,6.86175,7.2495,1.35
"1559",2026-02-02 01:58:00,1.148,1.806,1.148,3.766588,5.925486,11.1609465656229,16.2182504781708,300.158431372549,29.7783340897775,0,17.361952146294,62.5999971988264,6.82483333333333,7.208,1.36033333333333
"1560",2026-02-02 01:59:00,1.149,1.808,1.149,3.769869,5.932048,11.2481414606669,16.3926402682587,299.596862745098,29.7789246894924,0,17.302616326583,62.0999972212,6.78791666666667,7.1665,1.37066666666667
"1561",2026-02-02 02:00:00,1.15,1.81,1.15,3.77315,5.93861,11.3353363557108,16.5670300583465,299.035294117647,29.7795152892074,0,17.2432805068719,61.5999972435736,6.751,7.125,1.381
"1562",2026-02-02 02:01:00,1.141,1.796,1.141,3.743621,5.892676,11.3353363557108,16.9158096385223,299.316078431373,29.7795152892074,0,17.2789108051143,61.8399972328343,6.71266666666667,7.0845,1.3915
"1563",2026-02-02 02:02:00,1.132,1.782,1.132,3.714092,5.846742,11.3353363557108,17.264589218698,299.596862745098,29.7795152892074,0,17.3145411033567,62.0799972220949,6.67433333333333,7.044,1.402
"1564",2026-02-02 02:03:00,1.123,1.768,1.123,3.684563,5.800808,11.3353363557108,17.6133687988737,299.877647058824,29.7795152892074,0,17.350171401599,62.3199972113556,6.636,7.0035,1.4125
"1565",2026-02-02 02:04:00,1.114,1.754,1.114,3.655034,5.754874,11.3353363557108,17.9621483790494,300.158431372549,29.7795152892074,0,17.3858016998414,62.5599972006163,6.59766666666667,6.963,1.423
"1566",2026-02-02 02:05:00,1.105,1.74,1.105,3.625505,5.70894,11.3353363557108,18.3109279592251,300.439215686275,29.7795152892074,0,17.4214319980838,62.799997189877,6.55933333333333,6.9225,1.4335
"1567",2026-02-02 02:06:00,1.096,1.726,1.096,3.595976,5.663006,11.2481414606669,17.9621483790494,300.439215686275,29.7789246894924,0,17.3739056214704,62.5799971997213,6.521,6.882,1.444
"1568",2026-02-02 02:07:00,1.087,1.712,1.087,3.566447,5.617072,11.1609465656229,17.6133687988737,300.439215686275,29.7783340897775,0,17.3263792448571,62.3599972095657,6.485,6.8405,1.45166666666667
"1569",2026-02-02 02:08:00,1.078,1.698,1.078,3.536918,5.571138,11.073751670579,17.264589218698,300.439215686275,29.7777434900625,0,17.2788528682437,62.1399972194101,6.449,6.799,1.45933333333333
"1570",2026-02-02 02:09:00,1.069,1.684,1.069,3.507389,5.525204,10.9865567755351,16.9158096385223,300.439215686275,29.7771528903476,0,17.2313264916304,61.9199972292545,6.413,6.7575,1.467
"1571",2026-02-02 02:10:00,1.06,1.67,1.06,3.47786,5.47927,10.8993618804912,16.5670300583465,300.439215686275,29.7765622906326,0,17.183800115017,61.6999972390989,6.377,6.716,1.47466666666667
"1572",2026-02-02 02:11:00,1.051,1.656,1.051,3.448331,5.433336,10.9865567755351,16.6542249533905,300.72,29.7771528903476,0,17.2075825975456,61.8799972310444,6.341,6.6745,1.48233333333333
"1573",2026-02-02 02:12:00,1.042,1.642,1.042,3.418802,5.387402,11.073751670579,16.7414198484344,301.000784313725,29.7777434900625,0,17.2313650800742,62.0599972229899,6.305,6.633,1.49
"1574",2026-02-02 02:13:00,1.033,1.628,1.033,3.389273,5.341468,11.1609465656229,16.8286147434783,301.281568627451,29.7783340897775,0,17.2551475626028,62.2399972149354,6.25983333333333,6.59083333333333,1.49816666666667
"1575",2026-02-02 02:14:00,1.024,1.614,1.024,3.359744,5.295534,11.2481414606669,16.9158096385223,301.562352941176,29.7789246894924,0,17.2789300451314,62.4199972068809,6.21466666666667,6.54866666666667,1.50633333333333
"1576",2026-02-02 02:15:00,1.015,1.6,1.015,3.330215,5.2496,11.3353363557108,17.0030045335662,301.843137254902,29.7795152892074,0,17.30271252766,62.5999971988264,6.1695,6.5065,1.5145
"1577",2026-02-02 02:16:00,1.006,1.586,1.006,3.300686,5.203666,11.073751670579,16.6542249533905,302.404705882353,29.7806964886373,0,17.3145892847315,62.7199971934567,6.12433333333333,6.46433333333333,1.52266666666667
"1578",2026-02-02 02:17:00,0.997,1.572,0.997,3.271157,5.157732,10.8121669854472,16.3054453732148,302.966274509804,29.7818776880672,0,17.326466041803,62.8399971880871,6.07916666666667,6.42216666666667,1.53083333333333
"1579",2026-02-02 02:18:00,0.988,1.558,0.988,3.241628,5.111798,10.5505823003154,15.956665793039,303.527843137255,29.7830588874972,0,17.3383427988745,62.9599971827174,6.034,6.38,1.539
"1580",2026-02-02 02:19:00,0.979,1.544,0.979,3.212099,5.065864,10.2889976151836,15.6078862128633,304.089411764706,29.7842400869271,0,17.350219555946,63.0799971773478,5.98916666666667,6.34166666666667,1.5455
"1581",2026-02-02 02:20:00,0.97,1.53,0.97,3.18257,5.01993,10.0274129300519,15.2591066326876,304.650980392157,29.785421286357,0,17.3620963130175,63.1999971719781,5.94433333333333,6.30333333333333,1.552
"1582",2026-02-02 02:21:00,0.9695,1.5285,0.9695,3.1809295,5.0150085,10.1146078250958,15.5206913178194,304.370196078431,29.786011886072,0,17.3383331517884,62.9999971809275,5.8995,6.265,1.5585
"1583",2026-02-02 02:22:00,0.969,1.527,0.969,3.179289,5.010087,10.2018027201397,15.7822760029512,304.089411764706,29.7866024857869,0,17.3145699905593,62.799997189877,5.85466666666667,6.22666666666667,1.565
"1584",2026-02-02 02:23:00,0.9685,1.5255,0.9685,3.1776485,5.0051655,10.2889976151836,16.043860688083,303.80862745098,29.7871930855019,0,17.2908068293302,62.5999971988264,5.80983333333333,6.18833333333333,1.5715
"1585",2026-02-02 02:24:00,0.968,1.524,0.968,3.176008,5.000244,10.3761925102276,16.3054453732148,303.527843137255,29.7877836852168,0,17.267043668101,62.3999972077758,5.765,6.15,1.578
"1586",2026-02-02 02:25:00,0.9675,1.5225,0.9675,3.1743675,4.9953225,10.4633874052715,16.5670300583465,303.247058823529,29.7883742849318,0,17.2432805068719,62.1999972167253,5.7235,6.11133333333333,1.5845
"1587",2026-02-02 02:26:00,0.967,1.521,0.967,3.172727,4.990401,10.4633874052715,16.6542249533905,303.247058823529,29.7883742849318,0,17.2551669110295,62.4799972041961,5.682,6.07266666666667,1.591
"1588",2026-02-02 02:27:00,0.9665,1.5195,0.9665,3.1710865,4.9854795,10.4633874052715,16.7414198484344,303.247058823529,29.7883742849318,0,17.2670533151871,62.7599971916669,5.6405,6.034,1.5975
"1589",2026-02-02 02:28:00,0.966,1.518,0.966,3.169446,4.980558,10.4633874052715,16.8286147434783,303.247058823529,29.7883742849318,0,17.2789397193448,63.0399971791377,5.599,5.99533333333333,1.604
"1590",2026-02-02 02:29:00,0.9655,1.5165,0.9655,3.1678055,4.9756365,10.4633874052715,16.9158096385223,303.247058823529,29.7883742849318,0,17.2908261235024,63.3199971666084,5.5575,5.95666666666667,1.6105
"1591",2026-02-02 02:30:00,0.965,1.515,0.965,3.166165,4.970715,10.4633874052715,17.0030045335662,303.247058823529,29.7883742849318,0,17.30271252766,63.5999971540792,5.516,5.918,1.617
"1592",2026-02-02 02:31:00,0.9645,1.5135,0.9645,3.1645245,4.9657935,10.4633874052715,16.6542249533905,303.527843137255,29.7883742849318,0,17.2908261235024,63.4799971594489,5.47183333333333,5.87466666666667,1.62533333333333
"1593",2026-02-02 02:32:00,0.964,1.512,0.964,3.162884,4.960872,10.4633874052715,16.3054453732148,303.80862745098,29.7883742849318,0,17.2789397193448,63.3599971648186,5.42766666666667,5.83133333333333,1.63366666666667
"1594",2026-02-02 02:33:00,0.9635,1.5105,0.9635,3.1612435,4.9559505,10.4633874052715,15.956665793039,304.089411764706,29.7883742849318,0,17.2670533151871,63.2399971701882,5.3835,5.788,1.642
"1595",2026-02-02 02:34:00,0.963,1.509,0.963,3.159603,4.951029,10.4633874052715,15.6078862128633,304.370196078431,29.7883742849318,0,17.2551669110295,63.1199971755579,5.33933333333333,5.74466666666667,1.65033333333333
"1596",2026-02-02 02:35:00,0.9625,1.5075,0.9625,3.1579625,4.9461075,10.4633874052715,15.2591066326876,304.650980392157,29.7883742849318,0,17.2432805068719,62.9999971809275,5.29516666666667,5.70133333333333,1.65866666666667
"1597",2026-02-02 02:36:00,0.962,1.506,0.962,3.156322,4.941186,10.3761925102276,15.0847168425998,304.089411764706,29.7883742849318,0,17.2194786486893,62.799997189877,5.251,5.658,1.667
"1598",2026-02-02 02:37:00,0.9615,1.5045,0.9615,3.1546815,4.9362645,10.2889976151836,14.9103270525119,303.527843137255,29.7883742849318,0,17.1956767905068,62.5999971988264,5.20883333333333,5.6165,1.674
"1599",2026-02-02 02:38:00,0.961,1.503,0.961,3.153041,4.931343,10.2018027201397,14.735937262424,302.966274509804,29.7883742849318,0,17.1718749323242,62.3999972077758,5.16666666666667,5.575,1.681
"1600",2026-02-02 02:39:00,0.9605,1.5015,0.9605,3.1514005,4.9264215,10.1146078250958,14.5615474723362,302.404705882353,29.7883742849318,0,17.1480730741416,62.1999972167253,5.1245,5.5335,1.688
"1601",2026-02-02 02:40:00,0.96,1.5,0.96,3.14976,4.9215,10.0274129300519,14.3871576822483,301.843137254902,29.7883742849318,0,17.124271215959,61.9999972256747,5.08233333333333,5.492,1.695
"1602",2026-02-02 02:41:00,0.9575,1.4955,0.9575,3.1415575,4.9067355,9.853023139964,14.2127678921605,302.404705882353,29.7895554843617,0,17.124271215959,62.0999972212,5.04016666666667,5.4505,1.702
"1603",2026-02-02 02:42:00,0.955,1.491,0.955,3.133355,4.891971,9.67863334987614,14.0383781020726,302.966274509804,29.7907366837916,0,17.124271215959,62.1999972167253,4.998,5.409,1.709
"1604",2026-02-02 02:43:00,0.9525,1.4865,0.9525,3.1251525,4.8772065,9.50424355978828,13.8639883119847,303.527843137255,29.7919178832215,0,17.124271215959,62.2999972122506,4.964,5.36533333333333,1.715
"1605",2026-02-02 02:44:00,0.95,1.482,0.95,3.11695,4.862442,9.32985376970042,13.6895985218969,304.089411764706,29.7930990826515,0,17.124271215959,62.3999972077758,4.93,5.32166666666667,1.721
"1606",2026-02-02 02:45:00,0.9475,1.4775,0.9475,3.1087475,4.8476775,9.15546397961257,13.515208731809,304.650980392157,29.7942802820814,0,17.124271215959,62.4999972033011,4.896,5.278,1.727
"1607",2026-02-02 02:46:00,0.945,1.473,0.945,3.100545,4.832913,9.15546397961257,13.515208731809,303.80862745098,29.7942802820814,0,17.1361769957706,62.6999971943517,4.862,5.23433333333333,1.733
"1608",2026-02-02 02:47:00,0.9425,1.4685,0.9425,3.0923425,4.8181485,9.15546397961257,13.515208731809,302.966274509804,29.7942802820814,0,17.1480827755822,62.8999971854023,4.828,5.19066666666667,1.739
"1609",2026-02-02 02:48:00,0.94,1.464,0.94,3.08414,4.803384,9.15546397961257,13.515208731809,302.123921568627,29.7942802820814,0,17.1599885553938,63.0999971764528,4.794,5.147,1.745
"1610",2026-02-02 02:49:00,0.9375,1.4595,0.9375,3.0759375,4.7886195,9.15546397961257,13.515208731809,301.281568627451,29.7942802820814,0,17.1718943352054,63.2999971675034,4.7445,5.10366666666667,1.75
"1611",2026-02-02 02:50:00,0.935,1.455,0.935,3.067735,4.773855,9.15546397961257,13.515208731809,300.439215686275,29.7942802820814,0,17.183800115017,63.499997158554,4.695,5.06033333333333,1.755
"1612",2026-02-02 02:51:00,0.9325,1.4505,0.9325,3.0595325,4.7590905,9.41704866474435,13.9511832070287,301.281568627451,29.7948708817963,0,17.2075825975456,63.4799971594489,4.6455,5.017,1.76
"1613",2026-02-02 02:52:00,0.93,1.446,0.93,3.05133,4.744326,9.67863334987614,14.3871576822483,302.123921568627,29.7954614815113,0,17.2313650800742,63.4599971603438,4.596,4.97366666666667,1.765
"1614",2026-02-02 02:53:00,0.9275,1.4415,0.9275,3.0431275,4.7295615,9.94021803500793,14.823132157468,302.966274509804,29.7960520812263,0,17.2551475626028,63.4399971612388,4.5465,4.93033333333333,1.77
"1615",2026-02-02 02:54:00,0.925,1.437,0.925,3.034925,4.714797,10.2018027201397,15.2591066326876,303.80862745098,29.7966426809412,0,17.2789300451314,63.4199971621337,4.497,4.887,1.775
"1616",2026-02-02 02:55:00,0.9225,1.4325,0.9225,3.0267225,4.7000325,10.4633874052715,15.6950811079073,304.650980392157,29.7972332806562,0,17.30271252766,63.3999971630287,4.458,4.84383333333333,1.78266666666667
"1617",2026-02-02 02:56:00,0.92,1.428,0.92,3.01852,4.685268,10.3761925102276,15.3463015277315,304.370196078431,29.7966426809412,0,17.2789300451314,63.0799971773478,4.419,4.80066666666667,1.79033333333333
"1618",2026-02-02 02:57:00,0.9175,1.4235,0.9175,3.0103175,4.6705035,10.2889976151836,14.9975219475558,304.089411764706,29.7960520812263,0,17.2551475626028,62.7599971916669,4.38,4.7575,1.798
"1619",2026-02-02 02:58:00,0.915,1.419,0.915,3.002115,4.655739,10.2018027201397,14.6487423673801,303.80862745098,29.7954614815113,0,17.2313650800742,62.439997205986,4.341,4.71433333333333,1.80566666666667
"1620",2026-02-02 02:59:00,0.9125,1.4145,0.9125,2.9939125,4.6409745,10.1146078250958,14.2999627872044,303.527843137255,29.7948708817963,0,17.2075825975456,62.1199972203051,4.302,4.67116666666667,1.81333333333333
"1621",2026-02-02 03:00:00,0.91,1.41,0.91,2.98571,4.62621,10.0274129300519,13.9511832070287,303.247058823529,29.7942802820814,0,17.183800115017,61.7999972346242,4.263,4.628,1.821
"1622",2026-02-02 03:01:00,0.906,1.404,0.906,2.972586,4.606524,9.853023139964,14.2127678921605,302.685490196078,29.7942802820814,0,17.1718943352054,61.9199972292545,4.23,4.58533333333333,1.8275
"1623",2026-02-02 03:02:00,0.902,1.398,0.902,2.959462,4.586838,9.67863334987614,14.4743525772922,302.123921568627,29.7942802820814,0,17.1599885553938,62.0399972238848,4.197,4.54266666666667,1.834
"1624",2026-02-02 03:03:00,0.898,1.392,0.898,2.946338,4.567152,9.50424355978828,14.735937262424,301.562352941176,29.7942802820814,0,17.1480827755822,62.1599972185152,4.164,4.5,1.8405
"1625",2026-02-02 03:04:00,0.894,1.386,0.894,2.933214,4.547466,9.32985376970042,14.9975219475558,301.000784313725,29.7942802820814,0,17.1361769957706,62.2799972131455,4.131,4.45733333333333,1.847
"1626",2026-02-02 03:05:00,0.89,1.38,0.89,2.92009,4.52778,9.15546397961257,15.2591066326876,300.439215686275,29.7942802820814,0,17.124271215959,62.3999972077758,4.098,4.41466666666667,1.8535
"1627",2026-02-02 03:06:00,0.886,1.374,0.886,2.906966,4.508094,9.41704866474435,15.2591066326876,299.877647058824,29.7948708817963,0,17.0884953940997,62.2399972149354,4.065,4.372,1.86
"1628",2026-02-02 03:07:00,0.882,1.368,0.882,2.893842,4.488408,9.67863334987614,15.2591066326876,299.316078431373,29.7954614815113,0,17.0527195722404,62.079997222095,4.025,4.331,1.86666666666667
"1629",2026-02-02 03:08:00,0.878,1.362,0.878,2.880718,4.468722,9.94021803500793,15.2591066326876,298.754509803922,29.7960520812263,0,17.0169437503811,61.9199972292545,3.985,4.29,1.87333333333333
"1630",2026-02-02 03:09:00,0.874,1.356,0.874,2.867594,4.449036,10.2018027201397,15.2591066326876,298.192941176471,29.7966426809412,0,16.9811679285217,61.759997236414,3.945,4.249,1.88
"1631",2026-02-02 03:10:00,0.87,1.35,0.87,2.85447,4.42935,10.4633874052715,15.2591066326876,297.63137254902,29.7972332806562,0,16.9453921066624,61.5999972435736,3.905,4.208,1.88666666666667
"1632",2026-02-02 03:11:00,0.866,1.344,0.866,2.841346,4.409664,10.4633874052715,15.3463015277315,298.754509803922,29.7966426809412,0,16.969252419942,61.7799972355191,3.865,4.167,1.89333333333333
"1633",2026-02-02 03:12:00,0.862,1.338,0.862,2.828222,4.389978,10.4633874052715,15.4334964227755,299.877647058824,29.7960520812263,0,16.9931127332215,61.9599972274646,3.825,4.126,1.9
"1634",2026-02-02 03:13:00,0.858,1.332,0.858,2.815098,4.370292,10.4633874052715,15.5206913178194,301.000784313725,29.7954614815113,0,17.016973046501,62.1399972194101,3.786,4.08883333333333,1.90483333333333
"1635",2026-02-02 03:14:00,0.854,1.326,0.854,2.801974,4.350606,10.4633874052715,15.6078862128633,302.123921568627,29.7948708817963,0,17.0408333597806,62.3199972113556,3.747,4.05166666666667,1.90966666666667
"1636",2026-02-02 03:15:00,0.85,1.32,0.85,2.78885,4.33092,10.4633874052715,15.6950811079073,303.247058823529,29.7942802820814,0,17.0646936730601,62.4999972033011,3.708,4.0145,1.9145
"1637",2026-02-02 03:16:00,0.846,1.314,0.846,2.775726,4.311234,10.5505823003154,15.7822760029512,303.527843137255,29.7954614815113,0,17.0766091816399,62.3799972086708,3.669,3.97733333333333,1.91933333333333
"1638",2026-02-02 03:17:00,0.842,1.308,0.842,2.762602,4.291548,10.6377771953594,15.8694708979951,303.80862745098,29.7966426809412,0,17.0885246902197,62.2599972140405,3.63,3.94016666666667,1.92416666666667
"1639",2026-02-02 03:18:00,0.838,1.302,0.838,2.749478,4.271862,10.7249720904033,15.956665793039,304.089411764706,29.7978238803711,0,17.1004401987995,62.1399972194101,3.591,3.903,1.929
"1640",2026-02-02 03:19:00,0.834,1.296,0.834,2.736354,4.252176,10.8121669854472,16.043860688083,304.370196078431,29.7990050798011,0,17.1123557073793,62.0199972247798,3.5515,3.8625,1.934
"1641",2026-02-02 03:20:00,0.83,1.29,0.83,2.72323,4.23249,10.8993618804912,16.1310555831269,304.650980392157,29.800186279231,0,17.124271215959,61.8999972301494,3.512,3.822,1.939
"1642",2026-02-02 03:21:00,0.8295,1.29,0.8295,2.7215895,4.23249,10.7249720904033,15.6950811079073,304.089411764706,29.800186279231,0,17.1480730741416,62.0399972238848,3.4725,3.7815,1.944
"1643",2026-02-02 03:22:00,0.829,1.29,0.829,2.719949,4.23249,10.5505823003154,15.2591066326876,303.527843137255,29.800186279231,0,17.1718749323242,62.1799972176202,3.433,3.741,1.949
"1644",2026-02-02 03:23:00,0.8285,1.29,0.8285,2.7183085,4.23249,10.3761925102276,14.823132157468,302.966274509804,29.800186279231,0,17.1956767905068,62.3199972113556,3.3935,3.7005,1.954
"1645",2026-02-02 03:24:00,0.828,1.29,0.828,2.716668,4.23249,10.2018027201397,14.3871576822483,302.404705882353,29.800186279231,0,17.2194786486893,62.459997205091,3.354,3.66,1.959
"1646",2026-02-02 03:25:00,0.8275,1.29,0.8275,2.7150275,4.23249,10.0274129300519,13.9511832070287,301.843137254902,29.800186279231,0,17.2432805068719,62.5999971988264,3.32233333333333,3.6295,1.965
"1647",2026-02-02 03:26:00,0.827,1.29,0.827,2.713387,4.23249,10.2889976151836,14.2999627872044,301.562352941176,29.7990050798011,0,17.2313844285009,62.3599972095657,3.29066666666667,3.599,1.971
"1648",2026-02-02 03:27:00,0.8265,1.29,0.8265,2.7117465,4.23249,10.5505823003154,14.6487423673801,301.281568627451,29.7978238803711,0,17.21948835013,62.1199972203051,3.259,3.5685,1.977
"1649",2026-02-02 03:28:00,0.826,1.29,0.826,2.710106,4.23249,10.8121669854472,14.9975219475558,301.000784313725,29.7966426809412,0,17.207592271759,61.8799972310444,3.22733333333333,3.538,1.983
"1650",2026-02-02 03:29:00,0.8255,1.29,0.8255,2.7084655,4.23249,11.073751670579,15.3463015277315,300.72,29.7954614815113,0,17.195696193388,61.6399972417837,3.19566666666667,3.5075,1.989
"1651",2026-02-02 03:30:00,0.825,1.29,0.825,2.706825,4.23249,11.3353363557108,15.6950811079073,300.439215686275,29.7942802820814,0,17.183800115017,61.399997252523,3.164,3.477,1.995
"1652",2026-02-02 03:31:00,0.8245,1.29,0.8245,2.7051845,4.23249,11.4225312507547,15.6950811079073,301.000784313725,29.7954614815113,0,17.183800115017,61.4999972480483,3.13133333333333,3.443,2.0015
"1653",2026-02-02 03:32:00,0.824,1.29,0.824,2.703544,4.23249,11.5097261457987,15.6950811079073,301.562352941176,29.7966426809412,0,17.183800115017,61.5999972435736,3.09866666666667,3.409,2.008
"1654",2026-02-02 03:33:00,0.8235,1.29,0.8235,2.7019035,4.23249,11.5969210408426,15.6950811079073,302.123921568627,29.7978238803711,0,17.183800115017,61.6999972390989,3.066,3.375,2.0145
"1655",2026-02-02 03:34:00,0.823,1.29,0.823,2.700263,4.23249,11.6841159358865,15.6950811079073,302.685490196078,29.7990050798011,0,17.183800115017,61.7999972346242,3.03333333333333,3.341,2.021
"1656",2026-02-02 03:35:00,0.8225,1.29,0.8225,2.6986225,4.23249,11.7713108309304,15.6950811079073,303.247058823529,29.800186279231,0,17.183800115017,61.8999972301494,3.00066666666667,3.307,2.0275
"1657",2026-02-02 03:36:00,0.822,1.29,0.822,2.696982,4.23249,11.7713108309304,16.1310555831269,302.685490196078,29.799595679516,0,17.2194593546171,62.0399972238848,2.968,3.273,2.034
"1658",2026-02-02 03:37:00,0.8215,1.29,0.8215,2.6953415,4.23249,11.7713108309304,16.5670300583465,302.123921568627,29.7990050798011,0,17.2551185942172,62.1799972176202,2.93766666666667,3.24083333333333,2.04066666666667
"1659",2026-02-02 03:38:00,0.821,1.29,0.821,2.693701,4.23249,11.7713108309304,17.0030045335662,301.562352941176,29.7984144800861,0,17.2907778338173,62.3199972113556,2.90733333333333,3.20866666666667,2.04733333333333
"1660",2026-02-02 03:39:00,0.8205,1.29,0.8205,2.6920605,4.23249,11.7713108309304,17.4389790087858,301.000784313725,29.7978238803711,0,17.3264370734174,62.459997205091,2.877,3.1765,2.054
"1661",2026-02-02 03:40:00,0.82,1.29,0.82,2.69042,4.23249,11.7713108309304,17.8749534840055,300.439215686275,29.7972332806562,0,17.3620963130175,62.5999971988264,2.84666666666667,3.14433333333333,2.06066666666667
"1662",2026-02-02 03:41:00,0.8175,1.2855,0.8175,2.6822175,4.2177255,11.7713108309304,17.5261739038298,300.72,29.7966426809412,0,17.3739634500308,62.5799971997214,2.81633333333333,3.11216666666667,2.06733333333333
"1663",2026-02-02 03:42:00,0.815,1.281,0.815,2.674015,4.202961,11.7713108309304,17.1773943236541,301.000784313725,29.7960520812263,0,17.385830587044,62.5599972006163,2.786,3.08,2.074
"1664",2026-02-02 03:43:00,0.8125,1.2765,0.8125,2.6658125,4.1881965,11.7713108309304,16.8286147434783,301.281568627451,29.7954614815113,0,17.3976977240573,62.5399972015112,2.75866666666667,3.04883333333333,2.08483333333333
"1665",2026-02-02 03:44:00,0.81,1.272,0.81,2.65761,4.173432,11.7713108309304,16.4798351633026,301.562352941176,29.7948708817963,0,17.4095648610705,62.5199972024062,2.73133333333333,3.01766666666667,2.09566666666667
"1666",2026-02-02 03:45:00,0.8075,1.2675,0.8075,2.6494075,4.1586675,11.7713108309304,16.1310555831269,301.843137254902,29.7942802820814,0,17.4214319980838,62.4999972033011,2.704,2.9865,2.1065
"1667",2026-02-02 03:46:00,0.805,1.263,0.805,2.641205,4.143903,11.9457006210183,16.2182504781708,302.123921568627,29.7948708817963,0,17.4095648610705,62.3799972086708,2.67666666666667,2.95533333333333,2.11733333333333
"1668",2026-02-02 03:47:00,0.8025,1.2585,0.8025,2.6330025,4.1291385,12.1200904111062,16.3054453732148,302.404705882353,29.7954614815113,0,17.3976977240573,62.2599972140405,2.64933333333333,2.92416666666667,2.12816666666667
"1669",2026-02-02 03:48:00,0.8,1.254,0.8,2.6248,4.114374,12.294480201194,16.3926402682587,302.685490196078,29.7960520812263,0,17.385830587044,62.1399972194101,2.622,2.893,2.139
"1670",2026-02-02 03:49:00,0.7975,1.2495,0.7975,2.6165975,4.0996095,12.4688699912819,16.4798351633026,302.966274509804,29.7966426809412,0,17.3739634500308,62.0199972247798,2.59116666666667,2.86183333333333,2.15316666666667
"1671",2026-02-02 03:50:00,0.795,1.245,0.795,2.608395,4.084845,12.6432597813697,16.5670300583465,303.247058823529,29.7972332806562,0,17.3620963130175,61.8999972301494,2.56033333333333,2.83066666666667,2.16733333333333
"1672",2026-02-02 03:51:00,0.7925,1.2405,0.7925,2.6001925,4.0700805,12.6432597813697,16.9158096385223,303.527843137255,29.7966426809412,0,17.3739634500308,62.1399972194101,2.5295,2.7995,2.1815
"1673",2026-02-02 03:52:00,0.79,1.236,0.79,2.59199,4.055316,12.6432597813697,17.264589218698,303.80862745098,29.7960520812263,0,17.385830587044,62.3799972086708,2.49866666666667,2.76833333333333,2.19566666666667
"1674",2026-02-02 03:53:00,0.7875,1.2315,0.7875,2.5837875,4.0405515,12.6432597813697,17.6133687988737,304.089411764706,29.7954614815113,0,17.3976977240573,62.6199971979315,2.46783333333333,2.73716666666667,2.20983333333333
"1675",2026-02-02 03:54:00,0.785,1.227,0.785,2.575585,4.025787,12.6432597813697,17.9621483790494,304.370196078431,29.7948708817963,0,17.4095648610705,62.8599971871921,2.437,2.706,2.224
"1676",2026-02-02 03:55:00,0.7825,1.2225,0.7825,2.5673825,4.0110225,12.6432597813697,18.3109279592251,304.650980392157,29.7942802820814,0,17.4214319980838,63.0999971764528,2.41533333333333,2.67916666666667,2.23616666666667
"1677",2026-02-02 03:56:00,0.78,1.218,0.78,2.55918,3.996258,12.5560648863258,18.1365381691373,304.650980392157,29.7960520812263,0,17.4095648610705,62.799997189877,2.39366666666667,2.65233333333333,2.24833333333333
"1678",2026-02-02 03:57:00,0.7775,1.2135,0.7775,2.5509775,3.9814935,12.4688699912819,17.9621483790494,304.650980392157,29.7978238803711,0,17.3976977240573,62.4999972033011,2.372,2.6255,2.2605
"1679",2026-02-02 03:58:00,0.775,1.209,0.775,2.542775,3.966729,12.3816750962379,17.7877585889616,304.650980392157,29.799595679516,0,17.385830587044,62.1999972167253,2.35033333333333,2.59866666666667,2.27266666666667
"1680",2026-02-02 03:59:00,0.7725,1.2045,0.7725,2.5345725,3.9519645,12.294480201194,17.6133687988737,304.650980392157,29.8013674786609,0,17.3739634500308,61.8999972301494,2.32866666666667,2.57183333333333,2.28483333333333
"1681",2026-02-02 04:00:00,0.77,1.2,0.77,2.52637,3.9372,12.2072853061501,17.4389790087858,304.650980392157,29.8031392778058,0,17.3620963130175,61.5999972435736,2.307,2.545,2.297
"1682",2026-02-02 04:01:00,0.769,1.198,0.769,2.523089,3.930638,12.3816750962379,17.264589218698,304.650980392157,29.8031392778058,0,17.3620963130175,61.5799972444685,2.28466666666667,2.51933333333333,2.30783333333333
"1683",2026-02-02 04:02:00,0.768,1.196,0.768,2.519808,3.924076,12.5560648863258,17.0901994286101,304.650980392157,29.8031392778058,0,17.3620963130175,61.5599972453635,2.26233333333333,2.49366666666667,2.31866666666667
"1684",2026-02-02 04:03:00,0.767,1.194,0.767,2.516527,3.917514,12.7304546764137,16.9158096385223,304.650980392157,29.8031392778058,0,17.3620963130175,61.5399972462584,2.24,2.468,2.3295
"1685",2026-02-02 04:04:00,0.766,1.192,0.766,2.513246,3.910952,12.9048444665015,16.7414198484344,304.650980392157,29.8031392778058,0,17.3620963130175,61.5199972471534,2.21766666666667,2.44233333333333,2.34033333333333
"1686",2026-02-02 04:05:00,0.765,1.19,0.765,2.509965,3.90439,13.0792342565894,16.5670300583465,304.650980392157,29.8031392778058,0,17.3620963130175,61.4999972480483,2.19533333333333,2.41666666666667,2.35116666666667
"1687",2026-02-02 04:06:00,0.764,1.188,0.764,2.506684,3.897828,12.7304546764137,16.5670300583465,304.089411764706,29.8037298775207,0,17.3620963130175,61.6599972408888,2.173,2.391,2.362
"1688",2026-02-02 04:07:00,0.763,1.186,0.763,2.503403,3.891266,12.3816750962379,16.5670300583465,303.527843137255,29.8043204772357,0,17.3620963130175,61.8199972337292,2.14916666666667,2.3685,2.3725
"1689",2026-02-02 04:08:00,0.762,1.184,0.762,2.500122,3.884704,12.0328955160622,16.5670300583465,302.966274509804,29.8049110769506,0,17.3620963130175,61.9799972265697,2.12533333333333,2.346,2.383
"1690",2026-02-02 04:09:00,0.761,1.182,0.761,2.496841,3.878142,11.6841159358865,16.5670300583465,302.404705882353,29.8055016766656,0,17.3620963130175,62.1399972194101,2.1015,2.3235,2.3935
"1691",2026-02-02 04:10:00,0.76,1.18,0.76,2.49356,3.87158,11.3353363557108,16.5670300583465,301.843137254902,29.8060922763806,0,17.3620963130175,62.2999972122506,2.07766666666667,2.301,2.404
"1692",2026-02-02 04:11:00,0.759,1.178,0.759,2.490279,3.865018,11.4225312507547,16.6542249533905,302.123921568627,29.8066828760955,0,17.350219555946,62.1599972185152,2.05383333333333,2.2785,2.4145
"1693",2026-02-02 04:12:00,0.758,1.176,0.758,2.486998,3.858456,11.5097261457987,16.7414198484344,302.404705882353,29.8072734758105,0,17.3383427988745,62.0199972247798,2.03,2.256,2.425
"1694",2026-02-02 04:13:00,0.757,1.174,0.757,2.483717,3.851894,11.5969210408426,16.8286147434783,302.685490196078,29.8078640755254,0,17.326466041803,61.8799972310444,2.0145,2.23366666666667,2.43866666666667
"1695",2026-02-02 04:14:00,0.756,1.172,0.756,2.480436,3.845332,11.6841159358865,16.9158096385223,302.966274509804,29.8084546752404,0,17.3145892847315,61.739997237309,1.999,2.21133333333333,2.45233333333333
"1696",2026-02-02 04:15:00,0.755,1.17,0.755,2.477155,3.83877,11.7713108309304,17.0030045335662,303.247058823529,29.8090452749554,0,17.30271252766,61.5999972435736,1.9835,2.189,2.466
"1697",2026-02-02 04:16:00,0.754,1.168,0.754,2.473874,3.832208,11.6841159358865,16.9158096385223,303.247058823529,29.8090452749554,0,17.3145892847315,61.759997236414,1.968,2.16666666666667,2.47966666666667
"1698",2026-02-02 04:17:00,0.753,1.166,0.753,2.470593,3.825646,11.5969210408426,16.8286147434783,303.247058823529,29.8090452749554,0,17.326466041803,61.9199972292545,1.9525,2.14433333333333,2.49333333333333
"1699",2026-02-02 04:18:00,0.752,1.164,0.752,2.467312,3.819084,11.5097261457987,16.7414198484344,303.247058823529,29.8090452749554,0,17.3383427988745,62.079997222095,1.937,2.122,2.507
"1700",2026-02-02 04:19:00,0.751,1.162,0.751,2.464031,3.812522,11.4225312507547,16.6542249533905,303.247058823529,29.8090452749554,0,17.350219555946,62.2399972149354,1.92216666666667,2.1045,2.5245
"1701",2026-02-02 04:20:00,0.75,1.16,0.75,2.46075,3.80596,11.3353363557108,16.5670300583465,303.247058823529,29.8090452749554,0,17.3620963130175,62.3999972077758,1.90733333333333,2.087,2.542
"1702",2026-02-02 04:21:00,0.753,1.1655,0.753,2.470593,3.8240055,11.2481414606669,16.5670300583465,303.80862745098,29.8096358746703,0,17.3858209939145,62.6999971943517,1.8925,2.0695,2.5595
"1703",2026-02-02 04:22:00,0.756,1.171,0.756,2.480436,3.842051,11.1609465656229,16.5670300583465,304.370196078431,29.8102264743853,0,17.4095456748115,62.9999971809275,1.87766666666667,2.052,2.577
"1704",2026-02-02 04:23:00,0.759,1.1765,0.759,2.490279,3.8600965,11.073751670579,16.5670300583465,304.931764705882,29.8108170741002,0,17.4332703557086,63.2999971675034,1.86283333333333,2.0345,2.5945
"1705",2026-02-02 04:24:00,0.762,1.182,0.762,2.500122,3.878142,10.9865567755351,16.5670300583465,305.493333333333,29.8114076738152,0,17.4569950366056,63.5999971540792,1.848,2.017,2.612
"1706",2026-02-02 04:25:00,0.765,1.1875,0.765,2.509965,3.8961875,10.8993618804912,16.5670300583465,306.054901960784,29.8119982735302,0,17.4807197175026,63.8999971406551,1.835,2.00866666666667,2.62833333333333
"1707",2026-02-02 04:26:00,0.768,1.193,0.768,2.519808,3.914233,10.8993618804912,16.3926402682587,305.493333333333,29.8114076738152,0,17.4688621736188,63.5799971549742,1.822,2.00033333333333,2.64466666666667
"1708",2026-02-02 04:27:00,0.771,1.1985,0.771,2.529651,3.9322785,10.8993618804912,16.2182504781708,304.931764705882,29.8108170741002,0,17.4570046297351,63.2599971692933,1.809,1.992,2.661
"1709",2026-02-02 04:28:00,0.774,1.204,0.774,2.539494,3.950324,10.8993618804912,16.043860688083,304.370196078431,29.8102264743853,0,17.4451470858513,62.9399971836124,1.796,1.98366666666667,2.67733333333333
"1710",2026-02-02 04:29:00,0.777,1.2095,0.777,2.549337,3.9683695,10.8993618804912,15.8694708979951,303.80862745098,29.8096358746703,0,17.4332895419675,62.6199971979315,1.783,1.97533333333333,2.69366666666667
"1711",2026-02-02 04:30:00,0.78,1.215,0.78,2.55918,3.986415,10.8993618804912,15.6950811079073,303.247058823529,29.8090452749554,0,17.4214319980838,62.2999972122506,1.77,1.967,2.71
"1712",2026-02-02 04:31:00,0.783,1.2205,0.783,2.569023,4.0044605,10.9865567755351,15.6078862128633,303.527843137255,29.8096358746703,0,17.4569759575712,62.4999972033011,1.757,1.95016666666667,2.72583333333333
"1713",2026-02-02 04:32:00,0.786,1.226,0.786,2.578866,4.022506,11.073751670579,15.5206913178194,303.80862745098,29.8102264743853,0,17.4925199170586,62.6999971943517,1.744,1.93333333333333,2.74166666666667
"1714",2026-02-02 04:33:00,0.789,1.2315,0.789,2.588709,4.0405515,11.1609465656229,15.4334964227755,304.089411764706,29.8108170741002,0,17.5280638765459,62.8999971854022,1.731,1.9165,2.7575
"1715",2026-02-02 04:34:00,0.792,1.237,0.792,2.598552,4.058597,11.2481414606669,15.3463015277315,304.370196078431,29.8114076738152,0,17.5636078360333,63.0999971764528,1.718,1.89966666666667,2.77333333333333
"1716",2026-02-02 04:35:00,0.795,1.2425,0.795,2.608395,4.0766425,11.3353363557108,15.2591066326876,304.650980392157,29.8119982735302,0,17.5991517955207,63.2999971675034,1.705,1.88283333333333,2.78916666666667
"1717",2026-02-02 04:36:00,0.798,1.248,0.798,2.618238,4.094688,11.1609465656229,15.3463015277315,305.493333333333,29.8131794729601,0,17.5754653799171,63.0999971764528,1.692,1.866,2.805
"1718",2026-02-02 04:37:00,0.801,1.2535,0.801,2.628081,4.1127335,10.9865567755351,15.4334964227755,306.33568627451,29.81436067239,0,17.5517789643135,62.8999971854022,1.6835,1.85933333333333,2.82466666666667
"1719",2026-02-02 04:38:00,0.804,1.259,0.804,2.637924,4.130779,10.8121669854472,15.5206913178194,307.178039215686,29.8155418718199,0,17.5280925487099,62.6999971943517,1.675,1.85266666666667,2.84433333333333
"1720",2026-02-02 04:39:00,0.807,1.2645,0.807,2.647767,4.1488245,10.6377771953594,15.6078862128633,308.020392156863,29.8167230712498,0,17.5044061331062,62.4999972033011,1.6665,1.846,2.864
"1721",2026-02-02 04:40:00,0.81,1.27,0.81,2.65761,4.16687,10.4633874052715,15.6950811079073,308.862745098039,29.8179042706797,0,17.4807197175026,62.2999972122506,1.658,1.83933333333333,2.88366666666667
"1722",2026-02-02 04:41:00,0.8105,1.2705,0.8105,2.6592505,4.1685105,10.6377771953594,15.6078862128633,308.020392156863,29.8173136709648,0,17.4569950366056,62.1599972185152,1.6495,1.83266666666667,2.90333333333333
"1723",2026-02-02 04:42:00,0.811,1.271,0.811,2.660891,4.170151,10.8121669854472,15.5206913178194,307.178039215686,29.8167230712498,0,17.4332703557086,62.0199972247798,1.641,1.826,2.923
"1724",2026-02-02 04:43:00,0.8115,1.2715,0.8115,2.6625315,4.1717915,10.9865567755351,15.4334964227755,306.33568627451,29.8161324715349,0,17.4095456748115,61.8799972310444,1.63316666666667,1.82216666666667,2.94
"1725",2026-02-02 04:44:00,0.812,1.272,0.812,2.664172,4.173432,11.1609465656229,15.3463015277315,305.493333333333,29.8155418718199,0,17.3858209939145,61.739997237309,1.62533333333333,1.81833333333333,2.957
"1726",2026-02-02 04:45:00,0.8125,1.2725,0.8125,2.6658125,4.1750725,11.3353363557108,15.2591066326876,304.650980392157,29.814951272105,0,17.3620963130175,61.5999972435736,1.6175,1.8145,2.974
"1727",2026-02-02 04:46:00,0.813,1.273,0.813,2.667453,4.176713,11.2481414606669,15.5206913178194,304.370196078431,29.814951272105,0,17.3620963130175,61.6399972417837,1.60966666666667,1.81066666666667,2.991
"1728",2026-02-02 04:47:00,0.8135,1.2735,0.8135,2.6690935,4.1783535,11.1609465656229,15.7822760029512,304.089411764706,29.814951272105,0,17.3620963130175,61.6799972399938,1.60183333333333,1.80683333333333,3.008
"1729",2026-02-02 04:48:00,0.814,1.274,0.814,2.670734,4.179994,11.073751670579,16.043860688083,303.80862745098,29.814951272105,0,17.3620963130175,61.7199972382039,1.594,1.803,3.025
"1730",2026-02-02 04:49:00,0.8145,1.2745,0.8145,2.6723745,4.1816345,10.9865567755351,16.3054453732148,303.527843137255,29.814951272105,0,17.3620963130175,61.759997236414,1.591,1.79866666666667,3.04033333333333
"1731",2026-02-02 04:50:00,0.815,1.275,0.815,2.674015,4.183275,10.8993618804912,16.5670300583465,303.247058823529,29.814951272105,0,17.3620963130175,61.7999972346242,1.588,1.79433333333333,3.05566666666667
"1732",2026-02-02 04:51:00,0.8155,1.2755,0.8155,2.6756555,4.1849155,10.9865567755351,16.3926402682587,304.089411764706,29.81436067239,0,17.3620963130175,61.6199972426787,1.585,1.79,3.071
"1733",2026-02-02 04:52:00,0.816,1.276,0.816,2.677296,4.186556,11.073751670579,16.2182504781708,304.931764705882,29.813770072675,0,17.3620963130175,61.4399972507331,1.582,1.78566666666667,3.08633333333333
"1734",2026-02-02 04:53:00,0.8165,1.2765,0.8165,2.6789365,4.1881965,11.1609465656229,16.043860688083,305.774117647059,29.8131794729601,0,17.3620963130175,61.2599972587876,1.579,1.78133333333333,3.10166666666667
"1735",2026-02-02 04:54:00,0.817,1.277,0.817,2.680577,4.189837,11.2481414606669,15.8694708979951,306.616470588235,29.8125888732451,0,17.3620963130175,61.0799972668421,1.576,1.777,3.117
"1736",2026-02-02 04:55:00,0.8175,1.2775,0.8175,2.6822175,4.1914775,11.3353363557108,15.6950811079073,307.458823529412,29.8119982735302,0,17.3620963130175,60.8999972748966,1.57733333333333,1.76933333333333,3.13616666666667
"1737",2026-02-02 04:56:00,0.818,1.278,0.818,2.683858,4.193118,11.2481414606669,15.7822760029512,307.458823529412,29.8125888732451,0,17.3620963130175,60.9599972722118,1.57866666666667,1.76166666666667,3.15533333333333
"1738",2026-02-02 04:57:00,0.8185,1.2785,0.8185,2.6854985,4.1947585,11.1609465656229,15.8694708979951,307.458823529412,29.8131794729601,0,17.3620963130175,61.019997269527,1.58,1.754,3.1745
"1739",2026-02-02 04:58:00,0.819,1.279,0.819,2.687139,4.196399,11.073751670579,15.956665793039,307.458823529412,29.813770072675,0,17.3620963130175,61.0799972668421,1.58133333333333,1.74633333333333,3.19366666666667
"1740",2026-02-02 04:59:00,0.8195,1.2795,0.8195,2.6887795,4.1980395,10.9865567755351,16.043860688083,307.458823529412,29.81436067239,0,17.3620963130175,61.1399972641573,1.58266666666667,1.73866666666667,3.21283333333333
"1741",2026-02-02 05:00:00,0.82,1.28,0.82,2.69042,4.19968,10.8993618804912,16.1310555831269,307.458823529412,29.814951272105,0,17.3620963130175,61.1999972614725,1.584,1.731,3.232
"1742",2026-02-02 05:01:00,0.8205,1.2805,0.8205,2.6920605,4.2013205,11.073751670579,15.956665793039,307.739607843137,29.8155418718199,0,17.350219555946,61.1199972650522,1.587,1.73316666666667,3.25433333333333
"1743",2026-02-02 05:02:00,0.821,1.281,0.821,2.693701,4.202961,11.2481414606669,15.7822760029512,308.020392156863,29.8161324715349,0,17.3383427988745,61.039997268632,1.59,1.73533333333333,3.27666666666667
"1744",2026-02-02 05:03:00,0.8215,1.2815,0.8215,2.6953415,4.2046015,11.4225312507547,15.6078862128633,308.301176470588,29.8167230712498,0,17.326466041803,60.9599972722118,1.593,1.7375,3.299
"1745",2026-02-02 05:04:00,0.822,1.282,0.822,2.696982,4.206242,11.5969210408426,15.4334964227755,308.581960784314,29.8173136709648,0,17.3145892847315,60.8799972757916,1.596,1.73966666666667,3.32133333333333
"1746",2026-02-02 05:05:00,0.8225,1.2825,0.8225,2.6986225,4.2078825,11.7713108309304,15.2591066326876,308.862745098039,29.8179042706797,0,17.30271252766,60.7999972793713,1.599,1.74183333333333,3.34366666666667
"1747",2026-02-02 05:06:00,0.823,1.283,0.823,2.700263,4.209523,11.5969210408426,15.3463015277315,308.301176470588,29.8179042706797,0,17.3264564217447,61.039997268632,1.602,1.744,3.366
"1748",2026-02-02 05:07:00,0.8235,1.2835,0.8235,2.7019035,4.2111635,11.4225312507547,15.4334964227755,307.739607843137,29.8179042706797,0,17.3502003158295,61.2799972578927,1.61316666666667,1.7495,3.38733333333333
"1749",2026-02-02 05:08:00,0.824,1.284,0.824,2.703544,4.212804,11.2481414606669,15.5206913178194,307.178039215686,29.8179042706797,0,17.3739442099143,61.5199972471534,1.62433333333333,1.755,3.40866666666667
"1750",2026-02-02 05:09:00,0.8245,1.2845,0.8245,2.7051845,4.2144445,11.073751670579,15.6078862128633,306.616470588235,29.8179042706797,0,17.397688103999,61.759997236414,1.6355,1.7605,3.43
"1751",2026-02-02 05:10:00,0.825,1.285,0.825,2.706825,4.216085,10.8993618804912,15.6950811079073,306.054901960784,29.8179042706797,0,17.4214319980838,61.9999972256747,1.64666666666667,1.766,3.45133333333333
"1752",2026-02-02 05:11:00,0.8255,1.2855,0.8255,2.7084655,4.2177255,10.9865567755351,15.8694708979951,306.33568627451,29.8190854701097,0,17.4214319980838,61.9199972292545,1.65783333333333,1.7715,3.47266666666667
"1753",2026-02-02 05:12:00,0.826,1.286,0.826,2.710106,4.219366,11.073751670579,16.043860688083,306.616470588235,29.8202666695396,0,17.4214319980838,61.8399972328343,1.669,1.777,3.494
"1754",2026-02-02 05:13:00,0.8265,1.2865,0.8265,2.7117465,4.2210065,11.1609465656229,16.2182504781708,306.897254901961,29.8214478689695,0,17.4214319980838,61.759997236414,1.67216666666667,1.78466666666667,3.51416666666667
"1755",2026-02-02 05:14:00,0.827,1.287,0.827,2.713387,4.222647,11.2481414606669,16.3926402682587,307.178039215686,29.8226290683994,0,17.4214319980838,61.6799972399938,1.67533333333333,1.79233333333333,3.53433333333333
"1756",2026-02-02 05:15:00,0.8275,1.2875,0.8275,2.7150275,4.2242875,11.3353363557108,16.5670300583465,307.458823529412,29.8238102678293,0,17.4214319980838,61.5999972435736,1.6785,1.8,3.5545
"1757",2026-02-02 05:16:00,0.828,1.288,0.828,2.716668,4.225928,11.1609465656229,16.3054453732148,307.458823529412,29.8238102678293,0,17.4214319980838,61.5599972453635,1.68166666666667,1.80766666666667,3.57466666666667
"1758",2026-02-02 05:17:00,0.8285,1.2885,0.8285,2.7183085,4.2275685,10.9865567755351,16.043860688083,307.458823529412,29.8238102678293,0,17.4214319980838,61.5199972471534,1.68483333333333,1.81533333333333,3.59483333333333
"1759",2026-02-02 05:18:00,0.829,1.289,0.829,2.719949,4.229209,10.8121669854472,15.7822760029512,307.458823529412,29.8238102678293,0,17.4214319980838,61.4799972489433,1.688,1.823,3.615
"1760",2026-02-02 05:19:00,0.8295,1.2895,0.8295,2.7215895,4.2308495,10.6377771953594,15.5206913178194,307.458823529412,29.8238102678293,0,17.4214319980838,61.4399972507331,1.69866666666667,1.83333333333333,3.638
"1761",2026-02-02 05:20:00,0.83,1.29,0.83,2.72323,4.23249,10.4633874052715,15.2591066326876,307.458823529412,29.8238102678293,0,17.4214319980838,61.399997252523,1.70933333333333,1.84366666666667,3.661
"1762",2026-02-02 05:21:00,0.834,1.2965,0.834,2.736354,4.2538165,10.4633874052715,15.3463015277315,307.739607843137,29.8238102678293,0,17.4095648610705,61.3199972561028,1.72,1.854,3.684
"1763",2026-02-02 05:22:00,0.838,1.303,0.838,2.749478,4.275143,10.4633874052715,15.4334964227755,308.020392156863,29.8238102678293,0,17.3976977240573,61.2399972596826,1.73066666666667,1.86433333333333,3.707
"1764",2026-02-02 05:23:00,0.842,1.3095,0.842,2.762602,4.2964695,10.4633874052715,15.5206913178194,308.301176470588,29.8238102678293,0,17.385830587044,61.1599972632624,1.74133333333333,1.87466666666667,3.73
"1765",2026-02-02 05:24:00,0.846,1.316,0.846,2.775726,4.317796,10.4633874052715,15.6078862128633,308.581960784314,29.8238102678293,0,17.3739634500308,61.0799972668421,1.752,1.885,3.753
"1766",2026-02-02 05:25:00,0.85,1.3225,0.85,2.78885,4.3391225,10.4633874052715,15.6950811079073,308.862745098039,29.8238102678293,0,17.3620963130175,60.9999972704219,1.771,1.89866666666667,3.7755
"1767",2026-02-02 05:26:00,0.854,1.329,0.854,2.801974,4.360449,10.7249720904033,15.956665793039,308.581960784314,29.8238102678293,0,17.3264370734174,60.6399972865309,1.79,1.91233333333333,3.798
"1768",2026-02-02 05:27:00,0.858,1.3355,0.858,2.815098,4.3817755,10.9865567755351,16.2182504781708,308.301176470588,29.8238102678293,0,17.2907778338173,60.2799973026399,1.809,1.926,3.8205
"1769",2026-02-02 05:28:00,0.862,1.342,0.862,2.828222,4.403102,11.2481414606669,16.4798351633026,308.020392156863,29.8238102678293,0,17.2551185942172,59.9199973187489,1.828,1.93966666666667,3.843
"1770",2026-02-02 05:29:00,0.866,1.3485,0.866,2.841346,4.4244285,11.5097261457987,16.7414198484344,307.739607843137,29.8238102678293,0,17.2194593546171,59.5599973348578,1.847,1.95333333333333,3.8655
"1771",2026-02-02 05:30:00,0.87,1.355,0.87,2.85447,4.445755,11.7713108309304,17.0030045335662,307.458823529412,29.8238102678293,0,17.183800115017,59.1999973509668,1.866,1.967,3.888
"1772",2026-02-02 05:31:00,0.874,1.3615,0.874,2.867594,4.4670815,11.5097261457987,16.8286147434783,306.897254901961,29.8244008675443,0,17.195696193388,59.4199973411225,1.8785,1.98616666666667,3.911
"1773",2026-02-02 05:32:00,0.878,1.368,0.878,2.880718,4.488408,11.2481414606669,16.6542249533905,306.33568627451,29.8249914672593,0,17.207592271759,59.6399973312781,1.891,2.00533333333333,3.934
"1774",2026-02-02 05:33:00,0.882,1.3745,0.882,2.893842,4.5097345,10.9865567755351,16.4798351633026,305.774117647059,29.8255820669742,0,17.21948835013,59.8599973214337,1.9035,2.0245,3.957
"1775",2026-02-02 05:34:00,0.886,1.381,0.886,2.906966,4.531061,10.7249720904033,16.3054453732148,305.212549019608,29.8261726666892,0,17.2313844285009,60.0799973115893,1.916,2.04366666666667,3.98
"1776",2026-02-02 05:35:00,0.89,1.3875,0.89,2.92009,4.5523875,10.4633874052715,16.1310555831269,304.650980392157,29.8267632664041,0,17.2432805068719,60.2999973017449,1.9285,2.06283333333333,4.003
"1777",2026-02-02 05:36:00,0.894,1.394,0.894,2.933214,4.573714,10.6377771953594,16.3054453732148,304.650980392157,29.8261726666892,0,17.267043668101,60.31999730085,1.941,2.082,4.026
"1778",2026-02-02 05:37:00,0.898,1.4005,0.898,2.946338,4.5950405,10.8121669854472,16.4798351633026,304.650980392157,29.8255820669742,0,17.2908068293302,60.339997299955,1.96241666666667,2.1045,4.04783333333333
"1779",2026-02-02 05:38:00,0.902,1.407,0.902,2.959462,4.616367,10.9865567755351,16.6542249533905,304.650980392157,29.8249914672593,0,17.3145699905593,60.3599972990601,1.98383333333333,2.127,4.06966666666667
"1780",2026-02-02 05:39:00,0.906,1.4135,0.906,2.972586,4.6376935,11.1609465656229,16.8286147434783,304.650980392157,29.8244008675443,0,17.3383331517884,60.3799972981652,2.00525,2.1495,4.0915
"1781",2026-02-02 05:40:00,0.91,1.42,0.91,2.98571,4.65902,11.3353363557108,17.0030045335662,304.650980392157,29.8238102678293,0,17.3620963130175,60.3999972972702,2.02666666666667,2.172,4.11333333333333
"1782",2026-02-02 05:41:00,0.908,1.4165,0.908,2.979148,4.6475365,11.5969210408426,17.0030045335662,305.774117647059,29.8244008675443,0,17.3620963130175,60.2199973053247,2.04808333333333,2.1945,4.13516666666667
"1783",2026-02-02 05:42:00,0.906,1.413,0.906,2.972586,4.636053,11.8585057259744,17.0030045335662,306.897254901961,29.8249914672593,0,17.3620963130175,60.0399973133792,2.0695,2.217,4.157
"1784",2026-02-02 05:43:00,0.904,1.4095,0.904,2.966024,4.6245695,12.1200904111062,17.0030045335662,308.020392156863,29.8255820669742,0,17.3620963130175,59.8599973214337,2.09091666666667,2.23766666666667,4.18483333333333
"1785",2026-02-02 05:44:00,0.902,1.406,0.902,2.959462,4.613086,12.3816750962379,17.0030045335662,309.143529411765,29.8261726666892,0,17.3620963130175,59.6799973294882,2.11233333333333,2.25833333333333,4.21266666666667
"1786",2026-02-02 05:45:00,0.9,1.4025,0.9,2.9529,4.6016025,12.6432597813697,17.0030045335662,310.266666666667,29.8267632664041,0,17.3620963130175,59.4999973375427,2.13375,2.279,4.2405
"1787",2026-02-02 05:46:00,0.898,1.399,0.898,2.946338,4.590119,12.294480201194,16.7414198484344,309.985882352941,29.8273538661191,0,17.4095074095182,59.9999973151691,2.15516666666667,2.29966666666667,4.26833333333333
"1788",2026-02-02 05:47:00,0.896,1.3955,0.896,2.939776,4.5786355,11.9457006210183,16.4798351633026,309.705098039216,29.827944465834,0,17.4569185060188,60.4999972927955,2.17658333333333,2.32033333333333,4.29616666666667
"1789",2026-02-02 05:48:00,0.894,1.392,0.894,2.933214,4.567152,11.5969210408426,16.2182504781708,309.42431372549,29.828535065549,0,17.5043296025194,60.9999972704219,2.198,2.341,4.324
"1790",2026-02-02 05:49:00,0.892,1.3885,0.892,2.926652,4.5556685,11.2481414606669,15.956665793039,309.143529411765,29.829125665264,0,17.5517406990201,61.4999972480483,2.21666666666667,2.3695,4.35133333333333
"1791",2026-02-02 05:50:00,0.89,1.385,0.89,2.92009,4.544185,10.8993618804912,15.6950811079073,308.862745098039,29.8297162649789,0,17.5991517955207,61.9999972256747,2.23533333333333,2.398,4.37866666666667
"1792",2026-02-02 05:51:00,0.888,1.3815,0.888,2.913528,4.5327015,11.1609465656229,15.956665793039,309.705098039216,29.828535065549,0,17.5754653799171,61.7199972382039,2.254,2.4265,4.406
"1793",2026-02-02 05:52:00,0.886,1.378,0.886,2.906966,4.521218,11.4225312507547,16.2182504781708,310.547450980392,29.8273538661191,0,17.5517789643135,61.4399972507331,2.27266666666667,2.455,4.43333333333333
"1794",2026-02-02 05:53:00,0.884,1.3745,0.884,2.900404,4.5097345,11.6841159358865,16.4798351633026,311.389803921569,29.8261726666892,0,17.5280925487099,61.1599972632623,2.29133333333333,2.4835,4.46066666666667
"1795",2026-02-02 05:54:00,0.882,1.371,0.882,2.893842,4.498251,11.9457006210183,16.7414198484344,312.232156862745,29.8249914672593,0,17.5044061331062,60.8799972757916,2.31,2.512,4.488
"1796",2026-02-02 05:55:00,0.88,1.3675,0.88,2.88728,4.4867675,12.2072853061501,17.0030045335662,313.074509803922,29.8238102678293,0,17.4807197175026,60.5999972883208,2.3295,2.53766666666667,4.51366666666667
"1797",2026-02-02 05:56:00,0.878,1.364,0.878,2.880718,4.475284,12.3816750962379,17.3517841137419,311.95137254902,29.8244008675443,0,17.4688621736188,60.3999972972702,2.349,2.56333333333333,4.53933333333333
"1798",2026-02-02 05:57:00,0.876,1.3605,0.876,2.874156,4.4638005,12.5560648863258,17.7005636939176,310.828235294118,29.8249914672593,0,17.4570046297351,60.1999973062196,2.3685,2.589,4.565
"1799",2026-02-02 05:58:00,0.874,1.357,0.874,2.867594,4.452317,12.7304546764137,18.0493432740933,309.705098039216,29.8255820669742,0,17.4451470858513,59.9999973151691,2.388,2.61466666666667,4.59066666666667
"1800",2026-02-02 05:59:00,0.872,1.3535,0.872,2.861032,4.4408335,12.9048444665015,18.3981228542691,308.581960784314,29.8261726666892,0,17.4332895419675,59.7999973241185,2.4075,2.64033333333333,4.61633333333333
"1801",2026-02-02 06:00:00,0.87,1.35,0.87,2.85447,4.42935,13.0792342565894,18.7469024344448,307.458823529412,29.8267632664041,0,17.4214319980838,59.599997333068,2.427,2.666,4.642
"1802",2026-02-02 06:01:00,0.8745,1.357,0.8745,2.8692345,4.452317,12.9048444665015,18.5725126443569,308.020392156863,29.8273538661191,0,17.4214319980838,59.6399973312781,2.45533333333333,2.6945,4.66783333333333
"1803",2026-02-02 06:02:00,0.879,1.364,0.879,2.883999,4.475284,12.7304546764137,18.3981228542691,308.581960784314,29.827944465834,0,17.4214319980838,59.6799973294882,2.48366666666667,2.723,4.69366666666667
"1804",2026-02-02 06:03:00,0.8835,1.371,0.8835,2.8987635,4.498251,12.5560648863258,18.2237330641812,309.143529411765,29.828535065549,0,17.4214319980838,59.7199973276983,2.512,2.7515,4.7195
"1805",2026-02-02 06:04:00,0.888,1.378,0.888,2.913528,4.521218,12.3816750962379,18.0493432740933,309.705098039216,29.829125665264,0,17.4214319980838,59.7599973259084,2.54033333333333,2.78,4.74533333333333
"1806",2026-02-02 06:05:00,0.8925,1.385,0.8925,2.9282925,4.544185,12.2072853061501,17.8749534840055,310.266666666667,29.8297162649789,0,17.4214319980838,59.7999973241185,2.56866666666667,2.8085,4.77116666666667
"1807",2026-02-02 06:06:00,0.897,1.392,0.897,2.943057,4.567152,12.1200904111062,17.5261739038298,309.985882352941,29.8303068646939,0,17.4214319980838,59.7999973241185,2.597,2.837,4.797
"1808",2026-02-02 06:07:00,0.9015,1.399,0.9015,2.9578215,4.590119,12.0328955160622,17.1773943236541,309.705098039216,29.8308974644088,0,17.4214319980838,59.7999973241185,2.61833333333333,2.86383333333333,4.82366666666667
"1809",2026-02-02 06:08:00,0.906,1.406,0.906,2.972586,4.613086,11.9457006210183,16.8286147434783,309.42431372549,29.8314880641238,0,17.4214319980838,59.7999973241185,2.63966666666667,2.89066666666667,4.85033333333333
"1810",2026-02-02 06:09:00,0.9105,1.413,0.9105,2.9873505,4.636053,11.8585057259744,16.4798351633026,309.143529411765,29.8320786638388,0,17.4214319980838,59.7999973241185,2.661,2.9175,4.877
"1811",2026-02-02 06:10:00,0.915,1.42,0.915,3.002115,4.65902,11.7713108309304,16.1310555831269,308.862745098039,29.8326692635537,0,17.4214319980838,59.7999973241185,2.68233333333333,2.94433333333333,4.90366666666667
"1812",2026-02-02 06:11:00,0.9195,1.427,0.9195,3.0168795,4.681987,11.8585057259744,16.2182504781708,309.143529411765,29.8332598632687,0,17.4214319980838,59.7999973241185,2.70366666666667,2.97116666666667,4.93033333333333
"1813",2026-02-02 06:12:00,0.924,1.434,0.924,3.031644,4.704954,11.9457006210183,16.3054453732148,309.42431372549,29.8338504629836,0,17.4214319980838,59.7999973241185,2.725,2.998,4.957
"1814",2026-02-02 06:13:00,0.9285,1.441,0.9285,3.0464085,4.727921,12.0328955160622,16.3926402682587,309.705098039216,29.8344410626986,0,17.4214319980838,59.7999973241185,2.753,3.02533333333333,4.98333333333333
"1815",2026-02-02 06:14:00,0.933,1.448,0.933,3.061173,4.750888,12.1200904111062,16.4798351633026,309.985882352941,29.8350316624136,0,17.4214319980838,59.7999973241185,2.781,3.05266666666667,5.00966666666667
"1816",2026-02-02 06:15:00,0.9375,1.455,0.9375,3.0759375,4.773855,12.2072853061501,16.5670300583465,310.266666666667,29.8356222621285,0,17.4214319980838,59.7999973241185,2.809,3.08,5.036
"1817",2026-02-02 06:16:00,0.942,1.462,0.942,3.090702,4.796822,11.8585057259744,16.3926402682587,310.547450980392,29.8356222621285,0,17.4214319980838,59.9199973187489,2.837,3.10733333333333,5.06233333333333
"1818",2026-02-02 06:17:00,0.9465,1.469,0.9465,3.1054665,4.819789,11.5097261457987,16.2182504781708,310.828235294118,29.8356222621285,0,17.4214319980838,60.0399973133792,2.865,3.13466666666667,5.08866666666667
"1819",2026-02-02 06:18:00,0.951,1.476,0.951,3.120231,4.842756,11.1609465656229,16.043860688083,311.109019607843,29.8356222621285,0,17.4214319980838,60.1599973080095,2.893,3.162,5.115
"1820",2026-02-02 06:19:00,0.9555,1.483,0.9555,3.1349955,4.865723,10.8121669854472,15.8694708979951,311.389803921569,29.8356222621285,0,17.4214319980838,60.2799973026399,2.92333333333333,3.18166666666667,5.14066666666667
"1821",2026-02-02 06:20:00,0.96,1.49,0.96,3.14976,4.88869,10.4633874052715,15.6950811079073,311.670588235294,29.8356222621285,0,17.4214319980838,60.3999972972702,2.95366666666667,3.20133333333333,5.16633333333333
"1822",2026-02-02 06:21:00,0.958,1.4865,0.958,3.143198,4.8772065,10.5505823003154,15.5206913178194,311.95137254902,29.8362128618435,0,17.4451375195525,60.7799972802663,2.984,3.221,5.192
"1823",2026-02-02 06:22:00,0.956,1.483,0.956,3.136636,4.865723,10.6377771953594,15.3463015277315,312.232156862745,29.8368034615584,0,17.4688430410211,61.1599972632623,3.01433333333333,3.24066666666667,5.21766666666667
"1824",2026-02-02 06:23:00,0.954,1.4795,0.954,3.130074,4.8542395,10.7249720904033,15.1719117376437,312.512941176471,29.8373940612734,0,17.4925485624898,61.5399972462584,3.04466666666667,3.26033333333333,5.24333333333333
"1825",2026-02-02 06:24:00,0.952,1.476,0.952,3.123512,4.842756,10.8121669854472,14.9975219475558,312.793725490196,29.8379846609884,0,17.5162540839585,61.9199972292545,3.075,3.28,5.269
"1826",2026-02-02 06:25:00,0.95,1.4725,0.95,3.11695,4.8312725,10.8993618804912,14.823132157468,313.074509803922,29.8385752607033,0,17.5399596054272,62.2999972122506,3.10683333333333,3.31116666666667,5.29516666666667
"1827",2026-02-02 06:26:00,0.948,1.469,0.948,3.110388,4.819789,10.6377771953594,14.6487423673801,313.074509803922,29.8391658604183,0,17.5399596054272,62.3199972113556,3.13866666666667,3.34233333333333,5.32133333333333
"1828",2026-02-02 06:27:00,0.946,1.4655,0.946,3.103826,4.8083055,10.3761925102276,14.4743525772922,313.074509803922,29.8397564601332,0,17.5399596054272,62.3399972104607,3.1705,3.3735,5.3475
"1829",2026-02-02 06:28:00,0.944,1.462,0.944,3.097264,4.796822,10.1146078250958,14.2999627872044,313.074509803922,29.8403470598482,0,17.5399596054272,62.3599972095657,3.20233333333333,3.40466666666667,5.37366666666667
"1830",2026-02-02 06:29:00,0.942,1.4585,0.942,3.090702,4.7853385,9.853023139964,14.1255729971165,313.074509803922,29.8409376595632,0,17.5399596054272,62.3799972086708,3.23416666666667,3.43583333333333,5.39983333333333
"1831",2026-02-02 06:30:00,0.94,1.455,0.94,3.08414,4.773855,9.59143845483221,13.9511832070287,313.074509803922,29.8415282592781,0,17.5399596054272,62.3999972077758,3.266,3.467,5.426
"1832",2026-02-02 06:31:00,0.938,1.4515,0.938,3.077578,4.7623715,9.94021803500793,14.2127678921605,313.355294117647,29.8421188589931,0,17.5517980434459,62.2599972140405,3.28833333333333,3.49266666666667,5.45566666666667
"1833",2026-02-02 06:32:00,0.936,1.448,0.936,3.071016,4.750888,10.2889976151836,14.4743525772922,313.636078431373,29.842709458708,0,17.5636364814646,62.1199972203051,3.31066666666667,3.51833333333333,5.48533333333333
"1834",2026-02-02 06:33:00,0.934,1.4445,0.934,3.064454,4.7394045,10.6377771953594,14.735937262424,313.916862745098,29.843300058423,0,17.5754749194833,61.9799972265697,3.333,3.544,5.515
"1835",2026-02-02 06:34:00,0.932,1.441,0.932,3.057892,4.727921,10.9865567755351,14.9975219475558,314.197647058824,29.843890658138,0,17.587313357502,61.8399972328343,3.35533333333333,3.56966666666667,5.54466666666667
"1836",2026-02-02 06:35:00,0.93,1.4375,0.93,3.05133,4.7164375,11.3353363557108,15.2591066326876,314.478431372549,29.8444812578529,0,17.5991517955207,61.6999972390989,3.37766666666667,3.59533333333333,5.57433333333333
"1837",2026-02-02 06:36:00,0.928,1.434,0.928,3.044768,4.704954,10.6377771953594,14.823132157468,314.197647058824,29.8444812578529,0,17.5991517955207,61.9799972265697,3.4,3.621,5.604
"1838",2026-02-02 06:37:00,0.926,1.4305,0.926,3.038206,4.6934705,9.94021803500793,14.3871576822483,313.916862745098,29.8444812578529,0,17.5991517955207,62.2599972140404,3.43383333333333,3.6555,5.628
"1839",2026-02-02 06:38:00,0.924,1.427,0.924,3.031644,4.681987,9.2426588746565,13.9511832070287,313.636078431373,29.8444812578529,0,17.5991517955207,62.5399972015112,3.46766666666667,3.69,5.652
"1840",2026-02-02 06:39:00,0.922,1.4235,0.922,3.025082,4.6705035,8.54509971430506,13.515208731809,313.355294117647,29.8444812578529,0,17.5991517955207,62.819997188982,3.5015,3.7245,5.676
"1841",2026-02-02 06:40:00,0.92,1.42,0.92,3.01852,4.65902,7.84754055395363,13.0792342565894,313.074509803922,29.8444812578529,0,17.5991517955207,63.0999971764528,3.53533333333333,3.759,5.7
"1842",2026-02-02 06:41:00,0.919,1.4195,0.919,3.015239,4.6573795,8.10912523908542,13.515208731809,313.355294117647,29.8444812578529,0,17.5754653799171,62.8599971871921,3.56916666666667,3.7935,5.724
"1843",2026-02-02 06:42:00,0.918,1.419,0.918,3.011958,4.655739,8.3707099242172,13.9511832070287,313.636078431373,29.8444812578529,0,17.5517789643135,62.6199971979315,3.603,3.828,5.748
"1844",2026-02-02 06:43:00,0.917,1.4185,0.917,3.008677,4.6540985,8.63229460934899,14.3871576822483,313.916862745098,29.8444812578529,0,17.5280925487099,62.3799972086708,3.63883333333333,3.8585,5.7705
"1845",2026-02-02 06:44:00,0.916,1.418,0.916,3.005396,4.652458,8.89387929448078,14.823132157468,314.197647058824,29.8444812578529,0,17.5044061331062,62.1399972194101,3.67466666666667,3.889,5.793
"1846",2026-02-02 06:45:00,0.915,1.4175,0.915,3.002115,4.6508175,9.15546397961257,15.2591066326876,314.478431372549,29.8444812578529,0,17.4807197175026,61.8999972301494,3.7105,3.9195,5.8155
"1847",2026-02-02 06:46:00,0.914,1.417,0.914,2.998834,4.649177,9.41704866474435,15.0847168425998,315.601568627451,29.8450718575679,0,17.4807197175026,61.8999972301494,3.74633333333333,3.95,5.838
"1848",2026-02-02 06:47:00,0.913,1.4165,0.913,2.995553,4.6475365,9.67863334987614,14.9103270525119,316.724705882353,29.8456624572828,0,17.4807197175026,61.8999972301494,3.78216666666667,3.9805,5.8605
"1849",2026-02-02 06:48:00,0.912,1.416,0.912,2.992272,4.645896,9.94021803500793,14.735937262424,317.847843137255,29.8462530569978,0,17.4807197175026,61.8999972301494,3.818,4.011,5.883
"1850",2026-02-02 06:49:00,0.911,1.4155,0.911,2.988991,4.6442555,10.2018027201397,14.5615474723362,318.970980392157,29.8468436567127,0,17.4807197175026,61.8999972301494,3.848,4.03783333333333,5.90416666666667
"1851",2026-02-02 06:50:00,0.91,1.415,0.91,2.98571,4.642615,10.4633874052715,14.3871576822483,320.094117647059,29.8474342564277,0,17.4807197175026,61.8999972301494,3.878,4.06466666666667,5.92533333333333
"1852",2026-02-02 06:51:00,0.909,1.4145,0.909,2.982429,4.6409745,10.2018027201397,14.2999627872044,318.970980392157,29.8474342564277,0,17.4569950366056,61.8999972301494,3.908,4.0915,5.9465
"1853",2026-02-02 06:52:00,0.908,1.414,0.908,2.979148,4.639334,9.94021803500793,14.2127678921605,317.847843137255,29.8474342564277,0,17.4332703557086,61.8999972301494,3.938,4.11833333333333,5.96766666666667
"1854",2026-02-02 06:53:00,0.907,1.4135,0.907,2.975867,4.6376935,9.67863334987614,14.1255729971165,316.724705882353,29.8474342564277,0,17.4095456748115,61.8999972301494,3.968,4.14516666666667,5.98883333333333
"1855",2026-02-02 06:54:00,0.906,1.413,0.906,2.972586,4.636053,9.41704866474435,14.0383781020726,315.601568627451,29.8474342564277,0,17.3858209939145,61.8999972301494,3.998,4.172,6.01
"1856",2026-02-02 06:55:00,0.905,1.4125,0.905,2.969305,4.6344125,9.15546397961257,13.9511832070287,314.478431372549,29.8474342564277,0,17.3620963130175,61.8999972301494,4.03616666666667,4.20966666666667,6.0325
"1857",2026-02-02 06:56:00,0.904,1.412,0.904,2.966024,4.632772,9.32985376970042,14.0383781020726,315.04,29.8486154558576,0,17.3739634500308,61.8199972337292,4.07433333333333,4.24733333333333,6.055
"1858",2026-02-02 06:57:00,0.903,1.4115,0.903,2.962743,4.6311315,9.50424355978828,14.1255729971165,315.601568627451,29.8497966552875,0,17.385830587044,61.739997237309,4.1125,4.285,6.0775
"1859",2026-02-02 06:58:00,0.902,1.411,0.902,2.959462,4.629491,9.67863334987614,14.2127678921605,316.163137254902,29.8509778547175,0,17.3976977240573,61.6599972408888,4.15066666666667,4.32266666666667,6.1
"1860",2026-02-02 06:59:00,0.901,1.4105,0.901,2.956181,4.6278505,9.853023139964,14.2999627872044,316.724705882353,29.8521590541474,0,17.4095648610705,61.5799972444685,4.18883333333333,4.36033333333333,6.1225
"1861",2026-02-02 07:00:00,0.9,1.41,0.9,2.9529,4.62621,10.0274129300519,14.3871576822483,317.286274509804,29.8533402535773,0,17.4214319980838,61.4999972480483,4.227,4.398,6.145
"1862",2026-02-02 07:01:00,0.9035,1.415,0.9035,2.9643835,4.642615,10.1146078250958,14.9975219475558,315.601568627451,29.8539308532923,0,17.3739056214704,61.2799972578927,4.25533333333333,4.4325,6.16583333333333
"1863",2026-02-02 07:02:00,0.907,1.42,0.907,2.975867,4.65902,10.2018027201397,15.6078862128633,313.916862745098,29.8545214530072,0,17.3263792448571,61.0599972677371,4.28366666666667,4.467,6.18666666666667
"1864",2026-02-02 07:03:00,0.9105,1.425,0.9105,2.9873505,4.675425,10.2889976151836,16.2182504781708,312.232156862745,29.8551120527222,0,17.2788528682437,60.8399972775815,4.312,4.5015,6.2075
"1865",2026-02-02 07:04:00,0.914,1.43,0.914,2.998834,4.69183,10.3761925102276,16.8286147434783,310.547450980392,29.8557026524371,0,17.2313264916304,60.6199972874258,4.34033333333333,4.536,6.22833333333333
"1866",2026-02-02 07:05:00,0.9175,1.435,0.9175,3.0103175,4.708235,10.4633874052715,17.4389790087858,308.862745098039,29.8562932521521,0,17.183800115017,60.3999972972702,4.36866666666667,4.5705,6.24916666666667
"1867",2026-02-02 07:06:00,0.921,1.44,0.921,3.021801,4.72464,10.2018027201397,16.3926402682587,307.739607843137,29.856883851867,0,17.195696193388,60.5799972892157,4.397,4.605,6.27
"1868",2026-02-02 07:07:00,0.9245,1.445,0.9245,3.0332845,4.741045,9.94021803500793,15.3463015277315,306.616470588235,29.857474451582,0,17.207592271759,60.7599972811612,4.4335,4.64666666666667,6.28583333333333
"1869",2026-02-02 07:08:00,0.928,1.45,0.928,3.044768,4.75745,9.67863334987614,14.2999627872044,305.493333333333,29.858065051297,0,17.21948835013,60.9399972731067,4.47,4.68833333333333,6.30166666666667
"1870",2026-02-02 07:09:00,0.9315,1.455,0.9315,3.0562515,4.773855,9.41704866474435,13.2536240466772,304.370196078431,29.8586556510119,0,17.2313844285009,61.1199972650522,4.5065,4.73,6.3175
"1871",2026-02-02 07:10:00,0.935,1.46,0.935,3.067735,4.79026,9.15546397961257,12.2072853061501,303.247058823529,29.8592462507269,0,17.2432805068719,61.2999972569977,4.543,4.77166666666667,6.33333333333333
"1872",2026-02-02 07:11:00,0.9385,1.465,0.9385,3.0792185,4.806665,9.32985376970042,12.3816750962379,305.212549019608,29.8592462507269,0,17.2551669110295,60.9999972704219,4.5795,4.81333333333333,6.34916666666667
"1873",2026-02-02 07:12:00,0.942,1.47,0.942,3.090702,4.82307,9.50424355978828,12.5560648863258,307.178039215686,29.8592462507269,0,17.2670533151871,60.6999972838461,4.616,4.855,6.365
"1874",2026-02-02 07:13:00,0.9455,1.475,0.9455,3.1021855,4.839475,9.67863334987614,12.7304546764137,309.143529411765,29.8592462507269,0,17.2789397193448,60.3999972972702,4.65083333333333,4.88933333333333,6.37866666666667
"1875",2026-02-02 07:14:00,0.949,1.48,0.949,3.113669,4.85588,9.853023139964,12.9048444665015,311.109019607843,29.8592462507269,0,17.2908261235024,60.0999973106944,4.68566666666667,4.92366666666667,6.39233333333333
"1876",2026-02-02 07:15:00,0.9525,1.485,0.9525,3.1251525,4.872285,10.0274129300519,13.0792342565894,313.074509803922,29.8592462507269,0,17.30271252766,59.7999973241185,4.7205,4.958,6.406
"1877",2026-02-02 07:16:00,0.956,1.49,0.956,3.136636,4.88869,10.0274129300519,13.515208731809,314.197647058824,29.8586556510119,0,17.3383139656285,59.9999973151691,4.75533333333333,4.99233333333333,6.41966666666667
"1878",2026-02-02 07:17:00,0.9595,1.495,0.9595,3.1481195,4.905095,10.0274129300519,13.9511832070287,315.320784313725,29.858065051297,0,17.373915403597,60.1999973062197,4.79016666666667,5.02666666666667,6.43333333333333
"1879",2026-02-02 07:18:00,0.963,1.5,0.963,3.159603,4.9215,10.0274129300519,14.3871576822483,316.443921568627,29.857474451582,0,17.4095168415656,60.3999972972702,4.825,5.061,6.447
"1880",2026-02-02 07:19:00,0.9665,1.505,0.9665,3.1710865,4.937905,10.0274129300519,14.823132157468,317.567058823529,29.856883851867,0,17.4451182795341,60.5999972883208,4.86016666666667,5.0955,6.4595
"1881",2026-02-02 07:20:00,0.97,1.51,0.97,3.18257,4.95431,10.0274129300519,15.2591066326876,318.690196078431,29.8562932521521,0,17.4807197175026,60.7999972793713,4.89533333333333,5.13,6.472
"1882",2026-02-02 07:21:00,0.971,1.5115,0.971,3.185851,4.9592315,9.853023139964,15.0847168425998,318.12862745098,29.856883851867,0,17.5044061331062,61.1799972623674,4.9305,5.1645,6.4845
"1883",2026-02-02 07:22:00,0.972,1.513,0.972,3.189132,4.964153,9.67863334987614,14.9103270525119,317.567058823529,29.857474451582,0,17.5280925487099,61.5599972453635,4.96566666666667,5.199,6.497
"1884",2026-02-02 07:23:00,0.973,1.5145,0.973,3.192413,4.9690745,9.50424355978828,14.735937262424,317.005490196078,29.858065051297,0,17.5517789643135,61.9399972283596,5.00083333333333,5.2335,6.5095
"1885",2026-02-02 07:24:00,0.974,1.516,0.974,3.195694,4.973996,9.32985376970042,14.5615474723362,316.443921568627,29.8586556510119,0,17.5754653799171,62.3199972113556,5.036,5.268,6.522
"1886",2026-02-02 07:25:00,0.975,1.5175,0.975,3.198975,4.9789175,9.15546397961257,14.3871576822483,315.882352941176,29.8592462507269,0,17.5991517955207,62.6999971943517,5.07316666666667,5.30466666666667,6.533
"1887",2026-02-02 07:26:00,0.976,1.519,0.976,3.202256,4.983839,9.59143845483221,14.735937262424,316.724705882353,29.8604274501568,0,17.5754653799171,62.2399972149354,5.11033333333333,5.34133333333333,6.544
"1888",2026-02-02 07:27:00,0.977,1.5205,0.977,3.205537,4.9887605,10.0274129300519,15.0847168425998,317.567058823529,29.8616086495867,0,17.5517789643135,61.7799972355191,5.1475,5.378,6.555
"1889",2026-02-02 07:28:00,0.978,1.522,0.978,3.208818,4.993682,10.4633874052715,15.4334964227755,318.409411764706,29.8627898490166,0,17.5280925487099,61.3199972561028,5.18466666666667,5.41466666666667,6.566
"1890",2026-02-02 07:29:00,0.979,1.5235,0.979,3.212099,4.9986035,10.8993618804912,15.7822760029512,319.251764705882,29.8639710484466,0,17.5044061331062,60.8599972766865,5.22183333333333,5.45133333333333,6.577
"1891",2026-02-02 07:30:00,0.98,1.525,0.98,3.21538,5.003525,11.3353363557108,16.1310555831269,320.094117647059,29.8651522478765,0,17.4807197175026,60.3999972972702,5.259,5.488,6.588
"1892",2026-02-02 07:31:00,0.981,1.5265,0.981,3.218661,5.0084465,11.1609465656229,15.8694708979951,318.690196078431,29.8651522478765,0,17.4807197175026,60.4399972954803,5.29416666666667,5.53166666666667,6.59833333333333
"1893",2026-02-02 07:32:00,0.982,1.528,0.982,3.221942,5.013368,10.9865567755351,15.6078862128633,317.286274509804,29.8651522478765,0,17.4807197175026,60.4799972936904,5.32933333333333,5.57533333333333,6.60866666666667
"1894",2026-02-02 07:33:00,0.983,1.5295,0.983,3.225223,5.0182895,10.8121669854472,15.3463015277315,315.882352941176,29.8651522478765,0,17.4807197175026,60.5199972919005,5.3645,5.619,6.619
"1895",2026-02-02 07:34:00,0.984,1.531,0.984,3.228504,5.023211,10.6377771953594,15.0847168425998,314.478431372549,29.8651522478765,0,17.4807197175026,60.5599972901107,5.39966666666667,5.66266666666667,6.62933333333333
"1896",2026-02-02 07:35:00,0.985,1.5325,0.985,3.231785,5.0281325,10.4633874052715,14.823132157468,313.074509803922,29.8651522478765,0,17.4807197175026,60.5999972883208,5.43483333333333,5.70633333333333,6.63966666666667
"1897",2026-02-02 07:36:00,0.986,1.534,0.986,3.235066,5.033054,10.3761925102276,14.823132157468,313.355294117647,29.8657428475914,0,17.4807197175026,60.5199972919005,5.47,5.75,6.65
"1898",2026-02-02 07:37:00,0.987,1.5355,0.987,3.238347,5.0379755,10.2889976151836,14.823132157468,313.636078431373,29.8663334473064,0,17.4807197175026,60.4399972954803,5.51166666666667,5.785,6.6605
"1899",2026-02-02 07:38:00,0.988,1.537,0.988,3.241628,5.042897,10.2018027201397,14.823132157468,313.916862745098,29.8669240470214,0,17.4807197175026,60.3599972990601,5.55333333333333,5.82,6.671
"1900",2026-02-02 07:39:00,0.989,1.5385,0.989,3.244909,5.0478185,10.1146078250958,14.823132157468,314.197647058824,29.8675146467363,0,17.4807197175026,60.2799973026399,5.595,5.855,6.6815
"1901",2026-02-02 07:40:00,0.99,1.54,0.99,3.24819,5.05274,10.0274129300519,14.823132157468,314.478431372549,29.8681052464513,0,17.4807197175026,60.1999973062197,5.63666666666667,5.89,6.692
"1902",2026-02-02 07:41:00,0.994,1.546,0.994,3.261314,5.072426,9.853023139964,14.3871576822483,314.197647058824,29.8681052464513,0,17.5280544968885,60.4399972954803,5.67833333333333,5.925,6.7025
"1903",2026-02-02 07:42:00,0.998,1.552,0.998,3.274438,5.092112,9.67863334987614,13.9511832070287,313.916862745098,29.8681052464513,0,17.5753892762744,60.679997284741,5.72,5.96,6.713
"1904",2026-02-02 07:43:00,1.002,1.558,1.002,3.287562,5.111798,9.50424355978828,13.515208731809,313.636078431373,29.8681052464513,0,17.6227240556603,60.9199972740017,5.75516666666667,6.00216666666667,6.72166666666667
"1905",2026-02-02 07:44:00,1.006,1.564,1.006,3.300686,5.131484,9.32985376970042,13.0792342565894,313.355294117647,29.8681052464513,0,17.6700588350462,61.1599972632624,5.79033333333333,6.04433333333333,6.73033333333333
"1906",2026-02-02 07:45:00,1.01,1.57,1.01,3.31381,5.15117,9.15546397961257,12.6432597813697,313.074509803922,29.8681052464513,0,17.7173936144322,61.399997252523,5.8255,6.0865,6.739
"1907",2026-02-02 07:46:00,1.014,1.576,1.014,3.326934,5.170856,9.2426588746565,13.2536240466772,313.355294117647,29.8681052464513,0,17.729203593176,61.3399972552079,5.86066666666667,6.12866666666667,6.74766666666667
"1908",2026-02-02 07:47:00,1.018,1.582,1.018,3.340058,5.190542,9.32985376970042,13.8639883119847,313.636078431373,29.8681052464513,0,17.7410135719199,61.2799972578927,5.89583333333333,6.17083333333333,6.75633333333333
"1909",2026-02-02 07:48:00,1.022,1.588,1.022,3.353182,5.210228,9.41704866474435,14.4743525772922,313.916862745098,29.8681052464513,0,17.7528235506638,61.2199972605775,5.931,6.213,6.765
"1910",2026-02-02 07:49:00,1.026,1.594,1.026,3.366306,5.229914,9.50424355978828,15.0847168425998,314.197647058824,29.8681052464513,0,17.7646335294077,61.1599972632623,5.9785,6.249,6.7715
"1911",2026-02-02 07:50:00,1.03,1.6,1.03,3.37943,5.2496,9.59143845483221,15.6950811079073,314.478431372549,29.8681052464513,0,17.7764435081516,61.0999972659472,6.026,6.285,6.778
"1912",2026-02-02 07:51:00,1.034,1.606,1.034,3.392554,5.269286,9.853023139964,15.6950811079073,313.355294117647,29.8681052464513,0,17.7882440532904,61.1999972614725,6.0735,6.321,6.7845
"1913",2026-02-02 07:52:00,1.038,1.612,1.038,3.405678,5.288972,10.1146078250958,15.6950811079073,312.232156862745,29.8681052464513,0,17.8000445984293,61.2999972569977,6.121,6.357,6.791
"1914",2026-02-02 07:53:00,1.042,1.618,1.042,3.418802,5.308658,10.3761925102276,15.6950811079073,311.109019607843,29.8681052464513,0,17.8118451435681,61.399997252523,6.1685,6.393,6.7975
"1915",2026-02-02 07:54:00,1.046,1.624,1.046,3.431926,5.328344,10.6377771953594,15.6950811079073,309.985882352941,29.8681052464513,0,17.8236456887069,61.4999972480483,6.216,6.429,6.804
"1916",2026-02-02 07:55:00,1.05,1.63,1.05,3.44505,5.34803,10.8993618804912,15.6950811079073,308.862745098039,29.8681052464513,0,17.8354462338457,61.5999972435736,6.25566666666667,6.4695,6.81066666666667
"1917",2026-02-02 07:56:00,1.054,1.636,1.054,3.458174,5.367716,10.8993618804912,15.4334964227755,308.862745098039,29.8681052464513,0,17.8590191282153,61.4199972516281,6.29533333333333,6.51,6.81733333333333
"1918",2026-02-02 07:57:00,1.058,1.642,1.058,3.471298,5.387402,10.8993618804912,15.1719117376437,308.862745098039,29.8681052464513,0,17.8825920225849,61.2399972596826,6.335,6.5505,6.824
"1919",2026-02-02 07:58:00,1.062,1.648,1.062,3.484422,5.407088,10.8993618804912,14.9103270525119,308.862745098039,29.8681052464513,0,17.9061649169545,61.0599972677371,6.37466666666667,6.591,6.83066666666667
"1920",2026-02-02 07:59:00,1.066,1.654,1.066,3.497546,5.426774,10.8993618804912,14.6487423673801,308.862745098039,29.8681052464513,0,17.9297378113241,60.8799972757916,6.41433333333333,6.6315,6.83733333333333
"1921",2026-02-02 08:00:00,1.07,1.66,1.07,3.51067,5.44646,10.8993618804912,14.3871576822483,308.862745098039,29.8681052464513,0,17.9533107056937,60.699997283846,6.454,6.672,6.844
"1922",2026-02-02 08:01:00,1.0695,1.6605,1.0695,3.5090295,5.4481005,10.9865567755351,14.6487423673801,309.42431372549,29.8681052464513,0,17.9533107056937,60.5599972901107,6.494,6.7135,6.84883333333333
"1923",2026-02-02 08:02:00,1.069,1.661,1.069,3.507389,5.449741,11.073751670579,14.9103270525119,309.985882352941,29.8681052464513,0,17.9533107056937,60.4199972963753,6.534,6.755,6.85366666666667
"1924",2026-02-02 08:03:00,1.0685,1.6615,1.0685,3.5057485,5.4513815,11.1609465656229,15.1719117376437,310.547450980392,29.8681052464513,0,17.9533107056937,60.2799973026399,6.574,6.7965,6.8585
"1925",2026-02-02 08:04:00,1.068,1.662,1.068,3.504108,5.453022,11.2481414606669,15.4334964227755,311.109019607843,29.8681052464513,0,17.9533107056937,60.1399973089045,6.614,6.838,6.86333333333333
"1926",2026-02-02 08:05:00,1.0675,1.6625,1.0675,3.5024675,5.4546625,11.3353363557108,15.6950811079073,311.670588235294,29.8681052464513,0,17.9533107056937,59.9999973151691,6.654,6.8795,6.86816666666667
"1927",2026-02-02 08:06:00,1.067,1.663,1.067,3.500827,5.456303,10.9865567755351,15.2591066326876,310.828235294118,29.8675146467363,0,17.9885999483962,60.1999973062196,6.694,6.921,6.873
"1928",2026-02-02 08:07:00,1.0665,1.6635,1.0665,3.4991865,5.4579435,10.6377771953594,14.823132157468,309.985882352941,29.8669240470214,0,18.0238891910986,60.3999972972702,6.73966666666667,6.96316666666667,6.8775
"1929",2026-02-02 08:08:00,1.066,1.664,1.066,3.497546,5.459584,10.2889976151836,14.3871576822483,309.143529411765,29.8663334473064,0,18.059178433801,60.5999972883208,6.78533333333333,7.00533333333333,6.882
"1930",2026-02-02 08:09:00,1.0655,1.6645,1.0655,3.4959055,5.4612245,9.94021803500793,13.9511832070287,308.301176470588,29.8657428475914,0,18.0944676765035,60.7999972793713,6.831,7.0475,6.8865
"1931",2026-02-02 08:10:00,1.065,1.665,1.065,3.494265,5.462865,9.59143845483221,13.515208731809,307.458823529412,29.8651522478765,0,18.1297569192059,60.9999972704219,6.87666666666667,7.08966666666667,6.891
"1932",2026-02-02 08:11:00,1.0645,1.6655,1.0645,3.4926245,5.4645055,9.76582824492007,13.7767934169408,307.739607843137,29.8645616481615,0,18.24678855385,60.9799972713168,6.92233333333333,7.13183333333333,6.8955
"1933",2026-02-02 08:12:00,1.064,1.666,1.064,3.490984,5.466146,9.94021803500793,14.0383781020726,308.020392156863,29.8639710484466,0,18.3638201884942,60.9599972722118,6.968,7.174,6.9
"1934",2026-02-02 08:13:00,1.0635,1.6665,1.0635,3.4893435,5.4677865,10.1146078250958,14.2999627872044,308.301176470588,29.8633804487316,0,18.4808518231383,60.9399972731067,7.0095,7.21833333333333,6.90266666666667
"1935",2026-02-02 08:14:00,1.063,1.667,1.063,3.487703,5.469427,10.2889976151836,14.5615474723362,308.581960784314,29.8627898490166,0,18.5978834577824,60.9199972740017,7.051,7.26266666666667,6.90533333333333
"1936",2026-02-02 08:15:00,1.0625,1.6675,1.0625,3.4860625,5.4710675,10.4633874052715,14.823132157468,308.862745098039,29.8621992493017,0,18.7149150924265,60.8999972748966,7.0925,7.307,6.908
"1937",2026-02-02 08:16:00,1.062,1.668,1.062,3.484422,5.472708,10.5505823003154,14.823132157468,309.143529411765,29.8621992493017,0,18.7265682064953,60.6999972838461,7.134,7.35133333333333,6.91066666666667
"1938",2026-02-02 08:17:00,1.0615,1.6685,1.0615,3.4827815,5.4743485,10.6377771953594,14.823132157468,309.42431372549,29.8621992493017,0,18.7382213205641,60.4999972927955,7.1755,7.39566666666667,6.91333333333333
"1939",2026-02-02 08:18:00,1.061,1.669,1.061,3.481141,5.475989,10.7249720904033,14.823132157468,309.705098039216,29.8621992493017,0,18.7498744346329,60.2999973017449,7.217,7.44,6.916
"1940",2026-02-02 08:19:00,1.0605,1.6695,1.0605,3.4795005,5.4776295,10.8121669854472,14.823132157468,309.985882352941,29.8621992493017,0,18.7615275487017,60.0999973106944,7.26091666666667,7.48483333333333,6.91383333333333
"1941",2026-02-02 08:20:00,1.06,1.67,1.06,3.47786,5.47927,10.8993618804912,14.823132157468,310.266666666667,29.8621992493017,0,18.7731806627705,59.8999973196438,7.30483333333333,7.52966666666667,6.91166666666667
"1942",2026-02-02 08:21:00,1.0625,1.6725,1.0625,3.4860625,5.4874725,10.7249720904033,14.6487423673801,310.547450980392,29.8627898490166,0,18.8313117266405,60.2399973044298,7.34875,7.5745,6.9095
"1943",2026-02-02 08:22:00,1.065,1.675,1.065,3.494265,5.495675,10.5505823003154,14.4743525772922,310.828235294118,29.8633804487316,0,18.8894427905104,60.5799972892157,7.39266666666667,7.61933333333333,6.90733333333333
"1944",2026-02-02 08:23:00,1.0675,1.6775,1.0675,3.5024675,5.5038775,10.3761925102276,14.2999627872044,311.109019607843,29.8639710484466,0,18.9475738543804,60.9199972740017,7.43658333333333,7.66416666666667,6.90516666666667
"1945",2026-02-02 08:24:00,1.07,1.68,1.07,3.51067,5.51208,10.2018027201397,14.1255729971165,311.389803921569,29.8645616481615,0,19.0057049182503,61.2599972587876,7.4805,7.709,6.903
"1946",2026-02-02 08:25:00,1.0725,1.6825,1.0725,3.5188725,5.5202825,10.0274129300519,13.9511832070287,311.670588235294,29.8651522478765,0,19.0638359821203,61.5999972435736,7.52441666666667,7.75,6.89866666666667
"1947",2026-02-02 08:26:00,1.075,1.685,1.075,3.527075,5.528485,10.2018027201397,14.4743525772922,311.389803921569,29.8645616481615,0,19.0870260953884,61.3399972552079,7.56833333333333,7.791,6.89433333333333
"1948",2026-02-02 08:27:00,1.0775,1.6875,1.0775,3.5352775,5.5366875,10.3761925102276,14.9975219475558,311.109019607843,29.8639710484466,0,19.1102162086566,61.0799972668421,7.61225,7.832,6.89
"1949",2026-02-02 08:28:00,1.08,1.69,1.08,3.54348,5.54489,10.5505823003154,15.5206913178194,310.828235294118,29.8633804487316,0,19.1334063219247,60.8199972784764,7.65616666666667,7.873,6.88566666666667
"1950",2026-02-02 08:29:00,1.0825,1.6925,1.0825,3.5516825,5.5530925,10.7249720904033,16.043860688083,310.547450980392,29.8627898490166,0,19.1565964351928,60.5599972901107,7.70008333333333,7.914,6.88133333333333
"1951",2026-02-02 08:30:00,1.085,1.695,1.085,3.559885,5.561295,10.8993618804912,16.5670300583465,310.266666666667,29.8621992493017,0,19.179786548461,60.2999973017449,7.744,7.955,6.877
"1952",2026-02-02 08:31:00,1.0875,1.6975,1.0875,3.5680875,5.5694975,10.7249720904033,16.3926402682587,310.828235294118,29.8621992493017,0,19.283707794631,60.2199973053247,7.78633333333333,7.99933333333333,6.872
"1953",2026-02-02 08:32:00,1.09,1.7,1.09,3.57629,5.5777,10.5505823003154,16.2182504781708,311.389803921569,29.8621992493017,0,19.387629040801,60.1399973089045,7.82866666666667,8.04366666666667,6.867
"1954",2026-02-02 08:33:00,1.0925,1.7025,1.0925,3.5844925,5.5859025,10.3761925102276,16.043860688083,311.95137254902,29.8621992493017,0,19.491550286971,60.0599973124843,7.871,8.088,6.862
"1955",2026-02-02 08:34:00,1.095,1.705,1.095,3.592695,5.594105,10.2018027201397,15.8694708979951,312.512941176471,29.8621992493017,0,19.595471533141,59.979997316064,7.91333333333333,8.13233333333333,6.857
"1956",2026-02-02 08:35:00,1.0975,1.7075,1.0975,3.6008975,5.6023075,10.0274129300519,15.6950811079073,313.074509803922,29.8621992493017,0,19.699392779311,59.8999973196438,7.95566666666667,8.17666666666667,6.852
"1957",2026-02-02 08:36:00,1.1,1.71,1.1,3.6091,5.61051,10.1146078250958,15.6078862128633,312.232156862745,29.8627898490166,0,19.6186263308623,59.8599973214337,7.998,8.221,6.847
"1958",2026-02-02 08:37:00,1.1025,1.7125,1.1025,3.6173025,5.6187125,10.2018027201397,15.5206913178194,311.389803921569,29.8633804487316,0,19.5378598824136,59.8199973232236,8.0395,8.268,6.83883333333333
"1959",2026-02-02 08:38:00,1.105,1.715,1.105,3.625505,5.626915,10.2889976151836,15.4334964227755,310.547450980392,29.8639710484466,0,19.4570934339649,59.7799973250135,8.081,8.315,6.83066666666667
"1960",2026-02-02 08:39:00,1.1075,1.7175,1.1075,3.6337075,5.6351175,10.3761925102276,15.3463015277315,309.705098039216,29.8645616481615,0,19.3763269855161,59.7399973268034,8.1225,8.362,6.8225
"1961",2026-02-02 08:40:00,1.11,1.72,1.11,3.64191,5.64332,10.4633874052715,15.2591066326876,308.862745098039,29.8651522478765,0,19.2955605370674,59.6999973285932,8.164,8.409,6.81433333333333
"1962",2026-02-02 08:41:00,1.1065,1.715,1.1065,3.6304265,5.626915,10.5505823003154,15.3463015277315,308.862745098039,29.8645616481615,0,19.341764954308,59.5199973366477,8.2055,8.456,6.80616666666667
"1963",2026-02-02 08:42:00,1.103,1.71,1.103,3.618943,5.61051,10.6377771953594,15.4334964227755,308.862745098039,29.8639710484466,0,19.3879693715485,59.3399973447022,8.247,8.503,6.798
"1964",2026-02-02 08:43:00,1.0995,1.705,1.0995,3.6074595,5.594105,10.7249720904033,15.5206913178194,308.862745098039,29.8633804487316,0,19.4341737887891,59.1599973527567,8.29466666666667,8.55116666666667,6.787
"1965",2026-02-02 08:44:00,1.096,1.7,1.096,3.595976,5.5777,10.8121669854472,15.6078862128633,308.862745098039,29.8627898490166,0,19.4803782060296,58.9799973608112,8.34233333333333,8.59933333333333,6.776
"1966",2026-02-02 08:45:00,1.0925,1.695,1.0925,3.5844925,5.561295,10.8993618804912,15.6950811079073,308.862745098039,29.8621992493017,0,19.5265826232701,58.7999973688657,8.39,8.6475,6.765
"1967",2026-02-02 08:46:00,1.089,1.69,1.089,3.573009,5.54489,10.8121669854472,15.6950811079073,309.143529411765,29.8621992493017,0,19.6071068610022,58.7999973688657,8.43766666666667,8.69566666666667,6.754
"1968",2026-02-02 08:47:00,1.0855,1.685,1.0855,3.5615255,5.528485,10.7249720904033,15.6950811079073,309.42431372549,29.8621992493017,0,19.6876310987342,58.7999973688657,8.48533333333333,8.74383333333333,6.743
"1969",2026-02-02 08:48:00,1.082,1.68,1.082,3.550042,5.51208,10.6377771953594,15.6950811079073,309.705098039216,29.8621992493017,0,19.7681553364662,58.7999973688657,8.533,8.792,6.732
"1970",2026-02-02 08:49:00,1.0785,1.675,1.0785,3.5385585,5.495675,10.5505823003154,15.6950811079073,309.985882352941,29.8621992493017,0,19.8486795741982,58.7999973688657,8.58033333333333,8.83683333333333,6.72116666666667
"1971",2026-02-02 08:50:00,1.075,1.67,1.075,3.527075,5.47927,10.4633874052715,15.6950811079073,310.266666666667,29.8621992493017,0,19.9292038119302,58.7999973688657,8.62766666666667,8.88166666666667,6.71033333333333
"1972",2026-02-02 08:51:00,1.0715,1.665,1.0715,3.5155915,5.462865,10.3761925102276,15.6950811079073,311.109019607843,29.8633804487316,0,19.9864649940033,58.8199973679708,8.675,8.9265,6.6995
"1973",2026-02-02 08:52:00,1.068,1.66,1.068,3.504108,5.44646,10.2889976151836,15.6950811079073,311.95137254902,29.8645616481615,0,20.0437261760764,58.8399973670758,8.72233333333333,8.97133333333333,6.68866666666667
"1974",2026-02-02 08:53:00,1.0645,1.655,1.0645,3.4926245,5.430055,10.2018027201397,15.6950811079073,312.793725490196,29.8657428475914,0,20.1009873581495,58.8599973661809,8.76966666666667,9.01616666666667,6.67783333333333
"1975",2026-02-02 08:54:00,1.061,1.65,1.061,3.481141,5.41365,10.1146078250958,15.6950811079073,313.636078431373,29.8669240470214,0,20.1582485402226,58.8799973652859,8.817,9.061,6.667
"1976",2026-02-02 08:55:00,1.0575,1.645,1.0575,3.4696575,5.397245,10.0274129300519,15.6950811079073,314.478431372549,29.8681052464513,0,20.2155097222957,58.899997364391,8.85333333333333,9.10416666666667,6.65383333333333
"1977",2026-02-02 08:56:00,1.054,1.64,1.054,3.458174,5.38084,10.1146078250958,15.3463015277315,313.355294117647,29.8681052464513,0,20.2155097222957,58.7999973688657,8.88966666666667,9.14733333333333,6.64066666666667
"1978",2026-02-02 08:57:00,1.0505,1.635,1.0505,3.4466905,5.364435,10.2018027201397,14.9975219475558,312.232156862745,29.8681052464513,0,20.2155097222957,58.6999973733404,8.926,9.1905,6.6275
"1979",2026-02-02 08:58:00,1.047,1.63,1.047,3.435207,5.34803,10.2889976151836,14.6487423673801,311.109019607843,29.8681052464513,0,20.2155097222957,58.5999973778151,8.96233333333333,9.23366666666667,6.61433333333333
"1980",2026-02-02 08:59:00,1.0435,1.625,1.0435,3.4237235,5.331625,10.3761925102276,14.2999627872044,309.985882352941,29.8681052464513,0,20.2155097222957,58.4999973822899,8.99866666666667,9.27683333333333,6.60116666666667
"1981",2026-02-02 09:00:00,1.04,1.62,1.04,3.41224,5.31522,10.4633874052715,13.9511832070287,308.862745098039,29.8681052464513,0,20.2155097222957,58.3999973867646,9.035,9.32,6.588
"1982",2026-02-02 09:01:00,1.0385,1.617,1.0385,3.4073185,5.305377,10.2889976151836,13.602403626853,308.862745098039,29.8681052464513,0,20.2725607087608,58.3799973876595,9.07733333333333,9.35933333333333,6.57166666666667
"1983",2026-02-02 09:02:00,1.037,1.614,1.037,3.402397,5.295534,10.1146078250958,13.2536240466772,308.862745098039,29.8681052464513,0,20.3296116952258,58.3599973885545,9.11966666666667,9.39866666666667,6.55533333333333
"1984",2026-02-02 09:03:00,1.0355,1.611,1.0355,3.3974755,5.285691,9.94021803500793,12.9048444665015,308.862745098039,29.8681052464513,0,20.3866626816909,58.3399973894494,9.162,9.438,6.539
"1985",2026-02-02 09:04:00,1.034,1.608,1.034,3.392554,5.275848,9.76582824492007,12.5560648863258,308.862745098039,29.8681052464513,0,20.4437136681559,58.3199973903443,9.20433333333333,9.47733333333333,6.52266666666667
"1986",2026-02-02 09:05:00,1.0325,1.605,1.0325,3.3876325,5.266005,9.59143845483221,12.2072853061501,308.862745098039,29.8681052464513,0,20.500764654621,58.2999973912393,9.24666666666667,9.51666666666667,6.50633333333333
"1987",2026-02-02 09:06:00,1.031,1.602,1.031,3.382711,5.256162,9.41704866474435,12.294480201194,309.143529411765,29.8681052464513,0,20.591616025024,58.4599973840797,9.289,9.556,6.49
"1988",2026-02-02 09:07:00,1.0295,1.599,1.0295,3.3777895,5.246319,9.2426588746565,12.3816750962379,309.42431372549,29.8681052464513,0,20.6824673954271,58.6199973769202,9.33183333333333,9.60033333333333,6.4735
"1989",2026-02-02 09:08:00,1.028,1.596,1.028,3.372868,5.236476,9.06826908456864,12.4688699912819,309.705098039216,29.8681052464513,0,20.7733187658302,58.7799973697606,9.37466666666667,9.64466666666667,6.457
"1990",2026-02-02 09:09:00,1.0265,1.593,1.0265,3.3679465,5.226633,8.89387929448078,12.5560648863258,309.985882352941,29.8681052464513,0,20.8641701362332,58.9399973626011,9.4175,9.689,6.4405
"1991",2026-02-02 09:10:00,1.025,1.59,1.025,3.363025,5.21679,8.71948950439292,12.6432597813697,310.266666666667,29.8681052464513,0,20.9550215066363,59.0999973554415,9.46033333333333,9.73333333333333,6.424
"1992",2026-02-02 09:11:00,1.0235,1.587,1.0235,3.3581035,5.206947,8.80668439943685,12.9048444665015,310.266666666667,29.8675146467363,0,20.9663411619449,59.0199973590213,9.50316666666667,9.77766666666667,6.4075
"1993",2026-02-02 09:12:00,1.022,1.584,1.022,3.353182,5.197104,8.89387929448078,13.1664291516333,310.266666666667,29.8669240470214,0,20.9776608172535,58.9399973626011,9.546,9.822,6.391
"1994",2026-02-02 09:13:00,1.0205,1.581,1.0205,3.3482605,5.187261,8.98107418952471,13.4280138367651,310.266666666667,29.8663334473064,0,20.9889804725621,58.8599973661809,9.58266666666667,9.8685,6.37133333333333
"1995",2026-02-02 09:14:00,1.019,1.578,1.019,3.343339,5.177418,9.06826908456864,13.6895985218969,310.266666666667,29.8657428475914,0,21.0003001278707,58.7799973697607,9.61933333333333,9.915,6.35166666666667
"1996",2026-02-02 09:15:00,1.0175,1.575,1.0175,3.3384175,5.167575,9.15546397961257,13.9511832070287,310.266666666667,29.8651522478765,0,21.0116197831792,58.6999973733404,9.656,9.9615,6.332
"1997",2026-02-02 09:16:00,1.016,1.572,1.016,3.333496,5.157732,9.15546397961257,13.6895985218969,311.670588235294,29.8651522478765,0,21.0568176443054,58.899997364391,9.69266666666667,10.008,6.31233333333333
"1998",2026-02-02 09:17:00,1.0145,1.569,1.0145,3.3285745,5.147889,9.15546397961257,13.4280138367651,313.074509803922,29.8651522478765,0,21.1020155054316,59.0999973554416,9.72933333333333,10.0545,6.29266666666667
"1999",2026-02-02 09:18:00,1.013,1.566,1.013,3.323653,5.138046,9.15546397961257,13.1664291516333,314.478431372549,29.8651522478765,0,21.1472133665577,59.2999973464921,9.766,10.101,6.273
"2000",2026-02-02 09:19:00,1.0115,1.563,1.0115,3.3187315,5.128203,9.15546397961257,12.9048444665015,315.882352941176,29.8651522478765,0,21.1924112276839,59.4999973375427,9.80433333333333,10.1381666666667,6.25166666666667
"2001",2026-02-02 09:20:00,1.01,1.56,1.01,3.31381,5.11836,9.15546397961257,12.6432597813697,317.286274509804,29.8651522478765,0,21.23760908881,59.6999973285932,9.84266666666667,10.1753333333333,6.23033333333333
"2002",2026-02-02 09:21:00,1.012,1.563,1.012,3.320372,5.128203,9.06826908456864,12.5560648863258,315.882352941176,29.8651522478765,0,21.2037227854233,59.259997348282,9.881,10.2125,6.209
"2003",2026-02-02 09:22:00,1.014,1.566,1.014,3.326934,5.138046,8.98107418952471,12.4688699912819,314.478431372549,29.8651522478765,0,21.1698364820366,58.8199973679708,9.91933333333333,10.2496666666667,6.18766666666667
"2004",2026-02-02 09:23:00,1.016,1.569,1.016,3.333496,5.147889,8.89387929448078,12.3816750962379,313.074509803922,29.8651522478765,0,21.1359501786499,58.3799973876595,9.95766666666667,10.2868333333333,6.16633333333333
"2005",2026-02-02 09:24:00,1.018,1.572,1.018,3.340058,5.157732,8.80668439943685,12.294480201194,311.670588235294,29.8651522478765,0,21.1020638752631,57.9399974073483,9.996,10.324,6.145
"2006",2026-02-02 09:25:00,1.02,1.575,1.02,3.34662,5.167575,8.71948950439292,12.2072853061501,310.266666666667,29.8651522478765,0,21.0681775718764,57.499997427037,10.0335,10.3621666666667,6.12483333333333
"2007",2026-02-02 09:26:00,1.022,1.578,1.022,3.353182,5.177418,8.89387929448078,12.294480201194,309.705098039216,29.8657428475914,0,21.1358780736148,57.6999974180876,10.071,10.4003333333333,6.10466666666667
"2008",2026-02-02 09:27:00,1.024,1.581,1.024,3.359744,5.187261,9.06826908456864,12.3816750962379,309.143529411765,29.8663334473064,0,21.2035785753531,57.8999974091382,10.1085,10.4385,6.0845
"2009",2026-02-02 09:28:00,1.026,1.584,1.026,3.366306,5.197104,9.2426588746565,12.4688699912819,308.581960784314,29.8669240470214,0,21.2712790770915,58.0999974001887,10.146,10.4766666666667,6.06433333333333
"2010",2026-02-02 09:29:00,1.028,1.587,1.028,3.372868,5.206947,9.41704866474435,12.5560648863258,308.020392156863,29.8675146467363,0,21.3389795788298,58.2999973912393,10.1835,10.5148333333333,6.04416666666667
"2011",2026-02-02 09:30:00,1.03,1.59,1.03,3.37943,5.21679,9.59143845483221,12.6432597813697,307.458823529412,29.8681052464513,0,21.4066800805682,58.4999973822899,10.221,10.553,6.024
"2012",2026-02-02 09:31:00,1.032,1.593,1.032,3.385992,5.226633,9.41704866474435,12.6432597813697,308.862745098039,29.8686958461662,0,21.4628783992303,58.4999973822899,10.2613333333333,10.587,6.001
"2013",2026-02-02 09:32:00,1.034,1.596,1.034,3.392554,5.236476,9.2426588746565,12.6432597813697,310.266666666667,29.8692864458812,0,21.5190767178925,58.4999973822899,10.3016666666667,10.621,5.978
"2014",2026-02-02 09:33:00,1.036,1.599,1.036,3.399116,5.246319,9.06826908456864,12.6432597813697,311.670588235294,29.8698770455961,0,21.5752750365546,58.4999973822899,10.342,10.655,5.955
"2015",2026-02-02 09:34:00,1.038,1.602,1.038,3.405678,5.256162,8.89387929448078,12.6432597813697,313.074509803922,29.8704676453111,0,21.6314733552168,58.4999973822899,10.3823333333333,10.689,5.932
"2016",2026-02-02 09:35:00,1.04,1.605,1.04,3.41224,5.266005,8.71948950439292,12.6432597813697,314.478431372549,29.8710582450261,0,21.6876716738789,58.4999973822899,10.4226666666667,10.723,5.909
"2017",2026-02-02 09:36:00,1.042,1.608,1.042,3.418802,5.275848,8.89387929448078,12.7304546764137,313.636078431373,29.8710582450261,0,21.6539763791629,58.0999974001887,10.463,10.757,5.886
"2018",2026-02-02 09:37:00,1.044,1.611,1.044,3.425364,5.285691,9.06826908456864,12.8176495714576,312.793725490196,29.8710582450261,0,21.620281084447,57.6999974180876,10.4963333333333,10.7903333333333,5.86183333333333
"2019",2026-02-02 09:38:00,1.046,1.614,1.046,3.431926,5.295534,9.2426588746565,12.9048444665015,311.95137254902,29.8710582450261,0,21.586585789731,57.2999974359865,10.5296666666667,10.8236666666667,5.83766666666667
"2020",2026-02-02 09:39:00,1.048,1.617,1.048,3.438488,5.305377,9.41704866474435,12.9920393615455,311.109019607843,29.8710582450261,0,21.552890495015,56.8999974538853,10.563,10.857,5.8135
"2021",2026-02-02 09:40:00,1.05,1.62,1.05,3.44505,5.31522,9.59143845483221,13.0792342565894,310.266666666667,29.8710582450261,0,21.519195200299,56.4999974717842,10.5963333333333,10.8903333333333,5.78933333333333
"2022",2026-02-02 09:41:00,1.052,1.6245,1.052,3.451612,5.3299845,9.50424355978828,13.0792342565894,310.828235294118,29.871648844741,0,21.6535550760759,56.8999974538853,10.6296666666667,10.9236666666667,5.76516666666667
"2023",2026-02-02 09:42:00,1.054,1.629,1.054,3.458174,5.344749,9.41704866474435,13.0792342565894,311.389803921569,29.872239444456,0,21.7879149518529,57.2999974359865,10.663,10.957,5.741
"2024",2026-02-02 09:43:00,1.056,1.6335,1.056,3.464736,5.3595135,9.32985376970042,13.0792342565894,311.95137254902,29.8728300441709,0,21.9222748276299,57.6999974180876,10.6951666666667,10.9903333333333,5.7165
"2025",2026-02-02 09:44:00,1.058,1.638,1.058,3.471298,5.374278,9.2426588746565,13.0792342565894,312.512941176471,29.8734206438859,0,22.0566347034069,58.0999974001887,10.7273333333333,11.0236666666667,5.692
"2026",2026-02-02 09:45:00,1.06,1.6425,1.06,3.47786,5.3890425,9.15546397961257,13.0792342565894,313.074509803922,29.8740112436009,0,22.1909945791838,58.4999973822899,10.7595,11.057,5.6675
"2027",2026-02-02 09:46:00,1.062,1.647,1.062,3.484422,5.403807,9.15546397961257,12.9920393615455,311.109019607843,29.8746018433158,0,22.2132797172647,58.2199973948191,10.7916666666667,11.0903333333333,5.643
"2028",2026-02-02 09:47:00,1.064,1.6515,1.064,3.490984,5.4185715,9.15546397961257,12.9048444665015,309.143529411765,29.8751924430308,0,22.2355648553456,57.9399974073483,10.8238333333333,11.1236666666667,5.6185
"2029",2026-02-02 09:48:00,1.066,1.656,1.066,3.497546,5.433336,9.15546397961257,12.8176495714576,307.178039215686,29.8757830427457,0,22.2578499934265,57.6599974198775,10.856,11.157,5.594
"2030",2026-02-02 09:49:00,1.068,1.6605,1.068,3.504108,5.4481005,9.15546397961257,12.7304546764137,305.212549019608,29.8763736424607,0,22.2801351315074,57.3799974324067,10.8865,11.1893333333333,5.56933333333333
"2031",2026-02-02 09:50:00,1.07,1.665,1.07,3.51067,5.462865,9.15546397961257,12.6432597813697,303.247058823529,29.8769642421757,0,22.3024202695883,57.0999974449359,10.917,11.2216666666667,5.54466666666667
"2032",2026-02-02 09:51:00,1.072,1.6695,1.072,3.517232,5.4776295,9.06826908456864,12.4688699912819,303.247058823529,29.8775548418906,0,22.4244480622506,57.1799974413561,10.9475,11.254,5.52
"2033",2026-02-02 09:52:00,1.074,1.674,1.074,3.523794,5.492394,8.98107418952471,12.294480201194,303.247058823529,29.8781454416056,0,22.5464758549129,57.2599974377764,10.978,11.2863333333333,5.49533333333333
"2034",2026-02-02 09:53:00,1.076,1.6785,1.076,3.530356,5.5071585,8.89387929448078,12.1200904111062,303.247058823529,29.8787360413205,0,22.6685036475752,57.3399974341966,11.0085,11.3186666666667,5.47066666666667
"2035",2026-02-02 09:54:00,1.078,1.683,1.078,3.536918,5.521923,8.80668439943685,11.9457006210183,303.247058823529,29.8793266410355,0,22.7905314402375,57.4199974306168,11.039,11.351,5.446
"2036",2026-02-02 09:55:00,1.08,1.6875,1.08,3.54348,5.5366875,8.71948950439292,11.7713108309304,303.247058823529,29.8799172407505,0,22.9125592328998,57.499997427037,11.0653333333333,11.381,5.42083333333333
"2037",2026-02-02 09:56:00,1.082,1.692,1.082,3.550042,5.551452,8.71948950439292,11.8585057259744,303.527843137255,29.8799172407505,0,22.9125592328998,57.1599974422511,11.0916666666667,11.411,5.39566666666667
"2038",2026-02-02 09:57:00,1.084,1.6965,1.084,3.556604,5.5662165,8.71948950439292,11.9457006210183,303.80862745098,29.8799172407505,0,22.9125592328998,56.8199974574651,11.118,11.441,5.3705
"2039",2026-02-02 09:58:00,1.086,1.701,1.086,3.563166,5.580981,8.71948950439292,12.0328955160622,304.089411764706,29.8799172407505,0,22.9125592328998,56.4799974726792,11.1443333333333,11.471,5.34533333333333
"2040",2026-02-02 09:59:00,1.088,1.7055,1.088,3.569728,5.5957455,8.71948950439292,12.1200904111062,304.370196078431,29.8799172407505,0,22.9125592328998,56.1399974878932,11.1706666666667,11.501,5.32016666666667
"2041",2026-02-02 10:00:00,1.09,1.71,1.09,3.57629,5.61051,8.71948950439292,12.2072853061501,304.650980392157,29.8799172407505,0,22.9125592328998,55.7999975031072,11.197,11.531,5.295
"2042",2026-02-02 10:01:00,1.089,1.708,1.089,3.573009,5.603948,8.63229460934899,12.0328955160622,304.089411764706,29.8799172407505,0,22.9346491178953,55.5599975138466,11.2265,11.555,5.26833333333333
"2043",2026-02-02 10:02:00,1.088,1.706,1.088,3.569728,5.597386,8.54509971430506,11.8585057259744,303.527843137255,29.8799172407505,0,22.9567390028908,55.3199975245859,11.256,11.579,5.24166666666667
"2044",2026-02-02 10:03:00,1.087,1.704,1.087,3.566447,5.590824,8.45790481926113,11.6841159358865,302.966274509804,29.8799172407505,0,22.9788288878863,55.0799975353252,11.2855,11.603,5.215
"2045",2026-02-02 10:04:00,1.086,1.702,1.086,3.563166,5.584262,8.3707099242172,11.5097261457987,302.404705882353,29.8799172407505,0,23.0009187728818,54.8399975460645,11.315,11.627,5.18833333333333
"2046",2026-02-02 10:05:00,1.085,1.7,1.085,3.559885,5.5777,8.28351502917327,11.3353363557108,301.843137254902,29.8799172407505,0,23.0230086578773,54.5999975568039,11.3445,11.651,5.16166666666667
"2047",2026-02-02 10:06:00,1.084,1.698,1.084,3.556604,5.571138,8.19632013412935,11.3353363557108,302.123921568627,29.8799172407505,0,23.165881787406,54.7199975514342,11.374,11.675,5.135
"2048",2026-02-02 10:07:00,1.083,1.696,1.083,3.553323,5.564576,8.10912523908542,11.3353363557108,302.404705882353,29.8799172407505,0,23.3087549169346,54.8399975460645,11.3946666666667,11.6975,5.107
"2049",2026-02-02 10:08:00,1.082,1.694,1.082,3.550042,5.558014,8.02193034404149,11.3353363557108,302.685490196078,29.8799172407505,0,23.4516280464633,54.9599975406949,11.4153333333333,11.72,5.079
"2050",2026-02-02 10:09:00,1.081,1.692,1.081,3.546761,5.551452,7.93473544899756,11.3353363557108,302.966274509804,29.8799172407505,0,23.5945011759919,55.0799975353252,11.436,11.7425,5.051
"2051",2026-02-02 10:10:00,1.08,1.69,1.08,3.54348,5.54489,7.84754055395363,11.3353363557108,303.247058823529,29.8799172407505,0,23.7373743055206,55.1999975299556,11.4566666666667,11.765,5.023
"2052",2026-02-02 10:11:00,1.079,1.688,1.079,3.540199,5.538328,7.93473544899756,11.3353363557108,301.562352941176,29.8799172407505,0,23.6055350638642,54.7599975496443,11.4773333333333,11.7875,4.995
"2053",2026-02-02 10:12:00,1.078,1.686,1.078,3.536918,5.531766,8.02193034404149,11.3353363557108,299.877647058824,29.8799172407505,0,23.4736958222077,54.3199975693331,11.498,11.81,4.967
"2054",2026-02-02 10:13:00,1.077,1.684,1.077,3.533637,5.525204,8.10912523908542,11.3353363557108,298.192941176471,29.8799172407505,0,23.3418565805513,53.8799975890218,11.5071666666667,11.8373333333333,4.93916666666667
"2055",2026-02-02 10:14:00,1.076,1.682,1.076,3.530356,5.518642,8.19632013412935,11.3353363557108,296.508235294118,29.8799172407505,0,23.2100173388949,53.4399976087106,11.5163333333333,11.8646666666667,4.91133333333333
"2056",2026-02-02 10:15:00,1.075,1.68,1.075,3.527075,5.51208,8.28351502917327,11.3353363557108,294.823529411765,29.8799172407505,0,23.0781780972385,52.9999976283993,11.5255,11.892,4.8835
"2057",2026-02-02 10:16:00,1.074,1.678,1.074,3.523794,5.505518,8.02193034404149,11.073751670579,296.508235294118,29.8799172407505,0,23.2646459694478,53.1799976203449,11.5346666666667,11.9193333333333,4.85566666666667
"2058",2026-02-02 10:17:00,1.073,1.676,1.073,3.520513,5.498956,7.7603456589097,10.8121669854472,298.192941176471,29.8799172407505,0,23.451113841657,53.3599976122904,11.5438333333333,11.9466666666667,4.82783333333333
"2059",2026-02-02 10:18:00,1.072,1.674,1.072,3.517232,5.492394,7.49876097377791,10.5505823003154,299.877647058824,29.8799172407505,0,23.6375817138662,53.5399976042359,11.553,11.974,4.8
"2060",2026-02-02 10:19:00,1.071,1.672,1.071,3.513951,5.485832,7.23717628864612,10.2889976151836,301.562352941176,29.8799172407505,0,23.8240495860755,53.7199975961814,11.5823333333333,11.992,4.77366666666667
"2061",2026-02-02 10:20:00,1.07,1.67,1.07,3.51067,5.47927,6.97559160351434,10.0274129300519,303.247058823529,29.8799172407505,0,24.0105174582847,53.8999975881269,11.6116666666667,12.01,4.74733333333333
"2062",2026-02-02 10:21:00,1.0825,1.6895,1.0825,3.5516825,5.5432495,6.88839670847041,9.94021803500793,302.966274509804,29.8799172407505,0,23.9996058589545,53.8199975917067,11.641,12.028,4.721
"2063",2026-02-02 10:22:00,1.095,1.709,1.095,3.592695,5.607229,6.80120181342648,9.853023139964,302.685490196078,29.8799172407505,0,23.9886942596243,53.7399975952864,11.6703333333333,12.046,4.69466666666667
"2064",2026-02-02 10:23:00,1.1075,1.7285,1.1075,3.6337075,5.6712085,6.71400691838255,9.76582824492007,302.404705882353,29.8799172407505,0,23.9777826602942,53.6599975988662,11.6996666666667,12.064,4.66833333333333
"2065",2026-02-02 10:24:00,1.12,1.748,1.12,3.67472,5.735188,6.62681202333862,9.67863334987614,302.123921568627,29.8799172407505,0,23.966871060964,53.579997602446,11.729,12.082,4.642
"2066",2026-02-02 10:25:00,1.1325,1.7675,1.1325,3.7157325,5.7991675,6.53961712829469,9.59143845483221,301.843137254902,29.8799172407505,0,23.9559594616338,53.4999976060258,11.744,12.1016666666667,4.61416666666667
"2067",2026-02-02 10:26:00,1.145,1.787,1.145,3.756745,5.863147,6.53961712829469,9.59143845483221,301.281568627451,29.8799172407505,0,23.9886731970182,53.599997601551,11.759,12.1213333333333,4.58633333333333
"2068",2026-02-02 10:27:00,1.1575,1.8065,1.1575,3.7977575,5.9271265,6.53961712829469,9.59143845483221,300.72,29.8799172407505,0,24.0213869324027,53.6999975970763,11.774,12.141,4.5585
"2069",2026-02-02 10:28:00,1.17,1.826,1.17,3.83877,5.991106,6.53961712829469,9.59143845483221,300.158431372549,29.8799172407505,0,24.0541006677871,53.7999975926016,11.789,12.1606666666667,4.53066666666667
"2070",2026-02-02 10:29:00,1.1825,1.8455,1.1825,3.8797825,6.0550855,6.53961712829469,9.59143845483221,299.596862745098,29.8799172407505,0,24.0868144031715,53.8999975881269,11.804,12.1803333333333,4.50283333333333
"2071",2026-02-02 10:30:00,1.195,1.865,1.195,3.920795,6.119065,6.53961712829469,9.59143845483221,299.035294117647,29.8799172407505,0,24.1195281385559,53.9999975836522,11.819,12.2,4.475
"2072",2026-02-02 10:31:00,1.2075,1.8845,1.2075,3.9618075,6.1830445,6.53961712829469,9.59143845483221,298.473725490196,29.8805078404654,0,24.1086305749172,53.939997586337,11.8278333333333,12.2126666666667,4.44766666666667
"2073",2026-02-02 10:32:00,1.22,1.904,1.22,4.00282,6.247024,6.53961712829469,9.59143845483221,297.912156862745,29.8810984401804,0,24.0977330112784,53.8799975890218,11.8366666666667,12.2253333333333,4.42033333333333
"2074",2026-02-02 10:33:00,1.2325,1.9235,1.2325,4.0438325,6.3110035,6.53961712829469,9.59143845483221,297.350588235294,29.8816890398953,0,24.0868354476396,53.8199975917067,11.8455,12.238,4.393
"2075",2026-02-02 10:34:00,1.245,1.943,1.245,4.084845,6.374983,6.53961712829469,9.59143845483221,296.789019607843,29.8822796396103,0,24.0759378840008,53.7599975943915,11.8543333333333,12.2506666666667,4.36566666666667
"2076",2026-02-02 10:35:00,1.2575,1.9625,1.2575,4.1258575,6.4389625,6.53961712829469,9.59143845483221,296.227450980392,29.8828702393252,0,24.065040320362,53.6999975970763,11.8631666666667,12.2633333333333,4.33833333333333
"2077",2026-02-02 10:36:00,1.27,1.982,1.27,4.16687,6.502942,6.45242223325076,9.50424355978828,295.10431372549,29.8822796396103,0,24.2385724492664,53.6799975979713,11.872,12.276,4.311
"2078",2026-02-02 10:37:00,1.2825,2.0015,1.2825,4.2078825,6.5669215,6.36522733820683,9.41704866474435,293.981176470588,29.8816890398953,0,24.4121045781709,53.6599975988662,11.8893333333333,12.2858333333333,4.28366666666667
"2079",2026-02-02 10:38:00,1.295,2.021,1.295,4.248895,6.630901,6.2780324431629,9.32985376970042,292.858039215686,29.8810984401804,0,24.5856367070754,53.6399975997612,11.9066666666667,12.2956666666667,4.25633333333333
"2080",2026-02-02 10:39:00,1.3075,2.0405,1.3075,4.2899075,6.6948805,6.19083754811897,9.2426588746565,291.734901960784,29.8805078404654,0,24.7591688359799,53.6199976006561,11.924,12.3055,4.229
"2081",2026-02-02 10:40:00,1.32,2.06,1.32,4.33092,6.75886,6.10364265307504,9.15546397961257,290.611764705882,29.8799172407505,0,24.9327009648843,53.599997601551,11.9413333333333,12.3153333333333,4.20166666666667
"2082",2026-02-02 10:41:00,1.313,2.0485,1.313,4.307953,6.7211285,6.2780324431629,9.32985376970042,291.173333333333,29.8793266410355,0,24.8678320425722,53.2599976167651,11.9586666666667,12.3251666666667,4.17433333333333
"2083",2026-02-02 10:42:00,1.306,2.037,1.306,4.284986,6.683397,6.45242223325076,9.50424355978828,291.734901960784,29.8787360413205,0,24.80296312026,52.9199976319791,11.976,12.335,4.147
"2084",2026-02-02 10:43:00,1.299,2.0255,1.299,4.262019,6.6456655,6.62681202333862,9.67863334987614,292.296470588235,29.8781454416056,0,24.7380941979479,52.5799976471932,11.9931666666667,12.3465,4.12016666666667
"2085",2026-02-02 10:44:00,1.292,2.014,1.292,4.239052,6.607934,6.80120181342648,9.853023139964,292.858039215686,29.8775548418906,0,24.6732252756357,52.2399976624072,12.0103333333333,12.358,4.09333333333333
"2086",2026-02-02 10:45:00,1.285,2.0025,1.285,4.216085,6.5702025,6.97559160351434,10.0274129300519,293.419607843137,29.8769642421757,0,24.6083563533236,51.8999976776213,12.0275,12.3695,4.0665
"2087",2026-02-02 10:46:00,1.278,1.991,1.278,4.193118,6.532471,6.97559160351434,10.0274129300519,294.542745098039,29.8775548418906,0,24.6840131204654,52.0199976722516,12.0446666666667,12.381,4.03966666666667
"2088",2026-02-02 10:47:00,1.271,1.9795,1.271,4.170151,6.4947395,6.97559160351434,10.0274129300519,295.665882352941,29.8781454416056,0,24.7596698876071,52.1399976668819,12.0618333333333,12.3925,4.01283333333333
"2089",2026-02-02 10:48:00,1.264,1.968,1.264,4.147184,6.457008,6.97559160351434,10.0274129300519,296.789019607843,29.8787360413205,0,24.8353266547489,52.2599976615123,12.079,12.404,3.986
"2090",2026-02-02 10:49:00,1.257,1.9565,1.257,4.124217,6.4192765,6.97559160351434,10.0274129300519,297.912156862745,29.8793266410355,0,24.9109834218906,52.3799976561426,12.0846666666667,12.4126666666667,3.9565
"2091",2026-02-02 10:50:00,1.25,1.945,1.25,4.10125,6.381545,6.97559160351434,10.0274129300519,299.035294117647,29.8799172407505,0,24.9866401890324,52.499997650773,12.0903333333333,12.4213333333333,3.927
"2092",2026-02-02 10:51:00,1.243,1.9335,1.243,4.078283,6.3438135,6.97559160351434,10.0274129300519,298.754509803922,29.8787360413205,0,24.9866401890324,52.1999976641971,12.096,12.43,3.8975
"2093",2026-02-02 10:52:00,1.236,1.922,1.236,4.055316,6.306082,6.97559160351434,10.0274129300519,298.473725490196,29.8775548418906,0,24.9866401890324,51.8999976776213,12.1016666666667,12.4386666666667,3.868
"2094",2026-02-02 10:53:00,1.229,1.9105,1.229,4.032349,6.2683505,6.97559160351434,10.0274129300519,298.192941176471,29.8763736424607,0,24.9866401890324,51.5999976910454,12.1073333333333,12.4473333333333,3.8385
"2095",2026-02-02 10:54:00,1.222,1.899,1.222,4.009382,6.230619,6.97559160351434,10.0274129300519,297.912156862745,29.8751924430308,0,24.9866401890324,51.2999977044696,12.113,12.456,3.809
"2096",2026-02-02 10:55:00,1.215,1.8875,1.215,3.986415,6.1928875,6.97559160351434,10.0274129300519,297.63137254902,29.8740112436009,0,24.9866401890324,50.9999977178937,12.1156666666667,12.4626666666667,3.78116666666667
"2097",2026-02-02 10:56:00,1.208,1.876,1.208,3.963448,6.155156,6.97559160351434,10.2018027201397,299.035294117647,29.8746018433158,0,25.0512269712018,51.1999977089443,12.1183333333333,12.4693333333333,3.75333333333333
"2098",2026-02-02 10:57:00,1.201,1.8645,1.201,3.940481,6.1174245,6.97559160351434,10.3761925102276,300.439215686275,29.8751924430308,0,25.1158137533712,51.3999976999948,12.121,12.476,3.7255
"2099",2026-02-02 10:58:00,1.194,1.853,1.194,3.917514,6.079693,6.97559160351434,10.5505823003154,301.843137254902,29.8757830427457,0,25.1804005355406,51.5999976910454,12.1236666666667,12.4826666666667,3.69766666666667
"2100",2026-02-02 10:59:00,1.187,1.8415,1.187,3.894547,6.0419615,6.97559160351434,10.7249720904033,303.247058823529,29.8763736424607,0,25.24498731771,51.799997682096,12.1263333333333,12.4893333333333,3.66983333333333
"2101",2026-02-02 11:00:00,1.18,1.83,1.18,3.87158,6.00423,6.97559160351434,10.8993618804912,304.650980392157,29.8769642421757,0,25.3095740998793,51.9999976731465,12.129,12.496,3.642
"2102",2026-02-02 11:01:00,1.1835,1.8365,1.1835,3.8830635,6.0255565,6.88839670847041,10.6377771953594,303.527843137255,29.8751924430308,0,25.4166919803239,51.8999976776213,12.1291666666667,12.4998333333333,3.61683333333333
"2103",2026-02-02 11:02:00,1.187,1.843,1.187,3.894547,6.046883,6.80120181342648,10.3761925102276,302.404705882353,29.8734206438859,0,25.5238098607685,51.799997682096,12.1293333333333,12.5036666666667,3.59166666666667
"2104",2026-02-02 11:03:00,1.1905,1.8495,1.1905,3.9060305,6.0682095,6.71400691838255,10.1146078250958,301.281568627451,29.871648844741,0,25.6309277412131,51.6999976865707,12.1295,12.5075,3.5665
"2105",2026-02-02 11:04:00,1.194,1.856,1.194,3.917514,6.089536,6.62681202333862,9.853023139964,300.158431372549,29.8698770455961,0,25.7380456216577,51.5999976910454,12.1296666666667,12.5113333333333,3.54133333333333
"2106",2026-02-02 11:05:00,1.1975,1.8625,1.1975,3.9289975,6.1108625,6.53961712829469,9.59143845483221,299.035294117647,29.8681052464513,0,25.8451635021023,51.4999976955201,12.1298333333333,12.5151666666667,3.51616666666667
"2107",2026-02-02 11:06:00,1.201,1.869,1.201,3.940481,6.132189,6.62681202333862,9.853023139964,299.877647058824,29.8681052464513,0,25.8558395958234,51.1799977098392,12.13,12.519,3.491
"2108",2026-02-02 11:07:00,1.2045,1.8755,1.2045,3.9519645,6.1535155,6.71400691838255,10.1146078250958,300.72,29.8681052464513,0,25.8665156895446,50.8599977241583,12.131,12.519,3.4625
"2109",2026-02-02 11:08:00,1.208,1.882,1.208,3.963448,6.174842,6.80120181342648,10.3761925102276,301.562352941176,29.8681052464513,0,25.8771917832657,50.5399977384774,12.132,12.519,3.434
"2110",2026-02-02 11:09:00,1.2115,1.8885,1.2115,3.9749315,6.1961685,6.88839670847041,10.6377771953594,302.404705882353,29.8681052464513,0,25.8878678769869,50.2199977527965,12.133,12.519,3.4055
"2111",2026-02-02 11:10:00,1.215,1.895,1.215,3.986415,6.217495,6.97559160351434,10.8993618804912,303.247058823529,29.8681052464513,0,25.898543970708,49.8999977671156,12.134,12.519,3.377
"2112",2026-02-02 11:11:00,1.2185,1.9015,1.2185,3.9978985,6.2388215,6.88839670847041,10.4633874052715,302.966274509804,29.8686958461662,0,25.930533772996,50.1799977545864,12.135,12.519,3.3485
"2113",2026-02-02 11:12:00,1.222,1.908,1.222,4.009382,6.260148,6.80120181342648,10.0274129300519,302.685490196078,29.8692864458812,0,25.9625235752839,50.4599977420572,12.136,12.519,3.32
"2114",2026-02-02 11:13:00,1.2255,1.9145,1.2255,4.0208655,6.2814745,6.71400691838255,9.59143845483221,302.404705882353,29.8698770455961,0,25.9945133775719,50.739997729528,12.1235,12.5183333333333,3.29266666666667
"2115",2026-02-02 11:14:00,1.229,1.921,1.229,4.032349,6.302801,6.62681202333862,9.15546397961257,302.123921568627,29.8704676453111,0,26.0265031798598,51.0199977169988,12.111,12.5176666666667,3.26533333333333
"2116",2026-02-02 11:15:00,1.2325,1.9275,1.2325,4.0438325,6.3241275,6.53961712829469,8.71948950439292,301.843137254902,29.8710582450261,0,26.0584929821478,51.2999977044696,12.0985,12.517,3.238
"2117",2026-02-02 11:16:00,1.236,1.934,1.236,4.055316,6.345454,6.53961712829469,8.80668439943685,301.843137254902,29.8698770455961,0,26.0691434774843,50.9799977187887,12.086,12.5163333333333,3.21066666666667
"2118",2026-02-02 11:17:00,1.2395,1.9405,1.2395,4.0667995,6.3667805,6.53961712829469,8.89387929448078,301.843137254902,29.8686958461662,0,26.0797939728208,50.6599977331078,12.0735,12.5156666666667,3.18333333333333
"2119",2026-02-02 11:18:00,1.243,1.947,1.243,4.078283,6.388107,6.53961712829469,8.98107418952471,301.843137254902,29.8675146467363,0,26.0904444681573,50.3399977474269,12.061,12.515,3.156
"2120",2026-02-02 11:19:00,1.2465,1.9535,1.2465,4.0897665,6.4094335,6.53961712829469,9.06826908456864,301.843137254902,29.8663334473064,0,26.1010949634938,50.019997761746,12.0613333333333,12.5073333333333,3.12983333333333
"2121",2026-02-02 11:20:00,1.25,1.96,1.25,4.10125,6.43076,6.53961712829469,9.15546397961257,301.843137254902,29.8651522478765,0,26.1117454588303,49.6999977760651,12.0616666666667,12.4996666666667,3.10366666666667
"2122",2026-02-02 11:21:00,1.2445,1.951,1.2445,4.0832045,6.401231,6.36522733820683,8.89387929448078,301.281568627451,29.8651522478765,0,26.2284847312828,50.1399977563763,12.062,12.492,3.0775
"2123",2026-02-02 11:22:00,1.239,1.942,1.239,4.065159,6.371702,6.19083754811897,8.63229460934899,300.72,29.8651522478765,0,26.3452240037353,50.5799977366875,12.0623333333333,12.4843333333333,3.05133333333333
"2124",2026-02-02 11:23:00,1.2335,1.933,1.2335,4.0471135,6.342173,6.01644775803112,8.3707099242172,300.158431372549,29.8651522478765,0,26.4619632761879,51.0199977169988,12.0626666666667,12.4766666666667,3.02516666666667
"2125",2026-02-02 11:24:00,1.228,1.924,1.228,4.029068,6.312644,5.84205796794326,8.10912523908542,299.596862745098,29.8651522478765,0,26.5787025486404,51.45999769731,12.063,12.469,2.999
"2126",2026-02-02 11:25:00,1.2225,1.915,1.2225,4.0110225,6.283115,5.6676681778554,7.84754055395363,299.035294117647,29.8651522478765,0,26.695441821093,51.8999976776213,12.0508333333333,12.4641666666667,2.97316666666667
"2127",2026-02-02 11:26:00,1.217,1.906,1.217,3.992977,6.253586,5.84205796794326,8.3707099242172,299.035294117647,29.8657428475914,0,26.6318599609263,51.5199976946252,12.0386666666667,12.4593333333333,2.94733333333333
"2128",2026-02-02 11:27:00,1.2115,1.897,1.2115,3.9749315,6.224057,6.01644775803112,8.89387929448078,299.035294117647,29.8663334473064,0,26.5682781007597,51.1399977116291,12.0265,12.4545,2.9215
"2129",2026-02-02 11:28:00,1.206,1.888,1.206,3.956886,6.194528,6.19083754811897,9.41704866474435,299.035294117647,29.8669240470214,0,26.504696240593,50.759997728633,12.0143333333333,12.4496666666667,2.89566666666667
"2130",2026-02-02 11:29:00,1.2005,1.879,1.2005,3.9388405,6.164999,6.36522733820683,9.94021803500793,299.035294117647,29.8675146467363,0,26.4411143804264,50.379997745637,12.0021666666667,12.4448333333333,2.86983333333333
"2131",2026-02-02 11:30:00,1.195,1.87,1.195,3.920795,6.13547,6.53961712829469,10.4633874052715,299.035294117647,29.8681052464513,0,26.3775325202597,49.9999977626409,11.99,12.44,2.844
"2132",2026-02-02 11:31:00,1.1895,1.861,1.1895,3.9027495,6.105941,6.45242223325076,10.3761925102276,298.192941176471,29.8681052464513,0,26.3456570375619,50.019997761746,11.9885,12.4235,2.81733333333333
"2133",2026-02-02 11:32:00,1.184,1.852,1.184,3.884704,6.076412,6.36522733820683,10.2889976151836,297.350588235294,29.8681052464513,0,26.3137815548641,50.039997760851,11.987,12.407,2.79066666666667
"2134",2026-02-02 11:33:00,1.1785,1.843,1.1785,3.8666585,6.046883,6.2780324431629,10.2018027201397,296.508235294118,29.8681052464513,0,26.2819060721663,50.0599977599561,11.9855,12.3905,2.764
"2135",2026-02-02 11:34:00,1.173,1.834,1.173,3.848613,6.017354,6.19083754811897,10.1146078250958,295.665882352941,29.8681052464513,0,26.2500305894685,50.0799977590611,11.984,12.374,2.73733333333333
"2136",2026-02-02 11:35:00,1.1675,1.825,1.1675,3.8305675,5.987825,6.10364265307504,10.0274129300519,294.823529411765,29.8681052464513,0,26.2181551067707,50.0999977581662,11.9825,12.3575,2.71066666666667
"2137",2026-02-02 11:36:00,1.162,1.816,1.162,3.812522,5.958296,6.2780324431629,10.2018027201397,295.10431372549,29.8675146467363,0,26.1968731771826,50.2199977527965,11.981,12.341,2.684
"2138",2026-02-02 11:37:00,1.1565,1.807,1.1565,3.7944765,5.928767,6.45242223325076,10.3761925102276,295.385098039216,29.8669240470214,0,26.1755912475945,50.3399977474269,11.9635,12.3273333333333,2.65983333333333
"2139",2026-02-02 11:38:00,1.151,1.798,1.151,3.776431,5.899238,6.62681202333862,10.5505823003154,295.665882352941,29.8663334473064,0,26.1543093180064,50.4599977420572,11.946,12.3136666666667,2.63566666666667
"2140",2026-02-02 11:39:00,1.1455,1.789,1.1455,3.7583855,5.869709,6.80120181342648,10.7249720904033,295.946666666667,29.8657428475914,0,26.1330273884184,50.5799977366875,11.9285,12.3,2.6115
"2141",2026-02-02 11:40:00,1.14,1.78,1.14,3.74034,5.84018,6.97559160351434,10.8993618804912,296.227450980392,29.8651522478765,0,26.1117454588303,50.6999977313179,11.911,12.2863333333333,2.58733333333333
"2142",2026-02-02 11:41:00,1.1315,1.77,1.1315,3.7124515,5.80737,6.88839670847041,10.6377771953594,296.227450980392,29.8651522478765,0,26.1436588548543,50.6199977348976,11.8935,12.2726666666667,2.56316666666667
"2143",2026-02-02 11:42:00,1.123,1.76,1.123,3.684563,5.77456,6.80120181342648,10.3761925102276,296.227450980392,29.8651522478765,0,26.1755722508782,50.5399977384774,11.876,12.259,2.539
"2144",2026-02-02 11:43:00,1.1145,1.75,1.1145,3.6566745,5.74175,6.71400691838255,10.1146078250958,296.227450980392,29.8651522478765,0,26.2074856469022,50.4599977420572,11.8526666666667,12.24,2.5155
"2145",2026-02-02 11:44:00,1.106,1.74,1.106,3.628786,5.70894,6.62681202333862,9.853023139964,296.227450980392,29.8651522478765,0,26.2393990429262,50.379997745637,11.8293333333333,12.221,2.492
"2146",2026-02-02 11:45:00,1.0975,1.73,1.0975,3.6008975,5.67613,6.53961712829469,9.59143845483221,296.227450980392,29.8651522478765,0,26.2713124389502,50.2999977492167,11.806,12.202,2.4685
"2147",2026-02-02 11:46:00,1.089,1.72,1.089,3.573009,5.64332,6.45242223325076,9.50424355978828,295.385098039216,29.8645616481615,0,26.3455568911676,50.2599977510066,11.7826666666667,12.183,2.445
"2148",2026-02-02 11:47:00,1.0805,1.71,1.0805,3.5451205,5.61051,6.36522733820683,9.41704866474435,294.542745098039,29.8639710484466,0,26.419801343385,50.2199977527965,11.7593333333333,12.164,2.4215
"2149",2026-02-02 11:48:00,1.072,1.7,1.072,3.517232,5.5777,6.2780324431629,9.32985376970042,293.700392156863,29.8633804487316,0,26.4940457956024,50.1799977545864,11.736,12.145,2.398
"2150",2026-02-02 11:49:00,1.0635,1.69,1.0635,3.4893435,5.54489,6.19083754811897,9.2426588746565,292.858039215686,29.8627898490166,0,26.5682902478198,50.1399977563763,11.7218333333333,12.128,2.37566666666667
"2151",2026-02-02 11:50:00,1.055,1.68,1.055,3.461455,5.51208,6.10364265307504,9.15546397961257,292.01568627451,29.8621992493017,0,26.6425347000372,50.0999977581662,11.7076666666667,12.111,2.35333333333333
"2152",2026-02-02 11:51:00,1.0465,1.67,1.0465,3.4335665,5.47927,6.10364265307504,9.15546397961257,293.138823529412,29.8621992493017,0,26.6848233530412,50.0799977590611,11.6935,12.094,2.331
"2153",2026-02-02 11:52:00,1.038,1.66,1.038,3.405678,5.44646,6.10364265307504,9.15546397961257,294.261960784314,29.8621992493017,0,26.7271120060452,50.0599977599561,11.6793333333333,12.077,2.30866666666667
"2154",2026-02-02 11:53:00,1.0295,1.65,1.0295,3.3777895,5.41365,6.10364265307504,9.15546397961257,295.385098039216,29.8621992493017,0,26.7694006590491,50.039997760851,11.6651666666667,12.06,2.28633333333333
"2155",2026-02-02 11:54:00,1.021,1.64,1.021,3.349901,5.38084,6.10364265307504,9.15546397961257,296.508235294118,29.8621992493017,0,26.8116893120531,50.019997761746,11.651,12.043,2.264
"2156",2026-02-02 11:55:00,1.0125,1.63,1.0125,3.3220125,5.34803,6.10364265307504,9.15546397961257,297.63137254902,29.8621992493017,0,26.853977965057,49.9999977626409,11.6326666666667,12.0211666666667,2.241
"2157",2026-02-02 11:56:00,1.004,1.62,1.004,3.294124,5.31522,6.2780324431629,9.32985376970042,297.63137254902,29.8610180498718,0,26.8856299543662,50.0799977590611,11.6143333333333,11.9993333333333,2.218
"2158",2026-02-02 11:57:00,0.9955,1.61,0.9955,3.2662355,5.28241,6.45242223325076,9.50424355978828,297.63137254902,29.8598368504418,0,26.9172819436754,50.1599977554814,11.596,11.9775,2.195
"2159",2026-02-02 11:58:00,0.987,1.6,0.987,3.238347,5.2496,6.62681202333862,9.67863334987614,297.63137254902,29.8586556510119,0,26.9489339329846,50.2399977519016,11.5776666666667,11.9556666666667,2.172
"2160",2026-02-02 11:59:00,0.9785,1.59,0.9785,3.2104585,5.21679,6.80120181342648,9.853023139964,297.63137254902,29.857474451582,0,26.9805859222938,50.3199977483218,11.5593333333333,11.9338333333333,2.149
"2161",2026-02-02 12:00:00,0.97,1.58,0.97,3.18257,5.18398,6.97559160351434,10.0274129300519,297.63137254902,29.8562932521521,0,27.012237911603,50.399997744742,11.541,11.912,2.126
"2162",2026-02-02 12:01:00,0.97,1.5765,0.97,3.18257,5.1724965,6.80120181342648,9.94021803500793,298.192941176471,29.8557026524371,0,27.1592289473632,50.2999977492168,11.5176666666667,11.89,2.10416666666667
"2163",2026-02-02 12:02:00,0.97,1.573,0.97,3.18257,5.161013,6.62681202333862,9.853023139964,298.754509803922,29.8551120527222,0,27.3062199831234,50.1999977536915,11.4943333333333,11.868,2.08233333333333
"2164",2026-02-02 12:03:00,0.97,1.5695,0.97,3.18257,5.1495295,6.45242223325076,9.76582824492007,299.316078431373,29.8545214530072,0,27.4532110188836,50.0999977581662,11.471,11.846,2.0605
"2165",2026-02-02 12:04:00,0.97,1.566,0.97,3.18257,5.138046,6.2780324431629,9.67863334987614,299.877647058824,29.8539308532923,0,27.6002020546437,49.9999977626409,11.4476666666667,11.824,2.03866666666667
"2166",2026-02-02 12:05:00,0.97,1.5625,0.97,3.18257,5.1265625,6.10364265307504,9.59143845483221,300.439215686275,29.8533402535773,0,27.7471930904039,49.8999977671156,11.4243333333333,11.802,2.01683333333333
"2167",2026-02-02 12:06:00,0.97,1.559,0.97,3.18257,5.115079,6.10364265307504,9.59143845483221,300.158431372549,29.8527496538623,0,27.7680967651885,49.6199977796448,11.401,11.78,1.995
"2168",2026-02-02 12:07:00,0.97,1.5555,0.97,3.18257,5.1035955,6.10364265307504,9.59143845483221,299.877647058824,29.8521590541474,0,27.7890004399731,49.339997792174,11.3768333333333,11.7581666666667,1.97533333333333
"2169",2026-02-02 12:08:00,0.97,1.552,0.97,3.18257,5.092112,6.10364265307504,9.59143845483221,299.596862745098,29.8515684544324,0,27.8099041147577,49.0599978047033,11.3526666666667,11.7363333333333,1.95566666666667
"2170",2026-02-02 12:09:00,0.97,1.5485,0.97,3.18257,5.0806285,6.10364265307504,9.59143845483221,299.316078431373,29.8509778547175,0,27.8308077895422,48.7799978172325,11.3285,11.7145,1.936
"2171",2026-02-02 12:10:00,0.97,1.545,0.97,3.18257,5.069145,6.10364265307504,9.59143845483221,299.035294117647,29.8503872550025,0,27.8517114643268,48.4999978297617,11.3043333333333,11.6926666666667,1.91633333333333
"2172",2026-02-02 12:11:00,0.97,1.5415,0.97,3.18257,5.0576615,6.01644775803112,9.32985376970043,300.158431372549,29.8497966552875,0,27.8830231287484,48.5599978270768,11.2801666666667,11.6708333333333,1.89666666666667
"2173",2026-02-02 12:12:00,0.97,1.538,0.97,3.18257,5.046178,5.92925286298719,9.06826908456864,301.281568627451,29.8492060555726,0,27.9143347931701,48.619997824392,11.256,11.649,1.877
"2174",2026-02-02 12:13:00,0.97,1.5345,0.97,3.18257,5.0346945,5.84205796794326,8.80668439943685,302.404705882353,29.8486154558576,0,27.9456464575917,48.6799978217072,11.2343333333333,11.6238333333333,1.8595
"2175",2026-02-02 12:14:00,0.97,1.531,0.97,3.18257,5.023211,5.75486307289933,8.54509971430506,303.527843137255,29.8480248561427,0,27.9769581220133,48.7399978190224,11.2126666666667,11.5986666666667,1.842
"2176",2026-02-02 12:15:00,0.97,1.5275,0.97,3.18257,5.0117275,5.6676681778554,8.28351502917327,304.650980392157,29.8474342564277,0,28.008269786435,48.7999978163375,11.191,11.5735,1.8245
"2177",2026-02-02 12:16:00,0.97,1.524,0.97,3.18257,5.000244,5.92925286298719,8.71948950439292,304.089411764706,29.8468436567127,0,28.008269786435,48.8799978127578,11.1693333333333,11.5483333333333,1.807
"2178",2026-02-02 12:17:00,0.97,1.5205,0.97,3.18257,4.9887605,6.19083754811897,9.15546397961257,303.527843137255,29.8462530569978,0,28.008269786435,48.959997809178,11.1476666666667,11.5231666666667,1.7895
"2179",2026-02-02 12:18:00,0.97,1.517,0.97,3.18257,4.977277,6.45242223325076,9.59143845483221,302.966274509804,29.8456624572828,0,28.008269786435,49.0399978055982,11.126,11.498,1.772
"2180",2026-02-02 12:19:00,0.97,1.5135,0.97,3.18257,4.9657935,6.71400691838255,10.0274129300519,302.404705882353,29.8450718575679,0,28.008269786435,49.1199978020184,11.0966666666667,11.4723333333333,1.75666666666667
"2181",2026-02-02 12:20:00,0.97,1.51,0.97,3.18257,4.95431,6.97559160351434,10.4633874052715,301.843137254902,29.8444812578529,0,28.008269786435,49.1999977984386,11.0673333333333,11.4466666666667,1.74133333333333
"2182",2026-02-02 12:21:00,0.976,1.518,0.976,3.202256,4.980558,6.80120181342648,10.2889976151836,300.72,29.843300058423,0,28.1537060885293,49.0799978038083,11.038,11.421,1.726
"2183",2026-02-02 12:22:00,0.982,1.526,0.982,3.221942,5.006806,6.62681202333862,10.1146078250958,299.596862745098,29.8421188589931,0,28.2991423906237,48.959997809178,11.0086666666667,11.3953333333333,1.71066666666667
"2184",2026-02-02 12:23:00,0.988,1.534,0.988,3.241628,5.033054,6.45242223325076,9.94021803500793,298.473725490196,29.8409376595632,0,28.4445786927181,48.8399978145476,10.9793333333333,11.3696666666667,1.69533333333333
"2185",2026-02-02 12:24:00,0.994,1.542,0.994,3.261314,5.059302,6.2780324431629,9.76582824492007,297.350588235294,29.8397564601332,0,28.5900149948125,48.7199978199173,10.95,11.344,1.68
"2186",2026-02-02 12:25:00,1,1.55,1,3.281,5.08555,6.10364265307504,9.59143845483221,296.227450980392,29.8385752607033,0,28.7354512969068,48.599997825287,10.9178333333333,11.3188333333333,1.66633333333333
"2187",2026-02-02 12:26:00,1.006,1.558,1.006,3.300686,5.111798,6.10364265307504,9.50424355978828,297.069803921569,29.8397564601332,0,28.6732583004064,48.5599978270768,10.8856666666667,11.2936666666667,1.65266666666667
"2188",2026-02-02 12:27:00,1.012,1.566,1.012,3.320372,5.138046,6.10364265307504,9.41704866474435,297.912156862745,29.8409376595632,0,28.6110653039059,48.5199978288667,10.8535,11.2685,1.639
"2189",2026-02-02 12:28:00,1.018,1.574,1.018,3.340058,5.164294,6.10364265307504,9.32985376970042,298.754509803922,29.8421188589931,0,28.5488723074054,48.4799978306566,10.8213333333333,11.2433333333333,1.62533333333333
"2190",2026-02-02 12:29:00,1.024,1.582,1.024,3.359744,5.190542,6.10364265307504,9.2426588746565,299.596862745098,29.843300058423,0,28.486679310905,48.4399978324465,10.7891666666667,11.2181666666667,1.61166666666667
"2191",2026-02-02 12:30:00,1.03,1.59,1.03,3.37943,5.21679,6.10364265307504,9.15546397961257,300.439215686275,29.8444812578529,0,28.4244863144045,48.3999978342364,10.757,11.193,1.598
"2192",2026-02-02 12:31:00,1.036,1.598,1.036,3.399116,5.243038,6.19083754811897,9.2426588746565,299.596862745098,29.842709458708,0,28.538352466267,48.5599978270768,10.7335,11.1608333333333,1.586
"2193",2026-02-02 12:32:00,1.042,1.606,1.042,3.418802,5.269286,6.2780324431629,9.32985376970042,298.754509803922,29.8409376595632,0,28.6522186181295,48.7199978199173,10.71,11.1286666666667,1.574
"2194",2026-02-02 12:33:00,1.048,1.614,1.048,3.438488,5.295534,6.36522733820683,9.41704866474435,297.912156862745,29.8391658604183,0,28.7660847699919,48.8799978127577,10.6865,11.0965,1.562
"2195",2026-02-02 12:34:00,1.054,1.622,1.054,3.458174,5.321782,6.45242223325076,9.50424355978828,297.069803921569,29.8373940612734,0,28.8799509218544,49.0399978055982,10.663,11.0643333333333,1.55
"2196",2026-02-02 12:35:00,1.06,1.63,1.06,3.47786,5.34803,6.53961712829469,9.59143845483221,296.227450980392,29.8356222621285,0,28.9938170737169,49.1999977984386,10.6395,11.0321666666667,1.538
"2197",2026-02-02 12:36:00,1.066,1.638,1.066,3.497546,5.374278,6.45242223325076,9.41704866474435,297.912156862745,29.8350316624136,0,29.0350558266863,49.1999977984386,10.616,11,1.526
"2198",2026-02-02 12:37:00,1.072,1.646,1.072,3.517232,5.400526,6.36522733820683,9.2426588746565,299.596862745098,29.8344410626986,0,29.0762945796556,49.1999977984386,10.583,10.9741666666667,1.51333333333333
"2199",2026-02-02 12:38:00,1.078,1.654,1.078,3.536918,5.426774,6.2780324431629,9.06826908456864,301.281568627451,29.8338504629836,0,29.117533332625,49.1999977984386,10.55,10.9483333333333,1.50066666666667
"2200",2026-02-02 12:39:00,1.084,1.662,1.084,3.556604,5.453022,6.19083754811897,8.89387929448078,302.966274509804,29.8332598632687,0,29.1587720855943,49.1999977984386,10.517,10.9225,1.488
"2201",2026-02-02 12:40:00,1.09,1.67,1.09,3.57629,5.47927,6.10364265307504,8.71948950439292,304.650980392157,29.8326692635537,0,29.2000108385637,49.1999977984386,10.484,10.8966666666667,1.47533333333333
"2202",2026-02-02 12:41:00,1.088,1.666,1.088,3.569728,5.466146,6.19083754811897,8.89387929448078,304.370196078431,29.8326692635537,0,29.2103067843675,48.8599978136527,10.451,10.8708333333333,1.46266666666667
"2203",2026-02-02 12:42:00,1.086,1.662,1.086,3.563166,5.453022,6.2780324431629,9.06826908456864,304.089411764706,29.8326692635537,0,29.2206027301713,48.5199978288667,10.418,10.845,1.45
"2204",2026-02-02 12:43:00,1.084,1.658,1.084,3.556604,5.439898,6.36522733820683,9.2426588746565,303.80862745098,29.8326692635537,0,29.2308986759752,48.1799978440808,10.391,10.8116666666667,1.43916666666667
"2205",2026-02-02 12:44:00,1.082,1.654,1.082,3.550042,5.426774,6.45242223325076,9.41704866474435,303.527843137255,29.8326692635537,0,29.241194621779,47.8399978592948,10.364,10.7783333333333,1.42833333333333
"2206",2026-02-02 12:45:00,1.08,1.65,1.08,3.54348,5.41365,6.53961712829469,9.59143845483221,303.247058823529,29.8326692635537,0,29.2514905675828,47.4999978745088,10.337,10.745,1.4175
"2207",2026-02-02 12:46:00,1.078,1.646,1.078,3.536918,5.400526,6.36522733820683,9.32985376970043,302.404705882353,29.8314880641238,0,29.4358953123237,47.5799978709291,10.31,10.7116666666667,1.40666666666667
"2208",2026-02-02 12:47:00,1.076,1.642,1.076,3.530356,5.387402,6.19083754811897,9.06826908456864,301.562352941176,29.8303068646939,0,29.6203000570646,47.6599978673493,10.283,10.6783333333333,1.39583333333333
"2209",2026-02-02 12:48:00,1.074,1.638,1.074,3.523794,5.374278,6.01644775803112,8.80668439943685,300.72,29.829125665264,0,29.8047048018055,47.7399978637695,10.256,10.645,1.385
"2210",2026-02-02 12:49:00,1.072,1.634,1.072,3.517232,5.361154,5.84205796794326,8.54509971430506,299.877647058824,29.827944465834,0,29.9891095465463,47.8199978601898,10.2204166666667,10.615,1.374
"2211",2026-02-02 12:50:00,1.07,1.63,1.07,3.51067,5.34803,5.6676681778554,8.28351502917327,299.035294117647,29.8267632664041,0,30.1735142912872,47.89999785661,10.1848333333333,10.585,1.363
"2212",2026-02-02 12:51:00,1.068,1.626,1.068,3.504108,5.334906,5.40608349272361,8.10912523908542,299.316078431373,29.8255820669742,0,30.3258869573903,47.8799978575049,10.14925,10.555,1.352
"2213",2026-02-02 12:52:00,1.066,1.622,1.066,3.497546,5.321782,5.14449880759182,7.93473544899756,299.596862745098,29.8244008675443,0,30.4782596234933,47.8599978583999,10.1136666666667,10.525,1.341
"2214",2026-02-02 12:53:00,1.064,1.618,1.064,3.490984,5.308658,4.88291412246004,7.7603456589097,299.877647058824,29.8232196681144,0,30.6306322895964,47.8399978592948,10.0780833333333,10.495,1.33
"2215",2026-02-02 12:54:00,1.062,1.614,1.062,3.484422,5.295534,4.62132943732825,7.58595586882184,300.158431372549,29.8220384686845,0,30.7830049556995,47.8199978601898,10.0425,10.465,1.319
"2216",2026-02-02 12:55:00,1.06,1.61,1.06,3.47786,5.28241,4.35974475219646,7.41156607873398,300.439215686275,29.8208572692545,0,30.9353776218025,47.7999978610847,10.0069166666667,10.4321666666667,1.31133333333333
"2217",2026-02-02 12:56:00,1.058,1.606,1.058,3.471298,5.269286,4.70852433237218,7.7603456589097,300.158431372549,29.8232196681144,0,30.6499981664662,47.6799978664544,9.97133333333333,10.3993333333333,1.30366666666667
"2218",2026-02-02 12:57:00,1.056,1.602,1.056,3.464736,5.256162,5.05730391254789,8.10912523908542,299.877647058824,29.8255820669742,0,30.3646187111298,47.559997871824,9.93575,10.3665,1.296
"2219",2026-02-02 12:58:00,1.054,1.598,1.054,3.458174,5.243038,5.40608349272361,8.45790481926113,299.596862745098,29.827944465834,0,30.0792392557934,47.4399978771937,9.90016666666667,10.3336666666667,1.28833333333333
"2220",2026-02-02 12:59:00,1.052,1.594,1.052,3.451612,5.229914,5.75486307289933,8.80668439943685,299.316078431373,29.8303068646939,0,29.793859800457,47.3199978825633,9.86458333333333,10.3008333333333,1.28066666666667
"2221",2026-02-02 13:00:00,1.05,1.59,1.05,3.44505,5.21679,6.10364265307504,9.15546397961257,299.035294117647,29.8326692635537,0,29.5084803451207,47.199997887933,9.829,10.268,1.273
"2222",2026-02-02 13:01:00,1.0465,1.587,1.0465,3.4335665,5.206947,6.01644775803112,9.06826908456864,298.473725490196,29.8332598632687,0,29.4158656519576,47.179997888828,9.7995,10.2346666666667,1.2675
"2223",2026-02-02 13:02:00,1.043,1.584,1.043,3.422083,5.197104,5.92925286298719,8.98107418952471,297.912156862745,29.8338504629836,0,29.3232509587946,47.1599978897229,9.77,10.2013333333333,1.262
"2224",2026-02-02 13:03:00,1.0395,1.581,1.0395,3.4105995,5.187261,5.84205796794326,8.89387929448078,297.350588235294,29.8344410626986,0,29.2306362656315,47.1399978906178,9.7405,10.168,1.2565
"2225",2026-02-02 13:04:00,1.036,1.578,1.036,3.399116,5.177418,5.75486307289933,8.80668439943685,296.789019607843,29.8350316624136,0,29.1380215724685,47.1199978915128,9.711,10.1346666666667,1.251
"2226",2026-02-02 13:05:00,1.0325,1.575,1.0325,3.3876325,5.167575,5.6676681778554,8.71948950439292,296.227450980392,29.8356222621285,0,29.0454068793054,47.0999978924077,9.6815,10.1013333333333,1.2455
"2227",2026-02-02 13:06:00,1.029,1.572,1.029,3.376149,5.157732,5.58047328281147,8.63229460934899,295.946666666667,29.8350316624136,0,29.1687954130541,47.3199978825633,9.652,10.068,1.24
"2228",2026-02-02 13:07:00,1.0255,1.569,1.0255,3.3646655,5.147889,5.49327838776754,8.54509971430506,295.665882352941,29.8344410626986,0,29.2921839468028,47.539997872719,9.614,10.034,1.2345
"2229",2026-02-02 13:08:00,1.022,1.566,1.022,3.353182,5.138046,5.40608349272361,8.45790481926113,295.385098039216,29.8338504629836,0,29.4155724805514,47.7599978628746,9.576,10,1.229
"2230",2026-02-02 13:09:00,1.0185,1.563,1.0185,3.3416985,5.128203,5.31888859767968,8.3707099242172,295.10431372549,29.8332598632687,0,29.5389610143001,47.9799978530302,9.538,9.966,1.2235
"2231",2026-02-02 13:10:00,1.015,1.56,1.015,3.330215,5.11836,5.23169370263575,8.28351502917327,294.823529411765,29.8326692635537,0,29.6623495480488,48.1999978431858,9.5,9.932,1.218
"2232",2026-02-02 13:11:00,1.0115,1.557,1.0115,3.3187315,5.108517,5.31888859767968,8.10912523908542,294.542745098039,29.8326692635537,0,29.6418390385079,48.1599978449757,9.462,9.898,1.2125
"2233",2026-02-02 13:12:00,1.008,1.554,1.008,3.307248,5.098674,5.40608349272361,7.93473544899756,294.261960784314,29.8326692635537,0,29.621328528967,48.1199978467656,9.424,9.864,1.207
"2234",2026-02-02 13:13:00,1.0045,1.551,1.0045,3.2957645,5.088831,5.49327838776754,7.7603456589097,293.981176470588,29.8326692635537,0,29.600818019426,48.0799978485555,9.39016666666667,9.82633333333333,1.201
"2235",2026-02-02 13:14:00,1.001,1.548,1.001,3.284281,5.078988,5.58047328281147,7.58595586882184,293.700392156863,29.8326692635537,0,29.5803075098851,48.0399978503454,9.35633333333333,9.78866666666667,1.195
"2236",2026-02-02 13:15:00,0.9975,1.545,0.9975,3.2727975,5.069145,5.6676681778554,7.41156607873398,293.419607843137,29.8326692635537,0,29.5597970003442,47.9999978521353,9.3225,9.751,1.189
"2237",2026-02-02 13:16:00,0.994,1.542,0.994,3.261314,5.059302,5.49327838776754,7.41156607873398,292.858039215686,29.8314880641238,0,29.7436283238359,48.0799978485555,9.28866666666667,9.71333333333333,1.183
"2238",2026-02-02 13:17:00,0.9905,1.539,0.9905,3.2498305,5.049459,5.31888859767968,7.41156607873398,292.296470588235,29.8303068646939,0,29.9274596473275,48.1599978449757,9.25483333333333,9.67566666666667,1.177
"2239",2026-02-02 13:18:00,0.987,1.536,0.987,3.238347,5.039616,5.14449880759182,7.41156607873398,291.734901960784,29.829125665264,0,30.1112909708192,48.2399978413959,9.221,9.638,1.171
"2240",2026-02-02 13:19:00,0.9835,1.533,0.9835,3.2268635,5.029773,4.97010901750397,7.41156607873398,291.173333333333,29.827944465834,0,30.2951222943108,48.3199978378162,9.1835,9.60183333333333,1.16616666666667
"2241",2026-02-02 13:20:00,0.98,1.53,0.98,3.21538,5.01993,4.79571922741611,7.41156607873398,290.611764705882,29.8267632664041,0,30.4789536178025,48.3999978342364,9.146,9.56566666666667,1.16133333333333
"2242",2026-02-02 13:21:00,0.977,1.526,0.977,3.205537,5.006806,4.79571922741611,7.32437118369005,291.734901960784,29.8261726666892,0,30.5499885075364,48.2999978387111,9.1085,9.5295,1.1565
"2243",2026-02-02 13:22:00,0.974,1.522,0.974,3.195694,4.993682,4.79571922741611,7.23717628864612,292.858039215686,29.8255820669742,0,30.6210233972704,48.1999978431858,9.071,9.49333333333333,1.15166666666667
"2244",2026-02-02 13:23:00,0.971,1.518,0.971,3.185851,4.980558,4.79571922741611,7.1499813936022,293.981176470588,29.8249914672593,0,30.6920582870044,48.0999978476605,9.0335,9.45716666666667,1.14683333333333
"2245",2026-02-02 13:24:00,0.968,1.514,0.968,3.176008,4.967434,4.79571922741611,7.06278649855827,295.10431372549,29.8244008675443,0,30.7630931767384,47.9999978521353,8.996,9.421,1.142
"2246",2026-02-02 13:25:00,0.965,1.51,0.965,3.166165,4.95431,4.79571922741611,6.97559160351434,296.227450980392,29.8238102678293,0,30.8341280664723,47.89999785661,8.95,9.38283333333333,1.142
"2247",2026-02-02 13:26:00,0.962,1.506,0.962,3.156322,4.941186,4.70852433237218,6.88839670847041,297.350588235294,29.8238102678293,0,30.9049147768007,47.7599978628746,8.904,9.34466666666667,1.142
"2248",2026-02-02 13:27:00,0.959,1.502,0.959,3.146479,4.928062,4.62132943732825,6.80120181342648,298.473725490196,29.8238102678293,0,30.975701487129,47.6199978691392,8.858,9.3065,1.142
"2249",2026-02-02 13:28:00,0.956,1.498,0.956,3.136636,4.914938,4.53413454228432,6.71400691838255,299.596862745098,29.8238102678293,0,31.0464881974574,47.4799978754038,8.812,9.26833333333333,1.142
"2250",2026-02-02 13:29:00,0.953,1.494,0.953,3.126793,4.901814,4.44693964724039,6.62681202333862,300.72,29.8238102678293,0,31.1172749077857,47.3399978816684,8.766,9.23016666666667,1.142
"2251",2026-02-02 13:30:00,0.95,1.49,0.95,3.11695,4.88869,4.35974475219646,6.53961712829469,301.843137254902,29.8238102678293,0,31.188061618114,47.199997887933,8.72,9.192,1.142
"2252",2026-02-02 13:31:00,0.947,1.486,0.947,3.107107,4.875566,4.35974475219646,6.53961712829469,301.281568627451,29.8238102678293,0,31.188061618114,47.2999978834583,8.68133333333333,9.14983333333333,1.143
"2253",2026-02-02 13:32:00,0.944,1.482,0.944,3.097264,4.862442,4.35974475219646,6.53961712829469,300.72,29.8238102678293,0,31.188061618114,47.3999978789836,8.64266666666667,9.10766666666667,1.144
"2254",2026-02-02 13:33:00,0.941,1.478,0.941,3.087421,4.849318,4.35974475219646,6.53961712829469,300.158431372549,29.8238102678293,0,31.188061618114,47.4999978745089,8.604,9.0655,1.145
"2255",2026-02-02 13:34:00,0.938,1.474,0.938,3.077578,4.836194,4.35974475219646,6.53961712829469,299.596862745098,29.8238102678293,0,31.188061618114,47.5999978700341,8.56533333333333,9.02333333333333,1.146
"2256",2026-02-02 13:35:00,0.935,1.47,0.935,3.067735,4.82307,4.35974475219646,6.53961712829469,299.035294117647,29.8238102678293,0,31.188061618114,47.6999978655594,8.52666666666667,8.98116666666667,1.147
"2257",2026-02-02 13:36:00,0.932,1.466,0.932,3.057892,4.809946,4.27254985715253,6.53961712829469,299.877647058824,29.8238102678293,0,31.2988066729913,47.6799978664544,8.488,8.939,1.148
"2258",2026-02-02 13:37:00,0.929,1.462,0.929,3.048049,4.796822,4.1853549621086,6.53961712829469,300.72,29.8238102678293,0,31.4095517278686,47.6599978673493,8.44422222222222,8.8975,1.14916666666667
"2259",2026-02-02 13:38:00,0.926,1.458,0.926,3.038206,4.783698,4.09816006706467,6.53961712829469,301.562352941176,29.8238102678293,0,31.5202967827458,47.6399978682443,8.40044444444444,8.856,1.15033333333333
"2260",2026-02-02 13:39:00,0.923,1.454,0.923,3.028363,4.770574,4.01096517202074,6.53961712829469,302.404705882353,29.8238102678293,0,31.6310418376231,47.6199978691392,8.35666666666667,8.8145,1.1515
"2261",2026-02-02 13:40:00,0.92,1.45,0.92,3.01852,4.75745,3.92377027697681,6.53961712829469,303.247058823529,29.8238102678293,0,31.7417868925004,47.5999978700341,8.31288888888889,8.773,1.15266666666667
"2262",2026-02-02 13:41:00,0.9175,1.4435,0.9175,3.0103175,4.7361235,4.1853549621086,6.71400691838255,302.123921568627,29.8220384686845,0,31.6411342146187,47.4799978754038,8.26911111111111,8.7315,1.15383333333333
"2263",2026-02-02 13:42:00,0.915,1.437,0.915,3.002115,4.714797,4.44693964724039,6.88839670847041,301.000784313725,29.8202666695396,0,31.540481536737,47.3599978807735,8.22533333333333,8.69,1.155
"2264",2026-02-02 13:43:00,0.9125,1.4305,0.9125,2.9939125,4.6934705,4.70852433237218,7.06278649855827,299.877647058824,29.8184948703947,0,31.4398288588553,47.2399978861431,8.18155555555555,8.64733333333333,1.15766666666667
"2265",2026-02-02 13:44:00,0.91,1.424,0.91,2.98571,4.672144,4.97010901750396,7.23717628864612,298.754509803922,29.8167230712498,0,31.3391761809736,47.1199978915128,8.13777777777778,8.60466666666667,1.16033333333333
"2266",2026-02-02 13:45:00,0.9075,1.4175,0.9075,2.9775075,4.6508175,5.23169370263575,7.41156607873398,297.63137254902,29.814951272105,0,31.2385235030919,46.9999978968824,8.094,8.562,1.163
"2267",2026-02-02 13:46:00,0.905,1.411,0.905,2.969305,4.629491,5.05730391254789,7.32437118369005,296.227450980392,29.814951272105,0,31.4493350319339,47.0399978950926,8.05022222222222,8.51933333333333,1.16566666666667
"2268",2026-02-02 13:47:00,0.9025,1.4045,0.9025,2.9611025,4.6081645,4.88291412246004,7.23717628864612,294.823529411765,29.814951272105,0,31.6601465607759,47.0799978933027,8.00644444444444,8.47666666666667,1.16833333333333
"2269",2026-02-02 13:48:00,0.9,1.398,0.9,2.9529,4.586838,4.70852433237218,7.1499813936022,293.419607843137,29.814951272105,0,31.870958089618,47.1199978915128,7.96266666666667,8.434,1.171
"2270",2026-02-02 13:49:00,0.8975,1.3915,0.8975,2.9446975,4.5655115,4.53413454228432,7.06278649855827,292.01568627451,29.814951272105,0,32.08176961846,47.1599978897229,7.91888888888889,8.39133333333333,1.177
"2271",2026-02-02 13:50:00,0.895,1.385,0.895,2.936495,4.544185,4.35974475219646,6.97559160351434,290.611764705882,29.814951272105,0,32.292581147302,47.199997887933,7.87511111111111,8.34866666666667,1.183
"2272",2026-02-02 13:51:00,0.8925,1.3785,0.8925,2.9282925,4.5228585,4.53413454228432,7.06278649855827,291.454117647059,29.81436067239,0,32.3125482827643,46.9999978968824,7.83133333333333,8.306,1.189
"2273",2026-02-02 13:52:00,0.89,1.372,0.89,2.92009,4.501532,4.70852433237218,7.1499813936022,292.296470588235,29.813770072675,0,32.3325154182266,46.7999979058319,7.78755555555556,8.26333333333333,1.195
"2274",2026-02-02 13:53:00,0.8875,1.3655,0.8875,2.9118875,4.4802055,4.88291412246004,7.23717628864612,293.138823529412,29.8131794729601,0,32.3524825536889,46.5999979147813,7.74377777777778,8.22066666666667,1.201
"2275",2026-02-02 13:54:00,0.885,1.359,0.885,2.903685,4.458879,5.05730391254789,7.32437118369005,293.981176470588,29.8125888732451,0,32.3724496891512,46.3999979237308,7.7,8.178,1.207
"2276",2026-02-02 13:55:00,0.8825,1.3525,0.8825,2.8954825,4.4375525,5.23169370263575,7.41156607873398,294.823529411765,29.8119982735302,0,32.3924168246134,46.1999979326802,7.659,8.13533333333333,1.2125
"2277",2026-02-02 13:56:00,0.88,1.346,0.88,2.88728,4.416226,5.14449880759182,7.41156607873398,294.823529411765,29.8125888732451,0,32.4123651945822,45.9999979416296,7.618,8.09266666666667,1.218
"2278",2026-02-02 13:57:00,0.8775,1.3395,0.8775,2.8790775,4.3948995,5.05730391254789,7.41156607873398,294.823529411765,29.8131794729601,0,32.432313564551,45.7999979505791,7.577,8.05,1.2235
"2279",2026-02-02 13:58:00,0.875,1.333,0.875,2.870875,4.373573,4.97010901750396,7.41156607873398,294.823529411765,29.813770072675,0,32.4522619345198,45.5999979595285,7.536,8.00733333333333,1.229
"2280",2026-02-02 13:59:00,0.8725,1.3265,0.8725,2.8626725,4.3522465,4.88291412246004,7.41156607873398,294.823529411765,29.81436067239,0,32.4722103044886,45.3999979684779,7.495,7.96466666666667,1.2345
"2281",2026-02-02 14:00:00,0.87,1.32,0.87,2.85447,4.33092,4.79571922741611,7.41156607873398,294.823529411765,29.814951272105,0,32.4921586744574,45.1999979774274,7.454,7.922,1.24
"2282",2026-02-02 14:01:00,0.8615,1.31,0.8615,2.8265815,4.29811,4.88291412246004,7.41156607873398,293.419607843137,29.8161324715349,0,32.5120883713153,45.1999979774274,7.4105,7.8755,1.2455
"2283",2026-02-02 14:02:00,0.853,1.3,0.853,2.798693,4.2653,4.97010901750396,7.41156607873398,292.01568627451,29.8173136709648,0,32.5320180681733,45.1999979774274,7.367,7.829,1.251
"2284",2026-02-02 14:03:00,0.8445,1.29,0.8445,2.7708045,4.23249,5.05730391254789,7.41156607873398,290.611764705882,29.8184948703947,0,32.5519477650313,45.1999979774274,7.3235,7.7825,1.2565
"2285",2026-02-02 14:04:00,0.836,1.28,0.836,2.742916,4.19968,5.14449880759182,7.41156607873398,289.207843137255,29.8196760698246,0,32.5718774618892,45.1999979774274,7.28,7.736,1.262
"2286",2026-02-02 14:05:00,0.8275,1.27,0.8275,2.7150275,4.16687,5.23169370263575,7.41156607873398,287.803921568627,29.8208572692545,0,32.5918071587472,45.1999979774274,7.2365,7.6895,1.2675
"2287",2026-02-02 14:06:00,0.819,1.26,0.819,2.687139,4.13406,5.05730391254789,7.32437118369005,287.803921568627,29.8214478689695,0,32.5219713226705,45.3999979684779,7.193,7.643,1.273
"2288",2026-02-02 14:07:00,0.8105,1.25,0.8105,2.6592505,4.10125,4.88291412246004,7.23717628864612,287.803921568627,29.8220384686845,0,32.4521354865937,45.5999979595285,7.149,7.5965,1.28166666666667
"2289",2026-02-02 14:08:00,0.802,1.24,0.802,2.631362,4.06844,4.70852433237218,7.1499813936022,287.803921568627,29.8226290683994,0,32.382299650517,45.7999979505791,7.105,7.55,1.29033333333333
"2290",2026-02-02 14:09:00,0.7935,1.23,0.7935,2.6034735,4.03563,4.53413454228432,7.06278649855827,287.803921568627,29.8232196681144,0,32.3124638144403,45.9999979416296,7.061,7.5035,1.299
"2291",2026-02-02 14:10:00,0.785,1.22,0.785,2.575585,4.00282,4.35974475219646,6.97559160351434,287.803921568627,29.8238102678293,0,32.2426279783636,46.1999979326802,7.017,7.457,1.30766666666667
"2292",2026-02-02 14:11:00,0.7765,1.21,0.7765,2.5476965,3.97001,4.53413454228432,7.23717628864612,288.927058823529,29.8238102678293,0,32.1324164916653,46.11999793626,6.973,7.4105,1.31633333333333
"2293",2026-02-02 14:12:00,0.768,1.2,0.768,2.519808,3.9372,4.70852433237218,7.49876097377791,290.050196078431,29.8238102678293,0,32.0222050049669,46.0399979398397,6.929,7.364,1.325
"2294",2026-02-02 14:13:00,0.7595,1.19,0.7595,2.4919195,3.90439,4.88291412246004,7.7603456589097,291.173333333333,29.8238102678293,0,31.9119935182686,45.9599979434195,6.8755,7.31766666666667,1.335
"2295",2026-02-02 14:14:00,0.751,1.18,0.751,2.464031,3.87158,5.05730391254789,8.02193034404149,292.296470588235,29.8238102678293,0,31.8017820315703,45.8799979469993,6.822,7.27133333333333,1.345
"2296",2026-02-02 14:15:00,0.7425,1.17,0.7425,2.4361425,3.83877,5.23169370263575,8.28351502917327,293.419607843137,29.8238102678293,0,31.691570544872,45.7999979505791,6.7685,7.225,1.355
"2297",2026-02-02 14:16:00,0.734,1.16,0.734,2.408254,3.80596,4.97010901750396,7.84754055395363,294.542745098039,29.8226290683994,0,31.9610728777603,45.8599979478942,6.715,7.17866666666667,1.365
"2298",2026-02-02 14:17:00,0.7255,1.15,0.7255,2.3803655,3.77315,4.70852433237218,7.41156607873398,295.665882352941,29.8214478689695,0,32.2305752106486,45.9199979452094,6.6615,7.13233333333333,1.375
"2299",2026-02-02 14:18:00,0.717,1.14,0.717,2.352477,3.74034,4.44693964724039,6.97559160351434,296.789019607843,29.8202666695396,0,32.500077543537,45.9799979425246,6.608,7.086,1.385
"2300",2026-02-02 14:19:00,0.7085,1.13,0.7085,2.3245885,3.70753,4.1853549621086,6.53961712829469,297.912156862745,29.8190854701097,0,32.7695798764253,46.0399979398397,6.56716666666667,7.03783333333333,1.39483333333333
"2301",2026-02-02 14:20:00,0.7,1.12,0.7,2.2967,3.67472,3.92377027697681,6.10364265307504,299.035294117647,29.8179042706797,0,33.0390822093137,46.0999979371549,6.52633333333333,6.98966666666667,1.40466666666667
"2302",2026-02-02 14:21:00,0.7005,1.1215,0.7005,2.2983405,3.6796415,3.92377027697681,6.01644775803112,301.000784313725,29.8184948703947,0,33.0688183609075,45.9599979434195,6.4855,6.9415,1.4145
"2303",2026-02-02 14:22:00,0.701,1.123,0.701,2.299981,3.684563,3.92377027697681,5.92925286298719,302.966274509804,29.8190854701097,0,33.0985545125014,45.8199979496841,6.44466666666667,6.89333333333333,1.42433333333333
"2304",2026-02-02 14:23:00,0.7015,1.1245,0.7015,2.3016215,3.6894845,3.92377027697681,5.84205796794326,304.931764705882,29.8196760698246,0,33.1282906640952,45.6799979559487,6.40383333333333,6.84516666666667,1.43416666666667
"2305",2026-02-02 14:24:00,0.702,1.126,0.702,2.303262,3.694406,3.92377027697681,5.75486307289933,306.897254901961,29.8202666695396,0,33.1580268156891,45.5399979622133,6.363,6.797,1.444
"2306",2026-02-02 14:25:00,0.7025,1.1275,0.7025,2.3049025,3.6993275,3.92377027697681,5.6676681778554,308.862745098039,29.8208572692545,0,33.187762967283,45.3999979684779,6.31266666666667,6.74783333333333,1.45266666666667
"2307",2026-02-02 14:26:00,0.703,1.129,0.703,2.306543,3.704249,3.83657538193289,5.6676681778554,307.739607843137,29.8208572692545,0,33.2273480841182,45.5399979622133,6.26233333333333,6.69866666666667,1.46133333333333
"2308",2026-02-02 14:27:00,0.7035,1.1305,0.7035,2.3081835,3.7091705,3.74938048688896,5.6676681778554,306.616470588235,29.8208572692545,0,33.2669332009535,45.6799979559487,6.212,6.6495,1.47
"2309",2026-02-02 14:28:00,0.704,1.132,0.704,2.309824,3.714092,3.66218559184503,5.6676681778554,305.493333333333,29.8208572692545,0,33.3065183177887,45.8199979496841,6.16166666666667,6.60033333333333,1.47866666666667
"2310",2026-02-02 14:29:00,0.7045,1.1335,0.7045,2.3114645,3.7190135,3.5749906968011,5.6676681778554,304.370196078431,29.8208572692545,0,33.346103434624,45.9599979434195,6.11133333333333,6.55116666666667,1.48733333333333
"2311",2026-02-02 14:30:00,0.705,1.135,0.705,2.313105,3.723935,3.48779580175717,5.6676681778554,303.247058823529,29.8208572692545,0,33.3856885514592,46.0999979371549,6.061,6.502,1.496
"2312",2026-02-02 14:31:00,0.7055,1.1365,0.7055,2.3147455,3.7288565,3.66218559184503,5.84205796794326,301.281568627451,29.8220384686845,0,33.3064461608614,46.1999979326802,6.01366666666667,6.45383333333333,1.50633333333333
"2313",2026-02-02 14:32:00,0.706,1.138,0.706,2.316386,3.733778,3.83657538193289,6.01644775803112,299.316078431373,29.8232196681144,0,33.2272037702636,46.2999979282055,5.96633333333333,6.40566666666667,1.51666666666667
"2314",2026-02-02 14:33:00,0.7065,1.1395,0.7065,2.3180265,3.7386995,4.01096517202074,6.19083754811897,297.350588235294,29.8244008675443,0,33.1479613796659,46.3999979237308,5.919,6.3575,1.527
"2315",2026-02-02 14:34:00,0.707,1.141,0.707,2.319667,3.743621,4.1853549621086,6.36522733820683,295.385098039216,29.8255820669742,0,33.0687189890681,46.499997919256,5.87166666666667,6.30933333333333,1.53733333333333
"2316",2026-02-02 14:35:00,0.7075,1.1425,0.7075,2.3213075,3.7485425,4.35974475219646,6.53961712829469,293.419607843137,29.8267632664041,0,32.9894765984703,46.5999979147813,5.82433333333333,6.26116666666667,1.54766666666667
"2317",2026-02-02 14:36:00,0.708,1.144,0.708,2.322948,3.753464,4.44693964724039,6.62681202333862,292.577254901961,29.827944465834,0,32.8999801904795,46.5999979147813,5.777,6.213,1.558
"2318",2026-02-02 14:37:00,0.7085,1.1455,0.7085,2.3245885,3.7583855,4.53413454228432,6.71400691838255,291.734901960784,29.829125665264,0,32.8104837824888,46.5999979147813,5.7345,6.16433333333333,1.56733333333333
"2319",2026-02-02 14:38:00,0.709,1.147,0.709,2.326229,3.763307,4.62132943732825,6.80120181342648,290.892549019608,29.8303068646939,0,32.720987374498,46.5999979147813,5.692,6.11566666666667,1.57666666666667
"2320",2026-02-02 14:39:00,0.7095,1.1485,0.7095,2.3278695,3.7682285,4.70852433237218,6.88839670847041,290.050196078431,29.8314880641238,0,32.6314909665073,46.5999979147813,5.6495,6.067,1.586
"2321",2026-02-02 14:40:00,0.71,1.15,0.71,2.32951,3.77315,4.79571922741611,6.97559160351434,289.207843137255,29.8326692635537,0,32.5419945585165,46.5999979147813,5.607,6.01833333333333,1.59533333333333
"2322",2026-02-02 14:41:00,0.7105,1.147,0.7105,2.3311505,3.763307,4.88291412246004,7.06278649855827,291.734901960784,29.8320786638388,0,32.5619149533187,46.6199979138864,5.5645,5.96966666666667,1.60466666666667
"2323",2026-02-02 14:42:00,0.711,1.144,0.711,2.332791,3.753464,4.97010901750396,7.1499813936022,294.261960784314,29.8314880641238,0,32.5818353481208,46.6399979129914,5.522,5.921,1.614
"2324",2026-02-02 14:43:00,0.7115,1.141,0.7115,2.3344315,3.743621,5.05730391254789,7.23717628864612,296.789019607843,29.8308974644088,0,32.601755742923,46.6599979120965,5.47329166666667,5.87116666666667,1.62283333333333
"2325",2026-02-02 14:44:00,0.712,1.138,0.712,2.336072,3.733778,5.14449880759182,7.32437118369005,299.316078431373,29.8303068646939,0,32.6216761377252,46.6799979112015,5.42458333333333,5.82133333333333,1.63166666666667
"2326",2026-02-02 14:45:00,0.7125,1.135,0.7125,2.3377125,3.723935,5.23169370263575,7.41156607873398,301.843137254902,29.8297162649789,0,32.6415965325273,46.6999979103066,5.375875,5.7715,1.6405
"2327",2026-02-02 14:46:00,0.713,1.132,0.713,2.339353,3.714092,5.05730391254789,7.1499813936022,301.000784313725,29.8297162649789,0,32.7111725457159,47.0199978959875,5.32716666666667,5.72166666666667,1.64933333333333
"2328",2026-02-02 14:47:00,0.7135,1.129,0.7135,2.3409935,3.704249,4.88291412246004,6.88839670847041,300.158431372549,29.8297162649789,0,32.7807485589045,47.3399978816684,5.27845833333333,5.67183333333333,1.65816666666667
"2329",2026-02-02 14:48:00,0.714,1.126,0.714,2.342634,3.694406,4.70852433237218,6.62681202333862,299.316078431373,29.8297162649789,0,32.8503245720931,47.6599978673493,5.22975,5.622,1.667
"2330",2026-02-02 14:49:00,0.7145,1.123,0.7145,2.3442745,3.684563,4.53413454228432,6.36522733820683,298.473725490196,29.8297162649789,0,32.9199005852817,47.9799978530302,5.18104166666667,5.5745,1.66966666666667
"2331",2026-02-02 14:50:00,0.715,1.12,0.715,2.345915,3.67472,4.35974475219646,6.10364265307504,297.63137254902,29.8297162649789,0,32.9894765984703,48.2999978387111,5.13233333333333,5.527,1.67233333333333
"2332",2026-02-02 14:51:00,0.7155,1.117,0.7155,2.3475555,3.664877,4.53413454228432,6.36522733820683,297.63137254902,29.8297162649789,0,33.0291338722328,48.0999978476605,5.083625,5.4795,1.675
"2333",2026-02-02 14:52:00,0.716,1.114,0.716,2.349196,3.655034,4.70852433237218,6.62681202333862,297.63137254902,29.8297162649789,0,33.0687911459954,47.89999785661,5.03491666666667,5.432,1.67766666666667
"2334",2026-02-02 14:53:00,0.7165,1.111,0.7165,2.3508365,3.645191,4.88291412246004,6.88839670847041,297.63137254902,29.8297162649789,0,33.1084484197579,47.6999978655594,4.98620833333333,5.3845,1.68033333333333
"2335",2026-02-02 14:54:00,0.717,1.108,0.717,2.352477,3.635348,5.05730391254789,7.1499813936022,297.63137254902,29.8297162649789,0,33.1481056935204,47.4999978745089,4.9375,5.337,1.683
"2336",2026-02-02 14:55:00,0.7175,1.105,0.7175,2.3541175,3.625505,5.23169370263575,7.41156607873398,297.63137254902,29.8297162649789,0,33.187762967283,47.2999978834583,4.88879166666667,5.291,1.68683333333333
"2337",2026-02-02 14:56:00,0.718,1.102,0.718,2.355758,3.615662,5.31888859767968,7.67315076386577,297.912156862745,29.8297162649789,0,33.1481056935204,47.3199978825633,4.84008333333333,5.245,1.69066666666667
"2338",2026-02-02 14:57:00,0.7185,1.099,0.7185,2.3573985,3.605819,5.40608349272361,7.93473544899756,298.192941176471,29.8297162649789,0,33.1084484197579,47.3399978816684,4.791375,5.199,1.6945
"2339",2026-02-02 14:58:00,0.719,1.096,0.719,2.359039,3.595976,5.49327838776754,8.19632013412935,298.473725490196,29.8297162649789,0,33.0687911459954,47.3599978807735,4.74266666666667,5.153,1.69833333333333
"2340",2026-02-02 14:59:00,0.7195,1.093,0.7195,2.3606795,3.586133,5.58047328281147,8.45790481926113,298.754509803922,29.8297162649789,0,33.0291338722328,47.3799978798785,4.69395833333333,5.107,1.70216666666667
"2341",2026-02-02 15:00:00,0.72,1.09,0.72,2.36232,3.57629,5.6676681778554,8.71948950439292,299.035294117647,29.8297162649789,0,32.9894765984703,47.3999978789836,4.64525,5.061,1.706
"2342",2026-02-02 15:01:00,0.7195,1.0895,0.7195,2.3606795,3.5746495,5.84205796794326,8.80668439943685,297.912156862745,29.8303068646939,0,33.0390368883531,47.539997872719,4.59654166666667,5.013,1.711
"2343",2026-02-02 15:02:00,0.719,1.089,0.719,2.359039,3.573009,6.01644775803112,8.89387929448078,296.789019607843,29.8308974644088,0,33.0885971782358,47.6799978664544,4.54783333333333,4.965,1.716
"2344",2026-02-02 15:03:00,0.7185,1.0885,0.7185,2.3573985,3.5713685,6.19083754811897,8.98107418952471,295.665882352941,29.8314880641238,0,33.1381574681186,47.8199978601898,4.499125,4.917,1.721
"2345",2026-02-02 15:04:00,0.718,1.088,0.718,2.355758,3.569728,6.36522733820683,9.06826908456864,294.542745098039,29.8320786638388,0,33.1877177580014,47.9599978539252,4.45041666666667,4.869,1.726
"2346",2026-02-02 15:05:00,0.7175,1.0875,0.7175,2.3541175,3.5680875,6.53961712829469,9.15546397961257,293.419607843137,29.8326692635537,0,33.2372780478842,48.0999978476605,4.40170833333333,4.821,1.731
"2347",2026-02-02 15:06:00,0.717,1.087,0.717,2.352477,3.566447,6.45242223325076,9.15546397961257,294.823529411765,29.8326692635537,0,33.3754529217906,47.89999785661,4.353,4.773,1.736
"2348",2026-02-02 15:07:00,0.7165,1.0865,0.7165,2.3508365,3.5648065,6.36522733820683,9.15546397961257,296.227450980392,29.8326692635537,0,33.5136277956971,47.6999978655594,4.30466666666667,4.72483333333333,1.73916666666667
"2349",2026-02-02 15:08:00,0.716,1.086,0.716,2.349196,3.563166,6.2780324431629,9.15546397961257,297.63137254902,29.8326692635537,0,33.6518026696036,47.4999978745089,4.25633333333333,4.67666666666667,1.74233333333333
"2350",2026-02-02 15:09:00,0.7155,1.0855,0.7155,2.3475555,3.5615255,6.19083754811897,9.15546397961257,299.035294117647,29.8326692635537,0,33.78997754351,47.2999978834583,4.208,4.6285,1.7455
"2351",2026-02-02 15:10:00,0.715,1.085,0.715,2.345915,3.559885,6.10364265307504,9.15546397961257,300.439215686275,29.8326692635537,0,33.9281524174165,47.0999978924077,4.15966666666667,4.58033333333333,1.74866666666667
"2352",2026-02-02 15:11:00,0.7145,1.0845,0.7145,2.3442745,3.5582445,6.36522733820683,9.50424355978828,299.596862745098,29.8344410626986,0,33.8690406485329,47.179997888828,4.11133333333333,4.53216666666667,1.75183333333333
"2353",2026-02-02 15:12:00,0.714,1.084,0.714,2.342634,3.556604,6.62681202333862,9.853023139964,298.754509803922,29.8362128618435,0,33.8099288796493,47.2599978852482,4.063,4.484,1.755
"2354",2026-02-02 15:13:00,0.7135,1.0835,0.7135,2.3409935,3.5549635,6.88839670847041,10.2018027201397,297.912156862745,29.8379846609884,0,33.7508171107656,47.3399978816684,4.01266666666667,4.43916666666667,1.75566666666667
"2355",2026-02-02 15:14:00,0.713,1.083,0.713,2.339353,3.553323,7.1499813936022,10.5505823003154,297.069803921569,29.8397564601332,0,33.691705341882,47.4199978780886,3.96233333333333,4.39433333333333,1.75633333333333
"2356",2026-02-02 15:15:00,0.7125,1.0825,0.7125,2.3377125,3.5516825,7.41156607873398,10.8993618804912,296.227450980392,29.8415282592781,0,33.6325935729984,47.4999978745088,3.912,4.3495,1.757
"2357",2026-02-02 15:16:00,0.712,1.082,0.712,2.336072,3.550042,7.23717628864612,10.6377771953594,296.227450980392,29.843300058423,0,33.5039701780928,47.5199978736139,3.86166666666667,4.30466666666667,1.75766666666667
"2358",2026-02-02 15:17:00,0.7115,1.0815,0.7115,2.3344315,3.5484015,7.06278649855827,10.3761925102276,296.227450980392,29.8450718575679,0,33.3753467831872,47.539997872719,3.81133333333333,4.25983333333333,1.75833333333333
"2359",2026-02-02 15:18:00,0.711,1.081,0.711,2.332791,3.546761,6.88839670847041,10.1146078250958,296.227450980392,29.8468436567127,0,33.2467233882815,47.559997871824,3.761,4.215,1.759
"2360",2026-02-02 15:19:00,0.7105,1.0805,0.7105,2.3311505,3.5451205,6.71400691838255,9.853023139964,296.227450980392,29.8486154558576,0,33.1180999933759,47.5799978709291,3.711,4.16516666666667,1.76166666666667
"2361",2026-02-02 15:20:00,0.71,1.08,0.71,2.32951,3.54348,6.53961712829469,9.59143845483221,296.227450980392,29.8503872550025,0,32.9894765984703,47.5999978700341,3.661,4.11533333333333,1.76433333333333
"2362",2026-02-02 15:21:00,0.7065,1.0745,0.7065,2.3180265,3.5254345,6.53961712829469,9.50424355978828,297.63137254902,29.8497966552875,0,32.9497464521426,47.7799978619796,3.611,4.0655,1.767
"2363",2026-02-02 15:22:00,0.703,1.069,0.703,2.306543,3.507389,6.53961712829469,9.41704866474435,299.035294117647,29.8492060555726,0,32.9100163058149,47.9599978539252,3.561,4.01566666666667,1.76966666666667
"2364",2026-02-02 15:23:00,0.6995,1.0635,0.6995,2.2950595,3.4893435,6.53961712829469,9.32985376970042,300.439215686275,29.8486154558576,0,32.8702861594871,48.1399978458707,3.511,3.96583333333333,1.77233333333333
"2365",2026-02-02 15:24:00,0.696,1.058,0.696,2.283576,3.471298,6.53961712829469,9.2426588746565,301.843137254902,29.8480248561427,0,32.8305560131594,48.3199978378162,3.461,3.916,1.775
"2366",2026-02-02 15:25:00,0.6925,1.0525,0.6925,2.2720925,3.4532525,6.53961712829469,9.15546397961257,303.247058823529,29.8474342564277,0,32.7908258668317,48.4999978297617,3.41166666666667,3.8685,1.77883333333333
"2367",2026-02-02 15:26:00,0.689,1.047,0.689,2.260609,3.435207,6.2780324431629,8.98107418952471,302.123921568627,29.8468436567127,0,33.0182911769487,48.5399978279718,3.36233333333333,3.821,1.78266666666667
"2368",2026-02-02 15:27:00,0.6855,1.0415,0.6855,2.2491255,3.4171615,6.01644775803111,8.80668439943685,301.000784313725,29.8462530569978,0,33.2457564870656,48.5799978261819,3.313,3.7735,1.7865
"2369",2026-02-02 15:28:00,0.682,1.036,0.682,2.237642,3.399116,5.75486307289933,8.63229460934899,299.877647058824,29.8456624572828,0,33.4732217971826,48.619997824392,3.26366666666667,3.726,1.79033333333333
"2370",2026-02-02 15:29:00,0.6785,1.0305,0.6785,2.2261585,3.3810705,5.49327838776754,8.45790481926113,298.754509803922,29.8450718575679,0,33.7006871072995,48.6599978226021,3.21433333333333,3.6785,1.79416666666667
"2371",2026-02-02 15:30:00,0.675,1.025,0.675,2.214675,3.363025,5.23169370263575,8.28351502917327,297.63137254902,29.8444812578529,0,33.9281524174165,48.6999978208122,3.165,3.631,1.798
"2372",2026-02-02 15:31:00,0.6715,1.0195,0.6715,2.2031915,3.3449795,5.23169370263575,8.3707099242172,298.192941176471,29.8450718575679,0,33.9478214584328,48.8199978154426,3.12316666666667,3.58016666666667,1.798
"2373",2026-02-02 15:32:00,0.668,1.014,0.668,2.191708,3.326934,5.23169370263575,8.45790481926113,298.754509803922,29.8456624572828,0,33.9674904994491,48.9399978100729,3.08133333333333,3.52933333333333,1.798
"2374",2026-02-02 15:33:00,0.6645,1.0085,0.6645,2.1802245,3.3088885,5.23169370263575,8.54509971430506,299.316078431373,29.8462530569978,0,33.9871595404655,49.0599978047033,3.0395,3.4785,1.798
"2375",2026-02-02 15:34:00,0.661,1.003,0.661,2.168741,3.290843,5.23169370263575,8.63229460934899,299.877647058824,29.8468436567127,0,34.0068285814818,49.1799977993336,2.99766666666667,3.42766666666667,1.798
"2376",2026-02-02 15:35:00,0.6575,0.9975,0.6575,2.1572575,3.2727975,5.23169370263575,8.71948950439292,300.439215686275,29.8474342564277,0,34.0264976224981,49.2999977939639,2.95583333333333,3.37683333333333,1.798
"2377",2026-02-02 15:36:00,0.654,0.992,0.654,2.145774,3.254752,5.40608349272361,8.71948950439292,300.439215686275,29.8480248561427,0,33.9575797376154,48.9199978109679,2.914,3.326,1.798
"2378",2026-02-02 15:37:00,0.6505,0.9865,0.6505,2.1342905,3.2367065,5.58047328281147,8.71948950439292,300.439215686275,29.8486154558576,0,33.8886618527327,48.5399978279718,2.871,3.27833333333333,1.7975
"2379",2026-02-02 15:38:00,0.647,0.981,0.647,2.122807,3.218661,5.75486307289933,8.71948950439292,300.439215686275,29.8492060555726,0,33.81974396785,48.1599978449757,2.828,3.23066666666667,1.797
"2380",2026-02-02 15:39:00,0.6435,0.9755,0.6435,2.1113235,3.2006155,5.92925286298719,8.71948950439292,300.439215686275,29.8497966552875,0,33.7508260829673,47.7799978619796,2.785,3.183,1.7965
"2381",2026-02-02 15:40:00,0.64,0.97,0.64,2.09984,3.18257,6.10364265307504,8.71948950439292,300.439215686275,29.8503872550025,0,33.6819081980846,47.3999978789836,2.742,3.13533333333333,1.796
"2382",2026-02-02 15:41:00,0.6365,0.965,0.6365,2.0883565,3.166165,6.19083754811897,8.89387929448078,299.877647058824,29.8503872550025,0,33.4937477243768,47.6799978664544,2.699,3.08766666666667,1.7955
"2383",2026-02-02 15:42:00,0.633,0.96,0.633,2.076873,3.14976,6.2780324431629,9.06826908456864,299.316078431373,29.8503872550025,0,33.305587250669,47.9599978539252,2.656,3.04,1.795
"2384",2026-02-02 15:43:00,0.6295,0.955,0.6295,2.0653895,3.133355,6.36522733820683,9.2426588746565,298.754509803922,29.8503872550025,0,33.1174267769612,48.2399978413959,2.61483333333333,2.99133333333333,1.79716666666667
"2385",2026-02-02 15:44:00,0.626,0.95,0.626,2.053906,3.11695,6.45242223325076,9.41704866474435,298.192941176471,29.8503872550025,0,32.9292663032534,48.5199978288667,2.57366666666667,2.94266666666667,1.79933333333333
"2386",2026-02-02 15:45:00,0.6225,0.945,0.6225,2.0424225,3.100545,6.53961712829469,9.59143845483221,297.63137254902,29.8503872550025,0,32.7411058295456,48.7999978163375,2.5325,2.894,1.8015
"2387",2026-02-02 15:46:00,0.619,0.94,0.619,2.030939,3.08414,6.36522733820683,9.32985376970043,297.069803921569,29.8503872550025,0,32.7709240642403,48.979997808283,2.49133333333333,2.84533333333333,1.80366666666667
"2388",2026-02-02 15:47:00,0.6155,0.935,0.6155,2.0194555,3.067735,6.19083754811897,9.06826908456864,296.508235294118,29.8503872550025,0,32.8007422989349,49.1599978002285,2.45016666666667,2.79666666666667,1.80583333333333
"2389",2026-02-02 15:48:00,0.612,0.93,0.612,2.007972,3.05133,6.01644775803112,8.80668439943685,295.946666666667,29.8503872550025,0,32.8305605336295,49.339997792174,2.409,2.748,1.808
"2390",2026-02-02 15:49:00,0.6085,0.925,0.6085,1.9964885,3.034925,5.84205796794326,8.54509971430506,295.385098039216,29.8503872550025,0,32.8603787683241,49.5199977841195,2.36133333333333,2.70216666666667,1.81066666666667
"2391",2026-02-02 15:50:00,0.605,0.92,0.605,1.985005,3.01852,5.6676681778554,8.28351502917327,294.823529411765,29.8503872550025,0,32.8901970030187,49.6999977760651,2.31366666666667,2.65633333333333,1.81333333333333
"2392",2026-02-02 15:51:00,0.6015,0.915,0.6015,1.9735215,3.002115,5.75486307289933,8.45790481926113,294.823529411765,29.8509778547175,0,32.9298906231687,49.7799977724853,2.266,2.6105,1.816
"2393",2026-02-02 15:52:00,0.598,0.91,0.598,1.962038,2.98571,5.84205796794326,8.63229460934899,294.823529411765,29.8515684544324,0,32.9695842433187,49.8599977689055,2.21833333333333,2.56466666666667,1.81866666666667
"2394",2026-02-02 15:53:00,0.5945,0.905,0.5945,1.9505545,2.969305,5.92925286298719,8.80668439943685,294.823529411765,29.8521590541474,0,33.0092778634688,49.9399977653257,2.17066666666667,2.51883333333333,1.82133333333333
"2395",2026-02-02 15:54:00,0.591,0.9,0.591,1.939071,2.9529,6.01644775803112,8.98107418952471,294.823529411765,29.8527496538623,0,33.0489714836188,50.019997761746,2.123,2.473,1.824
"2396",2026-02-02 15:55:00,0.5875,0.895,0.5875,1.9275875,2.936495,6.10364265307504,9.15546397961257,294.823529411765,29.8533402535773,0,33.0886651037688,50.0999977581662,2.083,2.42916666666667,1.82566666666667
"2397",2026-02-02 15:56:00,0.584,0.89,0.584,1.916104,2.92009,6.10364265307504,9.15546397961257,295.385098039216,29.8539308532923,0,33.0489714836188,50.1199977572712,2.043,2.38533333333333,1.82733333333333
"2398",2026-02-02 15:57:00,0.5805,0.885,0.5805,1.9046205,2.903685,6.10364265307504,9.15546397961257,295.946666666667,29.8545214530072,0,33.0092778634688,50.1399977563763,2.003,2.3415,1.829
"2399",2026-02-02 15:58:00,0.577,0.88,0.577,1.893137,2.88728,6.10364265307504,9.15546397961257,296.508235294118,29.8551120527222,0,32.9695842433187,50.1599977554813,1.963,2.29766666666667,1.83066666666667
"2400",2026-02-02 15:59:00,0.5735,0.875,0.5735,1.8816535,2.870875,6.10364265307504,9.15546397961257,297.069803921569,29.8557026524371,0,32.9298906231687,50.1799977545864,1.923,2.25383333333333,1.83233333333333
"2401",2026-02-02 16:00:00,0.57,0.87,0.57,1.87017,2.85447,6.10364265307504,9.15546397961257,297.63137254902,29.8562932521521,0,32.8901970030187,50.1999977536915,1.883,2.21,1.834
"2402",2026-02-02 16:01:00,0.5695,0.8695,0.5695,1.8685295,2.8528295,6.2780324431629,9.41704866474435,296.789019607843,29.856883851867,0,32.910052922109,50.2599977510066,1.8445,2.168,1.83733333333333
"2403",2026-02-02 16:02:00,0.569,0.869,0.569,1.866889,2.851189,6.45242223325076,9.67863334987614,295.946666666667,29.857474451582,0,32.9299088411993,50.3199977483218,1.806,2.126,1.84066666666667
"2404",2026-02-02 16:03:00,0.5685,0.8685,0.5685,1.8652485,2.8495485,6.62681202333862,9.94021803500793,295.10431372549,29.858065051297,0,32.9497647602897,50.379997745637,1.7675,2.084,1.844
"2405",2026-02-02 16:04:00,0.568,0.868,0.568,1.863608,2.847908,6.80120181342648,10.2018027201397,294.261960784314,29.8586556510119,0,32.96962067938,50.4399977429521,1.729,2.042,1.84733333333333
"2406",2026-02-02 16:05:00,0.5675,0.8675,0.5675,1.8619675,2.8462675,6.97559160351434,10.4633874052715,293.419607843137,29.8592462507269,0,32.9894765984703,50.4999977402673,1.6905,2,1.85066666666667
"2407",2026-02-02 16:06:00,0.567,0.867,0.567,1.860327,2.844627,6.97559160351434,10.6377771953594,293.419607843137,29.857474451582,0,33.0588294356981,50.1599977554814,1.652,1.958,1.854
"2408",2026-02-02 16:07:00,0.5665,0.8665,0.5665,1.8586865,2.8429865,6.97559160351434,10.8121669854472,293.419607843137,29.8557026524371,0,33.128182272926,49.8199977706954,1.61716666666667,1.91966666666667,1.85783333333333
"2409",2026-02-02 16:08:00,0.566,0.866,0.566,1.857046,2.841346,6.97559160351434,10.9865567755351,293.419607843137,29.8539308532923,0,33.1975351101538,49.4799977859094,1.58233333333333,1.88133333333333,1.86166666666667
"2410",2026-02-02 16:09:00,0.5655,0.8655,0.5655,1.8554055,2.8397055,6.97559160351434,11.1609465656229,293.419607843137,29.8521590541474,0,33.2668879473816,49.1399978011235,1.5475,1.843,1.8655
"2411",2026-02-02 16:10:00,0.565,0.865,0.565,1.853765,2.838065,6.97559160351434,11.3353363557108,293.419607843137,29.8503872550025,0,33.3362407846095,48.7999978163375,1.51266666666667,1.80466666666667,1.86933333333333
"2412",2026-02-02 16:11:00,0.5645,0.8645,0.5645,1.8521245,2.8364245,7.06278649855827,11.2481414606669,293.138823529412,29.8509778547175,0,33.3164482372644,49.0799978038083,1.47783333333333,1.76633333333333,1.87316666666667
"2413",2026-02-02 16:12:00,0.564,0.864,0.564,1.850484,2.834784,7.1499813936022,11.1609465656229,292.858039215686,29.8515684544324,0,33.2966556899193,49.3599977912791,1.443,1.728,1.877
"2414",2026-02-02 16:13:00,0.5635,0.8635,0.5635,1.8488435,2.8331435,7.23717628864612,11.073751670579,292.577254901961,29.8521590541474,0,33.2768631425743,49.6399977787499,1.40816666666667,1.69083333333333,1.88183333333333
"2415",2026-02-02 16:14:00,0.563,0.863,0.563,1.847203,2.831503,7.32437118369005,10.9865567755351,292.296470588235,29.8527496538623,0,33.2570705952292,49.9199977662207,1.37333333333333,1.65366666666667,1.88666666666667
"2416",2026-02-02 16:15:00,0.5625,0.8625,0.5625,1.8455625,2.8298625,7.41156607873398,10.8993618804912,292.01568627451,29.8533402535773,0,33.2372780478842,50.1999977536915,1.3385,1.6165,1.8915
"2417",2026-02-02 16:16:00,0.562,0.862,0.562,1.843922,2.828222,7.23717628864612,10.5505823003154,293.981176470588,29.8545214530072,0,33.2273750317639,50.0999977581662,1.30366666666667,1.57933333333333,1.89633333333333
"2418",2026-02-02 16:17:00,0.5615,0.8615,0.5615,1.8422815,2.8265815,7.06278649855827,10.2018027201397,295.946666666667,29.8557026524371,0,33.2174720156437,49.9999977626409,1.26883333333333,1.54216666666667,1.90116666666667
"2419",2026-02-02 16:18:00,0.561,0.861,0.561,1.840641,2.824941,6.88839670847041,9.853023139964,297.912156862745,29.856883851867,0,33.2075689995234,49.8999977671156,1.234,1.505,1.906
"2420",2026-02-02 16:19:00,0.5605,0.8605,0.5605,1.8390005,2.8233005,6.71400691838255,9.50424355978828,299.877647058824,29.858065051297,0,33.1976659834032,49.7999977715903,1.19916666666667,1.47216666666667,1.91266666666667
"2421",2026-02-02 16:20:00,0.56,0.86,0.56,1.83736,2.82166,6.53961712829469,9.15546397961257,301.843137254902,29.8592462507269,0,33.187762967283,49.6999977760651,1.16433333333333,1.43933333333333,1.91933333333333
"2422",2026-02-02 16:21:00,0.562,0.863,0.562,1.843922,2.831503,6.45242223325076,9.06826908456864,301.843137254902,29.8610180498718,0,33.1481056935204,49.5999977805398,1.1295,1.4065,1.926
"2423",2026-02-02 16:22:00,0.564,0.866,0.564,1.850484,2.841346,6.36522733820683,8.98107418952471,301.843137254902,29.8627898490166,0,33.1084484197579,49.4999977850145,1.09466666666667,1.37366666666667,1.93266666666667
"2424",2026-02-02 16:23:00,0.566,0.869,0.566,1.857046,2.851189,6.2780324431629,8.89387929448078,301.843137254902,29.8645616481615,0,33.0687911459954,49.3999977894892,1.05983333333333,1.34083333333333,1.93933333333333
"2425",2026-02-02 16:24:00,0.568,0.872,0.568,1.863608,2.861032,6.19083754811897,8.80668439943685,301.843137254902,29.8663334473064,0,33.0291338722328,49.2999977939639,1.025,1.308,1.946
"2426",2026-02-02 16:25:00,0.57,0.875,0.57,1.87017,2.870875,6.10364265307504,8.71948950439292,301.843137254902,29.8681052464513,0,32.9894765984703,49.1999977984386,0.990166666666667,1.27516666666667,1.95466666666667
"2427",2026-02-02 16:26:00,0.572,0.878,0.572,1.876732,2.880718,6.10364265307504,8.80668439943685,301.562352941176,29.8704676453111,0,32.9199005852817,49.2599977957538,0.955333333333333,1.24233333333333,1.96333333333333
"2428",2026-02-02 16:27:00,0.574,0.881,0.574,1.883294,2.890561,6.10364265307504,8.89387929448078,301.281568627451,29.8728300441709,0,32.8503245720931,49.319997793069,0.9205,1.2095,1.972
"2429",2026-02-02 16:28:00,0.576,0.884,0.576,1.889856,2.900404,6.10364265307504,8.98107418952471,301.000784313725,29.8751924430308,0,32.7807485589045,49.3799977903842,0.885666666666667,1.17666666666667,1.98066666666667
"2430",2026-02-02 16:29:00,0.578,0.887,0.578,1.896418,2.910247,6.10364265307504,9.06826908456864,300.72,29.8775548418906,0,32.7111725457159,49.4399977876993,0.850833333333333,1.14383333333333,1.98933333333333
"2431",2026-02-02 16:30:00,0.58,0.89,0.58,1.90298,2.92009,6.10364265307504,9.15546397961257,300.439215686275,29.8799172407505,0,32.6415965325273,49.4999977850145,0.816,1.111,1.998
"2432",2026-02-02 16:31:00,0.582,0.893,0.582,1.909542,2.929933,6.19083754811897,9.15546397961257,300.439215686275,29.8799172407505,0,32.5817793746921,49.4399977876993,0.789166666666667,1.081,2.00833333333333
"2433",2026-02-02 16:32:00,0.584,0.896,0.584,1.916104,2.939776,6.2780324431629,9.15546397961257,300.439215686275,29.8799172407505,0,32.521962216857,49.3799977903842,0.762333333333333,1.051,2.01866666666667
"2434",2026-02-02 16:33:00,0.586,0.899,0.586,1.922666,2.949619,6.36522733820683,9.15546397961257,300.439215686275,29.8799172407505,0,32.4621450590218,49.319997793069,0.7355,1.021,2.029
"2435",2026-02-02 16:34:00,0.588,0.902,0.588,1.929228,2.959462,6.45242223325076,9.15546397961257,300.439215686275,29.8799172407505,0,32.4023279011866,49.2599977957538,0.708666666666667,0.991,2.03933333333333
"2436",2026-02-02 16:35:00,0.59,0.905,0.59,1.93579,2.969305,6.53961712829469,9.15546397961257,300.439215686275,29.8799172407505,0,32.3425107433514,49.1999977984386,0.681833333333334,0.961,2.04966666666667
"2437",2026-02-02 16:36:00,0.592,0.908,0.592,1.942352,2.979148,6.45242223325076,8.98107418952471,300.72,29.8805078404654,0,32.3125388303389,49.3999977894892,0.655,0.931,2.06
"2438",2026-02-02 16:37:00,0.594,0.911,0.594,1.948914,2.988991,6.36522733820683,8.80668439943685,301.000784313725,29.8810984401804,0,32.2825669173263,49.5999977805398,0.623333333333334,0.9015,2.07216666666667
"2439",2026-02-02 16:38:00,0.596,0.914,0.596,1.955476,2.998834,6.2780324431629,8.63229460934899,301.281568627451,29.8816890398953,0,32.2525950043138,49.7999977715903,0.591666666666667,0.872,2.08433333333333
"2440",2026-02-02 16:39:00,0.598,0.917,0.598,1.962038,3.008677,6.19083754811897,8.45790481926113,301.562352941176,29.8822796396103,0,32.2226230913012,49.9999977626409,0.56,0.8425,2.0965
"2441",2026-02-02 16:40:00,0.6,0.92,0.6,1.9686,3.01852,6.10364265307504,8.28351502917327,301.843137254902,29.8828702393252,0,32.1926511782886,50.1999977536915,0.528333333333333,0.813,2.10866666666667
"2442",2026-02-02 16:41:00,0.6045,0.927,0.6045,1.9833645,3.041487,6.36522733820683,8.71948950439292,302.123921568627,29.8834608390402,0,32.2226230913012,49.9199977662207,0.496666666666667,0.7835,2.12083333333333
"2443",2026-02-02 16:42:00,0.609,0.934,0.609,1.998129,3.064454,6.62681202333862,9.15546397961257,302.404705882353,29.8840514387552,0,32.2525950043138,49.6399977787499,0.465,0.754,2.133
"2444",2026-02-02 16:43:00,0.6135,0.941,0.6135,2.0128935,3.087421,6.88839670847041,9.59143845483221,302.685490196078,29.8846420384701,0,32.2825669173263,49.3599977912791,0.444166666666667,0.723833333333333,2.14383333333333
"2445",2026-02-02 16:44:00,0.618,0.948,0.618,2.027658,3.110388,7.1499813936022,10.0274129300519,302.966274509804,29.8852326381851,0,32.3125388303389,49.0799978038083,0.423333333333333,0.693666666666667,2.15466666666667
"2446",2026-02-02 16:45:00,0.6225,0.955,0.6225,2.0424225,3.133355,7.41156607873398,10.4633874052715,303.247058823529,29.8858232379,0,32.3425107433514,48.7999978163375,0.4025,0.6635,2.1655
"2447",2026-02-02 16:46:00,0.627,0.962,0.627,2.057187,3.156322,7.32437118369005,10.3761925102276,302.404705882353,29.8858232379,0,32.2725098939845,48.8399978145476,0.381666666666667,0.633333333333333,2.17633333333333
"2448",2026-02-02 16:47:00,0.6315,0.969,0.6315,2.0719515,3.179289,7.23717628864612,10.2889976151836,301.562352941176,29.8858232379,0,32.2025090446176,48.8799978127578,0.360833333333333,0.603166666666667,2.18716666666667
"2449",2026-02-02 16:48:00,0.636,0.976,0.636,2.086716,3.202256,7.1499813936022,10.2018027201397,300.72,29.8858232379,0,32.1325081952507,48.9199978109679,0.34,0.573,2.198
"2450",2026-02-02 16:49:00,0.6405,0.983,0.6405,2.1014805,3.225223,7.06278649855827,10.1146078250958,299.877647058824,29.8858232379,0,32.0625073458838,48.959997809178,0.313,0.546833333333333,2.20683333333333
"2451",2026-02-02 16:50:00,0.645,0.99,0.645,2.116245,3.24819,6.97559160351434,10.0274129300519,299.035294117647,29.8858232379,0,31.9925064965169,48.9999978073881,0.286,0.520666666666667,2.21566666666667
"2452",2026-02-02 16:51:00,0.6495,0.997,0.6495,2.1310095,3.271157,7.1499813936022,10.2018027201397,300.72,29.886413837615,0,31.9524010008837,48.9999978073881,0.259,0.4945,2.2245
"2453",2026-02-02 16:52:00,0.654,1.004,0.654,2.145774,3.294124,7.32437118369005,10.3761925102276,302.404705882353,29.88700443733,0,31.9122955052506,48.9999978073881,0.232,0.468333333333333,2.23333333333333
"2454",2026-02-02 16:53:00,0.6585,1.011,0.6585,2.1605385,3.317091,7.49876097377791,10.5505823003154,304.089411764706,29.8875950370449,0,31.8721900096174,48.9999978073881,0.205,0.442166666666667,2.24216666666667
"2455",2026-02-02 16:54:00,0.663,1.018,0.663,2.175303,3.340058,7.67315076386577,10.7249720904033,305.774117647059,29.8881856367599,0,31.8320845139842,48.9999978073881,0.178,0.416,2.251
"2456",2026-02-02 16:55:00,0.6675,1.025,0.6675,2.1900675,3.363025,7.84754055395363,10.8993618804912,307.458823529412,29.8887762364748,0,31.7919790183511,48.9999978073881,0.158333333333333,0.391333333333333,2.26466666666667
"2457",2026-02-02 16:56:00,0.672,1.032,0.672,2.204832,3.385992,7.67315076386577,10.6377771953594,308.301176470588,29.8899574359048,0,31.7517962035925,48.8599978136527,0.138666666666666,0.366666666666667,2.27833333333333
"2458",2026-02-02 16:57:00,0.6765,1.039,0.6765,2.2195965,3.408959,7.49876097377791,10.3761925102276,309.143529411765,29.8911386353347,0,31.7116133888339,48.7199978199173,0.119,0.342,2.292
"2459",2026-02-02 16:58:00,0.681,1.046,0.681,2.234361,3.431926,7.32437118369005,10.1146078250958,309.985882352941,29.8923198347646,0,31.6714305740754,48.5799978261819,0.099333333333333,0.317333333333333,2.30566666666667
"2460",2026-02-02 16:59:00,0.6855,1.053,0.6855,2.2491255,3.454893,7.1499813936022,9.853023139964,310.828235294118,29.8935010341945,0,31.6312477593168,48.4399978324465,0.0796666666666663,0.292666666666667,2.31933333333333
"2461",2026-02-02 17:00:00,0.69,1.06,0.69,2.26389,3.47786,6.97559160351434,9.59143845483221,311.670588235294,29.8946822336244,0,31.5910649445583,48.2999978387111,0.0599999999999996,0.268,2.333
"2462",2026-02-02 17:01:00,0.6885,1.057,0.6885,2.2589685,3.468017,6.97559160351434,9.76582824492007,310.266666666667,29.8946822336244,0,31.5810070699721,48.0599978494504,0.047833333333333,0.247166666666667,2.35216666666667
"2463",2026-02-02 17:02:00,0.687,1.054,0.687,2.254047,3.458174,6.97559160351434,9.94021803500793,308.862745098039,29.8946822336244,0,31.570949195386,47.8199978601898,0.0356666666666664,0.226333333333333,2.37133333333333
"2464",2026-02-02 17:03:00,0.6855,1.051,0.6855,2.2491255,3.448331,6.97559160351434,10.1146078250958,307.458823529412,29.8946822336244,0,31.5608913207999,47.5799978709291,0.0234999999999999,0.2055,2.3905
"2465",2026-02-02 17:04:00,0.684,1.048,0.684,2.244204,3.438488,6.97559160351434,10.2889976151836,306.054901960784,29.8946822336244,0,31.5508334462138,47.3399978816684,0.0113333333333333,0.184666666666667,2.40966666666667
"2466",2026-02-02 17:05:00,0.6825,1.045,0.6825,2.2392825,3.428645,6.97559160351434,10.4633874052715,304.650980392157,29.8946822336244,0,31.5407755716276,47.0999978924077,-0.000833333333333318,0.163833333333333,2.42883333333333
"2467",2026-02-02 17:06:00,0.681,1.042,0.681,2.234361,3.418802,7.06278649855827,10.4633874052715,304.650980392157,29.8946822336244,0,31.5508334462138,46.8999979013572,-0.0129999999999999,0.143,2.448
"2468",2026-02-02 17:07:00,0.6795,1.039,0.6795,2.2294395,3.408959,7.1499813936022,10.4633874052715,304.650980392157,29.8946822336244,0,31.5608913207999,46.6999979103066,-0.0274999999999999,0.127166666666667,2.46433333333333
"2469",2026-02-02 17:08:00,0.678,1.036,0.678,2.224518,3.399116,7.23717628864612,10.4633874052715,304.650980392157,29.8946822336244,0,31.570949195386,46.499997919256,-0.0419999999999998,0.111333333333333,2.48066666666667
"2470",2026-02-02 17:09:00,0.6765,1.033,0.6765,2.2195965,3.389273,7.32437118369005,10.4633874052715,304.650980392157,29.8946822336244,0,31.5810070699721,46.2999979282055,-0.0564999999999998,0.0955,2.497
"2471",2026-02-02 17:10:00,0.675,1.03,0.675,2.214675,3.37943,7.41156607873398,10.4633874052715,304.650980392157,29.8946822336244,0,31.5910649445583,46.0999979371549,-0.0709999999999997,0.0796666666666667,2.51333333333333
"2472",2026-02-02 17:11:00,0.6735,1.027,0.6735,2.2097535,3.369587,7.32437118369005,10.3761925102276,304.089411764706,29.8958634330543,0,31.5306440677266,46.1599979344701,-0.0854999999999997,0.0638333333333333,2.52966666666667
"2473",2026-02-02 17:12:00,0.672,1.024,0.672,2.204832,3.359744,7.23717628864612,10.2889976151836,303.527843137255,29.8970446324843,0,31.4702231908949,46.2199979317852,-0.0999999999999996,0.048,2.546
"2474",2026-02-02 17:13:00,0.6705,1.021,0.6705,2.1999105,3.349901,7.1499813936022,10.2018027201397,302.966274509804,29.8982258319142,0,31.4098023140632,46.2799979291004,-0.1155,0.0316666666666667,2.56183333333333
"2475",2026-02-02 17:14:00,0.669,1.018,0.669,2.194989,3.340058,7.06278649855827,10.1146078250958,302.404705882353,29.8994070313441,0,31.3493814372315,46.3399979264156,-0.131,0.0153333333333333,2.57766666666667
"2476",2026-02-02 17:15:00,0.6675,1.015,0.6675,2.1900675,3.330215,6.97559160351434,10.0274129300519,301.843137254902,29.900588230774,0,31.2889605603998,46.3999979237308,-0.1465,-0.001,2.5935
"2477",2026-02-02 17:16:00,0.666,1.012,0.666,2.185146,3.320372,6.80120181342648,9.853023139964,301.000784313725,29.901178830489,0,31.228361362338,46.4399979219409,-0.162,-0.0173333333333333,2.60933333333333
"2478",2026-02-02 17:17:00,0.6645,1.009,0.6645,2.1802245,3.310529,6.62681202333862,9.67863334987614,300.158431372549,29.9017694302039,0,31.1677621642762,46.479997920151,-0.1775,-0.0336666666666667,2.62516666666667
"2479",2026-02-02 17:18:00,0.663,1.006,0.663,2.175303,3.300686,6.45242223325076,9.50424355978828,299.316078431373,29.9023600299189,0,31.1071629662145,46.5199979183611,-0.193,-0.05,2.641
"2480",2026-02-02 17:19:00,0.6615,1.003,0.6615,2.1703815,3.290843,6.2780324431629,9.32985376970042,298.473725490196,29.9029506296339,0,31.0465637681527,46.5599979165712,-0.206166666666666,-0.0593333333333333,2.66066666666667
"2481",2026-02-02 17:20:00,0.66,1,0.66,2.16546,3.281,6.10364265307504,9.15546397961257,297.63137254902,29.9035412293488,0,30.985964570091,46.5999979147813,-0.219333333333333,-0.0686666666666667,2.68033333333333
"2482",2026-02-02 17:21:00,0.6595,1,0.6595,2.1638195,3.281,6.10364265307504,9.15546397961257,297.912156862745,29.9035412293488,0,30.9555972693672,46.7999979058319,-0.2325,-0.078,2.7
"2483",2026-02-02 17:22:00,0.659,1,0.659,2.162179,3.281,6.10364265307504,9.15546397961257,298.192941176471,29.9035412293488,0,30.9252299686435,46.9999978968824,-0.245666666666667,-0.0873333333333333,2.71966666666667
"2484",2026-02-02 17:23:00,0.6585,1,0.6585,2.1605385,3.281,6.10364265307504,9.15546397961257,298.473725490196,29.9035412293488,0,30.8948626679198,47.199997887933,-0.258833333333333,-0.0966666666666667,2.73933333333333
"2485",2026-02-02 17:24:00,0.658,1,0.658,2.158898,3.281,6.10364265307504,9.15546397961257,298.754509803922,29.9035412293488,0,30.8644953671961,47.3999978789836,-0.272,-0.106,2.759
"2486",2026-02-02 17:25:00,0.6575,1,0.6575,2.1572575,3.281,6.10364265307504,9.15546397961257,299.035294117647,29.9035412293488,0,30.8341280664723,47.5999978700341,-0.2735,-0.112,2.77866666666667
"2487",2026-02-02 17:26:00,0.657,1,0.657,2.155617,3.281,6.01644775803112,8.89387929448078,298.473725490196,29.9047224287787,0,30.7935673666632,47.6399978682443,-0.275,-0.118,2.79833333333333
"2488",2026-02-02 17:27:00,0.6565,1,0.6565,2.1539765,3.281,5.92925286298719,8.63229460934899,297.912156862745,29.9059036282087,0,30.753006666854,47.6799978664544,-0.2765,-0.124,2.818
"2489",2026-02-02 17:28:00,0.656,1,0.656,2.152336,3.281,5.84205796794326,8.3707099242172,297.350588235294,29.9070848276386,0,30.7124459670449,47.7199978646645,-0.278,-0.13,2.83766666666667
"2490",2026-02-02 17:29:00,0.6555,1,0.6555,2.1506955,3.281,5.75486307289933,8.10912523908542,296.789019607843,29.9082660270685,0,30.6718852672357,47.7599978628746,-0.2795,-0.136,2.85733333333333
"2491",2026-02-02 17:30:00,0.655,1,0.655,2.149055,3.281,5.6676681778554,7.84754055395363,296.227450980392,29.9094472264984,0,30.6313245674266,47.7999978610847,-0.281,-0.142,2.877
"2492",2026-02-02 17:31:00,0.6545,1,0.6545,2.1474145,3.281,5.6676681778554,7.84754055395363,297.069803921569,29.9094472264984,0,30.6211716361843,47.7599978628746,-0.285666666666666,-0.145833333333333,2.89516666666667
"2493",2026-02-02 17:32:00,0.654,1,0.654,2.145774,3.281,5.6676681778554,7.84754055395363,297.912156862745,29.9094472264984,0,30.611018704942,47.7199978646645,-0.290333333333333,-0.149666666666667,2.91333333333333
"2494",2026-02-02 17:33:00,0.6535,1,0.6535,2.1441335,3.281,5.6676681778554,7.84754055395363,298.754509803922,29.9094472264984,0,30.6008657736997,47.6799978664544,-0.295,-0.1535,2.9315
"2495",2026-02-02 17:34:00,0.653,1,0.653,2.142493,3.281,5.6676681778554,7.84754055395363,299.596862745098,29.9094472264984,0,30.5907128424574,47.6399978682443,-0.299666666666667,-0.157333333333333,2.94966666666667
"2496",2026-02-02 17:35:00,0.6525,1,0.6525,2.1408525,3.281,5.6676681778554,7.84754055395363,300.439215686275,29.9094472264984,0,30.5805599112152,47.5999978700341,-0.304333333333333,-0.161166666666667,2.96783333333333
"2497",2026-02-02 17:36:00,0.652,1,0.652,2.139212,3.281,5.75486307289933,7.93473544899756,300.439215686275,29.9094472264984,0,30.6008606585526,47.3999978789836,-0.309,-0.165,2.986
"2498",2026-02-02 17:37:00,0.6515,1,0.6515,2.1375715,3.281,5.84205796794326,8.02193034404149,300.439215686275,29.9094472264984,0,30.6211614058901,47.199997887933,-0.308166666666667,-0.163333333333333,3.00733333333333
"2499",2026-02-02 17:38:00,0.651,1,0.651,2.135931,3.281,5.92925286298719,8.10912523908542,300.439215686275,29.9094472264984,0,30.6414621532276,46.9999978968824,-0.307333333333334,-0.161666666666667,3.02866666666667
"2500",2026-02-02 17:39:00,0.6505,1,0.6505,2.1342905,3.281,6.01644775803112,8.19632013412935,300.439215686275,29.9094472264984,0,30.6617629005651,46.7999979058319,-0.3065,-0.16,3.05
"2501",2026-02-02 17:40:00,0.65,1,0.65,2.13265,3.281,6.10364265307504,8.28351502917327,300.439215686275,29.9094472264984,0,30.6820636479026,46.5999979147813,-0.305666666666667,-0.158333333333333,3.07133333333333
"2502",2026-02-02 17:41:00,0.65,0.9995,0.65,2.13265,3.2793595,6.10364265307504,8.63229460934899,300.72,29.9100378262134,0,30.7529561946931,46.139997935365,-0.304833333333334,-0.156666666666667,3.09266666666667
"2503",2026-02-02 17:42:00,0.65,0.999,0.65,2.13265,3.277719,6.10364265307504,8.98107418952471,301.000784313725,29.9106284259283,0,30.8238487414836,45.6799979559487,-0.304,-0.155,3.114
"2504",2026-02-02 17:43:00,0.65,0.9985,0.65,2.13265,3.2760785,6.10364265307504,9.32985376970043,301.281568627451,29.9112190256433,0,30.8947412882741,45.2199979765324,-0.304166666666667,-0.152333333333333,3.1385
"2505",2026-02-02 17:44:00,0.65,0.998,0.65,2.13265,3.274438,6.10364265307504,9.67863334987614,301.562352941176,29.9118096253582,0,30.9656338350646,44.7599979971161,-0.304333333333333,-0.149666666666667,3.163
"2506",2026-02-02 17:45:00,0.65,0.9975,0.65,2.13265,3.2727975,6.10364265307504,10.0274129300519,301.843137254902,29.9124002250732,0,31.0365263818551,44.2999980176998,-0.3045,-0.147,3.1875
"2507",2026-02-02 17:46:00,0.65,0.997,0.65,2.13265,3.271157,6.2780324431629,10.2018027201397,301.562352941176,29.9124002250732,0,31.006174200431,44.2599980194897,-0.304666666666667,-0.144333333333333,3.212
"2508",2026-02-02 17:47:00,0.65,0.9965,0.65,2.13265,3.2695165,6.45242223325076,10.3761925102276,301.281568627451,29.9124002250732,0,30.9758220190069,44.2199980212796,-0.304833333333333,-0.141666666666667,3.2365
"2509",2026-02-02 17:48:00,0.65,0.996,0.65,2.13265,3.267876,6.62681202333862,10.5505823003154,301.000784313725,29.9124002250732,0,30.9454698375828,44.1799980230695,-0.305,-0.139,3.261
"2510",2026-02-02 17:49:00,0.65,0.9955,0.65,2.13265,3.2662355,6.80120181342648,10.7249720904033,300.72,29.9124002250732,0,30.9151176561587,44.1399980248594,-0.300166666666666,-0.134666666666667,3.28616666666667
"2511",2026-02-02 17:50:00,0.65,0.995,0.65,2.13265,3.264595,6.97559160351434,10.8993618804912,300.439215686275,29.9124002250732,0,30.8847654747346,44.0999980266493,-0.295333333333333,-0.130333333333333,3.31133333333333
"2512",2026-02-02 17:51:00,0.65,0.9945,0.65,2.13265,3.2629545,6.71400691838255,10.4633874052715,300.439215686275,29.9129908247882,0,30.8137663029606,44.1799980230695,-0.2905,-0.126,3.3365
"2513",2026-02-02 17:52:00,0.65,0.994,0.65,2.13265,3.261314,6.45242223325076,10.0274129300519,300.439215686275,29.9135814245031,0,30.7427671311866,44.2599980194897,-0.285666666666666,-0.121666666666667,3.36166666666667
"2514",2026-02-02 17:53:00,0.65,0.9935,0.65,2.13265,3.2596735,6.19083754811897,9.59143845483221,300.439215686275,29.9141720242181,0,30.6717679594126,44.33999801591,-0.280833333333333,-0.117333333333333,3.38683333333333
"2515",2026-02-02 17:54:00,0.65,0.993,0.65,2.13265,3.258033,5.92925286298719,9.15546397961257,300.439215686275,29.914762623933,0,30.6007687876387,44.4199980123302,-0.276,-0.113,3.412
"2516",2026-02-02 17:55:00,0.65,0.9925,0.65,2.13265,3.2563925,5.6676681778554,8.71948950439292,300.439215686275,29.915353223648,0,30.5297696158647,44.4999980087504,-0.263666666666666,-0.104666666666667,3.43833333333333
"2517",2026-02-02 17:56:00,0.65,0.992,0.65,2.13265,3.254752,6.10364265307504,9.2426588746565,300.72,29.915943823363,0,30.5805087595788,44.3999980132251,-0.251333333333333,-0.0963333333333333,3.46466666666667
"2518",2026-02-02 17:57:00,0.65,0.9915,0.65,2.13265,3.2531115,6.53961712829469,9.76582824492007,301.000784313725,29.9165344230779,0,30.631247903293,44.2999980176998,-0.239,-0.088,3.491
"2519",2026-02-02 17:58:00,0.65,0.991,0.65,2.13265,3.251471,6.97559160351434,10.2889976151836,301.281568627451,29.9171250227929,0,30.6819870470071,44.1999980221746,-0.226666666666667,-0.0796666666666667,3.51733333333333
"2520",2026-02-02 17:59:00,0.65,0.9905,0.65,2.13265,3.2498305,7.41156607873398,10.8121669854472,301.562352941176,29.9177156225078,0,30.7327261907212,44.0999980266493,-0.214333333333333,-0.0713333333333333,3.54366666666667
"2521",2026-02-02 18:00:00,0.65,0.99,0.65,2.13265,3.24819,7.84754055395363,11.3353363557108,301.843137254902,29.9183062222228,0,30.7834653344354,43.999998031124,-0.202,-0.063,3.57
"2522",2026-02-02 18:01:00,0.6455,0.9855,0.6455,2.1178855,3.2334255,7.93473544899756,11.3353363557108,302.123921568627,29.9183062222228,0,30.7834653344354,43.6999980445481,-0.1865,-0.0526666666666667,3.595
"2523",2026-02-02 18:02:00,0.641,0.981,0.641,2.103121,3.218661,8.02193034404149,11.3353363557108,302.404705882353,29.9183062222228,0,30.7834653344354,43.3999980579723,-0.171,-0.0423333333333333,3.62
"2524",2026-02-02 18:03:00,0.6365,0.9765,0.6365,2.0883565,3.2038965,8.10912523908542,11.3353363557108,302.685490196078,29.9183062222228,0,30.7834653344354,43.0999980713965,-0.1555,-0.032,3.645
"2525",2026-02-02 18:04:00,0.632,0.972,0.632,2.073592,3.189132,8.19632013412935,11.3353363557108,302.966274509804,29.9183062222228,0,30.7834653344354,42.7999980848206,-0.14,-0.0216666666666667,3.67
"2526",2026-02-02 18:05:00,0.6275,0.9675,0.6275,2.0588275,3.1743675,8.28351502917327,11.3353363557108,303.247058823529,29.9183062222228,0,30.7834653344354,42.4999980982448,-0.1245,-0.0113333333333333,3.695
"2527",2026-02-02 18:06:00,0.623,0.963,0.623,2.044063,3.159603,8.19632013412935,11.1609465656229,303.247058823529,29.9183062222228,0,30.7530371810336,42.59999809377,-0.109,-0.001,3.72
"2528",2026-02-02 18:07:00,0.6185,0.9585,0.6185,2.0292985,3.1448385,8.10912523908542,10.9865567755351,303.247058823529,29.9183062222228,0,30.7226090276318,42.6999980892953,-0.0951666666666666,0.0115,3.74516666666667
"2529",2026-02-02 18:08:00,0.614,0.954,0.614,2.014534,3.130074,8.02193034404149,10.8121669854472,303.247058823529,29.9183062222228,0,30.6921808742301,42.7999980848206,-0.0813333333333333,0.024,3.77033333333333
"2530",2026-02-02 18:09:00,0.6095,0.9495,0.6095,1.9997695,3.1153095,7.93473544899756,10.6377771953594,303.247058823529,29.9183062222228,0,30.6617527208283,42.8999980803459,-0.0674999999999999,0.0365,3.7955
"2531",2026-02-02 18:10:00,0.605,0.945,0.605,1.985005,3.100545,7.84754055395363,10.4633874052715,303.247058823529,29.9183062222228,0,30.6313245674266,42.9999980758712,-0.0536666666666665,0.049,3.82066666666667
"2532",2026-02-02 18:11:00,0.6005,0.9405,0.6005,1.9702405,3.0857805,7.7603456589097,10.3761925102276,302.966274509804,29.9183062222228,0,30.6211716361843,42.9999980758712,-0.0398333333333332,0.0615,3.84583333333333
"2533",2026-02-02 18:12:00,0.596,0.936,0.596,1.955476,3.071016,7.67315076386577,10.2889976151836,302.685490196078,29.9183062222228,0,30.611018704942,42.9999980758712,-0.0259999999999998,0.074,3.871
"2534",2026-02-02 18:13:00,0.5915,0.9315,0.5915,1.9407115,3.0562515,7.58595586882184,10.2018027201397,302.404705882353,29.9183062222228,0,30.6008657736997,42.9999980758712,-0.00583333333333321,0.0876666666666667,3.89733333333333
"2535",2026-02-02 18:14:00,0.587,0.927,0.587,1.925947,3.041487,7.49876097377791,10.1146078250958,302.123921568627,29.9183062222228,0,30.5907128424574,42.9999980758712,0.0143333333333334,0.101333333333333,3.92366666666667
"2536",2026-02-02 18:15:00,0.5825,0.9225,0.5825,1.9111825,3.0267225,7.41156607873398,10.0274129300519,301.843137254902,29.9183062222228,0,30.5805599112152,42.9999980758712,0.0345,0.115,3.95
"2537",2026-02-02 18:16:00,0.578,0.918,0.578,1.896418,3.011958,7.67315076386577,10.3761925102276,302.123921568627,29.9188968219378,0,30.5602386525326,42.7799980857156,0.0546666666666666,0.128666666666667,3.97633333333333
"2538",2026-02-02 18:17:00,0.5735,0.9135,0.5735,1.8816535,2.9971935,7.93473544899756,10.7249720904033,302.404705882353,29.9194874216527,0,30.5399173938501,42.5599980955599,0.0748333333333332,0.142333333333333,4.00266666666667
"2539",2026-02-02 18:18:00,0.569,0.909,0.569,1.866889,2.982429,8.19632013412935,11.073751670579,302.685490196078,29.9200780213677,0,30.5195961351675,42.3399981054043,0.0949999999999998,0.156,4.029
"2540",2026-02-02 18:19:00,0.5645,0.9045,0.5645,1.8521245,2.9676645,8.45790481926113,11.4225312507547,302.966274509804,29.9206686210826,0,30.499274876485,42.1199981152487,0.115333333333333,0.180166666666667,4.05683333333333
"2541",2026-02-02 18:20:00,0.56,0.9,0.56,1.83736,2.9529,8.71948950439292,11.7713108309304,303.247058823529,29.9212592207976,0,30.4789536178025,41.8999981250931,0.135666666666666,0.204333333333333,4.08466666666667
"2542",2026-02-02 18:21:00,0.5585,0.897,0.5585,1.8324385,2.943057,8.63229460934899,12.1200904111062,302.966274509804,29.9212592207976,0,30.4178657524994,42.0799981170386,0.156,0.2285,4.1125
"2543",2026-02-02 18:22:00,0.557,0.894,0.557,1.827517,2.933214,8.54509971430506,12.4688699912819,302.685490196078,29.9212592207976,0,30.3567778871964,42.2599981089841,0.176333333333333,0.252666666666667,4.14033333333333
"2544",2026-02-02 18:23:00,0.5555,0.891,0.5555,1.8225955,2.923371,8.45790481926113,12.8176495714576,302.404705882353,29.9212592207976,0,30.2956900218933,42.4399981009296,0.196666666666666,0.276833333333333,4.16816666666667
"2545",2026-02-02 18:24:00,0.554,0.888,0.554,1.817674,2.913528,8.3707099242172,13.1664291516333,302.123921568627,29.9212592207976,0,30.2346021565903,42.6199980928751,0.217,0.301,4.196
"2546",2026-02-02 18:25:00,0.5525,0.885,0.5525,1.8127525,2.903685,8.28351502917327,13.515208731809,301.843137254902,29.9212592207976,0,30.1735142912872,42.7999980848206,0.238833333333333,0.327166666666667,4.224
"2547",2026-02-02 18:26:00,0.551,0.882,0.551,1.807831,2.893842,8.10912523908542,12.9048444665015,301.562352941176,29.9212592207976,0,30.1531099633287,42.939998078556,0.260666666666666,0.353333333333333,4.252
"2548",2026-02-02 18:27:00,0.5495,0.879,0.5495,1.8029095,2.883999,7.93473544899756,12.294480201194,301.281568627451,29.9212592207976,0,30.1327056353702,43.0799980722914,0.2825,0.3795,4.28
"2549",2026-02-02 18:28:00,0.548,0.876,0.548,1.797988,2.874156,7.7603456589097,11.6841159358865,301.000784313725,29.9212592207976,0,30.1123013074117,43.2199980660268,0.304333333333333,0.405666666666667,4.308
"2550",2026-02-02 18:29:00,0.5465,0.873,0.5465,1.7930665,2.864313,7.58595586882184,11.073751670579,300.72,29.9212592207976,0,30.0918969794532,43.3599980597622,0.326166666666666,0.431833333333333,4.336
"2551",2026-02-02 18:30:00,0.545,0.87,0.545,1.788145,2.85447,7.41156607873398,10.4633874052715,300.439215686275,29.9212592207976,0,30.0714926514948,43.4999980534976,0.348,0.458,4.364
"2552",2026-02-02 18:31:00,0.5435,0.867,0.5435,1.7832235,2.844627,7.7603456589097,10.9865567755351,301.281568627451,29.9212592207976,0,30.1224642750193,43.1999980669217,0.372166666666667,0.484833333333333,4.39233333333333
"2553",2026-02-02 18:32:00,0.542,0.864,0.542,1.778302,2.834784,8.10912523908542,11.5097261457987,302.123921568627,29.9212592207976,0,30.1734358985437,42.8999980803459,0.396333333333333,0.511666666666667,4.42066666666667
"2554",2026-02-02 18:33:00,0.5405,0.861,0.5405,1.7733805,2.824941,8.45790481926113,12.0328955160622,302.966274509804,29.9212592207976,0,30.2244075220682,42.59999809377,0.4205,0.5385,4.449
"2555",2026-02-02 18:34:00,0.539,0.858,0.539,1.768459,2.815098,8.80668439943685,12.5560648863258,303.80862745098,29.9212592207976,0,30.2753791455927,42.2999981071942,0.444666666666667,0.565333333333333,4.47733333333333
"2556",2026-02-02 18:35:00,0.5375,0.855,0.5375,1.7635375,2.805255,9.15546397961257,13.0792342565894,304.650980392157,29.9212592207976,0,30.3263507691172,41.9999981206184,0.468833333333334,0.592166666666667,4.50566666666667
"2557",2026-02-02 18:36:00,0.536,0.852,0.536,1.758616,2.795412,9.2426588746565,12.9920393615455,304.650980392157,29.9230310199425,0,30.2753791455927,42.3799981036144,0.493,0.619,4.534
"2558",2026-02-02 18:37:00,0.5345,0.849,0.5345,1.7536945,2.785569,9.32985376970042,12.9048444665015,304.650980392157,29.9248028190873,0,30.2244075220682,42.7599980866105,0.519166666666667,0.651333333333333,4.5635
"2559",2026-02-02 18:38:00,0.533,0.846,0.533,1.748773,2.775726,9.41704866474435,12.8176495714576,304.650980392157,29.9265746182322,0,30.1734358985437,43.1399980696066,0.545333333333334,0.683666666666667,4.593
"2560",2026-02-02 18:39:00,0.5315,0.843,0.5315,1.7438515,2.765883,9.50424355978828,12.7304546764137,304.650980392157,29.9283464173771,0,30.1224642750193,43.5199980526026,0.5715,0.716,4.6225
"2561",2026-02-02 18:40:00,0.53,0.84,0.53,1.73893,2.75604,9.59143845483221,12.6432597813697,304.650980392157,29.930118216522,0,30.0714926514948,43.8999980355987,0.597666666666667,0.748333333333333,4.652
"2562",2026-02-02 18:41:00,0.531,0.8415,0.531,1.742211,2.7609615,9.50424355978828,12.7304546764137,304.931764705882,29.929527616807,0,30.0510672975174,43.8999980355987,0.623833333333334,0.780666666666667,4.6815
"2563",2026-02-02 18:42:00,0.532,0.843,0.532,1.745492,2.765883,9.41704866474435,12.8176495714576,305.212549019608,29.9289370170921,0,30.03064194354,43.8999980355987,0.65,0.813,4.711
"2564",2026-02-02 18:43:00,0.533,0.8445,0.533,1.748773,2.7708045,9.32985376970042,12.9048444665015,305.493333333333,29.9283464173771,0,30.0102165895626,43.8999980355987,0.676833333333334,0.844166666666667,4.73783333333333
"2565",2026-02-02 18:44:00,0.534,0.846,0.534,1.752054,2.775726,9.2426588746565,12.9920393615455,305.774117647059,29.9277558176621,0,29.9897912355852,43.8999980355987,0.703666666666667,0.875333333333333,4.76466666666667
"2566",2026-02-02 18:45:00,0.535,0.8475,0.535,1.755335,2.7806475,9.15546397961257,13.0792342565894,306.054901960784,29.9271652179472,0,29.9693658816078,43.8999980355987,0.7305,0.9065,4.7915
"2567",2026-02-02 18:46:00,0.536,0.849,0.536,1.758616,2.785569,8.98107418952471,12.6432597813697,305.774117647059,29.9265746182322,0,29.9795811933723,43.7799980409684,0.757333333333333,0.937666666666667,4.81833333333333
"2568",2026-02-02 18:47:00,0.537,0.8505,0.537,1.761897,2.7904905,8.80668439943685,12.2072853061501,305.493333333333,29.9259840185173,0,29.9897965051368,43.659998046338,0.784166666666667,0.968833333333333,4.84516666666667
"2569",2026-02-02 18:48:00,0.538,0.852,0.538,1.765178,2.795412,8.63229460934899,11.7713108309304,305.212549019608,29.9253934188023,0,30.0000118169014,43.5399980517077,0.811,1,4.872
"2570",2026-02-02 18:49:00,0.539,0.8535,0.539,1.768459,2.8003335,8.45790481926113,11.3353363557108,304.931764705882,29.9248028190873,0,30.0102271286659,43.4199980570774,0.841,1.03766666666667,4.8945
"2571",2026-02-02 18:50:00,0.54,0.855,0.54,1.77174,2.805255,8.28351502917327,10.8993618804912,304.650980392157,29.9242122193724,0,30.0204424404304,43.299998062447,0.871,1.07533333333333,4.917
"2572",2026-02-02 18:51:00,0.541,0.8565,0.541,1.775021,2.8101765,8.19632013412935,11.073751670579,305.493333333333,29.9248028190873,0,29.9385712948167,43.7999980400734,0.901,1.113,4.9395
"2573",2026-02-02 18:52:00,0.542,0.858,0.542,1.778302,2.815098,8.10912523908542,11.2481414606669,306.33568627451,29.9253934188023,0,29.8567001492029,44.2999980176998,0.931,1.15066666666667,4.962
"2574",2026-02-02 18:53:00,0.543,0.8595,0.543,1.781583,2.8200195,8.02193034404149,11.4225312507547,307.178039215686,29.9259840185173,0,29.7748290035891,44.7999979953262,0.961,1.18833333333333,4.9845
"2575",2026-02-02 18:54:00,0.544,0.861,0.544,1.784864,2.824941,7.93473544899756,11.5969210408426,308.020392156863,29.9265746182322,0,29.6929578579754,45.2999979729527,0.991,1.226,5.007
"2576",2026-02-02 18:55:00,0.545,0.8625,0.545,1.788145,2.8298625,7.84754055395363,11.7713108309304,308.862745098039,29.9271652179472,0,29.6110867123616,45.7999979505791,1.02016666666667,1.25833333333333,5.02716666666667
"2577",2026-02-02 18:56:00,0.546,0.864,0.546,1.791426,2.834784,7.67315076386577,11.5097261457987,307.739607843137,29.9283464173771,0,29.6008287699581,45.6799979559487,1.04933333333333,1.29066666666667,5.04733333333333
"2578",2026-02-02 18:57:00,0.547,0.8655,0.547,1.794707,2.8397055,7.49876097377791,11.2481414606669,306.616470588235,29.929527616807,0,29.5905708275547,45.5599979613184,1.0785,1.323,5.0675
"2579",2026-02-02 18:58:00,0.548,0.867,0.548,1.797988,2.844627,7.32437118369005,10.9865567755351,305.493333333333,29.9307088162369,0,29.5803128851512,45.439997966688,1.10766666666667,1.35533333333333,5.08766666666667
"2580",2026-02-02 18:59:00,0.549,0.8685,0.549,1.801269,2.8495485,7.1499813936022,10.7249720904033,304.370196078431,29.9318900156669,0,29.5700549427477,45.3199979720577,1.13683333333333,1.38766666666667,5.10783333333333
"2581",2026-02-02 19:00:00,0.55,0.87,0.55,1.80455,2.85447,6.97559160351434,10.4633874052715,303.247058823529,29.9330712150968,0,29.5597970003442,45.1999979774274,1.166,1.42,5.128
"2582",2026-02-02 19:01:00,0.5515,0.872,0.5515,1.8094715,2.861032,7.06278649855827,10.3761925102276,303.527843137255,29.9336618148117,0,29.5392649362024,45.3199979720577,1.19266666666667,1.451,5.1515
"2583",2026-02-02 19:02:00,0.553,0.874,0.553,1.814393,2.867594,7.1499813936022,10.2889976151836,303.80862745098,29.9342524145267,0,29.5187328720607,45.439997966688,1.21933333333333,1.482,5.175
"2584",2026-02-02 19:03:00,0.5545,0.876,0.5545,1.8193145,2.874156,7.23717628864612,10.2018027201397,304.089411764706,29.9348430142416,0,29.4982008079189,45.5599979613184,1.246,1.513,5.1985
"2585",2026-02-02 19:04:00,0.556,0.878,0.556,1.824236,2.880718,7.32437118369005,10.1146078250958,304.370196078431,29.9354336139566,0,29.4776687437771,45.6799979559487,1.27266666666667,1.544,5.222
"2586",2026-02-02 19:05:00,0.5575,0.88,0.5575,1.8291575,2.88728,7.41156607873398,10.0274129300519,304.650980392157,29.9360242136716,0,29.4571366796353,45.7999979505791,1.29933333333333,1.575,5.2455
"2587",2026-02-02 19:06:00,0.559,0.882,0.559,1.834079,2.893842,7.41156607873398,10.1146078250958,304.089411764706,29.9360242136716,0,29.4262979333722,45.7199979541588,1.326,1.606,5.269
"2588",2026-02-02 19:07:00,0.5605,0.884,0.5605,1.8390005,2.900404,7.41156607873398,10.2018027201397,303.527843137255,29.9360242136716,0,29.3954591871092,45.6399979577386,1.35633333333333,1.64266666666667,5.292
"2589",2026-02-02 19:08:00,0.562,0.886,0.562,1.843922,2.906966,7.41156607873398,10.2889976151836,302.966274509804,29.9360242136716,0,29.3646204408461,45.5599979613184,1.38666666666667,1.67933333333333,5.315
"2590",2026-02-02 19:09:00,0.5635,0.888,0.5635,1.8488435,2.913528,7.41156607873398,10.3761925102276,302.404705882353,29.9360242136716,0,29.333781694583,45.4799979648982,1.417,1.716,5.338
"2591",2026-02-02 19:10:00,0.565,0.89,0.565,1.853765,2.92009,7.41156607873398,10.4633874052715,301.843137254902,29.9360242136716,0,29.30294294832,45.3999979684779,1.44733333333333,1.75266666666667,5.361
"2592",2026-02-02 19:11:00,0.5665,0.892,0.5665,1.8586865,2.926652,7.7603456589097,11.5097261457987,301.843137254902,29.9354336139566,0,29.3953133300621,44.5999980042757,1.47766666666667,1.78933333333333,5.384
"2593",2026-02-02 19:12:00,0.568,0.894,0.568,1.863608,2.933214,8.10912523908542,12.5560648863258,301.843137254902,29.9348430142416,0,29.4876837118042,43.7999980400734,1.508,1.826,5.407
"2594",2026-02-02 19:13:00,0.5695,0.896,0.5695,1.8685295,2.939776,8.45790481926113,13.602403626853,301.843137254902,29.9342524145267,0,29.5800540935464,42.9999980758712,1.54083333333333,1.85566666666667,5.425
"2595",2026-02-02 19:14:00,0.571,0.898,0.571,1.873451,2.946338,8.80668439943685,14.6487423673801,301.843137254902,29.9336618148117,0,29.6724244752885,42.1999981116689,1.57366666666667,1.88533333333333,5.443
"2596",2026-02-02 19:15:00,0.5725,0.9,0.5725,1.8783725,2.9529,9.15546397961257,15.6950811079073,301.843137254902,29.9330712150968,0,29.7647948570306,41.3999981474667,1.6065,1.915,5.461
"2597",2026-02-02 19:16:00,0.574,0.902,0.574,1.883294,2.959462,9.32985376970042,15.3463015277315,302.966274509804,29.9342524145267,0,29.7340532280968,41.6399981367273,1.63933333333333,1.94466666666667,5.479
"2598",2026-02-02 19:17:00,0.5755,0.904,0.5755,1.8882155,2.966024,9.50424355978828,14.9975219475558,304.089411764706,29.9354336139566,0,29.703311599163,41.879998125988,1.67216666666667,1.97433333333333,5.497
"2599",2026-02-02 19:18:00,0.577,0.906,0.577,1.893137,2.972586,9.67863334987614,14.6487423673801,305.212549019608,29.9366148133865,0,29.6725699702292,42.1199981152487,1.705,2.004,5.515
"2600",2026-02-02 19:19:00,0.5785,0.908,0.5785,1.8980585,2.979148,9.853023139964,14.2999627872044,306.33568627451,29.9377960128164,0,29.6418283412954,42.3599981045094,1.73833333333333,2.03283333333333,5.53466666666667
"2601",2026-02-02 19:20:00,0.58,0.91,0.58,1.90298,2.98571,10.0274129300519,13.9511832070287,307.458823529412,29.9389772122464,0,29.6110867123616,42.59999809377,1.77166666666667,2.06166666666667,5.55433333333333
"2602",2026-02-02 19:21:00,0.5805,0.911,0.5805,1.9046205,2.988991,10.3761925102276,14.5615474723362,308.020392156863,29.9377960128164,0,29.5905654389134,42.6399980919802,1.805,2.0905,5.574
"2603",2026-02-02 19:22:00,0.581,0.912,0.581,1.906261,2.992272,10.7249720904033,15.1719117376437,308.581960784314,29.9366148133865,0,29.5700441654652,42.6799980901903,1.83833333333333,2.11933333333333,5.59366666666667
"2604",2026-02-02 19:23:00,0.5815,0.913,0.5815,1.9079015,2.995553,11.073751670579,15.7822760029512,309.143529411765,29.9354336139566,0,29.549522892017,42.7199980884004,1.87166666666667,2.14816666666667,5.61333333333333
"2605",2026-02-02 19:24:00,0.582,0.914,0.582,1.909542,2.998834,11.4225312507547,16.3926402682587,309.705098039216,29.9342524145267,0,29.5290016185689,42.7599980866105,1.905,2.177,5.633
"2606",2026-02-02 19:25:00,0.5825,0.915,0.5825,1.9111825,3.002115,11.7713108309304,17.0030045335662,310.266666666667,29.9330712150968,0,29.5084803451207,42.7999980848206,1.94,2.20883333333333,5.65
"2607",2026-02-02 19:26:00,0.583,0.916,0.583,1.912823,3.005396,11.4225312507547,16.7414198484344,310.547450980392,29.9336618148117,0,29.4673728657605,43.0799980722914,1.975,2.24066666666667,5.667
"2608",2026-02-02 19:27:00,0.5835,0.917,0.5835,1.9144635,3.008677,11.073751670579,16.4798351633026,310.828235294118,29.9342524145267,0,29.4262653864004,43.3599980597622,2.01,2.2725,5.684
"2609",2026-02-02 19:28:00,0.584,0.918,0.584,1.916104,3.011958,10.7249720904033,16.2182504781708,311.109019607843,29.9348430142416,0,29.3851579070403,43.639998047233,2.045,2.30433333333333,5.701
"2610",2026-02-02 19:29:00,0.5845,0.919,0.5845,1.9177445,3.015239,10.3761925102276,15.956665793039,311.389803921569,29.9354336139566,0,29.3440504276801,43.9199980347038,2.08,2.33616666666667,5.718
"2611",2026-02-02 19:30:00,0.585,0.92,0.585,1.919385,3.01852,10.0274129300519,15.6950811079073,311.670588235294,29.9360242136716,0,29.30294294832,44.1999980221746,2.115,2.368,5.735
"2612",2026-02-02 19:31:00,0.5855,0.921,0.5855,1.9210255,3.021801,10.0274129300519,15.6950811079073,311.95137254902,29.9366148133865,0,29.2926524721726,44.1599980239644,2.14683333333333,2.39916666666667,5.746
"2613",2026-02-02 19:32:00,0.586,0.922,0.586,1.922666,3.025082,10.0274129300519,15.6950811079073,312.232156862745,29.9372054131015,0,29.2823619960251,44.1199980257543,2.17866666666667,2.43033333333333,5.757
"2614",2026-02-02 19:33:00,0.5865,0.923,0.5865,1.9243065,3.028363,10.0274129300519,15.6950811079073,312.512941176471,29.9377960128164,0,29.2720715198777,44.0799980275442,2.2105,2.4615,5.768
"2615",2026-02-02 19:34:00,0.587,0.924,0.587,1.925947,3.031644,10.0274129300519,15.6950811079073,312.793725490196,29.9383866125314,0,29.2617810437303,44.0399980293341,2.24233333333333,2.49266666666667,5.779
"2616",2026-02-02 19:35:00,0.5875,0.925,0.5875,1.9275875,3.034925,10.0274129300519,15.6950811079073,313.074509803922,29.9389772122464,0,29.2514905675828,43.999998031124,2.27416666666667,2.52383333333333,5.79
"2617",2026-02-02 19:36:00,0.588,0.926,0.588,1.929228,3.038206,9.94021803500793,15.6078862128633,313.636078431373,29.9395678119613,0,29.2205862666386,44.1399980248594,2.306,2.555,5.801
"2618",2026-02-02 19:37:00,0.5885,0.927,0.5885,1.9308685,3.041487,9.853023139964,15.5206913178194,314.197647058824,29.9401584116763,0,29.1896819656944,44.2799980185948,2.342,2.58783333333333,5.81083333333333
"2619",2026-02-02 19:38:00,0.589,0.928,0.589,1.932509,3.044768,9.76582824492007,15.4334964227755,314.759215686275,29.9407490113912,0,29.1587776647502,44.4199980123302,2.378,2.62066666666667,5.82066666666667
"2620",2026-02-02 19:39:00,0.5895,0.929,0.5895,1.9341495,3.048049,9.67863334987614,15.3463015277315,315.320784313725,29.9413396111062,0,29.127873363806,44.5599980060656,2.414,2.6535,5.8305
"2621",2026-02-02 19:40:00,0.59,0.93,0.59,1.93579,3.05133,9.59143845483221,15.2591066326876,315.882352941176,29.9419302108212,0,29.0969690628619,44.699997999801,2.45,2.68633333333333,5.84033333333333
"2622",2026-02-02 19:41:00,0.5905,0.9315,0.5905,1.9374305,3.0562515,9.67863334987614,15.5206913178194,315.04,29.9413396111062,0,29.0866566261506,44.699997999801,2.486,2.71916666666667,5.85016666666667
"2623",2026-02-02 19:42:00,0.591,0.933,0.591,1.939071,3.061173,9.76582824492007,15.7822760029512,314.197647058824,29.9407490113912,0,29.0763441894393,44.699997999801,2.522,2.752,5.86
"2624",2026-02-02 19:43:00,0.5915,0.9345,0.5915,1.9407115,3.0660945,9.853023139964,16.043860688083,313.355294117647,29.9401584116763,0,29.066031752728,44.699997999801,2.55783333333333,2.78466666666667,5.86866666666667
"2625",2026-02-02 19:44:00,0.592,0.936,0.592,1.942352,3.071016,9.94021803500793,16.3054453732148,312.512941176471,29.9395678119613,0,29.0557193160167,44.699997999801,2.59366666666667,2.81733333333333,5.87733333333333
"2626",2026-02-02 19:45:00,0.5925,0.9375,0.5925,1.9439925,3.0759375,10.0274129300519,16.5670300583465,311.670588235294,29.9389772122464,0,29.0454068793054,44.699997999801,2.6295,2.85,5.886
"2627",2026-02-02 19:46:00,0.593,0.939,0.593,1.945633,3.080859,9.94021803500793,16.043860688083,311.95137254902,29.9407490113912,0,29.0350889181877,44.699997999801,2.66533333333333,2.88266666666667,5.89466666666667
"2628",2026-02-02 19:47:00,0.5935,0.9405,0.5935,1.9472735,3.0857805,9.853023139964,15.5206913178194,312.232156862745,29.9425208105361,0,29.02477095707,44.699997999801,2.70116666666667,2.91533333333333,5.90333333333333
"2629",2026-02-02 19:48:00,0.594,0.942,0.594,1.948914,3.090702,9.76582824492007,14.9975219475558,312.512941176471,29.944292609681,0,29.0144529959523,44.699997999801,2.737,2.948,5.912
"2630",2026-02-02 19:49:00,0.5945,0.9435,0.5945,1.9505545,3.0956235,9.67863334987614,14.4743525772922,312.793725490196,29.9460644088259,0,29.0041350348346,44.699997999801,2.77283333333333,2.98416666666667,5.92016666666667
"2631",2026-02-02 19:50:00,0.595,0.945,0.595,1.952195,3.100545,9.59143845483221,13.9511832070287,313.074509803922,29.9478362079707,0,28.9938170737169,44.699997999801,2.80866666666667,3.02033333333333,5.92833333333333
"2632",2026-02-02 19:51:00,0.5955,0.9465,0.5955,1.9538355,3.1054665,9.59143845483221,13.8639883119847,312.793725490196,29.9478362079707,0,28.9731645230986,44.7799979962212,2.8445,3.0565,5.9365
"2633",2026-02-02 19:52:00,0.596,0.948,0.596,1.955476,3.110388,9.59143845483221,13.7767934169408,312.512941176471,29.9478362079707,0,28.9525119724803,44.8599979926414,2.88033333333333,3.09266666666667,5.94466666666667
"2634",2026-02-02 19:53:00,0.5965,0.9495,0.5965,1.9571165,3.1153095,9.59143845483221,13.6895985218969,312.232156862745,29.9478362079707,0,28.931859421862,44.9399979890616,2.91616666666667,3.12883333333333,5.95283333333333
"2635",2026-02-02 19:54:00,0.597,0.951,0.597,1.958757,3.120231,9.59143845483221,13.602403626853,311.95137254902,29.9478362079707,0,28.9112068712437,45.0199979854819,2.952,3.165,5.961
"2636",2026-02-02 19:55:00,0.5975,0.9525,0.5975,1.9603975,3.1251525,9.59143845483221,13.515208731809,311.670588235294,29.9478362079707,0,28.8905543206254,45.0999979819021,2.9845,3.201,5.9715
"2637",2026-02-02 19:56:00,0.598,0.954,0.598,1.962038,3.130074,9.67863334987614,13.602403626853,311.389803921569,29.9472456082558,0,28.8905543206254,44.7799979962212,3.017,3.237,5.982
"2638",2026-02-02 19:57:00,0.5985,0.9555,0.5985,1.9636785,3.1349955,9.76582824492007,13.6895985218969,311.109019607843,29.9466550085408,0,28.8905543206254,44.4599980105403,3.0495,3.273,5.9925
"2639",2026-02-02 19:58:00,0.599,0.957,0.599,1.965319,3.139917,9.853023139964,13.7767934169408,310.828235294118,29.9460644088259,0,28.8905543206254,44.1399980248594,3.082,3.309,6.003
"2640",2026-02-02 19:59:00,0.5995,0.9585,0.5995,1.9669595,3.1448385,9.94021803500793,13.8639883119847,310.547450980392,29.9454738091109,0,28.8905543206254,43.8199980391785,3.1145,3.345,6.0135
"2641",2026-02-02 20:00:00,0.6,0.96,0.6,1.9686,3.14976,10.0274129300519,13.9511832070287,310.266666666667,29.944883209396,0,28.8905543206254,43.4999980534976,3.147,3.381,6.024
"2642",2026-02-02 20:01:00,0.5965,0.954,0.5965,1.9571165,3.130074,9.76582824492007,13.7767934169408,310.266666666667,29.9454738091109,0,28.8491823175858,43.8199980391785,3.185,3.41833333333333,6.02616666666667
"2643",2026-02-02 20:02:00,0.593,0.948,0.593,1.945633,3.110388,9.50424355978828,13.602403626853,310.266666666667,29.9460644088259,0,28.8078103145463,44.1399980248594,3.223,3.45566666666667,6.02833333333333
"2644",2026-02-02 20:03:00,0.5895,0.942,0.5895,1.9341495,3.090702,9.2426588746565,13.4280138367651,310.266666666667,29.9466550085408,0,28.7664383115068,44.4599980105403,3.261,3.493,6.0305
"2645",2026-02-02 20:04:00,0.586,0.936,0.586,1.922666,3.071016,8.98107418952471,13.2536240466772,310.266666666667,29.9472456082558,0,28.7250663084673,44.7799979962212,3.299,3.53033333333333,6.03266666666667
"2646",2026-02-02 20:05:00,0.5825,0.93,0.5825,1.9111825,3.05133,8.71948950439292,13.0792342565894,310.266666666667,29.9478362079707,0,28.6836943054277,45.0999979819021,3.337,3.56766666666667,6.03483333333333
"2647",2026-02-02 20:06:00,0.579,0.924,0.579,1.899699,3.031644,8.63229460934899,12.7304546764137,311.109019607843,29.9496080071156,0,28.662974629757,45.0399979845869,3.375,3.605,6.037
"2648",2026-02-02 20:07:00,0.5755,0.918,0.5755,1.8882155,3.011958,8.54509971430506,12.3816750962379,311.95137254902,29.9513798062605,0,28.6422549540863,44.9799979872718,3.42,3.64316666666667,6.03966666666667
"2649",2026-02-02 20:08:00,0.572,0.912,0.572,1.876732,2.992272,8.45790481926113,12.0328955160622,312.793725490196,29.9531516054054,0,28.6215352784156,44.9199979899566,3.465,3.68133333333333,6.04233333333333
"2650",2026-02-02 20:09:00,0.5685,0.906,0.5685,1.8652485,2.972586,8.3707099242172,11.6841159358865,313.636078431373,29.9549234045503,0,28.6008156027449,44.8599979926414,3.51,3.7195,6.045
"2651",2026-02-02 20:10:00,0.565,0.9,0.565,1.853765,2.9529,8.28351502917327,11.3353363557108,314.478431372549,29.9566952036951,0,28.5800959270741,44.7999979953262,3.555,3.75766666666667,6.04766666666667
"2652",2026-02-02 20:11:00,0.5615,0.894,0.5615,1.8422815,2.933214,8.10912523908542,11.4225312507547,313.636078431373,29.9566952036951,0,28.569727621561,44.9799979872718,3.6,3.79583333333333,6.05033333333333
"2653",2026-02-02 20:12:00,0.558,0.888,0.558,1.830798,2.913528,7.93473544899756,11.5097261457987,312.793725490196,29.9566952036951,0,28.5593593160478,45.1599979792173,3.645,3.834,6.053
"2654",2026-02-02 20:13:00,0.5545,0.882,0.5545,1.8193145,2.893842,7.7603456589097,11.5969210408426,311.95137254902,29.9566952036951,0,28.5489910105347,45.3399979711628,3.68466666666667,3.875,6.05633333333333
"2655",2026-02-02 20:14:00,0.551,0.876,0.551,1.807831,2.874156,7.58595586882184,11.6841159358865,311.109019607843,29.9566952036951,0,28.5386227050215,45.5199979631083,3.72433333333333,3.916,6.05966666666667
"2656",2026-02-02 20:15:00,0.5475,0.87,0.5475,1.7963475,2.85447,7.41156607873398,11.7713108309304,310.266666666667,29.9566952036951,0,28.5282543995084,45.6999979550538,3.764,3.957,6.063
"2657",2026-02-02 20:16:00,0.544,0.864,0.544,1.784864,2.834784,7.41156607873398,11.5097261457987,311.389803921569,29.9555140042652,0,28.4971154426066,45.8599979478942,3.80366666666667,3.998,6.06633333333333
"2658",2026-02-02 20:17:00,0.5405,0.858,0.5405,1.7733805,2.815098,7.41156607873398,11.2481414606669,312.512941176471,29.9543328048353,0,28.4659764857049,46.0199979407347,3.84333333333333,4.039,6.06966666666667
"2659",2026-02-02 20:18:00,0.537,0.852,0.537,1.761897,2.795412,7.41156607873398,10.9865567755351,313.636078431373,29.9531516054054,0,28.4348375288032,46.1799979335751,3.883,4.08,6.073
"2660",2026-02-02 20:19:00,0.5335,0.846,0.5335,1.7504135,2.775726,7.41156607873398,10.7249720904033,314.759215686275,29.9519704059755,0,28.4036985719015,46.3399979264156,3.922,4.1205,6.07083333333333
"2661",2026-02-02 20:20:00,0.53,0.84,0.53,1.73893,2.75604,7.41156607873398,10.4633874052715,315.882352941176,29.9507892065455,0,28.3725596149998,46.499997919256,3.961,4.161,6.06866666666667
"2662",2026-02-02 20:21:00,0.5305,0.841,0.5305,1.7405705,2.759321,7.32437118369005,10.4633874052715,315.320784313725,29.9519704059755,0,28.3205470308488,46.7399979085167,4,4.2015,6.0665
"2663",2026-02-02 20:22:00,0.531,0.842,0.531,1.742211,2.762602,7.23717628864612,10.4633874052715,314.759215686275,29.9531516054054,0,28.2685344466978,46.9799978977774,4.039,4.242,6.06433333333333
"2664",2026-02-02 20:23:00,0.5315,0.843,0.5315,1.7438515,2.765883,7.1499813936022,10.4633874052715,314.197647058824,29.9543328048353,0,28.2165218625467,47.2199978870381,4.078,4.2825,6.06216666666667
"2665",2026-02-02 20:24:00,0.532,0.844,0.532,1.745492,2.769164,7.06278649855827,10.4633874052715,313.636078431373,29.9555140042652,0,28.1645092783957,47.4599978762987,4.117,4.323,6.06
"2666",2026-02-02 20:25:00,0.5325,0.845,0.5325,1.7471325,2.772445,6.97559160351434,10.4633874052715,313.074509803922,29.9566952036951,0,28.1124966942447,47.6999978655594,4.15933333333333,4.36616666666667,6.0545
"2667",2026-02-02 20:26:00,0.533,0.846,0.533,1.748773,2.775726,7.32437118369005,11.073751670579,312.232156862745,29.9572858034101,0,28.1333189621978,47.3799978798785,4.20166666666667,4.40933333333333,6.049
"2668",2026-02-02 20:27:00,0.5335,0.847,0.5335,1.7504135,2.779007,7.67315076386577,11.6841159358865,311.389803921569,29.9578764031251,0,28.1541412301508,47.0599978941976,4.244,4.4525,6.0435
"2669",2026-02-02 20:28:00,0.534,0.848,0.534,1.752054,2.782288,8.02193034404149,12.294480201194,310.547450980392,29.95846700284,0,28.1749634981039,46.7399979085167,4.28633333333333,4.49566666666667,6.038
"2670",2026-02-02 20:29:00,0.5345,0.849,0.5345,1.7536945,2.785569,8.3707099242172,12.9048444665015,309.705098039216,29.959057602555,0,28.1957857660569,46.4199979228358,4.32866666666667,4.53883333333333,6.0325
"2671",2026-02-02 20:30:00,0.535,0.85,0.535,1.755335,2.78885,8.71948950439292,13.515208731809,308.862745098039,29.9596482022699,0,28.21660803401,46.0999979371549,4.371,4.582,6.027
"2672",2026-02-02 20:31:00,0.5355,0.851,0.5355,1.7569755,2.792131,8.71948950439292,13.1664291516333,309.705098039216,29.9596482022699,0,28.1540717732633,46.1999979326802,4.41333333333333,4.62633333333333,6.02366666666667
"2673",2026-02-02 20:32:00,0.536,0.852,0.536,1.758616,2.795412,8.71948950439292,12.8176495714576,310.547450980392,29.9596482022699,0,28.0915355125165,46.2999979282055,4.45566666666667,4.67066666666667,6.02033333333333
"2674",2026-02-02 20:33:00,0.5365,0.853,0.5365,1.7602565,2.798693,8.71948950439292,12.4688699912819,311.389803921569,29.9596482022699,0,28.0289992517698,46.3999979237308,4.498,4.715,6.017
"2675",2026-02-02 20:34:00,0.537,0.854,0.537,1.761897,2.801974,8.71948950439292,12.1200904111062,312.232156862745,29.9596482022699,0,27.966462991023,46.499997919256,4.54033333333333,4.75933333333333,6.01366666666667
"2676",2026-02-02 20:35:00,0.5375,0.855,0.5375,1.7635375,2.805255,8.71948950439292,11.7713108309304,313.074509803922,29.9596482022699,0,27.9039267302762,46.5999979147813,4.58266666666667,4.80366666666667,6.01033333333333
"2677",2026-02-02 20:36:00,0.538,0.856,0.538,1.765178,2.808536,8.71948950439292,12.2072853061501,313.355294117647,29.9596482022699,0,27.9143639468801,46.5599979165712,4.625,4.848,6.007
"2678",2026-02-02 20:37:00,0.5385,0.857,0.5385,1.7668185,2.811817,8.71948950439292,12.6432597813697,313.636078431373,29.9596482022699,0,27.924801163484,46.5199979183611,4.66433333333333,4.89333333333333,6.0005
"2679",2026-02-02 20:38:00,0.539,0.858,0.539,1.768459,2.815098,8.71948950439292,13.0792342565894,313.916862745098,29.9596482022699,0,27.935238380088,46.479997920151,4.70366666666667,4.93866666666667,5.994
"2680",2026-02-02 20:39:00,0.5395,0.859,0.5395,1.7700995,2.818379,8.71948950439292,13.515208731809,314.197647058824,29.9596482022699,0,27.9456755966918,46.4399979219409,4.743,4.984,5.9875
"2681",2026-02-02 20:40:00,0.54,0.86,0.54,1.77174,2.82166,8.71948950439292,13.9511832070287,314.478431372549,29.9596482022699,0,27.9561128132957,46.3999979237308,4.78233333333333,5.02933333333333,5.981
"2682",2026-02-02 20:41:00,0.541,0.8615,0.541,1.775021,2.8265815,8.89387929448078,13.7767934169408,315.04,29.9602388019849,0,27.9561128132957,46.5999979147813,4.82166666666667,5.07466666666667,5.9745
"2683",2026-02-02 20:42:00,0.542,0.863,0.542,1.778302,2.831503,9.06826908456864,13.602403626853,315.601568627451,29.9608294016999,0,27.9561128132957,46.7999979058319,4.861,5.12,5.968
"2684",2026-02-02 20:43:00,0.543,0.8645,0.543,1.781583,2.8364245,9.2426588746565,13.4280138367651,316.163137254902,29.9614200014148,0,27.9561128132957,46.9999978968824,4.907,5.16866666666667,5.95866666666667
"2685",2026-02-02 20:44:00,0.544,0.866,0.544,1.784864,2.841346,9.41704866474435,13.2536240466772,316.724705882353,29.9620106011298,0,27.9561128132957,47.199997887933,4.953,5.21733333333333,5.94933333333333
"2686",2026-02-02 20:45:00,0.545,0.8675,0.545,1.788145,2.8462675,9.59143845483221,13.0792342565894,317.286274509804,29.9626012008447,0,27.9561128132957,47.3999978789836,4.999,5.266,5.94
"2687",2026-02-02 20:46:00,0.546,0.869,0.546,1.791426,2.851189,9.41704866474435,13.1664291516333,316.163137254902,29.9637824002746,0,27.9143288687174,47.4199978780886,5.045,5.31466666666667,5.93066666666667
"2688",2026-02-02 20:47:00,0.547,0.8705,0.547,1.794707,2.8561105,9.2426588746565,13.2536240466772,315.04,29.9649635997046,0,27.872544924139,47.4399978771937,5.091,5.36333333333333,5.92133333333333
"2689",2026-02-02 20:48:00,0.548,0.872,0.548,1.797988,2.861032,9.06826908456864,13.3408189417212,313.916862745098,29.9661447991345,0,27.8307609795607,47.4599978762987,5.137,5.412,5.912
"2690",2026-02-02 20:49:00,0.549,0.8735,0.549,1.801269,2.8659535,8.89387929448078,13.4280138367651,312.793725490196,29.9673259985644,0,27.7889770349823,47.4799978754038,5.18683333333333,5.4575,5.90333333333333
"2691",2026-02-02 20:50:00,0.55,0.875,0.55,1.80455,2.870875,8.71948950439292,13.515208731809,311.670588235294,29.9685071979943,0,27.7471930904039,47.4999978745088,5.23666666666667,5.503,5.89466666666667
"2692",2026-02-02 20:51:00,0.551,0.8765,0.551,1.807831,2.8757965,8.71948950439292,14.0383781020726,311.670588235294,29.9690977977093,0,27.7471930904039,47.4799978754038,5.2865,5.5485,5.886
"2693",2026-02-02 20:52:00,0.552,0.878,0.552,1.811112,2.880718,8.71948950439292,14.5615474723362,311.670588235294,29.9696883974242,0,27.7471930904039,47.4599978762987,5.33633333333333,5.594,5.87733333333333
"2694",2026-02-02 20:53:00,0.553,0.8795,0.553,1.814393,2.8856395,8.71948950439292,15.0847168425998,311.670588235294,29.9702789971392,0,27.7471930904039,47.4399978771937,5.38616666666667,5.6395,5.86866666666667
"2695",2026-02-02 20:54:00,0.554,0.881,0.554,1.817674,2.890561,8.71948950439292,15.6078862128633,311.670588235294,29.9708695968542,0,27.7471930904039,47.4199978780886,5.436,5.685,5.86
"2696",2026-02-02 20:55:00,0.555,0.8825,0.555,1.820955,2.8954825,8.71948950439292,16.1310555831269,311.670588235294,29.9714601965691,0,27.7471930904039,47.3999978789836,5.48266666666667,5.7325,5.849
"2697",2026-02-02 20:56:00,0.556,0.884,0.556,1.824236,2.900404,8.80668439943685,15.5206913178194,311.389803921569,29.9720507962841,0,27.7262658929197,47.6999978655594,5.52933333333333,5.78,5.838
"2698",2026-02-02 20:57:00,0.557,0.8855,0.557,1.827517,2.9053255,8.89387929448078,14.9103270525119,311.109019607843,29.972641395999,0,27.7053386954355,47.9999978521353,5.576,5.8275,5.827
"2699",2026-02-02 20:58:00,0.558,0.887,0.558,1.830798,2.910247,8.98107418952471,14.2999627872044,310.828235294118,29.973231995714,0,27.6844114979513,48.2999978387111,5.62266666666667,5.875,5.816
"2700",2026-02-02 20:59:00,0.559,0.8885,0.559,1.834079,2.9151685,9.06826908456864,13.6895985218969,310.547450980392,29.973822595429,0,27.6634843004671,48.599997825287,5.66933333333333,5.9225,5.805
"2701",2026-02-02 21:00:00,0.56,0.89,0.56,1.83736,2.92009,9.15546397961257,13.0792342565894,310.266666666667,29.9744131951439,0,27.6425571029828,48.8999978118628,5.716,5.97,5.794
"2702",2026-02-02 21:01:00,0.5615,0.892,0.5615,1.8422815,2.926652,9.32985376970042,13.515208731809,310.547450980392,29.973822595429,0,27.6320846462617,48.5199978288667,5.76,6.01866666666667,5.77866666666667
"2703",2026-02-02 21:02:00,0.563,0.894,0.563,1.847203,2.933214,9.50424355978828,13.9511832070287,310.828235294118,29.973231995714,0,27.6216121895406,48.1399978458707,5.804,6.06733333333333,5.76333333333333
"2704",2026-02-02 21:03:00,0.5645,0.896,0.5645,1.8521245,2.939776,9.67863334987614,14.3871576822483,311.109019607843,29.972641395999,0,27.6111397328195,47.7599978628746,5.848,6.116,5.748
"2705",2026-02-02 21:04:00,0.566,0.898,0.566,1.857046,2.946338,9.853023139964,14.823132157468,311.389803921569,29.9720507962841,0,27.6006672760984,47.3799978798785,5.892,6.16466666666667,5.73266666666667
"2706",2026-02-02 21:05:00,0.5675,0.9,0.5675,1.8619675,2.9529,10.0274129300519,15.2591066326876,311.670588235294,29.9714601965691,0,27.5901948193773,46.9999978968824,5.936,6.21333333333333,5.71733333333333
"2707",2026-02-02 21:06:00,0.569,0.902,0.569,1.866889,2.959462,9.853023139964,14.6487423673801,311.389803921569,29.9720507962841,0,27.5797164375371,47.2199978870381,5.98,6.262,5.702
"2708",2026-02-02 21:07:00,0.5705,0.904,0.5705,1.8718105,2.966024,9.67863334987614,14.0383781020726,311.109019607843,29.972641395999,0,27.569238055697,47.4399978771937,6.025,6.309,5.68783333333333
"2709",2026-02-02 21:08:00,0.572,0.906,0.572,1.876732,2.972586,9.50424355978828,13.4280138367651,310.828235294118,29.973231995714,0,27.5587596738569,47.6599978673493,6.07,6.356,5.67366666666667
"2710",2026-02-02 21:09:00,0.5735,0.908,0.5735,1.8816535,2.979148,9.32985376970042,12.8176495714576,310.547450980392,29.973822595429,0,27.5482812920167,47.8799978575049,6.115,6.403,5.6595
"2711",2026-02-02 21:10:00,0.575,0.91,0.575,1.886575,2.98571,9.15546397961257,12.2072853061501,310.266666666667,29.9744131951439,0,27.5378029101766,48.0999978476605,6.16,6.45,5.64533333333333
"2712",2026-02-02 21:11:00,0.5765,0.912,0.5765,1.8914965,2.992272,9.15546397961257,12.2072853061501,310.828235294118,29.9744131951439,0,27.5273185883147,47.8799978575049,6.205,6.497,5.63116666666667
"2713",2026-02-02 21:12:00,0.578,0.914,0.578,1.896418,2.998834,9.15546397961257,12.2072853061501,311.389803921569,29.9744131951439,0,27.5168342664529,47.6599978673493,6.25,6.544,5.617
"2714",2026-02-02 21:13:00,0.5795,0.916,0.5795,1.9013395,3.005396,9.15546397961257,12.2072853061501,311.95137254902,29.9744131951439,0,27.506349944591,47.4399978771937,6.29816666666667,6.58883333333333,5.59833333333333
"2715",2026-02-02 21:14:00,0.581,0.918,0.581,1.906261,3.011958,9.15546397961257,12.2072853061501,312.512941176471,29.9744131951439,0,27.4958656227292,47.2199978870381,6.34633333333333,6.63366666666667,5.57966666666667
"2716",2026-02-02 21:15:00,0.5825,0.92,0.5825,1.9111825,3.01852,9.15546397961257,12.2072853061501,313.074509803922,29.9744131951439,0,27.4853813008673,46.9999978968824,6.3945,6.6785,5.561
"2717",2026-02-02 21:16:00,0.584,0.922,0.584,1.916104,3.025082,9.15546397961257,12.6432597813697,313.074509803922,29.973822595429,0,27.4538925454866,47.1199978915128,6.44266666666667,6.72333333333333,5.54233333333333
"2718",2026-02-02 21:17:00,0.5855,0.924,0.5855,1.9210255,3.031644,9.15546397961257,13.0792342565894,313.074509803922,29.973231995714,0,27.4224037901058,47.2399978861431,6.49083333333333,6.76816666666667,5.52366666666667
"2719",2026-02-02 21:18:00,0.587,0.926,0.587,1.925947,3.038206,9.15546397961257,13.515208731809,313.074509803922,29.972641395999,0,27.3909150347251,47.3599978807735,6.539,6.813,5.505
"2720",2026-02-02 21:19:00,0.5885,0.928,0.5885,1.9308685,3.044768,9.15546397961257,13.9511832070287,313.074509803922,29.9720507962841,0,27.3594262793443,47.4799978754038,6.58308333333333,6.85733333333333,5.48533333333333
"2721",2026-02-02 21:20:00,0.59,0.93,0.59,1.93579,3.05133,9.15546397961257,14.3871576822483,313.074509803922,29.9714601965691,0,27.3279375239636,47.5999978700341,6.62716666666667,6.90166666666667,5.46566666666667
"2722",2026-02-02 21:21:00,0.594,0.9365,0.594,1.948914,3.0726565,8.98107418952471,14.0383781020726,312.793725490196,29.9720507962841,0,27.2647976014915,47.6999978655594,6.67125,6.946,5.446
"2723",2026-02-02 21:22:00,0.598,0.943,0.598,1.962038,3.093983,8.80668439943685,13.6895985218969,312.512941176471,29.972641395999,0,27.2016576790194,47.7999978610847,6.71533333333333,6.99033333333333,5.42633333333333
"2724",2026-02-02 21:23:00,0.602,0.9495,0.602,1.975162,3.1153095,8.63229460934899,13.3408189417212,312.232156862745,29.973231995714,0,27.1385177565473,47.89999785661,6.75941666666667,7.03466666666667,5.40666666666667
"2725",2026-02-02 21:24:00,0.606,0.956,0.606,1.988286,3.136636,8.45790481926113,12.9920393615455,311.95137254902,29.973822595429,0,27.0753778340751,47.9999978521353,6.8035,7.079,5.387
"2726",2026-02-02 21:25:00,0.61,0.9625,0.61,2.00141,3.1579625,8.28351502917327,12.6432597813697,311.670588235294,29.9744131951439,0,27.012237911603,48.0999978476605,6.84758333333333,7.12433333333333,5.3695
"2727",2026-02-02 21:26:00,0.614,0.969,0.614,2.014534,3.179289,8.28351502917327,12.3816750962379,311.95137254902,29.9755943945738,0,27.0016933604378,48.2999978387111,6.89166666666667,7.16966666666667,5.352
"2728",2026-02-02 21:27:00,0.618,0.9755,0.618,2.027658,3.2006155,8.28351502917327,12.1200904111062,312.232156862745,29.9767755940037,0,26.9911488092725,48.4999978297617,6.93575,7.215,5.3345
"2729",2026-02-02 21:28:00,0.622,0.982,0.622,2.040782,3.221942,8.28351502917327,11.8585057259744,312.512941176471,29.9779567934337,0,26.9806042581072,48.6999978208122,6.97983333333333,7.26033333333333,5.317
"2730",2026-02-02 21:29:00,0.626,0.9885,0.626,2.053906,3.2432685,8.28351502917327,11.5969210408426,312.793725490196,29.9791379928636,0,26.970059706942,48.8999978118628,7.02391666666667,7.30566666666667,5.2995
"2731",2026-02-02 21:30:00,0.63,0.995,0.63,2.06703,3.264595,8.28351502917327,11.3353363557108,313.074509803922,29.9803191922935,0,26.9595151557767,49.0999978029134,7.068,7.351,5.282
"2732",2026-02-02 21:31:00,0.634,1.0015,0.634,2.080154,3.2859215,8.54509971430506,12.0328955160622,312.232156862745,29.9815003917234,0,26.9805981666914,48.8599978136527,7.11333333333333,7.39583333333333,5.26283333333333
"2733",2026-02-02 21:32:00,0.638,1.008,0.638,2.093278,3.307248,8.80668439943685,12.7304546764137,311.389803921569,29.9826815911533,0,27.0016811776062,48.619997824392,7.15866666666667,7.44066666666667,5.24366666666667
"2734",2026-02-02 21:33:00,0.642,1.0145,0.642,2.106402,3.3285745,9.06826908456864,13.4280138367651,310.547450980392,29.9838627905833,0,27.0227641885209,48.3799978351313,7.204,7.4855,5.2245
"2735",2026-02-02 21:34:00,0.646,1.021,0.646,2.119526,3.349901,9.32985376970043,14.1255729971165,309.705098039216,29.9850439900132,0,27.0438471994357,48.1399978458707,7.24933333333333,7.53033333333333,5.20533333333333
"2736",2026-02-02 21:35:00,0.65,1.0275,0.65,2.13265,3.3712275,9.59143845483221,14.823132157468,308.862745098039,29.9862251894431,0,27.0649302103504,47.89999785661,7.29466666666667,7.57516666666667,5.18616666666667
"2737",2026-02-02 21:36:00,0.654,1.034,0.654,2.145774,3.392554,9.59143845483221,14.6487423673801,308.862745098039,29.9850439900132,0,27.0438471994357,48.2999978387111,7.34,7.62,5.167
"2738",2026-02-02 21:37:00,0.658,1.0405,0.658,2.158898,3.4138805,9.59143845483221,14.4743525772922,308.862745098039,29.9838627905833,0,27.0227641885209,48.6999978208122,7.38116666666667,7.66383333333333,5.14733333333333
"2739",2026-02-02 21:38:00,0.662,1.047,0.662,2.172022,3.435207,9.59143845483221,14.2999627872044,308.862745098039,29.9826815911533,0,27.0016811776062,49.0999978029134,7.42233333333333,7.70766666666667,5.12766666666667
"2740",2026-02-02 21:39:00,0.666,1.0535,0.666,2.185146,3.4565335,9.59143845483221,14.1255729971165,308.862745098039,29.9815003917234,0,26.9805981666914,49.4999977850145,7.4635,7.7515,5.108
"2741",2026-02-02 21:40:00,0.67,1.06,0.67,2.19827,3.47786,9.59143845483221,13.9511832070287,308.862745098039,29.9803191922935,0,26.9595151557767,49.8999977671156,7.50466666666667,7.79533333333333,5.08833333333333
"2742",2026-02-02 21:41:00,0.672,1.063,0.672,2.204832,3.487703,9.41704866474435,13.602403626853,308.862745098039,29.9797285925785,0,26.9278447997599,49.8999977671156,7.54583333333333,7.83916666666667,5.06866666666667
"2743",2026-02-02 21:42:00,0.674,1.066,0.674,2.211394,3.497546,9.2426588746565,13.2536240466772,308.862745098039,29.9791379928636,0,26.896174443743,49.8999977671156,7.587,7.883,5.049
"2744",2026-02-02 21:43:00,0.676,1.069,0.676,2.217956,3.507389,9.06826908456864,12.9048444665015,308.862745098039,29.9785473931486,0,26.8645040877262,49.8999977671156,7.63016666666667,7.925,5.0305
"2745",2026-02-02 21:44:00,0.678,1.072,0.678,2.224518,3.517232,8.89387929448078,12.5560648863258,308.862745098039,29.9779567934337,0,26.8328337317094,49.8999977671156,7.67333333333333,7.967,5.012
"2746",2026-02-02 21:45:00,0.68,1.075,0.68,2.23108,3.527075,8.71948950439292,12.2072853061501,308.862745098039,29.9773661937187,0,26.8011633756925,49.8999977671156,7.7165,8.009,4.9935
"2747",2026-02-02 21:46:00,0.682,1.078,0.682,2.237642,3.536918,8.63229460934899,12.0328955160622,309.42431372549,29.9785473931486,0,26.7905943046148,50.379997745637,7.75966666666667,8.051,4.975
"2748",2026-02-02 21:47:00,0.684,1.081,0.684,2.244204,3.546761,8.54509971430506,11.8585057259744,309.985882352941,29.9797285925785,0,26.780025233537,50.8599977241583,7.80283333333333,8.093,4.9565
"2749",2026-02-02 21:48:00,0.686,1.084,0.686,2.250766,3.556604,8.45790481926113,11.6841159358865,310.547450980392,29.9809097920085,0,26.7694561624592,51.3399977026797,7.846,8.135,4.938
"2750",2026-02-02 21:49:00,0.688,1.087,0.688,2.257328,3.566447,8.3707099242172,11.5097261457987,311.109019607843,29.9820909914384,0,26.7588870913815,51.819997681201,7.8815,8.17933333333333,4.91766666666667
"2751",2026-02-02 21:50:00,0.69,1.09,0.69,2.26389,3.57629,8.28351502917327,11.3353363557108,311.670588235294,29.9832721908683,0,26.7483180203037,52.2999976597224,7.917,8.22366666666667,4.89733333333333
"2752",2026-02-02 21:51:00,0.692,1.093,0.692,2.270452,3.586133,8.63229460934899,11.9457006210183,311.670588235294,29.9826815911533,0,26.7483180203037,51.3999976999948,7.9525,8.268,4.877
"2753",2026-02-02 21:52:00,0.694,1.096,0.694,2.277014,3.595976,8.98107418952471,12.5560648863258,311.670588235294,29.9820909914384,0,26.7483180203037,50.4999977402673,7.988,8.31233333333333,4.85666666666667
"2754",2026-02-02 21:53:00,0.696,1.099,0.696,2.283576,3.605819,9.32985376970043,13.1664291516333,311.670588235294,29.9815003917234,0,26.7483180203037,49.5999977805398,8.0235,8.35666666666667,4.83633333333333
"2755",2026-02-02 21:54:00,0.698,1.102,0.698,2.290138,3.615662,9.67863334987614,13.7767934169408,311.670588235294,29.9809097920085,0,26.7483180203037,48.6999978208122,8.059,8.401,4.816
"2756",2026-02-02 21:55:00,0.7,1.105,0.7,2.2967,3.625505,10.0274129300519,14.3871576822483,311.670588235294,29.9803191922935,0,26.7483180203037,47.7999978610847,8.10066666666667,8.4415,4.79366666666667
"2757",2026-02-02 21:56:00,0.702,1.108,0.702,2.303262,3.635348,9.94021803500793,14.1255729971165,311.670588235294,29.9803191922935,0,26.7271613562504,48.1199978467656,8.14233333333333,8.482,4.77133333333333
"2758",2026-02-02 21:57:00,0.704,1.111,0.704,2.309824,3.645191,9.853023139964,13.8639883119847,311.670588235294,29.9803191922935,0,26.7060046921971,48.4399978324465,8.184,8.5225,4.749
"2759",2026-02-02 21:58:00,0.706,1.114,0.706,2.316386,3.655034,9.76582824492007,13.602403626853,311.670588235294,29.9803191922935,0,26.6848480281438,48.7599978181274,8.22566666666667,8.563,4.72666666666667
"2760",2026-02-02 21:59:00,0.708,1.117,0.708,2.322948,3.664877,9.67863334987614,13.3408189417212,311.670588235294,29.9803191922935,0,26.6636913640905,49.0799978038083,8.26733333333333,8.6035,4.70433333333333
"2761",2026-02-02 22:00:00,0.71,1.12,0.71,2.32951,3.67472,9.59143845483221,13.0792342565894,311.670588235294,29.9803191922935,0,26.6425347000372,49.3999977894892,8.309,8.644,4.682
"2762",2026-02-02 22:01:00,0.7065,1.115,0.7065,2.3180265,3.658315,9.59143845483221,13.2536240466772,312.512941176471,29.9809097920085,0,26.6107531644574,49.8599977689055,8.3515,8.6845,4.65783333333333
"2763",2026-02-02 22:02:00,0.703,1.11,0.703,2.306543,3.64191,9.59143845483221,13.4280138367651,313.355294117647,29.9815003917234,0,26.5789716288775,50.3199977483218,8.394,8.725,4.63366666666667
"2764",2026-02-02 22:03:00,0.6995,1.105,0.6995,2.2950595,3.625505,9.59143845483221,13.602403626853,314.197647058824,29.9820909914384,0,26.5471900932977,50.7799977277381,8.4365,8.7655,4.6095
"2765",2026-02-02 22:04:00,0.696,1.1,0.696,2.283576,3.6091,9.59143845483221,13.7767934169408,315.04,29.9826815911533,0,26.5154085577178,51.2399977071544,8.479,8.806,4.58533333333333
"2766",2026-02-02 22:05:00,0.6925,1.095,0.6925,2.2720925,3.592695,9.59143845483221,13.9511832070287,315.882352941176,29.9832721908683,0,26.483627022138,51.6999976865707,8.5215,8.8465,4.56116666666667
"2767",2026-02-02 22:06:00,0.689,1.09,0.689,2.260609,3.57629,9.2426588746565,13.602403626853,315.04,29.9844533902982,0,26.4517892610749,51.7799976829909,8.564,8.887,4.537
"2768",2026-02-02 22:07:00,0.6855,1.085,0.6855,2.2491255,3.559885,8.89387929448078,13.2536240466772,314.197647058824,29.9856345897281,0,26.4199515000118,51.8599976794111,8.60083333333333,8.9225,4.5135
"2769",2026-02-02 22:08:00,0.682,1.08,0.682,2.237642,3.54348,8.54509971430506,12.9048444665015,313.355294117647,29.986815789158,0,26.3881137389487,51.9399976758314,8.63766666666667,8.958,4.49
"2770",2026-02-02 22:09:00,0.6785,1.075,0.6785,2.2261585,3.527075,8.19632013412935,12.5560648863258,312.512941176471,29.987996988588,0,26.3562759778856,52.0199976722516,8.6745,8.9935,4.4665
"2771",2026-02-02 22:10:00,0.675,1.07,0.675,2.214675,3.51067,7.84754055395363,12.2072853061501,311.670588235294,29.9891781880179,0,26.3244382168225,52.0999976686718,8.71133333333333,9.029,4.443
"2772",2026-02-02 22:11:00,0.6715,1.065,0.6715,2.2031915,3.494265,8.02193034404149,12.2072853061501,311.109019607843,29.9897687877328,0,26.3244382168225,51.5399976937302,8.74816666666667,9.0645,4.4195
"2773",2026-02-02 22:12:00,0.668,1.06,0.668,2.191708,3.47786,8.19632013412935,12.2072853061501,310.547450980392,29.9903593874478,0,26.3244382168225,50.9799977187887,8.785,9.1,4.396
"2774",2026-02-02 22:13:00,0.6645,1.055,0.6645,2.1802245,3.461455,8.3707099242172,12.2072853061501,309.985882352941,29.9909499871628,0,26.3244382168225,50.4199977438471,8.81916666666667,9.13766666666667,4.372
"2775",2026-02-02 22:14:00,0.661,1.05,0.661,2.168741,3.44505,8.54509971430506,12.2072853061501,309.42431372549,29.9915405868777,0,26.3244382168225,49.8599977689055,8.85333333333333,9.17533333333333,4.348
"2776",2026-02-02 22:15:00,0.6575,1.045,0.6575,2.1572575,3.428645,8.71948950439292,12.2072853061501,308.862745098039,29.9921311865927,0,26.3244382168225,49.2999977939639,8.8875,9.213,4.324
"2777",2026-02-02 22:16:00,0.654,1.04,0.654,2.145774,3.41224,8.54509971430506,11.8585057259744,309.705098039216,29.9927217863076,0,26.3138130612481,49.6199977796448,8.92166666666667,9.25066666666667,4.3
"2778",2026-02-02 22:17:00,0.6505,1.035,0.6505,2.1342905,3.395835,8.3707099242172,11.5097261457987,310.547450980392,29.9933123860226,0,26.3031879056736,49.9399977653257,8.95583333333333,9.28833333333333,4.276
"2779",2026-02-02 22:18:00,0.647,1.03,0.647,2.122807,3.37943,8.19632013412935,11.1609465656229,311.389803921569,29.9939029857376,0,26.2925627500991,50.2599977510066,8.99,9.326,4.252
"2780",2026-02-02 22:19:00,0.6435,1.025,0.6435,2.1113235,3.363025,8.02193034404149,10.8121669854472,312.232156862745,29.9944935854525,0,26.2819375945247,50.5799977366875,9.023,9.35933333333333,4.228
"2781",2026-02-02 22:20:00,0.64,1.02,0.64,2.09984,3.34662,7.84754055395363,10.4633874052715,313.074509803922,29.9950841851675,0,26.2713124389502,50.8999977223684,9.056,9.39266666666667,4.204
"2782",2026-02-02 22:21:00,0.6375,1.0175,0.6375,2.0916375,3.3384175,8.10912523908542,10.8993618804912,311.95137254902,29.9950841851675,0,26.2606809725143,50.8399977250533,9.089,9.426,4.18
"2783",2026-02-02 22:22:00,0.635,1.015,0.635,2.083435,3.330215,8.3707099242172,11.3353363557108,310.828235294118,29.9950841851675,0,26.2500495060784,50.7799977277381,9.122,9.45933333333333,4.156
"2784",2026-02-02 22:23:00,0.6325,1.0125,0.6325,2.0752325,3.3220125,8.63229460934899,11.7713108309304,309.705098039216,29.9950841851675,0,26.2394180396425,50.7199977304229,9.155,9.49266666666667,4.132
"2785",2026-02-02 22:24:00,0.63,1.01,0.63,2.06703,3.31381,8.89387929448078,12.2072853061501,308.581960784314,29.9950841851675,0,26.2287865732066,50.6599977331078,9.188,9.526,4.108
"2786",2026-02-02 22:25:00,0.6275,1.0075,0.6275,2.0588275,3.3056075,9.15546397961257,12.6432597813697,307.458823529412,29.9950841851675,0,26.2181551067707,50.5999977357926,9.22266666666667,9.55666666666667,4.08216666666667
"2787",2026-02-02 22:26:00,0.625,1.005,0.625,2.050625,3.297405,9.06826908456864,12.4688699912819,308.020392156863,29.9950841851675,0,26.2181551067707,50.5599977375825,9.25733333333333,9.58733333333333,4.05633333333333
"2788",2026-02-02 22:27:00,0.6225,1.0025,0.6225,2.0424225,3.2892025,8.98107418952471,12.294480201194,308.581960784314,29.9950841851675,0,26.2181551067707,50.5199977393724,9.292,9.618,4.0305
"2789",2026-02-02 22:28:00,0.62,1,0.62,2.03422,3.281,8.89387929448078,12.1200904111062,309.143529411765,29.9950841851675,0,26.2181551067707,50.4799977411623,9.32666666666667,9.64866666666667,4.00466666666667
"2790",2026-02-02 22:29:00,0.6175,0.9975,0.6175,2.0260175,3.2727975,8.80668439943685,11.9457006210183,309.705098039216,29.9950841851675,0,26.2181551067707,50.4399977429521,9.36133333333333,9.67933333333333,3.97883333333333
"2791",2026-02-02 22:30:00,0.615,0.995,0.615,2.017815,3.264595,8.71948950439292,11.7713108309304,310.266666666667,29.9950841851675,0,26.2181551067707,50.399997744742,9.396,9.71,3.953
"2792",2026-02-02 22:31:00,0.6125,0.9925,0.6125,2.0096125,3.2563925,8.63229460934899,11.8585057259744,310.828235294118,29.9962653845974,0,26.1862226818461,50.8199977259482,9.42433333333333,9.74016666666667,3.92783333333333
"2793",2026-02-02 22:32:00,0.61,0.99,0.61,2.00141,3.24819,8.54509971430506,11.9457006210183,311.389803921569,29.9974465840273,0,26.1542902569215,51.2399977071544,9.45266666666667,9.77033333333333,3.90266666666667
"2794",2026-02-02 22:33:00,0.6075,0.9875,0.6075,1.9932075,3.2399875,8.45790481926113,12.0328955160622,311.95137254902,29.9986277834572,0,26.122357831997,51.6599976883606,9.481,9.8005,3.8775
"2795",2026-02-02 22:34:00,0.605,0.985,0.605,1.985005,3.231785,8.3707099242172,12.1200904111062,312.512941176471,29.9998089828871,0,26.0904254070724,52.0799976695668,9.50933333333333,9.83066666666667,3.85233333333333
"2796",2026-02-02 22:35:00,0.6025,0.9825,0.6025,1.9768025,3.2235825,8.28351502917327,12.2072853061501,313.074509803922,30.0009901823171,0,26.0584929821478,52.499997650773,9.53766666666667,9.86083333333333,3.82716666666667
"2797",2026-02-02 22:36:00,0.6,0.98,0.6,1.9686,3.21538,8.3707099242172,12.4688699912819,313.074509803922,30.0003995826021,0,26.0691434774843,52.4399976534578,9.566,9.891,3.802
"2798",2026-02-02 22:37:00,0.5975,0.9775,0.5975,1.9603975,3.2071775,8.45790481926113,12.7304546764137,313.074509803922,29.9998089828871,0,26.0797939728208,52.3799976561426,9.588,9.92,3.7775
"2799",2026-02-02 22:38:00,0.595,0.975,0.595,1.952195,3.198975,8.54509971430506,12.9920393615455,313.074509803922,29.9992183831722,0,26.0904444681573,52.3199976588274,9.61,9.949,3.753
"2800",2026-02-02 22:39:00,0.5925,0.9725,0.5925,1.9439925,3.1907725,8.63229460934899,13.2536240466772,313.074509803922,29.9986277834572,0,26.1010949634938,52.2599976615123,9.632,9.978,3.7285
"2801",2026-02-02 22:40:00,0.59,0.97,0.59,1.93579,3.18257,8.71948950439292,13.515208731809,313.074509803922,29.9980371837423,0,26.1117454588303,52.1999976641971,9.654,10.007,3.704
"2802",2026-02-02 22:41:00,0.596,0.9755,0.596,1.955476,3.2006155,8.63229460934899,13.0792342565894,313.355294117647,29.9980371837423,0,26.0904380929264,52.0599976704617,9.676,10.036,3.6795
"2803",2026-02-02 22:42:00,0.602,0.981,0.602,1.975162,3.218661,8.54509971430506,12.6432597813697,313.636078431373,29.9980371837423,0,26.0691307270226,51.9199976767263,9.698,10.065,3.655
"2804",2026-02-02 22:43:00,0.608,0.9865,0.608,1.994848,3.2367065,8.45790481926113,12.2072853061501,313.916862745098,29.9980371837423,0,26.0478233611188,51.7799976829909,9.73033333333333,10.0916666666667,3.62766666666667
"2805",2026-02-02 22:44:00,0.614,0.992,0.614,2.014534,3.254752,8.3707099242172,11.7713108309304,314.197647058824,29.9980371837423,0,26.026515995215,51.6399976892555,9.76266666666667,10.1183333333333,3.60033333333333
"2806",2026-02-02 22:45:00,0.62,0.9975,0.62,2.03422,3.2727975,8.28351502917327,11.3353363557108,314.478431372549,29.9980371837423,0,26.0052086293112,51.4999976955201,9.795,10.145,3.573
"2807",2026-02-02 22:46:00,0.626,1.003,0.626,2.053906,3.290843,8.10912523908542,11.2481414606669,315.320784313725,29.9980371837423,0,25.9838756975906,51.5799976919404,9.82733333333333,10.1716666666667,3.54566666666667
"2808",2026-02-02 22:47:00,0.632,1.0085,0.632,2.073592,3.3088885,7.93473544899756,11.1609465656229,316.163137254902,29.9980371837423,0,25.9625427658699,51.6599976883606,9.85966666666667,10.1983333333333,3.51833333333333
"2809",2026-02-02 22:48:00,0.638,1.014,0.638,2.093278,3.326934,7.7603456589097,11.073751670579,317.005490196078,29.9980371837423,0,25.9412098341493,51.7399976847808,9.892,10.225,3.491
"2810",2026-02-02 22:49:00,0.644,1.0195,0.644,2.112964,3.3449795,7.58595586882184,10.9865567755351,317.847843137255,29.9980371837423,0,25.9198769024287,51.819997681201,9.915,10.248,3.46466666666667
"2811",2026-02-02 22:50:00,0.65,1.025,0.65,2.13265,3.363025,7.41156607873398,10.8993618804912,318.690196078431,29.9980371837423,0,25.898543970708,51.8999976776213,9.938,10.271,3.43833333333333
"2812",2026-02-02 22:51:00,0.656,1.0305,0.656,2.152336,3.3810705,7.41156607873398,10.9865567755351,317.567058823529,29.9992183831722,0,25.8450989341446,51.7599976838859,9.961,10.294,3.412
"2813",2026-02-02 22:52:00,0.662,1.036,0.662,2.172022,3.399116,7.41156607873398,11.073751670579,316.443921568627,30.0003995826021,0,25.7916538975811,51.6199976901505,9.984,10.317,3.38566666666667
"2814",2026-02-02 22:53:00,0.668,1.0415,0.668,2.191708,3.4171615,7.41156607873398,11.1609465656229,315.320784313725,30.001580782032,0,25.7382088610177,51.4799976964151,10.007,10.34,3.35933333333333
"2815",2026-02-02 22:54:00,0.674,1.047,0.674,2.211394,3.435207,7.41156607873398,11.2481414606669,314.197647058824,30.0027619814619,0,25.6847638244542,51.3399977026797,10.03,10.363,3.333
"2816",2026-02-02 22:55:00,0.68,1.0525,0.68,2.23108,3.4532525,7.41156607873398,11.3353363557108,313.074509803922,30.0039431808919,0,25.6313187878908,51.1999977089443,10.0455,10.3843333333333,3.30783333333333
"2817",2026-02-02 22:56:00,0.686,1.058,0.686,2.250766,3.471298,7.41156607873398,11.2481414606669,312.793725490196,30.0045337806068,0,25.6098953448197,51.3799977008898,10.061,10.4056666666667,3.28266666666667
"2818",2026-02-02 22:57:00,0.692,1.0635,0.692,2.270452,3.4893435,7.41156607873398,11.1609465656229,312.512941176471,30.0051243803218,0,25.5884719017487,51.5599976928353,10.0765,10.427,3.2575
"2819",2026-02-02 22:58:00,0.698,1.069,0.698,2.290138,3.507389,7.41156607873398,11.073751670579,312.232156862745,30.0057149800367,0,25.5670484586777,51.7399976847808,10.092,10.4483333333333,3.23233333333333
"2820",2026-02-02 22:59:00,0.704,1.0745,0.704,2.309824,3.5254345,7.41156607873398,10.9865567755351,311.95137254902,30.0063055797517,0,25.5456250156066,51.9199976767263,10.1075,10.4696666666667,3.20716666666667
"2821",2026-02-02 23:00:00,0.71,1.08,0.71,2.32951,3.54348,7.41156607873398,10.8993618804912,311.670588235294,30.0068961794667,0,25.5242015725356,52.0999976686718,10.123,10.491,3.182
"2822",2026-02-02 23:01:00,0.709,1.0805,0.709,2.326229,3.5451205,7.1499813936022,10.7249720904033,310.828235294118,30.0074867791816,0,25.4920173195351,52.4599976525628,10.1423333333333,10.5101666666667,3.158
"2823",2026-02-02 23:02:00,0.708,1.081,0.708,2.322948,3.546761,6.88839670847041,10.5505823003154,309.985882352941,30.0080773788966,0,25.4598330665345,52.8199976364538,10.1616666666667,10.5293333333333,3.134
"2824",2026-02-02 23:03:00,0.707,1.0815,0.707,2.319667,3.5484015,6.62681202333862,10.3761925102276,309.143529411765,30.0086679786115,0,25.427648813534,53.1799976203449,10.181,10.5485,3.11
"2825",2026-02-02 23:04:00,0.706,1.082,0.706,2.316386,3.550042,6.36522733820683,10.2018027201397,308.301176470588,30.0092585783265,0,25.3954645605334,53.5399976042359,10.2003333333333,10.5676666666667,3.086
"2826",2026-02-02 23:05:00,0.705,1.0825,0.705,2.313105,3.5516825,6.10364265307504,10.0274129300519,307.458823529412,30.0098491780415,0,25.3632803075329,53.8999975881269,10.2196666666667,10.5868333333333,3.062
"2827",2026-02-02 23:06:00,0.704,1.083,0.704,2.309824,3.553323,6.2780324431629,9.94021803500793,307.739607843137,30.0092585783265,0,25.3954645605334,53.6799975979713,10.239,10.606,3.038
"2828",2026-02-02 23:07:00,0.703,1.0835,0.703,2.306543,3.5549635,6.45242223325076,9.853023139964,308.020392156863,30.0086679786115,0,25.427648813534,53.4599976078156,10.2576666666667,10.6213333333333,3.01333333333333
"2829",2026-02-02 23:08:00,0.702,1.084,0.702,2.303262,3.556604,6.62681202333862,9.76582824492007,308.301176470588,30.0080773788966,0,25.4598330665345,53.23999761766,10.2763333333333,10.6366666666667,2.98866666666667
"2830",2026-02-02 23:09:00,0.701,1.0845,0.701,2.299981,3.5582445,6.80120181342648,9.67863334987614,308.581960784314,30.0074867791816,0,25.4920173195351,53.0199976275044,10.295,10.652,2.964
"2831",2026-02-02 23:10:00,0.7,1.085,0.7,2.2967,3.559885,6.97559160351434,9.59143845483221,308.862745098039,30.0068961794667,0,25.5242015725356,52.7999976373488,10.3136666666667,10.6673333333333,2.93933333333333
"2832",2026-02-02 23:11:00,0.699,1.0855,0.699,2.293419,3.5615255,7.06278649855827,9.59143845483221,308.581960784314,30.0068961794667,0,25.5134800500234,52.7599976391387,10.3323333333333,10.6826666666667,2.91466666666667
"2833",2026-02-02 23:12:00,0.698,1.086,0.698,2.290138,3.563166,7.1499813936022,9.59143845483221,308.301176470588,30.0068961794667,0,25.5027585275111,52.7199976409286,10.351,10.698,2.89
"2834",2026-02-02 23:13:00,0.697,1.0865,0.697,2.286857,3.5648065,7.23717628864612,9.59143845483221,308.020392156863,30.0068961794667,0,25.4920370049989,52.6799976427185,10.3656666666667,10.7105,2.865
"2835",2026-02-02 23:14:00,0.696,1.087,0.696,2.283576,3.566447,7.32437118369005,9.59143845483221,307.739607843137,30.0068961794667,0,25.4813154824867,52.6399976445083,10.3803333333333,10.723,2.84
"2836",2026-02-02 23:15:00,0.695,1.0875,0.695,2.280295,3.5680875,7.41156607873398,9.59143845483221,307.458823529412,30.0068961794667,0,25.4705939599744,52.5999976462982,10.395,10.7355,2.815
"2837",2026-02-02 23:16:00,0.694,1.088,0.694,2.277014,3.569728,7.41156607873398,9.76582824492007,307.739607843137,30.0080773788966,0,25.4491312294861,52.7999976373488,10.4096666666667,10.748,2.79
"2838",2026-02-02 23:17:00,0.693,1.0885,0.693,2.273733,3.5713685,7.41156607873398,9.94021803500793,308.020392156863,30.0092585783265,0,25.4276684989978,52.9999976283994,10.4243333333333,10.7605,2.765
"2839",2026-02-02 23:18:00,0.692,1.089,0.692,2.270452,3.573009,7.41156607873398,10.1146078250958,308.301176470588,30.0104397777564,0,25.4062057685095,53.1999976194499,10.439,10.773,2.74
"2840",2026-02-02 23:19:00,0.691,1.0895,0.691,2.267171,3.5746495,7.41156607873398,10.2889976151836,308.581960784314,30.0116209771863,0,25.3847430380212,53.3999976105005,10.452,10.784,2.72083333333333
"2841",2026-02-02 23:20:00,0.69,1.09,0.69,2.26389,3.57629,7.41156607873398,10.4633874052715,308.862745098039,30.0128021766163,0,25.3632803075329,53.599997601551,10.465,10.795,2.70166666666667
"2842",2026-02-02 23:21:00,0.6875,1.086,0.6875,2.2556875,3.563166,7.32437118369005,10.4633874052715,308.862745098039,30.0128021766163,0,25.3740149592716,53.4199976096055,10.478,10.806,2.6825
"2843",2026-02-02 23:22:00,0.685,1.082,0.685,2.247485,3.550042,7.23717628864612,10.4633874052715,308.862745098039,30.0128021766163,0,25.3847496110104,53.23999761766,10.491,10.817,2.66333333333333
"2844",2026-02-02 23:23:00,0.6825,1.078,0.6825,2.2392825,3.536918,7.1499813936022,10.4633874052715,308.862745098039,30.0128021766163,0,25.3954842627491,53.0599976257145,10.504,10.828,2.64416666666667
"2845",2026-02-02 23:24:00,0.68,1.074,0.68,2.23108,3.523794,7.06278649855827,10.4633874052715,308.862745098039,30.0128021766163,0,25.4062189144879,52.879997633769,10.517,10.839,2.625
"2846",2026-02-02 23:25:00,0.6775,1.07,0.6775,2.2228775,3.51067,6.97559160351434,10.4633874052715,308.862745098039,30.0128021766163,0,25.4169535662267,52.6999976418235,10.5185,10.8498333333333,2.60633333333333
"2847",2026-02-02 23:26:00,0.675,1.066,0.675,2.214675,3.497546,6.97559160351434,10.2889976151836,309.143529411765,30.0116209771863,0,25.3954776729572,52.859997634664,10.52,10.8606666666667,2.58766666666667
"2848",2026-02-02 23:27:00,0.6725,1.062,0.6725,2.2064725,3.484422,6.97559160351434,10.1146078250958,309.42431372549,30.0104397777564,0,25.3740017796877,53.0199976275044,10.5215,10.8715,2.569
"2849",2026-02-02 23:28:00,0.67,1.058,0.67,2.19827,3.471298,6.97559160351434,9.94021803500793,309.705098039216,30.0092585783265,0,25.3525258864183,53.1799976203449,10.523,10.8823333333333,2.55033333333333
"2850",2026-02-02 23:29:00,0.6675,1.054,0.6675,2.1900675,3.458174,6.97559160351434,9.76582824492007,309.985882352941,30.0080773788966,0,25.3310499931488,53.3399976131853,10.5245,10.8931666666667,2.53166666666667
"2851",2026-02-02 23:30:00,0.665,1.05,0.665,2.181865,3.44505,6.97559160351434,9.59143845483221,310.266666666667,30.0068961794667,0,25.3095740998793,53.4999976060258,10.526,10.904,2.513
"2852",2026-02-02 23:31:00,0.6625,1.046,0.6625,2.1736625,3.431926,6.88839670847041,9.50424355978828,309.985882352941,30.0074867791816,0,25.2988262517035,53.1599976212398,10.5358333333333,10.9106666666667,2.49116666666667
"2853",2026-02-02 23:32:00,0.66,1.042,0.66,2.16546,3.418802,6.80120181342648,9.41704866474435,309.705098039216,30.0080773788966,0,25.2880784035276,52.8199976364538,10.5456666666667,10.9173333333333,2.46933333333333
"2854",2026-02-02 23:33:00,0.6575,1.038,0.6575,2.1572575,3.405678,6.71400691838255,9.32985376970042,309.42431372549,30.0086679786115,0,25.2773305553518,52.4799976516679,10.5555,10.924,2.4475
"2855",2026-02-02 23:34:00,0.655,1.034,0.655,2.149055,3.392554,6.62681202333862,9.2426588746565,309.143529411765,30.0092585783265,0,25.2665827071759,52.1399976668819,10.5653333333333,10.9306666666667,2.42566666666667
"2856",2026-02-02 23:35:00,0.6525,1.03,0.6525,2.1408525,3.37943,6.53961712829469,9.15546397961257,308.862745098039,30.0098491780415,0,25.255834859,51.799997682096,10.5751666666667,10.9373333333333,2.40383333333333
"2857",2026-02-02 23:36:00,0.65,1.026,0.65,2.13265,3.366306,6.62681202333862,9.50424355978828,308.862745098039,30.0092585783265,0,25.2235515053048,51.819997681201,10.585,10.944,2.382
"2858",2026-02-02 23:37:00,0.6475,1.022,0.6475,2.1244475,3.353182,6.71400691838255,9.853023139964,308.862745098039,30.0086679786115,0,25.1912681516096,51.8399976803061,10.59,10.9495,2.358
"2859",2026-02-02 23:38:00,0.645,1.018,0.645,2.116245,3.340058,6.80120181342648,10.2018027201397,308.862745098039,30.0080773788966,0,25.1589847979144,51.8599976794111,10.595,10.955,2.334
"2860",2026-02-02 23:39:00,0.6425,1.014,0.6425,2.1080425,3.326934,6.88839670847041,10.5505823003154,308.862745098039,30.0074867791816,0,25.1267014442193,51.8799976785162,10.6,10.9605,2.31
"2861",2026-02-02 23:40:00,0.64,1.01,0.64,2.09984,3.31381,6.97559160351434,10.8993618804912,308.862745098039,30.0068961794667,0,25.0944180905241,51.8999976776213,10.605,10.966,2.286
"2862",2026-02-02 23:41:00,0.6375,1.0065,0.6375,2.0916375,3.3023265,6.97559160351434,10.8993618804912,309.705098039216,30.0068961794667,0,25.1159469724941,51.8999976776213,10.61,10.9715,2.262
"2863",2026-02-02 23:42:00,0.635,1.003,0.635,2.083435,3.290843,6.97559160351434,10.8993618804912,310.547450980392,30.0068961794667,0,25.1374758544642,51.8999976776213,10.615,10.977,2.238
"2864",2026-02-02 23:43:00,0.6325,0.9995,0.6325,2.0752325,3.2793595,6.97559160351434,10.8993618804912,311.389803921569,30.0068961794667,0,25.1590047364343,51.8999976776213,10.6135,10.9791666666667,2.21716666666667
"2865",2026-02-02 23:44:00,0.63,0.996,0.63,2.06703,3.267876,6.97559160351434,10.8993618804912,312.232156862745,30.0068961794667,0,25.1805336184043,51.8999976776213,10.612,10.9813333333333,2.19633333333333
"2866",2026-02-02 23:45:00,0.6275,0.9925,0.6275,2.0588275,3.2563925,6.97559160351434,10.8993618804912,313.074509803922,30.0068961794667,0,25.2020625003744,51.8999976776213,10.6105,10.9835,2.1755
"2867",2026-02-02 23:46:00,0.625,0.989,0.625,2.050625,3.244909,6.80120181342648,10.5505823003154,312.793725490196,30.0074867791816,0,25.1481901932764,51.9999976731465,10.609,10.9856666666667,2.15466666666667
"2868",2026-02-02 23:47:00,0.6225,0.9855,0.6225,2.0424225,3.2334255,6.62681202333862,10.2018027201397,312.512941176471,30.0080773788966,0,25.0943178861784,52.0999976686718,10.6075,10.9878333333333,2.13383333333333
"2869",2026-02-02 23:48:00,0.62,0.982,0.62,2.03422,3.221942,6.45242223325076,9.853023139964,312.232156862745,30.0086679786115,0,25.0404455790804,52.1999976641971,10.606,10.99,2.113
"2870",2026-02-02 23:49:00,0.6175,0.9785,0.6175,2.0260175,3.2104585,6.2780324431629,9.50424355978828,311.95137254902,30.0092585783265,0,24.9865732719823,52.2999976597224,10.6045,10.9893333333333,2.09266666666667
"2871",2026-02-02 23:50:00,0.615,0.975,0.615,2.017815,3.198975,6.10364265307504,9.15546397961257,311.670588235294,30.0098491780415,0,24.9327009648843,52.3999976552477,10.603,10.9886666666667,2.07233333333333
"2872",2026-02-02 23:51:00,0.6125,0.9715,0.6125,2.0096125,3.1874915,6.2780324431629,9.32985376970042,311.389803921569,30.0092585783265,0,24.9650443900123,52.2799976606173,10.6015,10.988,2.052
"2873",2026-02-02 23:52:00,0.61,0.968,0.61,2.00141,3.176008,6.45242223325076,9.50424355978828,311.109019607843,30.0086679786115,0,24.9973878151402,52.159997665987,10.6,10.9873333333333,2.03166666666667
"2874",2026-02-02 23:53:00,0.6075,0.9645,0.6075,1.9932075,3.1645245,6.62681202333862,9.67863334987614,310.828235294118,30.0080773788966,0,25.0297312402682,52.0399976713566,10.5985,10.9866666666667,2.01133333333333
"2875",2026-02-02 23:54:00,0.605,0.961,0.605,1.985005,3.153041,6.80120181342648,9.853023139964,310.547450980392,30.0074867791816,0,25.0620746653961,51.9199976767263,10.597,10.986,1.991
"2876",2026-02-02 23:55:00,0.6025,0.9575,0.6025,1.9768025,3.1415575,6.97559160351434,10.0274129300519,310.266666666667,30.0068961794667,0,25.0944180905241,51.799997682096,10.589,10.9828333333333,1.966
"2877",2026-02-02 23:56:00,0.6,0.954,0.6,1.9686,3.130074,6.97559160351434,9.94021803500793,309.143529411765,30.0080773788966,0,25.0836436462144,51.9599976749364,10.581,10.9796666666667,1.941
"2878",2026-02-02 23:57:00,0.5975,0.9505,0.5975,1.9603975,3.1185905,6.97559160351434,9.853023139964,308.020392156863,30.0092585783265,0,25.0728692019048,52.1199976677769,10.573,10.9765,1.916
"2879",2026-02-02 23:58:00,0.595,0.947,0.595,1.952195,3.107107,6.97559160351434,9.76582824492007,306.897254901961,30.0104397777564,0,25.0620947575952,52.2799976606173,10.565,10.9733333333333,1.891
"2880",2026-02-02 23:59:00,0.5925,0.9435,0.5925,1.9439925,3.0956235,6.97559160351434,9.67863334987614,305.774117647059,30.0116209771863,0,25.0513203132856,52.4399976534578,10.557,10.9701666666667,1.866
"2881",2026-02-03,0.59,0.94,0.59,1.93579,3.08414,6.97559160351434,9.59143845483221,304.650980392157,30.0128021766163,0,25.0405458689759,52.5999976462982,10.549,10.967,1.841
