"","Time_ET","Harbor_Entrance_Hs_Wave_Height_m","Harbor_Entrance_Hmax_Wave_Height_m","Harbor_Entrance_Mean_Wave_Direction__Deg","Harbor_Entrance_Hs_Wave_Height_ft","Harbor_Entrance_Hmax_Wave_Height_ft","Wind.Speed_RMYoung_mph","Gust.Speed_RMYoung_mph","Wind.Direction_RMYoung_deg","Pressure_inHg","Rain_in","Temperature_degF","RH_%","Gallops_Water_Level_ft","Boston_Water_MLLW","Fall_River_Water_MLLW"
"1",2026-02-22,0.64,1.01,0.64,2.09984,3.31381,1.30792342565894,2.17987237609823,306.054901960784,30.1781700968048,0,28.3206043827844,90.0999959682789,7.964,8.332,5.22
"2",2026-02-22 00:01:00,0.64,1.01,0.64,2.09984,3.31381,1.30792342565894,2.0926774810543,307.458823529412,30.1787606965198,0,28.3413807691084,90.0799959691739,8.00016666666667,8.36483333333333,5.2095
"3",2026-02-22 00:02:00,0.64,1.01,0.64,2.09984,3.31381,1.30792342565894,2.00548258601037,308.862745098039,30.1793512962347,0,28.3621571554324,90.0599959700688,8.03633333333333,8.39766666666667,5.199
"4",2026-02-22 00:03:00,0.64,1.01,0.64,2.09984,3.31381,1.30792342565894,1.91828769096644,310.266666666667,30.1799418959497,0,28.3829335417565,90.0399959709637,8.0725,8.4305,5.1885
"5",2026-02-22 00:04:00,0.64,1.01,0.64,2.09984,3.31381,1.30792342565894,1.83109279592251,311.670588235294,30.1805324956646,0,28.4037099280805,90.0199959718587,8.10866666666667,8.46333333333333,5.178
"6",2026-02-22 00:05:00,0.64,1.01,0.64,2.09984,3.31381,1.30792342565894,1.74389790087858,313.074509803922,30.1811230953796,0,28.4244863144045,89.9999959727536,8.14483333333333,8.49616666666667,5.1675
"7",2026-02-22 00:06:00,0.64,1.01,0.64,2.09984,3.31381,1.39511832070287,1.83109279592251,316.163137254902,30.1805324956646,0,28.4556082369384,89.9199959763334,8.181,8.529,5.157
"8",2026-02-22 00:07:00,0.64,1.01,0.64,2.09984,3.31381,1.4823132157468,1.91828769096644,319.251764705882,30.1799418959497,0,28.4867301594723,89.8399959799132,8.21933333333333,8.564,5.14616666666667
"9",2026-02-22 00:08:00,0.64,1.01,0.64,2.09984,3.31381,1.56950811079073,2.00548258601037,322.340392156863,30.1793512962347,0,28.5178520820063,89.7599959834929,8.25766666666667,8.599,5.13533333333333
"10",2026-02-22 00:09:00,0.64,1.01,0.64,2.09984,3.31381,1.65670300583466,2.0926774810543,325.429019607843,30.1787606965198,0,28.5489740045402,89.6799959870727,8.296,8.634,5.1245
"11",2026-02-22 00:10:00,0.64,1.01,0.64,2.09984,3.31381,1.74389790087858,2.17987237609823,328.517647058824,30.1781700968048,0,28.5800959270741,89.5999959906525,8.33433333333333,8.669,5.11366666666667
"12",2026-02-22 00:11:00,0.64,1.01,0.64,2.09984,3.31381,1.74389790087858,2.26706727114216,329.36,30.1781700968048,0,28.5904585827726,89.5799959915474,8.37266666666667,8.704,5.10283333333333
"13",2026-02-22 00:12:00,0.64,1.01,0.64,2.09984,3.31381,1.74389790087858,2.35426216618609,330.202352941176,30.1781700968048,0,28.600821238471,89.5599959924424,8.411,8.739,5.092
"14",2026-02-22 00:13:00,0.64,1.01,0.64,2.09984,3.31381,1.74389790087858,2.44145706123002,331.044705882353,30.1781700968048,0,28.6111838941695,89.5399959933373,8.44233333333333,8.77566666666667,5.0805
"15",2026-02-22 00:14:00,0.64,1.01,0.64,2.09984,3.31381,1.74389790087858,2.52865195627395,331.887058823529,30.1781700968048,0,28.621546549868,89.5199959942323,8.47366666666667,8.81233333333333,5.069
"16",2026-02-22 00:15:00,0.64,1.01,0.64,2.09984,3.31381,1.74389790087858,2.61584685131788,332.729411764706,30.1781700968048,0,28.6319092055664,89.4999959951272,8.505,8.849,5.0575
"17",2026-02-22 00:16:00,0.64,1.01,0.64,2.09984,3.31381,1.74389790087858,2.70304174636181,334.694901960784,30.1787606965198,0,28.6422662255387,89.439995997812,8.53633333333333,8.88566666666667,5.046
"18",2026-02-22 00:17:00,0.64,1.01,0.64,2.09984,3.31381,1.74389790087858,2.79023664140573,336.660392156863,30.1793512962347,0,28.6526232455109,89.3799960004969,8.56766666666667,8.92233333333333,5.0345
"19",2026-02-22 00:18:00,0.64,1.01,0.64,2.09984,3.31381,1.74389790087858,2.87743153644966,338.625882352941,30.1799418959497,0,28.6629802654832,89.3199960031817,8.599,8.959,5.023
"20",2026-02-22 00:19:00,0.64,1.01,0.64,2.09984,3.31381,1.74389790087858,2.96462643149359,340.59137254902,30.1805324956646,0,28.6733372854555,89.2599960058665,8.6355,8.99066666666667,5.0115
"21",2026-02-22 00:20:00,0.64,1.01,0.64,2.09984,3.31381,1.74389790087858,3.05182132653752,342.556862745098,30.1811230953796,0,28.6836943054277,89.1999960085514,8.672,9.02233333333333,5
"22",2026-02-22 00:21:00,0.64,1.0105,0.64,2.09984,3.3154505,1.83109279592251,3.05182132653752,342.837647058824,30.1811230953796,0,28.7043914943536,89.1999960085514,8.7085,9.054,4.9885
"23",2026-02-22 00:22:00,0.64,1.011,0.64,2.09984,3.317091,1.91828769096644,3.05182132653752,343.118431372549,30.1811230953796,0,28.7250886832794,89.1999960085514,8.745,9.08566666666667,4.977
"24",2026-02-22 00:23:00,0.64,1.0115,0.64,2.09984,3.3187315,2.00548258601037,3.05182132653752,343.399215686275,30.1811230953796,0,28.7457858722052,89.1999960085514,8.7815,9.11733333333333,4.9655
"25",2026-02-22 00:24:00,0.64,1.012,0.64,2.09984,3.320372,2.0926774810543,3.05182132653752,343.68,30.1811230953796,0,28.7664830611311,89.1999960085514,8.818,9.149,4.954
"26",2026-02-22 00:25:00,0.64,1.0125,0.64,2.09984,3.3220125,2.17987237609823,3.05182132653752,343.960784313726,30.1811230953796,0,28.7871802500569,89.1999960085514,8.84783333333333,9.178,4.9415
"27",2026-02-22 00:26:00,0.64,1.013,0.64,2.09984,3.323653,2.17987237609823,3.22621111662538,345.926274509804,30.1805324956646,0,28.7871802500569,89.0999960130261,8.87766666666667,9.207,4.929
"28",2026-02-22 00:27:00,0.64,1.0135,0.64,2.09984,3.3252935,2.17987237609823,3.40060090671324,347.891764705882,30.1799418959497,0,28.7871802500569,88.9999960175008,8.9075,9.236,4.9165
"29",2026-02-22 00:28:00,0.64,1.014,0.64,2.09984,3.326934,2.17987237609823,3.5749906968011,349.857254901961,30.1793512962347,0,28.7871802500569,88.8999960219755,8.93733333333333,9.265,4.904
"30",2026-02-22 00:29:00,0.64,1.0145,0.64,2.09984,3.3285745,2.17987237609823,3.74938048688896,351.822745098039,30.1787606965198,0,28.7871802500569,88.7999960264502,8.96716666666667,9.294,4.8915
"31",2026-02-22 00:30:00,0.64,1.015,0.64,2.09984,3.330215,2.17987237609823,3.92377027697681,353.788235294118,30.1781700968048,0,28.7871802500569,88.699996030925,8.997,9.323,4.879
"32",2026-02-22 00:31:00,0.64,1.0155,0.64,2.09984,3.3318555,2.17987237609823,3.92377027697681,353.788235294118,30.1787606965198,0,28.7975204469936,88.6199960345047,9.027,9.35366666666667,4.86366666666667
"33",2026-02-22 00:32:00,0.64,1.016,0.64,2.09984,3.333496,2.17987237609823,3.92377027697681,353.788235294118,30.1793512962347,0,28.8078606439304,88.5399960380845,9.057,9.38433333333333,4.84833333333333
"34",2026-02-22 00:33:00,0.64,1.0165,0.64,2.09984,3.3351365,2.17987237609823,3.92377027697681,353.788235294118,30.1799418959497,0,28.8182008408671,88.4599960416643,9.087,9.415,4.833
"35",2026-02-22 00:34:00,0.64,1.017,0.64,2.09984,3.336777,2.17987237609823,3.92377027697681,353.788235294118,30.1805324956646,0,28.8285410378038,88.379996045244,9.117,9.44566666666667,4.81766666666667
"36",2026-02-22 00:35:00,0.64,1.0175,0.64,2.09984,3.3384175,2.17987237609823,3.92377027697681,353.788235294118,30.1811230953796,0,28.8388812347406,88.2999960488238,9.147,9.47633333333333,4.80233333333333
"37",2026-02-22 00:36:00,0.64,1.018,0.64,2.09984,3.340058,2.26706727114216,3.92377027697681,352.38431372549,30.1811230953796,0,28.8595449032302,88.1999960532985,9.177,9.507,4.787
"38",2026-02-22 00:37:00,0.64,1.0185,0.64,2.09984,3.3416985,2.35426216618609,3.92377027697681,350.980392156863,30.1811230953796,0,28.8802085717199,88.0999960577733,9.20683333333333,9.531,4.7695
"39",2026-02-22 00:38:00,0.64,1.019,0.64,2.09984,3.343339,2.44145706123002,3.92377027697681,349.576470588235,30.1811230953796,0,28.9008722402095,87.999996062248,9.23666666666667,9.555,4.752
"40",2026-02-22 00:39:00,0.64,1.0195,0.64,2.09984,3.3449795,2.52865195627395,3.92377027697681,348.172549019608,30.1811230953796,0,28.9215359086992,87.8999960667227,9.2665,9.579,4.7345
"41",2026-02-22 00:40:00,0.64,1.02,0.64,2.09984,3.34662,2.61584685131788,3.92377027697681,346.76862745098,30.1811230953796,0,28.9421995771888,87.7999960711974,9.29633333333333,9.603,4.717
"42",2026-02-22 00:41:00,0.639,1.0185,0.639,2.096559,3.3416985,2.61584685131788,3.92377027697681,347.330196078431,30.1817136950946,0,28.9421995771888,87.7399960738823,9.32616666666667,9.627,4.6995
"43",2026-02-22 00:42:00,0.638,1.017,0.638,2.093278,3.336777,2.61584685131788,3.92377027697681,347.891764705882,30.1823042948095,0,28.9421995771888,87.6799960765671,9.356,9.651,4.682
"44",2026-02-22 00:43:00,0.637,1.0155,0.637,2.089997,3.3318555,2.61584685131788,3.92377027697681,348.453333333333,30.1828948945245,0,28.9421995771888,87.6199960792519,9.38283333333333,9.68,4.66166666666667
"45",2026-02-22 00:44:00,0.636,1.014,0.636,2.086716,3.326934,2.61584685131788,3.92377027697681,349.014901960784,30.1834854942394,0,28.9421995771888,87.5599960819367,9.40966666666667,9.709,4.64133333333333
"46",2026-02-22 00:45:00,0.635,1.0125,0.635,2.083435,3.3220125,2.61584685131788,3.92377027697681,349.576470588235,30.1840760939544,0,28.9421995771888,87.4999960846216,9.4365,9.738,4.621
"47",2026-02-22 00:46:00,0.634,1.011,0.634,2.080154,3.317091,2.70304174636181,4.09816006706467,349.857254901961,30.1834854942394,0,28.9525230764944,87.4599960864115,9.46333333333333,9.767,4.60066666666667
"48",2026-02-22 00:47:00,0.633,1.0095,0.633,2.076873,3.3121695,2.79023664140573,4.27254985715253,350.138039215686,30.1828948945245,0,28.9628465758,87.4199960882013,9.49016666666667,9.796,4.58033333333333
"49",2026-02-22 00:48:00,0.632,1.008,0.632,2.073592,3.307248,2.87743153644966,4.44693964724039,350.418823529412,30.1823042948095,0,28.9731700751057,87.3799960899912,9.517,9.825,4.56
"50",2026-02-22 00:49:00,0.631,1.0065,0.631,2.070311,3.3023265,2.96462643149359,4.62132943732825,350.699607843137,30.1817136950946,0,28.9834935744113,87.3399960917811,9.54416666666667,9.854,4.5365
"51",2026-02-22 00:50:00,0.63,1.005,0.63,2.06703,3.297405,3.05182132653752,4.79571922741611,350.980392156863,30.1811230953796,0,28.9938170737169,87.299996093571,9.57133333333333,9.883,4.513
"52",2026-02-22 00:51:00,0.629,1.0035,0.629,2.063749,3.2924835,3.05182132653752,4.70852433237218,351.822745098039,30.1811230953796,0,28.9938170737169,87.1599960998356,9.5985,9.912,4.4895
"53",2026-02-22 00:52:00,0.628,1.002,0.628,2.060468,3.287562,3.05182132653752,4.62132943732825,352.665098039216,30.1811230953796,0,28.9938170737169,87.0199961061002,9.62566666666667,9.941,4.466
"54",2026-02-22 00:53:00,0.627,1.0005,0.627,2.057187,3.2826405,3.05182132653752,4.53413454228432,353.507450980392,30.1811230953796,0,28.9938170737169,86.8799961123648,9.65283333333333,9.97,4.4425
"55",2026-02-22 00:54:00,0.626,0.999,0.626,2.053906,3.277719,3.05182132653752,4.44693964724039,354.349803921569,30.1811230953796,0,28.9938170737169,86.7399961186294,9.68,9.999,4.419
"56",2026-02-22 00:55:00,0.625,0.9975,0.625,2.050625,3.2727975,3.05182132653752,4.35974475219646,355.192156862745,30.1811230953796,0,28.9938170737169,86.599996124894,9.7085,10.0263333333333,4.39716666666667
"57",2026-02-22 00:56:00,0.624,0.996,0.624,2.047344,3.267876,3.05182132653752,4.44693964724039,354.630588235294,30.1817136950946,0,29.0041350348346,86.5199961284738,9.737,10.0536666666667,4.37533333333333
"58",2026-02-22 00:57:00,0.623,0.9945,0.623,2.044063,3.2629545,3.05182132653752,4.53413454228432,354.069019607843,30.1823042948095,0,29.0144529959523,86.4399961320536,9.7655,10.081,4.3535
"59",2026-02-22 00:58:00,0.622,0.993,0.622,2.040782,3.258033,3.05182132653752,4.62132943732825,353.507450980392,30.1828948945245,0,29.02477095707,86.3599961356334,9.794,10.1083333333333,4.33166666666667
"60",2026-02-22 00:59:00,0.621,0.9915,0.621,2.037501,3.2531115,3.05182132653752,4.70852433237218,352.945882352941,30.1834854942394,0,29.0350889181877,86.2799961392131,9.8225,10.1356666666667,4.30983333333333
"61",2026-02-22 01:00:00,0.62,0.99,0.62,2.03422,3.24819,3.05182132653752,4.79571922741611,352.38431372549,30.1840760939544,0,29.0454068793054,86.1999961427929,9.851,10.163,4.288
"62",2026-02-22 01:01:00,0.622,0.9925,0.622,2.040782,3.2563925,3.13901622158145,4.97010901750397,351.822745098039,30.1834854942394,0,29.0557193160167,86.2799961392131,9.87183333333333,10.1838333333333,4.26616666666667
"63",2026-02-22 01:02:00,0.624,0.995,0.624,2.047344,3.264595,3.22621111662538,5.14449880759182,351.261176470588,30.1828948945245,0,29.066031752728,86.3599961356334,9.89266666666667,10.2046666666667,4.24433333333333
"64",2026-02-22 01:03:00,0.626,0.9975,0.626,2.053906,3.2727975,3.31340601166931,5.31888859767968,350.699607843137,30.1823042948095,0,29.0763441894393,86.4399961320536,9.9135,10.2255,4.2225
"65",2026-02-22 01:04:00,0.628,1,0.628,2.060468,3.281,3.40060090671324,5.49327838776754,350.138039215686,30.1817136950946,0,29.0866566261506,86.5199961284738,9.93433333333333,10.2463333333333,4.20066666666667
"66",2026-02-22 01:05:00,0.63,1.0025,0.63,2.06703,3.2892025,3.48779580175717,5.6676681778554,349.576470588235,30.1811230953796,0,29.0969690628619,86.599996124894,9.95516666666667,10.2671666666667,4.17883333333333
"67",2026-02-22 01:06:00,0.632,1.005,0.632,2.073592,3.297405,3.74938048688896,5.84205796794326,349.29568627451,30.1811230953796,0,29.1072759889104,86.5199961284738,9.976,10.288,4.157
"68",2026-02-22 01:07:00,0.634,1.0075,0.634,2.080154,3.3056075,4.01096517202074,6.01644775803112,349.014901960784,30.1811230953796,0,29.1175829149589,86.4399961320536,9.9985,10.3093333333333,4.13233333333333
"69",2026-02-22 01:08:00,0.636,1.01,0.636,2.086716,3.31381,4.27254985715253,6.19083754811897,348.734117647059,30.1811230953796,0,29.1278898410074,86.3599961356334,10.021,10.3306666666667,4.10766666666667
"70",2026-02-22 01:09:00,0.638,1.0125,0.638,2.093278,3.3220125,4.53413454228432,6.36522733820683,348.453333333333,30.1811230953796,0,29.138196767056,86.2799961392131,10.0435,10.352,4.083
"71",2026-02-22 01:10:00,0.64,1.015,0.64,2.09984,3.330215,4.79571922741611,6.53961712829469,348.172549019608,30.1811230953796,0,29.1485036931045,86.1999961427929,10.066,10.3733333333333,4.05833333333333
"72",2026-02-22 01:11:00,0.642,1.0175,0.642,2.106402,3.3384175,4.79571922741611,6.45242223325076,347.610980392157,30.1811230953796,0,29.138196767056,86.2599961401081,10.0885,10.3946666666667,4.03366666666667
"73",2026-02-22 01:12:00,0.644,1.02,0.644,2.112964,3.34662,4.79571922741611,6.36522733820683,347.049411764706,30.1811230953796,0,29.1278898410074,86.3199961374232,10.111,10.416,4.009
"74",2026-02-22 01:13:00,0.646,1.0225,0.646,2.119526,3.3548225,4.79571922741611,6.2780324431629,346.487843137255,30.1811230953796,0,29.1175829149589,86.3799961347384,10.134,10.4361666666667,3.98283333333333
"75",2026-02-22 01:14:00,0.648,1.025,0.648,2.126088,3.363025,4.79571922741611,6.19083754811897,345.926274509804,30.1811230953796,0,29.1072759889104,86.4399961320536,10.157,10.4563333333333,3.95666666666667
"76",2026-02-22 01:15:00,0.65,1.0275,0.65,2.13265,3.3712275,4.79571922741611,6.10364265307504,345.364705882353,30.1811230953796,0,29.0969690628619,86.4999961293688,10.18,10.4765,3.9305
"77",2026-02-22 01:16:00,0.652,1.03,0.652,2.139212,3.37943,4.70852433237218,6.10364265307504,345.926274509804,30.1817136950946,0,29.1175774180022,86.6599961222092,10.203,10.4966666666667,3.90433333333333
"78",2026-02-22 01:17:00,0.654,1.0325,0.654,2.145774,3.3876325,4.62132943732825,6.10364265307504,346.487843137255,30.1823042948095,0,29.1381857731426,86.8199961150497,10.226,10.5168333333333,3.87816666666667
"79",2026-02-22 01:18:00,0.656,1.035,0.656,2.152336,3.395835,4.53413454228432,6.10364265307504,347.049411764706,30.1828948945245,0,29.158794128283,86.9799961078901,10.249,10.537,3.852
"80",2026-02-22 01:19:00,0.658,1.0375,0.658,2.158898,3.4040375,4.44693964724039,6.10364265307504,347.610980392157,30.1834854942394,0,29.1794024834233,87.1399961007306,10.2601666666667,10.5593333333333,3.82633333333333
"81",2026-02-22 01:20:00,0.66,1.04,0.66,2.16546,3.41224,4.35974475219646,6.10364265307504,348.172549019608,30.1840760939544,0,29.2000108385637,87.299996093571,10.2713333333333,10.5816666666667,3.80066666666667
"82",2026-02-22 01:21:00,0.66,1.04,0.66,2.16546,3.41224,4.35974475219646,6.19083754811897,347.610980392157,30.1840760939544,0,29.1794024834233,87.1799960989407,10.2825,10.604,3.775
"83",2026-02-22 01:22:00,0.66,1.04,0.66,2.16546,3.41224,4.35974475219646,6.2780324431629,347.049411764706,30.1840760939544,0,29.158794128283,87.0599961043103,10.2936666666667,10.6263333333333,3.74933333333333
"84",2026-02-22 01:23:00,0.66,1.04,0.66,2.16546,3.41224,4.35974475219646,6.36522733820683,346.487843137255,30.1840760939544,0,29.1381857731426,86.93999610968,10.3048333333333,10.6486666666667,3.72366666666667
"85",2026-02-22 01:24:00,0.66,1.04,0.66,2.16546,3.41224,4.35974475219646,6.45242223325076,345.926274509804,30.1840760939544,0,29.1175774180022,86.8199961150497,10.316,10.671,3.698
"86",2026-02-22 01:25:00,0.66,1.04,0.66,2.16546,3.41224,4.35974475219646,6.53961712829469,345.364705882353,30.1840760939544,0,29.0969690628619,86.6999961204193,10.3368333333333,10.6913333333333,3.67216666666667
"87",2026-02-22 01:26:00,0.66,1.04,0.66,2.16546,3.41224,4.35974475219646,6.45242223325076,344.803137254902,30.1846666936693,0,29.0969690628619,86.8199961150497,10.3576666666667,10.7116666666667,3.64633333333333
"88",2026-02-22 01:27:00,0.66,1.04,0.66,2.16546,3.41224,4.35974475219646,6.36522733820683,344.241568627451,30.1852572933843,0,29.0969690628619,86.93999610968,10.3785,10.732,3.6205
"89",2026-02-22 01:28:00,0.66,1.04,0.66,2.16546,3.41224,4.35974475219646,6.2780324431629,343.68,30.1858478930993,0,29.0969690628619,87.0599961043103,10.3993333333333,10.7523333333333,3.59466666666667
"90",2026-02-22 01:29:00,0.66,1.04,0.66,2.16546,3.41224,4.35974475219646,6.19083754811897,343.118431372549,30.1864384928142,0,29.0969690628619,87.1799960989407,10.4201666666667,10.7726666666667,3.56883333333333
"91",2026-02-22 01:30:00,0.66,1.04,0.66,2.16546,3.41224,4.35974475219646,6.10364265307504,342.556862745098,30.1870290925292,0,29.0969690628619,87.299996093571,10.441,10.793,3.543
"92",2026-02-22 01:31:00,0.66,1.04,0.66,2.16546,3.41224,4.53413454228432,6.2780324431629,342.556862745098,30.1870290925292,0,29.0969690628619,87.3199960926761,10.452,10.8088333333333,3.51466666666667
"93",2026-02-22 01:32:00,0.66,1.04,0.66,2.16546,3.41224,4.70852433237218,6.45242223325076,342.556862745098,30.1870290925292,0,29.0969690628619,87.3399960917811,10.463,10.8246666666667,3.48633333333333
"94",2026-02-22 01:33:00,0.66,1.04,0.66,2.16546,3.41224,4.88291412246004,6.62681202333862,342.556862745098,30.1870290925292,0,29.0969690628619,87.3599960908862,10.474,10.8405,3.458
"95",2026-02-22 01:34:00,0.66,1.04,0.66,2.16546,3.41224,5.05730391254789,6.80120181342648,342.556862745098,30.1870290925292,0,29.0969690628619,87.3799960899912,10.485,10.8563333333333,3.42966666666667
"96",2026-02-22 01:35:00,0.66,1.04,0.66,2.16546,3.41224,5.23169370263575,6.97559160351434,342.556862745098,30.1870290925292,0,29.0969690628619,87.3999960890963,10.496,10.8721666666667,3.40133333333333
"97",2026-02-22 01:36:00,0.66,1.04,0.66,2.16546,3.41224,5.05730391254789,6.88839670847041,343.399215686274,30.1870290925292,0,29.0969690628619,87.4399960873064,10.507,10.888,3.373
"98",2026-02-22 01:37:00,0.66,1.04,0.66,2.16546,3.41224,4.88291412246004,6.80120181342648,344.241568627451,30.1870290925292,0,29.0969690628619,87.4799960855165,10.5235,10.9011666666667,3.34666666666667
"99",2026-02-22 01:38:00,0.66,1.04,0.66,2.16546,3.41224,4.70852433237218,6.71400691838255,345.083921568627,30.1870290925292,0,29.0969690628619,87.5199960837266,10.54,10.9143333333333,3.32033333333333
"100",2026-02-22 01:39:00,0.66,1.04,0.66,2.16546,3.41224,4.53413454228432,6.62681202333862,345.926274509804,30.1870290925292,0,29.0969690628619,87.5599960819367,10.5565,10.9275,3.294
"101",2026-02-22 01:40:00,0.66,1.04,0.66,2.16546,3.41224,4.35974475219646,6.53961712829469,346.76862745098,30.1870290925292,0,29.0969690628619,87.5999960801469,10.573,10.9406666666667,3.26766666666667
"102",2026-02-22 01:41:00,0.6625,1.0445,0.6625,2.1736625,3.4270045,4.35974475219646,6.45242223325076,344.803137254902,30.1876196922441,0,29.0969690628619,87.7799960720924,10.5895,10.9538333333333,3.24133333333333
"103",2026-02-22 01:42:00,0.665,1.049,0.665,2.181865,3.441769,4.35974475219646,6.36522733820683,342.837647058824,30.1882102919591,0,29.0969690628619,87.9599960640379,10.606,10.967,3.215
"104",2026-02-22 01:43:00,0.6675,1.0535,0.6675,2.1900675,3.4565335,4.35974475219646,6.2780324431629,340.872156862745,30.1888008916741,0,29.0969690628619,88.1399960559834,10.61,10.9778333333333,3.18766666666667
"105",2026-02-22 01:44:00,0.67,1.058,0.67,2.19827,3.471298,4.35974475219646,6.19083754811897,338.906666666667,30.189391491389,0,29.0969690628619,88.3199960479289,10.614,10.9886666666667,3.16033333333333
"106",2026-02-22 01:45:00,0.6725,1.0625,0.6725,2.2064725,3.4860625,4.35974475219646,6.10364265307504,336.941176470588,30.189982091104,0,29.0969690628619,88.4999960398744,10.618,10.9995,3.133
"107",2026-02-22 01:46:00,0.675,1.067,0.675,2.214675,3.500827,4.35974475219646,6.01644775803112,335.256470588235,30.189982091104,0,29.0866566261506,88.5599960371896,10.622,11.0103333333333,3.10566666666667
"108",2026-02-22 01:47:00,0.6775,1.0715,0.6775,2.2228775,3.5155915,4.35974475219646,5.92925286298719,333.571764705882,30.189982091104,0,29.0763441894393,88.6199960345047,10.626,11.0211666666667,3.07833333333333
"109",2026-02-22 01:48:00,0.68,1.076,0.68,2.23108,3.530356,4.35974475219646,5.84205796794326,331.887058823529,30.189982091104,0,29.066031752728,88.6799960318199,10.63,11.032,3.051
"110",2026-02-22 01:49:00,0.6825,1.0805,0.6825,2.2392825,3.5451205,4.35974475219646,5.75486307289933,330.202352941176,30.189982091104,0,29.0557193160167,88.7399960291351,10.63625,11.0408333333333,3.02483333333333
"111",2026-02-22 01:50:00,0.685,1.085,0.685,2.247485,3.559885,4.35974475219646,5.6676681778554,328.517647058824,30.189982091104,0,29.0454068793054,88.7999960264502,10.6425,11.0496666666667,2.99866666666667
"112",2026-02-22 01:51:00,0.6875,1.0895,0.6875,2.2556875,3.5746495,4.35974475219646,5.75486307289933,330.483137254902,30.189982091104,0,29.0350889181877,88.8199960255553,10.64875,11.0585,2.9725
"113",2026-02-22 01:52:00,0.69,1.094,0.69,2.26389,3.589414,4.35974475219646,5.84205796794326,332.44862745098,30.189982091104,0,29.02477095707,88.8399960246604,10.655,11.0673333333333,2.94633333333333
"114",2026-02-22 01:53:00,0.6925,1.0985,0.6925,2.2720925,3.6041785,4.35974475219646,5.92925286298719,334.414117647059,30.189982091104,0,29.0144529959523,88.8599960237654,10.66125,11.0761666666667,2.92016666666667
"115",2026-02-22 01:54:00,0.695,1.103,0.695,2.280295,3.618943,4.35974475219646,6.01644775803112,336.379607843137,30.189982091104,0,29.0041350348346,88.8799960228705,10.6675,11.085,2.894
"116",2026-02-22 01:55:00,0.6975,1.1075,0.6975,2.2884975,3.6337075,4.35974475219646,6.10364265307504,338.345098039216,30.189982091104,0,28.9938170737169,88.8999960219755,10.67375,11.0898333333333,2.86666666666667
"117",2026-02-22 01:56:00,0.7,1.112,0.7,2.2967,3.648472,4.35974475219646,6.10364265307504,337.783529411765,30.189982091104,0,28.9834935744113,88.8399960246604,10.68,11.0946666666667,2.83933333333333
"118",2026-02-22 01:57:00,0.7025,1.1165,0.7025,2.3049025,3.6632365,4.35974475219646,6.10364265307504,337.221960784314,30.189982091104,0,28.9731700751057,88.7799960273452,10.68625,11.0995,2.812
"119",2026-02-22 01:58:00,0.705,1.121,0.705,2.313105,3.678001,4.35974475219646,6.10364265307504,336.660392156863,30.189982091104,0,28.9628465758,88.71999603003,10.6925,11.1043333333333,2.78466666666667
"120",2026-02-22 01:59:00,0.7075,1.1255,0.7075,2.3213075,3.6927655,4.35974475219646,6.10364265307504,336.098823529412,30.189982091104,0,28.9525230764944,88.6599960327148,10.69875,11.1091666666667,2.75733333333333
"121",2026-02-22 02:00:00,0.71,1.13,0.71,2.32951,3.70753,4.35974475219646,6.10364265307504,335.537254901961,30.189982091104,0,28.9421995771888,88.5999960353997,10.705,11.114,2.73
"122",2026-02-22 02:01:00,0.708,1.127,0.708,2.322948,3.697687,4.27254985715253,6.10364265307504,334.97568627451,30.189391491389,0,28.9525230764944,88.5799960362946,10.7063333333333,11.1125,2.70266666666667
"123",2026-02-22 02:02:00,0.706,1.124,0.706,2.316386,3.687844,4.1853549621086,6.10364265307504,334.414117647059,30.1888008916741,0,28.9628465758,88.5599960371896,10.7076666666667,11.111,2.67533333333333
"124",2026-02-22 02:03:00,0.704,1.121,0.704,2.309824,3.678001,4.09816006706467,6.10364265307504,333.852549019608,30.1882102919591,0,28.9731700751057,88.5399960380845,10.709,11.1095,2.648
"125",2026-02-22 02:04:00,0.702,1.118,0.702,2.303262,3.668158,4.01096517202074,6.10364265307504,333.290980392157,30.1876196922441,0,28.9834935744113,88.5199960389794,10.7103333333333,11.108,2.62066666666667
"126",2026-02-22 02:05:00,0.7,1.115,0.7,2.2967,3.658315,3.92377027697681,6.10364265307504,332.729411764706,30.1870290925292,0,28.9938170737169,88.4999960398744,10.7116666666667,11.1065,2.59333333333333
"127",2026-02-22 02:06:00,0.698,1.112,0.698,2.290138,3.648472,4.01096517202074,6.01644775803112,333.852549019608,30.1870290925292,0,28.9938170737169,88.4799960407693,10.713,11.105,2.566
"128",2026-02-22 02:07:00,0.696,1.109,0.696,2.283576,3.638629,4.09816006706467,5.92925286298719,334.97568627451,30.1870290925292,0,28.9938170737169,88.4599960416643,10.7126666666667,11.1005,2.54016666666667
"129",2026-02-22 02:08:00,0.694,1.106,0.694,2.277014,3.628786,4.1853549621086,5.84205796794326,336.098823529412,30.1870290925292,0,28.9938170737169,88.4399960425592,10.7123333333333,11.096,2.51433333333333
"130",2026-02-22 02:09:00,0.692,1.103,0.692,2.270452,3.618943,4.27254985715253,5.75486307289933,337.221960784314,30.1870290925292,0,28.9938170737169,88.4199960434542,10.712,11.0915,2.4885
"131",2026-02-22 02:10:00,0.69,1.1,0.69,2.26389,3.6091,4.35974475219646,5.6676681778554,338.345098039216,30.1870290925292,0,28.9938170737169,88.3999960443491,10.7116666666667,11.087,2.46266666666667
"132",2026-02-22 02:11:00,0.688,1.097,0.688,2.257328,3.599257,4.44693964724039,5.84205796794326,339.187450980392,30.1876196922441,0,29.0041350348346,88.379996045244,10.7113333333333,11.0825,2.43683333333333
"133",2026-02-22 02:12:00,0.686,1.094,0.686,2.250766,3.589414,4.53413454228432,6.01644775803112,340.029803921569,30.1882102919591,0,29.0144529959523,88.359996046139,10.711,11.078,2.411
"134",2026-02-22 02:13:00,0.684,1.091,0.684,2.244204,3.579571,4.62132943732825,6.19083754811897,340.872156862745,30.1888008916741,0,29.02477095707,88.3399960470339,10.7048333333333,11.0715,2.387
"135",2026-02-22 02:14:00,0.682,1.088,0.682,2.237642,3.569728,4.70852433237218,6.36522733820683,341.714509803922,30.189391491389,0,29.0350889181877,88.3199960479289,10.6986666666667,11.065,2.363
"136",2026-02-22 02:15:00,0.68,1.085,0.68,2.23108,3.559885,4.79571922741611,6.53961712829469,342.556862745098,30.189982091104,0,29.0454068793054,88.2999960488238,10.6925,11.0585,2.339
"137",2026-02-22 02:16:00,0.678,1.082,0.678,2.224518,3.550042,4.62132943732825,6.45242223325076,341.433725490196,30.189391491389,0,29.0454068793054,88.359996046139,10.6863333333333,11.052,2.315
"138",2026-02-22 02:17:00,0.676,1.079,0.676,2.217956,3.540199,4.44693964724039,6.36522733820683,340.310588235294,30.1888008916741,0,29.0454068793054,88.4199960434542,10.6801666666667,11.0455,2.291
"139",2026-02-22 02:18:00,0.674,1.076,0.674,2.211394,3.530356,4.27254985715253,6.2780324431629,339.187450980392,30.1882102919591,0,29.0454068793054,88.4799960407693,10.674,11.039,2.267
"140",2026-02-22 02:19:00,0.672,1.073,0.672,2.204832,3.520513,4.09816006706467,6.19083754811897,338.06431372549,30.1876196922441,0,29.0454068793054,88.5399960380845,10.6663333333333,11.0313333333333,2.24133333333333
"141",2026-02-22 02:20:00,0.67,1.07,0.67,2.19827,3.51067,3.92377027697681,6.10364265307504,336.941176470588,30.1870290925292,0,29.0454068793054,88.5999960353997,10.6586666666667,11.0236666666667,2.21566666666667
"142",2026-02-22 02:21:00,0.6725,1.0735,0.6725,2.2064725,3.5221535,3.83657538193289,5.92925286298719,336.660392156863,30.1870290925292,0,29.0660262420652,88.6199960345047,10.651,11.016,2.19
"143",2026-02-22 02:22:00,0.675,1.077,0.675,2.214675,3.533637,3.74938048688896,5.75486307289933,336.379607843137,30.1870290925292,0,29.086645604825,88.6399960336098,10.6433333333333,11.0083333333333,2.16433333333333
"144",2026-02-22 02:23:00,0.6775,1.0805,0.6775,2.2228775,3.5451205,3.66218559184503,5.58047328281147,336.098823529412,30.1870290925292,0,29.1072649675849,88.6599960327148,10.6356666666667,11.0006666666667,2.13866666666667
"145",2026-02-22 02:24:00,0.68,1.084,0.68,2.23108,3.556604,3.5749906968011,5.40608349272361,335.818039215686,30.1870290925292,0,29.1278843303447,88.6799960318199,10.628,10.993,2.113
"146",2026-02-22 02:25:00,0.6825,1.0875,0.6825,2.2392825,3.5680875,3.48779580175717,5.23169370263575,335.537254901961,30.1870290925292,0,29.1485036931045,88.699996030925,10.619,10.9858333333333,2.08566666666667
"147",2026-02-22 02:26:00,0.685,1.091,0.685,2.247485,3.579571,3.66218559184503,5.6676681778554,337.783529411765,30.1858478930993,0,29.138196767056,88.6599960327148,10.61,10.9786666666667,2.05833333333333
"148",2026-02-22 02:27:00,0.6875,1.0945,0.6875,2.2556875,3.5910545,3.83657538193289,6.10364265307504,340.029803921569,30.1846666936693,0,29.1278898410074,88.6199960345047,10.601,10.9715,2.031
"149",2026-02-22 02:28:00,0.69,1.098,0.69,2.26389,3.602538,4.01096517202074,6.53961712829469,342.276078431373,30.1834854942394,0,29.1175829149589,88.5799960362946,10.592,10.9643333333333,2.00366666666667
"150",2026-02-22 02:29:00,0.6925,1.1015,0.6925,2.2720925,3.6140215,4.1853549621086,6.97559160351434,344.522352941176,30.1823042948095,0,29.1072759889104,88.5399960380845,10.583,10.9571666666667,1.97633333333333
"151",2026-02-22 02:30:00,0.695,1.105,0.695,2.280295,3.625505,4.35974475219646,7.41156607873398,346.76862745098,30.1811230953796,0,29.0969690628619,88.4999960398744,10.574,10.95,1.949
"152",2026-02-22 02:31:00,0.6975,1.1085,0.6975,2.2884975,3.6369885,4.35974475219646,7.23717628864612,347.891764705882,30.1817136950946,0,29.0969690628619,88.4799960407693,10.5611666666667,10.9363333333333,1.9255
"153",2026-02-22 02:32:00,0.7,1.112,0.7,2.2967,3.648472,4.35974475219646,7.06278649855827,349.014901960784,30.1823042948095,0,29.0969690628619,88.4599960416643,10.5483333333333,10.9226666666667,1.902
"154",2026-02-22 02:33:00,0.7025,1.1155,0.7025,2.3049025,3.6599555,4.35974475219646,6.88839670847041,350.138039215686,30.1828948945245,0,29.0969690628619,88.4399960425592,10.5355,10.909,1.8785
"155",2026-02-22 02:34:00,0.705,1.119,0.705,2.313105,3.671439,4.35974475219646,6.71400691838255,351.261176470588,30.1834854942394,0,29.0969690628619,88.4199960434542,10.5226666666667,10.8953333333333,1.855
"156",2026-02-22 02:35:00,0.7075,1.1225,0.7075,2.3213075,3.6829225,4.35974475219646,6.53961712829469,352.38431372549,30.1840760939544,0,29.0969690628619,88.3999960443491,10.5098333333333,10.8816666666667,1.8315
"157",2026-02-22 02:36:00,0.71,1.126,0.71,2.32951,3.694406,4.44693964724039,6.71400691838255,352.103529411765,30.1834854942394,0,29.0969690628619,88.3399960470339,10.497,10.868,1.808
"158",2026-02-22 02:37:00,0.7125,1.1295,0.7125,2.3377125,3.7058895,4.53413454228432,6.88839670847041,351.822745098039,30.1828948945245,0,29.0969690628619,88.2799960497188,10.484,10.856,1.7855
"159",2026-02-22 02:38:00,0.715,1.133,0.715,2.345915,3.717373,4.62132943732825,7.06278649855827,351.541960784314,30.1823042948095,0,29.0969690628619,88.2199960524036,10.471,10.844,1.763
"160",2026-02-22 02:39:00,0.7175,1.1365,0.7175,2.3541175,3.7288565,4.70852433237218,7.23717628864612,351.261176470588,30.1817136950946,0,29.0969690628619,88.1599960550884,10.458,10.832,1.7405
"161",2026-02-22 02:40:00,0.72,1.14,0.72,2.36232,3.74034,4.79571922741611,7.41156607873398,350.980392156863,30.1811230953796,0,29.0969690628619,88.0999960577733,10.445,10.82,1.718
"162",2026-02-22 02:41:00,0.7155,1.1325,0.7155,2.3475555,3.7157325,4.53413454228432,7.06278649855827,351.261176470588,30.1811230953796,0,29.1175774180022,88.1199960568783,10.432,10.808,1.6955
"163",2026-02-22 02:42:00,0.711,1.125,0.711,2.332791,3.691125,4.27254985715253,6.71400691838255,351.541960784314,30.1811230953796,0,29.1381857731426,88.1399960559834,10.419,10.796,1.673
"164",2026-02-22 02:43:00,0.7065,1.1175,0.7065,2.3180265,3.6665175,4.01096517202074,6.36522733820683,351.822745098039,30.1811230953796,0,29.158794128283,88.1599960550884,10.4055,10.7801666666667,1.65
"165",2026-02-22 02:44:00,0.702,1.11,0.702,2.303262,3.64191,3.74938048688896,6.01644775803112,352.103529411765,30.1811230953796,0,29.1794024834233,88.1799960541935,10.392,10.7643333333333,1.627
"166",2026-02-22 02:45:00,0.6975,1.1025,0.6975,2.2884975,3.6173025,3.48779580175717,5.6676681778554,352.38431372549,30.1811230953796,0,29.2000108385637,88.1999960532985,10.3785,10.7485,1.604
"167",2026-02-22 02:46:00,0.693,1.095,0.693,2.273733,3.592695,3.74938048688896,5.75486307289933,351.541960784314,30.1805324956646,0,29.2000108385637,88.1599960550884,10.365,10.7326666666667,1.581
"168",2026-02-22 02:47:00,0.6885,1.0875,0.6885,2.2589685,3.5680875,4.01096517202074,5.84205796794326,350.699607843137,30.1799418959497,0,29.2000108385637,88.1199960568783,10.3515,10.7168333333333,1.558
"169",2026-02-22 02:48:00,0.684,1.08,0.684,2.244204,3.54348,4.27254985715253,5.92925286298719,349.857254901961,30.1793512962347,0,29.2000108385637,88.0799960586682,10.338,10.701,1.535
"170",2026-02-22 02:49:00,0.6795,1.0725,0.6795,2.2294395,3.5188725,4.53413454228432,6.01644775803112,349.014901960784,30.1787606965198,0,29.2000108385637,88.0399960604581,10.3196666666667,10.6851666666667,1.51366666666667
"171",2026-02-22 02:50:00,0.675,1.065,0.675,2.214675,3.494265,4.79571922741611,6.10364265307504,348.172549019608,30.1781700968048,0,29.2000108385637,87.999996062248,10.3013333333333,10.6693333333333,1.49233333333333
"172",2026-02-22 02:51:00,0.6705,1.0575,0.6705,2.1999105,3.4696575,4.70852433237218,6.2780324431629,348.734117647059,30.1775794970898,0,29.2000108385637,88.0599960595632,10.283,10.6535,1.471
"173",2026-02-22 02:52:00,0.666,1.05,0.666,2.185146,3.44505,4.62132943732825,6.45242223325076,349.29568627451,30.1769888973749,0,29.2000108385637,88.1199960568783,10.2646666666667,10.6376666666667,1.44966666666667
"174",2026-02-22 02:53:00,0.6615,1.0425,0.6615,2.1703815,3.4204425,4.53413454228432,6.62681202333862,349.857254901961,30.1763982976599,0,29.2000108385637,88.1799960541935,10.2463333333333,10.6218333333333,1.42833333333333
"175",2026-02-22 02:54:00,0.657,1.035,0.657,2.155617,3.395835,4.44693964724039,6.80120181342648,350.418823529412,30.175807697945,0,29.2000108385637,88.2399960515087,10.228,10.606,1.407
"176",2026-02-22 02:55:00,0.6525,1.0275,0.6525,2.1408525,3.3712275,4.35974475219646,6.97559160351434,350.980392156863,30.17521709823,0,29.2000108385637,88.2999960488238,10.209,10.5868333333333,1.39066666666667
"177",2026-02-22 02:56:00,0.648,1.02,0.648,2.126088,3.34662,4.27254985715253,6.97559160351434,352.38431372549,30.17521709823,0,29.1897094094718,88.4599960416643,10.19,10.5676666666667,1.37433333333333
"178",2026-02-22 02:57:00,0.6435,1.0125,0.6435,2.1113235,3.3220125,4.1853549621086,6.97559160351434,353.788235294118,30.17521709823,0,29.17940798038,88.6199960345047,10.171,10.5485,1.358
"179",2026-02-22 02:58:00,0.639,1.005,0.639,2.096559,3.297405,4.09816006706467,6.97559160351434,355.192156862745,30.17521709823,0,29.1691065512882,88.7799960273452,10.152,10.5293333333333,1.34166666666667
"180",2026-02-22 02:59:00,0.6345,0.9975,0.6345,2.0817945,3.2727975,4.01096517202074,6.97559160351434,356.596078431373,30.17521709823,0,29.1588051221963,88.9399960201856,10.133,10.5101666666667,1.32533333333333
"181",2026-02-22 03:00:00,0.63,0.99,0.63,2.06703,3.24819,3.92377027697681,6.97559160351434,358,30.17521709823,0,29.1485036931045,89.0999960130261,10.114,10.491,1.309
"182",2026-02-22 03:01:00,0.631,0.9915,0.631,2.070311,3.2531115,4.01096517202074,7.06278649855827,358,30.174626498515,0,29.138196767056,89.1399960112362,10.0913333333333,10.4708333333333,1.29316666666667
"183",2026-02-22 03:02:00,0.632,0.993,0.632,2.073592,3.258033,4.09816006706467,7.1499813936022,358,30.1740358988001,0,29.1278898410074,89.1799960094463,10.0686666666667,10.4506666666667,1.27733333333333
"184",2026-02-22 03:03:00,0.633,0.9945,0.633,2.076873,3.2629545,4.1853549621086,7.23717628864612,358,30.1734452990851,0,29.1175829149589,89.2199960076564,10.046,10.4305,1.2615
"185",2026-02-22 03:04:00,0.634,0.996,0.634,2.080154,3.267876,4.27254985715253,7.32437118369005,358,30.1728546993702,0,29.1072759889104,89.2599960058665,10.0233333333333,10.4103333333333,1.24566666666667
"186",2026-02-22 03:05:00,0.635,0.9975,0.635,2.083435,3.2727975,4.35974475219646,7.41156607873398,358,30.1722640996552,0,29.0969690628619,89.2999960040766,10.0006666666667,10.3901666666667,1.22983333333333
"187",2026-02-22 03:06:00,0.636,0.999,0.636,2.086716,3.277719,4.27254985715253,7.49876097377791,358,30.1722640996552,0,29.0866566261506,89.4599959969171,9.978,10.37,1.214
"188",2026-02-22 03:07:00,0.637,1.0005,0.637,2.089997,3.2826405,4.1853549621086,7.58595586882184,358,30.1722640996552,0,29.0763441894393,89.6199959897576,9.952,10.3415,1.196
"189",2026-02-22 03:08:00,0.638,1.002,0.638,2.093278,3.287562,4.09816006706467,7.67315076386577,358,30.1722640996552,0,29.066031752728,89.779995982598,9.926,10.313,1.178
"190",2026-02-22 03:09:00,0.639,1.0035,0.639,2.096559,3.2924835,4.01096517202074,7.7603456589097,358,30.1722640996552,0,29.0557193160167,89.9399959754384,9.9,10.2845,1.16
"191",2026-02-22 03:10:00,0.64,1.005,0.64,2.09984,3.297405,3.92377027697681,7.84754055395363,358,30.1722640996552,0,29.0454068793054,90.0999959682789,9.874,10.256,1.142
"192",2026-02-22 03:11:00,0.641,1.0065,0.641,2.103121,3.3023265,4.01096517202074,8.02193034404149,286.961568627451,30.1710829002253,0,29.0144363675694,90.1999959638042,9.848,10.2275,1.124
"193",2026-02-22 03:12:00,0.642,1.008,0.642,2.106402,3.307248,4.09816006706467,8.19632013412935,215.923137254902,30.1699017007954,0,28.9834658558334,90.2999959593295,9.822,10.199,1.106
"194",2026-02-22 03:13:00,0.643,1.0095,0.643,2.109683,3.3121695,4.1853549621086,8.3707099242172,144.884705882353,30.1687205013655,0,28.9524953440974,90.3999959548547,9.7945,10.1738333333333,1.08783333333333
"195",2026-02-22 03:14:00,0.644,1.011,0.644,2.112964,3.317091,4.27254985715253,8.54509971430506,73.8462745098039,30.1675393019355,0,28.9215248323614,90.49999595038,9.767,10.1486666666667,1.06966666666667
"196",2026-02-22 03:15:00,0.645,1.0125,0.645,2.116245,3.3220125,4.35974475219646,8.71948950439292,2.8078431372549,30.1663581025056,0,28.8905543206254,90.5999959459053,9.7395,10.1235,1.0515
"197",2026-02-22 03:16:00,0.646,1.014,0.646,2.119526,3.326934,4.79571922741611,8.80668439943685,3.36941176470588,30.1657675027907,0,28.9008833719381,90.6599959432205,9.712,10.0983333333333,1.03333333333333
"198",2026-02-22 03:17:00,0.647,1.0155,0.647,2.122807,3.3318555,5.23169370263575,8.89387929448078,3.93098039215686,30.1651769030757,0,28.9112124232507,90.7199959405357,9.6845,10.0731666666667,1.01516666666667
"199",2026-02-22 03:18:00,0.648,1.017,0.648,2.126088,3.336777,5.6676681778554,8.98107418952471,4.49254901960784,30.1645863033607,0,28.9215414745634,90.7799959378508,9.657,10.048,0.997
"200",2026-02-22 03:19:00,0.649,1.0185,0.649,2.129369,3.3416985,6.10364265307504,9.06826908456864,5.05411764705882,30.1639957036458,0,28.9318705258761,90.839995935166,9.639,10.0196666666667,0.982333333333333
"201",2026-02-22 03:20:00,0.65,1.02,0.65,2.13265,3.34662,6.53961712829469,9.15546397961257,5.6156862745098,30.1634051039308,0,28.9421995771888,90.8999959324812,9.621,9.99133333333333,0.967666666666667
"202",2026-02-22 03:21:00,0.6505,1.021,0.6505,2.1342905,3.349901,6.36522733820683,9.2426588746565,6.17725490196078,30.1634051039308,0,28.9421995771888,90.9199959315862,9.603,9.963,0.953
"203",2026-02-22 03:22:00,0.651,1.022,0.651,2.135931,3.353182,6.19083754811897,9.32985376970042,6.73882352941176,30.1634051039308,0,28.9421995771888,90.9399959306913,9.585,9.93466666666667,0.938333333333333
"204",2026-02-22 03:23:00,0.6515,1.023,0.6515,2.1375715,3.356463,6.01644775803112,9.41704866474435,7.30039215686275,30.1634051039308,0,28.9421995771888,90.9599959297963,9.567,9.90633333333333,0.923666666666667
"205",2026-02-22 03:24:00,0.652,1.024,0.652,2.139212,3.359744,5.84205796794326,9.50424355978828,7.86196078431373,30.1634051039308,0,28.9421995771888,90.9799959289014,9.549,9.878,0.909
"206",2026-02-22 03:25:00,0.6525,1.025,0.6525,2.1408525,3.363025,5.6676681778554,9.59143845483221,8.42352941176471,30.1634051039308,0,28.9421995771888,90.9999959280064,9.52016666666667,9.85383333333333,0.895333333333333
"207",2026-02-22 03:26:00,0.653,1.026,0.653,2.142493,3.366306,5.49327838776754,9.50424355978828,7.86196078431373,30.1628145042159,0,28.9525230764944,91.0399959262165,9.49133333333333,9.82966666666667,0.881666666666667
"208",2026-02-22 03:27:00,0.6535,1.027,0.6535,2.1441335,3.369587,5.31888859767968,9.41704866474435,7.30039215686275,30.1622239045009,0,28.9628465758,91.0799959244267,9.4625,9.8055,0.868
"209",2026-02-22 03:28:00,0.654,1.028,0.654,2.145774,3.372868,5.14449880759182,9.32985376970042,6.73882352941176,30.1616333047859,0,28.9731700751057,91.1199959226368,9.43366666666667,9.78133333333333,0.854333333333333
"210",2026-02-22 03:29:00,0.6545,1.029,0.6545,2.1474145,3.376149,4.97010901750397,9.2426588746565,6.17725490196078,30.161042705071,0,28.9834935744113,91.1599959208469,9.40483333333333,9.75716666666667,0.840666666666667
"211",2026-02-22 03:30:00,0.655,1.03,0.655,2.149055,3.37943,4.79571922741611,9.15546397961257,5.6156862745098,30.160452105356,0,28.9938170737169,91.199995919057,9.376,9.733,0.827
"212",2026-02-22 03:31:00,0.6555,1.031,0.6555,2.1506955,3.382711,4.88291412246004,9.2426588746565,5.33490196078431,30.161042705071,0,28.9938170737169,91.179995919952,9.34883333333333,9.70683333333333,0.815
"213",2026-02-22 03:32:00,0.656,1.032,0.656,2.152336,3.385992,4.97010901750396,9.32985376970042,5.05411764705882,30.1616333047859,0,28.9938170737169,91.1599959208469,9.32166666666667,9.68066666666667,0.803
"214",2026-02-22 03:33:00,0.6565,1.033,0.6565,2.1539765,3.389273,5.05730391254789,9.41704866474435,4.77333333333333,30.1622239045009,0,28.9938170737169,91.1399959217418,9.2945,9.6545,0.791
"215",2026-02-22 03:34:00,0.657,1.034,0.657,2.155617,3.392554,5.14449880759182,9.50424355978828,4.49254901960784,30.1628145042159,0,28.9938170737169,91.1199959226368,9.26733333333333,9.62833333333333,0.779
"216",2026-02-22 03:35:00,0.6575,1.035,0.6575,2.1572575,3.395835,5.23169370263575,9.59143845483221,4.21176470588235,30.1634051039308,0,28.9938170737169,91.0999959235317,9.24016666666667,9.60216666666667,0.767
"217",2026-02-22 03:36:00,0.658,1.036,0.658,2.158898,3.399116,4.97010901750396,9.41704866474435,74.6886274509804,30.1639957036458,0,29.0144474715459,91.0799959244267,9.213,9.576,0.755
"218",2026-02-22 03:37:00,0.6585,1.037,0.6585,2.1605385,3.402397,4.70852433237218,9.2426588746565,145.165490196078,30.1645863033607,0,29.0350778693749,91.0599959253216,9.1845,9.54533333333333,0.7435
"219",2026-02-22 03:38:00,0.659,1.038,0.659,2.162179,3.405678,4.44693964724039,9.06826908456864,215.642352941176,30.1651769030757,0,29.0557082672039,91.0399959262165,9.156,9.51466666666667,0.732
"220",2026-02-22 03:39:00,0.6595,1.039,0.6595,2.1638195,3.408959,4.1853549621086,8.89387929448078,286.119215686275,30.1657675027907,0,29.0763386650329,91.0199959271115,9.1275,9.484,0.7205
"221",2026-02-22 03:40:00,0.66,1.04,0.66,2.16546,3.41224,3.92377027697681,8.71948950439292,356.596078431373,30.1663581025056,0,29.0969690628619,90.9999959280064,9.099,9.45333333333333,0.709
"222",2026-02-22 03:41:00,0.6545,1.032,0.6545,2.1474145,3.385992,4.09816006706467,8.98107418952471,356.876862745098,30.1657675027907,0,29.1072759889104,91.0199959271115,9.0705,9.42266666666667,0.6975
"223",2026-02-22 03:42:00,0.649,1.024,0.649,2.129369,3.359744,4.27254985715253,9.2426588746565,357.157647058824,30.1651769030757,0,29.1175829149589,91.0399959262165,9.042,9.392,0.686
"224",2026-02-22 03:43:00,0.6435,1.016,0.6435,2.1113235,3.333496,4.44693964724039,9.50424355978828,357.438431372549,30.1645863033607,0,29.1278898410074,91.0599959253216,9.01216666666667,9.362,0.676666666666667
"225",2026-02-22 03:44:00,0.638,1.008,0.638,2.093278,3.307248,4.62132943732825,9.76582824492007,357.719215686275,30.1639957036458,0,29.138196767056,91.0799959244267,8.98233333333333,9.332,0.667333333333333
"226",2026-02-22 03:45:00,0.6325,1,0.6325,2.0752325,3.281,4.79571922741611,10.0274129300519,358,30.1634051039308,0,29.1485036931045,91.0999959235317,8.9525,9.302,0.658
"227",2026-02-22 03:46:00,0.627,0.992,0.627,2.057187,3.254752,4.88291412246004,9.76582824492007,287.803921568627,30.1634051039308,0,29.138196767056,91.0399959262165,8.92266666666667,9.272,0.648666666666667
"228",2026-02-22 03:47:00,0.6215,0.984,0.6215,2.0391415,3.228504,4.97010901750396,9.50424355978828,217.607843137255,30.1634051039308,0,29.1278898410074,90.9799959289014,8.89283333333333,9.242,0.639333333333333
"229",2026-02-22 03:48:00,0.616,0.976,0.616,2.021096,3.202256,5.05730391254789,9.2426588746565,147.411764705882,30.1634051039308,0,29.1175829149589,90.9199959315862,8.863,9.212,0.63
"230",2026-02-22 03:49:00,0.6105,0.968,0.6105,2.0030505,3.176008,5.14449880759182,8.98107418952471,77.2156862745098,30.1634051039308,0,29.1072759889104,90.859995934271,8.8345,9.183,0.622333333333333
"231",2026-02-22 03:50:00,0.605,0.96,0.605,1.985005,3.14976,5.23169370263575,8.71948950439292,7.01960784313725,30.1634051039308,0,29.0969690628619,90.7999959369559,8.806,9.154,0.614666666666667
"232",2026-02-22 03:51:00,0.5995,0.952,0.5995,1.9669595,3.123512,5.05730391254789,8.89387929448078,6.17725490196078,30.1634051039308,0,29.0866566261506,90.7399959396407,8.7775,9.125,0.607
"233",2026-02-22 03:52:00,0.594,0.944,0.594,1.948914,3.097264,4.88291412246004,9.06826908456864,5.33490196078431,30.1634051039308,0,29.0763441894393,90.6799959423255,8.749,9.096,0.599333333333333
"234",2026-02-22 03:53:00,0.5885,0.936,0.5885,1.9308685,3.071016,4.70852433237218,9.2426588746565,4.49254901960784,30.1634051039308,0,29.066031752728,90.6199959450104,8.7205,9.067,0.591666666666667
"235",2026-02-22 03:54:00,0.583,0.928,0.583,1.912823,3.044768,4.53413454228432,9.41704866474435,3.65019607843137,30.1634051039308,0,29.0557193160167,90.5599959476952,8.692,9.038,0.584
"236",2026-02-22 03:55:00,0.5775,0.92,0.5775,1.8947775,3.01852,4.35974475219646,9.59143845483221,2.8078431372549,30.1634051039308,0,29.0454068793054,90.49999595038,8.66033333333333,9.01166666666667,0.574166666666667
"237",2026-02-22 03:56:00,0.572,0.912,0.572,1.876732,2.992272,4.62132943732825,9.41704866474435,3.65019607843137,30.1639957036458,0,29.0557193160167,90.49999595038,8.62866666666667,8.98533333333333,0.564333333333333
"238",2026-02-22 03:57:00,0.5665,0.904,0.5665,1.8586865,2.966024,4.88291412246004,9.2426588746565,4.49254901960784,30.1645863033607,0,29.066031752728,90.49999595038,8.597,8.959,0.5545
"239",2026-02-22 03:58:00,0.561,0.896,0.561,1.840641,2.939776,5.14449880759182,9.06826908456864,5.33490196078431,30.1651769030757,0,29.0763441894393,90.49999595038,8.56533333333333,8.93266666666667,0.544666666666667
"240",2026-02-22 03:59:00,0.5555,0.888,0.5555,1.8225955,2.913528,5.40608349272361,8.89387929448078,6.17725490196078,30.1657675027907,0,29.0866566261506,90.49999595038,8.53366666666667,8.90633333333333,0.534833333333333
"241",2026-02-22 04:00:00,0.55,0.88,0.55,1.80455,2.88728,5.6676681778554,8.71948950439292,7.01960784313725,30.1663581025056,0,29.0969690628619,90.49999595038,8.502,8.88,0.525
"242",2026-02-22 04:01:00,0.552,0.883,0.552,1.811112,2.897123,5.31888859767968,8.63229460934899,76.9349019607843,30.1663581025056,0,29.0969690628619,90.5399959485901,8.47066666666667,8.84833333333333,0.515666666666667
"243",2026-02-22 04:02:00,0.554,0.886,0.554,1.817674,2.906966,4.97010901750397,8.54509971430506,146.850196078431,30.1663581025056,0,29.0969690628619,90.5799959468003,8.43933333333333,8.81666666666667,0.506333333333333
"244",2026-02-22 04:03:00,0.556,0.889,0.556,1.824236,2.916809,4.62132943732825,8.45790481926113,216.765490196078,30.1663581025056,0,29.0969690628619,90.6199959450104,8.408,8.785,0.497
"245",2026-02-22 04:04:00,0.558,0.892,0.558,1.830798,2.926652,4.27254985715253,8.3707099242172,286.680784313726,30.1663581025056,0,29.0969690628619,90.6599959432205,8.37666666666667,8.75333333333333,0.487666666666667
"246",2026-02-22 04:05:00,0.56,0.895,0.56,1.83736,2.936495,3.92377027697681,8.28351502917327,356.596078431373,30.1663581025056,0,29.0969690628619,90.6999959414306,8.34533333333333,8.72166666666667,0.478333333333333
"247",2026-02-22 04:06:00,0.562,0.898,0.562,1.843922,2.946338,4.01096517202074,8.45790481926113,356.596078431373,30.1669487022206,0,29.0866566261506,90.7199959405356,8.314,8.69,0.469
"248",2026-02-22 04:07:00,0.564,0.901,0.564,1.850484,2.956181,4.09816006706467,8.63229460934899,356.596078431373,30.1675393019355,0,29.0763441894393,90.7399959396407,8.2775,8.65933333333333,0.4625
"249",2026-02-22 04:08:00,0.566,0.904,0.566,1.857046,2.966024,4.1853549621086,8.80668439943685,356.596078431373,30.1681299016505,0,29.066031752728,90.7599959387458,8.241,8.62866666666667,0.456
"250",2026-02-22 04:09:00,0.568,0.907,0.568,1.863608,2.975867,4.27254985715253,8.98107418952471,356.596078431373,30.1687205013655,0,29.0557193160167,90.7799959378508,8.2045,8.598,0.4495
"251",2026-02-22 04:10:00,0.57,0.91,0.57,1.87017,2.98571,4.35974475219646,9.15546397961257,356.596078431373,30.1693111010804,0,29.0454068793054,90.7999959369559,8.168,8.56733333333333,0.443
"252",2026-02-22 04:11:00,0.572,0.913,0.572,1.876732,2.995553,4.27254985715253,8.71948950439292,356.315294117647,30.1704923005103,0,29.0350889181877,90.7799959378508,8.1315,8.53666666666667,0.4365
"253",2026-02-22 04:12:00,0.574,0.916,0.574,1.883294,3.005396,4.1853549621086,8.28351502917327,356.034509803922,30.1716734999403,0,29.02477095707,90.7599959387458,8.095,8.506,0.43
"254",2026-02-22 04:13:00,0.576,0.919,0.576,1.889856,3.015239,4.09816006706467,7.84754055395363,355.753725490196,30.1728546993702,0,29.0144529959523,90.7399959396407,8.06216666666667,8.47433333333333,0.428833333333333
"255",2026-02-22 04:14:00,0.578,0.922,0.578,1.896418,3.025082,4.01096517202074,7.41156607873398,355.472941176471,30.1740358988001,0,29.0041350348346,90.7199959405356,8.02933333333333,8.44266666666667,0.427666666666667
"256",2026-02-22 04:15:00,0.58,0.925,0.58,1.90298,3.034925,3.92377027697681,6.97559160351434,355.192156862745,30.17521709823,0,28.9938170737169,90.6999959414306,7.9965,8.411,0.4265
"257",2026-02-22 04:16:00,0.582,0.928,0.582,1.909542,3.044768,3.92377027697681,7.06278649855827,284.153725490196,30.17521709823,0,29.0144474715459,90.7199959405356,7.96366666666667,8.37933333333333,0.425333333333333
"258",2026-02-22 04:17:00,0.584,0.931,0.584,1.916104,3.054611,3.92377027697681,7.1499813936022,213.115294117647,30.17521709823,0,29.0350778693749,90.7399959396407,7.93083333333333,8.34766666666667,0.424166666666667
"259",2026-02-22 04:18:00,0.586,0.934,0.586,1.922666,3.064454,3.92377027697681,7.23717628864612,142.076862745098,30.17521709823,0,29.0557082672039,90.7599959387458,7.898,8.316,0.423
"260",2026-02-22 04:19:00,0.588,0.937,0.588,1.929228,3.074297,3.92377027697681,7.32437118369005,71.038431372549,30.17521709823,0,29.0763386650329,90.7799959378508,7.86341666666667,8.28316666666667,0.422
"261",2026-02-22 04:20:00,0.59,0.94,0.59,1.93579,3.08414,3.92377027697681,7.41156607873398,0,30.17521709823,0,29.0969690628619,90.7999959369559,7.82883333333333,8.25033333333333,0.421
"262",2026-02-22 04:21:00,0.591,0.941,0.591,1.939071,3.087421,3.92377027697681,7.41156607873398,71.6,30.17521709823,0,29.0969690628619,90.7199959405356,7.79425,8.2175,0.42
"263",2026-02-22 04:22:00,0.592,0.942,0.592,1.942352,3.090702,3.92377027697681,7.41156607873398,143.2,30.17521709823,0,29.0969690628619,90.6399959441154,7.75966666666667,8.18466666666667,0.419
"264",2026-02-22 04:23:00,0.593,0.943,0.593,1.945633,3.093983,3.92377027697681,7.41156607873398,214.8,30.17521709823,0,29.0969690628619,90.5599959476952,7.72508333333333,8.15183333333333,0.418
"265",2026-02-22 04:24:00,0.594,0.944,0.594,1.948914,3.097264,3.92377027697681,7.41156607873398,286.4,30.17521709823,0,29.0969690628619,90.479995951275,7.6905,8.119,0.417
"266",2026-02-22 04:25:00,0.595,0.945,0.595,1.952195,3.100545,3.92377027697681,7.41156607873398,358,30.17521709823,0,29.0969690628619,90.3999959548547,7.65591666666667,8.08283333333333,0.417
"267",2026-02-22 04:26:00,0.596,0.946,0.596,1.955476,3.103826,3.92377027697681,7.41156607873398,357.157647058824,30.175807697945,0,29.0866566261506,90.3599959566446,7.62133333333333,8.04666666666667,0.417
"268",2026-02-22 04:27:00,0.597,0.947,0.597,1.958757,3.107107,3.92377027697681,7.41156607873398,356.315294117647,30.1763982976599,0,29.0763441894393,90.3199959584345,7.58675,8.0105,0.417
"269",2026-02-22 04:28:00,0.598,0.948,0.598,1.962038,3.110388,3.92377027697681,7.41156607873398,355.472941176471,30.1769888973749,0,29.066031752728,90.2799959602244,7.55216666666667,7.97433333333333,0.417
"270",2026-02-22 04:29:00,0.599,0.949,0.599,1.965319,3.113669,3.92377027697681,7.41156607873398,354.630588235294,30.1775794970898,0,29.0557193160167,90.2399959620143,7.51758333333333,7.93816666666667,0.417
"271",2026-02-22 04:30:00,0.6,0.95,0.6,1.9686,3.11695,3.92377027697681,7.41156607873398,353.788235294118,30.1781700968048,0,29.0454068793054,90.1999959638042,7.483,7.902,0.417
"272",2026-02-22 04:31:00,0.601,0.951,0.601,1.971881,3.120231,3.92377027697681,7.41156607873398,353.507450980392,30.1781700968048,0,29.0557193160167,90.1999959638042,7.44408333333333,7.867,0.419666666666667
"273",2026-02-22 04:32:00,0.602,0.952,0.602,1.975162,3.123512,3.92377027697681,7.41156607873398,353.226666666667,30.1781700968048,0,29.066031752728,90.1999959638042,7.40516666666667,7.832,0.422333333333333
"274",2026-02-22 04:33:00,0.603,0.953,0.603,1.978443,3.126793,3.92377027697681,7.41156607873398,352.945882352941,30.1781700968048,0,29.0763441894393,90.1999959638042,7.36625,7.797,0.425
"275",2026-02-22 04:34:00,0.604,0.954,0.604,1.981724,3.130074,3.92377027697681,7.41156607873398,352.665098039216,30.1781700968048,0,29.0866566261506,90.1999959638042,7.32733333333333,7.762,0.427666666666667
"276",2026-02-22 04:35:00,0.605,0.955,0.605,1.985005,3.133355,3.92377027697681,7.41156607873398,352.38431372549,30.1781700968048,0,29.0969690628619,90.1999959638042,7.28841666666667,7.727,0.430333333333333
"277",2026-02-22 04:36:00,0.606,0.956,0.606,1.988286,3.136636,3.92377027697681,7.41156607873398,353.226666666667,30.1775794970898,0,29.1175774180022,90.2399959620143,7.2495,7.692,0.433
"278",2026-02-22 04:37:00,0.607,0.957,0.607,1.991567,3.139917,3.92377027697681,7.41156607873398,354.069019607843,30.1769888973749,0,29.1381857731426,90.2799959602244,7.21058333333333,7.65166666666667,0.4395
"279",2026-02-22 04:38:00,0.608,0.958,0.608,1.994848,3.143198,3.92377027697681,7.41156607873398,354.91137254902,30.1763982976599,0,29.158794128283,90.3199959584345,7.17166666666667,7.61133333333333,0.446
"280",2026-02-22 04:39:00,0.609,0.959,0.609,1.998129,3.146479,3.92377027697681,7.41156607873398,355.753725490196,30.175807697945,0,29.1794024834233,90.3599959566446,7.13275,7.571,0.4525
"281",2026-02-22 04:40:00,0.61,0.96,0.61,2.00141,3.14976,3.92377027697681,7.41156607873398,356.596078431373,30.17521709823,0,29.2000108385637,90.3999959548547,7.09383333333333,7.53066666666667,0.459
"282",2026-02-22 04:41:00,0.606,0.9545,0.606,1.988286,3.1317145,4.01096517202074,7.49876097377791,355.753725490196,30.1763982976599,0,29.2103067843675,90.3199959584345,7.05491666666667,7.49033333333333,0.4655
"283",2026-02-22 04:42:00,0.602,0.949,0.602,1.975162,3.113669,4.09816006706467,7.58595586882184,354.91137254902,30.1775794970898,0,29.2206027301713,90.2399959620143,7.016,7.45,0.472
"284",2026-02-22 04:43:00,0.598,0.9435,0.598,1.962038,3.0956235,4.1853549621086,7.67315076386577,354.069019607843,30.1787606965198,0,29.2308986759752,90.1599959655941,6.97716666666667,7.4105,0.481333333333333
"285",2026-02-22 04:44:00,0.594,0.938,0.594,1.948914,3.077578,4.27254985715253,7.7603456589097,353.226666666667,30.1799418959497,0,29.241194621779,90.0799959691739,6.93833333333333,7.371,0.490666666666667
"286",2026-02-22 04:45:00,0.59,0.9325,0.59,1.93579,3.0595325,4.35974475219646,7.84754055395363,352.38431372549,30.1811230953796,0,29.2514905675828,89.9999959727536,6.8995,7.3315,0.5
"287",2026-02-22 04:46:00,0.586,0.927,0.586,1.922666,3.041487,4.44693964724039,7.7603456589097,350.699607843137,30.1805324956646,0,29.2308931926872,89.9599959745435,6.86066666666667,7.292,0.509333333333333
"288",2026-02-22 04:47:00,0.582,0.9215,0.582,1.909542,3.0234415,4.53413454228432,7.67315076386577,349.014901960784,30.1799418959497,0,29.2102958177915,89.9199959763334,6.82183333333333,7.2525,0.518666666666667
"289",2026-02-22 04:48:00,0.578,0.916,0.578,1.896418,3.005396,4.62132943732825,7.58595586882184,347.330196078431,30.1793512962347,0,29.1896984428958,89.8799959781233,6.783,7.213,0.528
"290",2026-02-22 04:49:00,0.574,0.9105,0.574,1.883294,2.9873505,4.70852433237218,7.49876097377791,345.645490196078,30.1787606965198,0,29.1691010680001,89.8399959799132,6.74316666666667,7.16933333333333,0.537333333333333
"291",2026-02-22 04:50:00,0.57,0.905,0.57,1.87017,2.969305,4.79571922741611,7.41156607873398,343.960784313726,30.1781700968048,0,29.1485036931045,89.7999959817031,6.70333333333333,7.12566666666667,0.546666666666667
"292",2026-02-22 04:51:00,0.566,0.8995,0.566,1.857046,2.9512595,4.88291412246004,7.41156607873398,343.118431372549,30.1781700968048,0,29.1278843303447,89.7999959817031,6.6635,7.082,0.556
"293",2026-02-22 04:52:00,0.562,0.894,0.562,1.843922,2.933214,4.97010901750396,7.41156607873398,342.276078431373,30.1781700968048,0,29.1072649675849,89.7999959817031,6.62366666666667,7.03833333333333,0.565333333333333
"294",2026-02-22 04:53:00,0.558,0.8885,0.558,1.830798,2.9151685,5.05730391254789,7.41156607873398,341.433725490196,30.1781700968048,0,29.086645604825,89.7999959817031,6.58383333333333,6.99466666666667,0.574666666666667
"295",2026-02-22 04:54:00,0.554,0.883,0.554,1.817674,2.897123,5.14449880759182,7.41156607873398,340.59137254902,30.1781700968048,0,29.0660262420652,89.7999959817031,6.544,6.951,0.584
"296",2026-02-22 04:55:00,0.55,0.8775,0.55,1.80455,2.8790775,5.23169370263575,7.41156607873398,339.749019607843,30.1781700968048,0,29.0454068793054,89.7999959817031,6.49933333333333,6.90833333333333,0.592166666666667
"297",2026-02-22 04:56:00,0.546,0.872,0.546,1.791426,2.861032,5.14449880759182,7.32437118369005,338.345098039216,30.1793512962347,0,29.0350889181877,89.8199959808081,6.45466666666667,6.86566666666667,0.600333333333333
"298",2026-02-22 04:57:00,0.542,0.8665,0.542,1.778302,2.8429865,5.05730391254789,7.23717628864612,336.941176470588,30.1805324956646,0,29.02477095707,89.8399959799132,6.41,6.823,0.6085
"299",2026-02-22 04:58:00,0.538,0.861,0.538,1.765178,2.824941,4.97010901750396,7.1499813936022,335.537254901961,30.1817136950946,0,29.0144529959523,89.8599959790182,6.36533333333333,6.78033333333333,0.616666666666667
"300",2026-02-22 04:59:00,0.534,0.8555,0.534,1.752054,2.8068955,4.88291412246004,7.06278649855827,334.133333333333,30.1828948945245,0,29.0041350348346,89.8799959781233,6.32066666666667,6.73766666666667,0.624833333333333
"301",2026-02-22 05:00:00,0.53,0.85,0.53,1.73893,2.78885,4.79571922741611,6.97559160351434,332.729411764706,30.1840760939544,0,28.9938170737169,89.8999959772283,6.276,6.695,0.633
"302",2026-02-22 05:01:00,0.527,0.8445,0.527,1.729087,2.7708045,4.88291412246004,6.88839670847041,333.010196078431,30.1828948945245,0,28.9938170737169,89.9199959763334,6.23333333333333,6.65283333333333,0.640666666666667
"303",2026-02-22 05:02:00,0.524,0.839,0.524,1.719244,2.752759,4.97010901750396,6.80120181342648,333.290980392157,30.1817136950946,0,28.9938170737169,89.9399959754384,6.19066666666667,6.61066666666667,0.648333333333333
"304",2026-02-22 05:03:00,0.521,0.8335,0.521,1.709401,2.7347135,5.05730391254789,6.71400691838255,333.571764705882,30.1805324956646,0,28.9938170737169,89.9599959745435,6.148,6.5685,0.656
"305",2026-02-22 05:04:00,0.518,0.828,0.518,1.699558,2.716668,5.14449880759182,6.62681202333862,333.852549019608,30.1793512962347,0,28.9938170737169,89.9799959736486,6.10533333333333,6.52633333333333,0.663666666666667
"306",2026-02-22 05:05:00,0.515,0.8225,0.515,1.689715,2.6986225,5.23169370263575,6.53961712829469,334.133333333333,30.1781700968048,0,28.9938170737169,89.9999959727536,6.06266666666667,6.48416666666667,0.671333333333333
"307",2026-02-22 05:06:00,0.512,0.817,0.512,1.679872,2.680577,5.05730391254789,6.53961712829469,334.694901960784,30.1787606965198,0,28.9731645230986,90.0199959718587,6.02,6.442,0.679
"308",2026-02-22 05:07:00,0.509,0.8115,0.509,1.670029,2.6625315,4.88291412246004,6.53961712829469,335.256470588235,30.1793512962347,0,28.9525119724803,90.0399959709637,5.97833333333333,6.4005,0.692166666666667
"309",2026-02-22 05:08:00,0.506,0.806,0.506,1.660186,2.644486,4.70852433237218,6.53961712829469,335.818039215686,30.1799418959497,0,28.931859421862,90.0599959700688,5.93666666666667,6.359,0.705333333333333
"310",2026-02-22 05:09:00,0.503,0.8005,0.503,1.650343,2.6264405,4.53413454228432,6.53961712829469,336.379607843137,30.1805324956646,0,28.9112068712437,90.0799959691739,5.895,6.3175,0.7185
"311",2026-02-22 05:10:00,0.5,0.795,0.5,1.6405,2.608395,4.35974475219646,6.53961712829469,336.941176470588,30.1811230953796,0,28.8905543206254,90.0999959682789,5.85333333333333,6.276,0.731666666666667
"312",2026-02-22 05:11:00,0.497,0.7895,0.497,1.630657,2.5903495,4.44693964724039,6.62681202333862,336.941176470588,30.1823042948095,0,28.8802197034484,90.0799959691739,5.81166666666667,6.2345,0.744833333333333
"313",2026-02-22 05:12:00,0.494,0.784,0.494,1.620814,2.572304,4.53413454228432,6.71400691838255,336.941176470588,30.1834854942394,0,28.8698850862715,90.0599959700688,5.77,6.193,0.758
"314",2026-02-22 05:13:00,0.491,0.7785,0.491,1.610971,2.5542585,4.62132943732825,6.80120181342648,336.941176470588,30.1846666936693,0,28.8595504690945,90.0399959709637,5.72616666666667,6.1465,0.769
"315",2026-02-22 05:14:00,0.488,0.773,0.488,1.601128,2.536213,4.70852433237218,6.88839670847041,336.941176470588,30.1858478930993,0,28.8492158519175,90.0199959718587,5.68233333333333,6.1,0.78
"316",2026-02-22 05:15:00,0.485,0.7675,0.485,1.591285,2.5181675,4.79571922741611,6.97559160351434,336.941176470588,30.1870290925292,0,28.8388812347406,89.9999959727536,5.6385,6.0535,0.791
"317",2026-02-22 05:16:00,0.482,0.762,0.482,1.581442,2.500122,4.88291412246004,6.88839670847041,335.537254901961,30.1870290925292,0,28.8285410378038,89.9799959736486,5.59466666666667,6.007,0.802
"318",2026-02-22 05:17:00,0.479,0.7565,0.479,1.571599,2.4820765,4.97010901750396,6.80120181342648,334.133333333333,30.1870290925292,0,28.8182008408671,89.9599959745435,5.55083333333333,5.9605,0.813
"319",2026-02-22 05:18:00,0.476,0.751,0.476,1.561756,2.464031,5.05730391254789,6.71400691838255,332.729411764706,30.1870290925292,0,28.8078606439304,89.9399959754384,5.507,5.914,0.824
"320",2026-02-22 05:19:00,0.473,0.7455,0.473,1.551913,2.4459855,5.14449880759182,6.62681202333862,331.325490196078,30.1870290925292,0,28.7975204469936,89.9199959763334,5.46416666666667,5.87083333333333,0.833833333333333
"321",2026-02-22 05:20:00,0.47,0.74,0.47,1.54207,2.42794,5.23169370263575,6.53961712829469,329.921568627451,30.1870290925292,0,28.7871802500569,89.8999959772283,5.42133333333333,5.82766666666667,0.843666666666667
"322",2026-02-22 05:21:00,0.4695,0.739,0.4695,1.5404295,2.424659,5.14449880759182,6.53961712829469,329.640784313725,30.1870290925292,0,28.7664830611311,89.8399959799132,5.3785,5.7845,0.8535
"323",2026-02-22 05:22:00,0.469,0.738,0.469,1.538789,2.421378,5.05730391254789,6.53961712829469,329.36,30.1870290925292,0,28.7457858722052,89.779995982598,5.33566666666667,5.74133333333333,0.863333333333333
"324",2026-02-22 05:23:00,0.4685,0.737,0.4685,1.5371485,2.418097,4.97010901750396,6.53961712829469,329.079215686274,30.1870290925292,0,28.7250886832794,89.7199959852828,5.29283333333333,5.69816666666667,0.873166666666667
"325",2026-02-22 05:24:00,0.468,0.736,0.468,1.535508,2.414816,4.88291412246004,6.53961712829469,328.798431372549,30.1870290925292,0,28.7043914943536,89.6599959879677,5.25,5.655,0.883
"326",2026-02-22 05:25:00,0.4675,0.735,0.4675,1.5338675,2.411535,4.79571922741611,6.53961712829469,328.517647058824,30.1870290925292,0,28.6836943054277,89.5999959906525,5.20416666666667,5.61066666666667,0.893833333333333
"327",2026-02-22 05:26:00,0.467,0.734,0.467,1.532227,2.408254,4.79571922741611,6.62681202333862,330.202352941176,30.1864384928142,0,28.6733372854555,89.5999959906525,5.15833333333333,5.56633333333333,0.904666666666667
"328",2026-02-22 05:27:00,0.4665,0.733,0.4665,1.5305865,2.404973,4.79571922741611,6.71400691838255,331.887058823529,30.1858478930993,0,28.6629802654832,89.5999959906525,5.1125,5.522,0.9155
"329",2026-02-22 05:28:00,0.466,0.732,0.466,1.528946,2.401692,4.79571922741611,6.80120181342648,333.571764705882,30.1852572933843,0,28.6526232455109,89.5999959906525,5.06666666666667,5.47766666666667,0.926333333333333
"330",2026-02-22 05:29:00,0.4655,0.731,0.4655,1.5273055,2.398411,4.79571922741611,6.88839670847041,335.256470588235,30.1846666936693,0,28.6422662255387,89.5999959906525,5.02083333333333,5.43333333333333,0.937166666666667
"331",2026-02-22 05:30:00,0.465,0.73,0.465,1.525665,2.39513,4.79571922741611,6.97559160351434,336.941176470588,30.1840760939544,0,28.6319092055664,89.5999959906525,4.975,5.389,0.948
"332",2026-02-22 05:31:00,0.4645,0.729,0.4645,1.5240245,2.391849,4.88291412246004,7.23717628864612,338.06431372549,30.1840760939544,0,28.6526176238345,89.5599959924424,4.9305,5.34483333333333,0.960666666666667
"333",2026-02-22 05:32:00,0.464,0.728,0.464,1.522384,2.388568,4.97010901750396,7.49876097377791,339.187450980392,30.1840760939544,0,28.6733260421026,89.5199959942323,4.886,5.30066666666667,0.973333333333333
"334",2026-02-22 05:33:00,0.4635,0.727,0.4635,1.5207435,2.385287,5.05730391254789,7.7603456589097,340.310588235294,30.1840760939544,0,28.6940344603707,89.4799959960222,4.8415,5.2565,0.986
"335",2026-02-22 05:34:00,0.463,0.726,0.463,1.519103,2.382006,5.14449880759182,8.02193034404149,341.433725490196,30.1840760939544,0,28.7147428786387,89.439995997812,4.797,5.21233333333333,0.998666666666667
"336",2026-02-22 05:35:00,0.4625,0.725,0.4625,1.5174625,2.378725,5.23169370263575,8.28351502917327,342.556862745098,30.1840760939544,0,28.7354512969068,89.3999959996019,4.7525,5.16816666666667,1.01133333333333
"337",2026-02-22 05:36:00,0.462,0.724,0.462,1.515822,2.375444,5.40608349272361,8.45790481926113,343.118431372549,30.1834854942394,0,28.7354512969068,89.439995997812,4.708,5.124,1.024
"338",2026-02-22 05:37:00,0.4615,0.723,0.4615,1.5141815,2.372163,5.58047328281147,8.63229460934899,343.68,30.1828948945245,0,28.7354512969068,89.4799959960222,4.662,5.0785,1.0355
"339",2026-02-22 05:38:00,0.461,0.722,0.461,1.512541,2.368882,5.75486307289933,8.80668439943685,344.241568627451,30.1823042948095,0,28.7354512969068,89.5199959942323,4.616,5.033,1.047
"340",2026-02-22 05:39:00,0.4605,0.721,0.4605,1.5109005,2.365601,5.92925286298719,8.98107418952471,344.803137254902,30.1817136950946,0,28.7354512969068,89.5599959924424,4.57,4.9875,1.0585
"341",2026-02-22 05:40:00,0.46,0.72,0.46,1.50926,2.36232,6.10364265307504,9.15546397961257,345.364705882353,30.1811230953796,0,28.7354512969068,89.5999959906525,4.524,4.942,1.07
"342",2026-02-22 05:41:00,0.459,0.718,0.459,1.505979,2.355758,6.01644775803112,9.15546397961257,346.207058823529,30.1811230953796,0,28.7147428786387,89.6199959897575,4.478,4.8965,1.0815
"343",2026-02-22 05:42:00,0.458,0.716,0.458,1.502698,2.349196,5.92925286298719,9.15546397961257,347.049411764706,30.1811230953796,0,28.6940344603707,89.6399959888626,4.432,4.851,1.093
"344",2026-02-22 05:43:00,0.457,0.714,0.457,1.499417,2.342634,5.84205796794326,9.15546397961257,347.891764705882,30.1811230953796,0,28.6733260421026,89.6599959879677,4.38666666666667,4.80566666666667,1.0995
"345",2026-02-22 05:44:00,0.456,0.712,0.456,1.496136,2.336072,5.75486307289933,9.15546397961257,348.734117647059,30.1811230953796,0,28.6526176238345,89.6799959870727,4.34133333333333,4.76033333333333,1.106
"346",2026-02-22 05:45:00,0.455,0.71,0.455,1.492855,2.32951,5.6676681778554,9.15546397961257,349.576470588235,30.1811230953796,0,28.6319092055664,89.6999959861778,4.296,4.715,1.1125
"347",2026-02-22 05:46:00,0.454,0.708,0.454,1.489574,2.322948,5.75486307289933,9.06826908456864,349.857254901961,30.1811230953796,0,28.6319092055664,89.6999959861778,4.25066666666667,4.66966666666667,1.119
"348",2026-02-22 05:47:00,0.453,0.706,0.453,1.486293,2.316386,5.84205796794326,8.98107418952471,350.138039215686,30.1811230953796,0,28.6319092055664,89.6999959861778,4.20533333333333,4.62433333333333,1.1255
"349",2026-02-22 05:48:00,0.452,0.704,0.452,1.483012,2.309824,5.92925286298719,8.89387929448078,350.418823529412,30.1811230953796,0,28.6319092055664,89.6999959861778,4.16,4.579,1.132
"350",2026-02-22 05:49:00,0.451,0.702,0.451,1.479731,2.303262,6.01644775803112,8.80668439943685,350.699607843137,30.1811230953796,0,28.6319092055664,89.6999959861778,4.12,4.53416666666667,1.13966666666667
"351",2026-02-22 05:50:00,0.45,0.7,0.45,1.47645,2.2967,6.10364265307504,8.71948950439292,350.980392156863,30.1811230953796,0,28.6319092055664,89.6999959861778,4.08,4.48933333333333,1.14733333333333
"352",2026-02-22 05:51:00,0.449,0.698,0.449,1.473169,2.290138,5.84205796794326,8.63229460934899,351.541960784314,30.1811230953796,0,28.6526176238345,89.7199959852828,4.04,4.4445,1.155
"353",2026-02-22 05:52:00,0.448,0.696,0.448,1.469888,2.283576,5.58047328281147,8.54509971430506,352.103529411765,30.1811230953796,0,28.6733260421026,89.7399959843879,4,4.39966666666667,1.16266666666667
"354",2026-02-22 05:53:00,0.447,0.694,0.447,1.466607,2.277014,5.31888859767968,8.45790481926113,352.665098039216,30.1811230953796,0,28.6940344603707,89.7599959834929,3.96,4.35483333333333,1.17033333333333
"355",2026-02-22 05:54:00,0.446,0.692,0.446,1.463326,2.270452,5.05730391254789,8.3707099242172,353.226666666667,30.1811230953796,0,28.7147428786387,89.779995982598,3.92,4.31,1.178
"356",2026-02-22 05:55:00,0.445,0.69,0.445,1.460045,2.26389,4.79571922741611,8.28351502917327,353.788235294118,30.1811230953796,0,28.7354512969068,89.7999959817031,3.87716666666667,4.26133333333333,1.18616666666667
"357",2026-02-22 05:56:00,0.444,0.688,0.444,1.456764,2.257328,4.88291412246004,8.28351502917327,353.788235294118,30.1817136950946,0,28.7147428786387,89.6999959861778,3.83433333333333,4.21266666666667,1.19433333333333
"358",2026-02-22 05:57:00,0.443,0.686,0.443,1.453483,2.250766,4.97010901750396,8.28351502917327,353.788235294118,30.1823042948095,0,28.6940344603707,89.5999959906525,3.7915,4.164,1.2025
"359",2026-02-22 05:58:00,0.442,0.684,0.442,1.450202,2.244204,5.05730391254789,8.28351502917327,353.788235294118,30.1828948945245,0,28.6733260421026,89.4999959951272,3.74866666666667,4.11533333333333,1.21066666666667
"360",2026-02-22 05:59:00,0.441,0.682,0.441,1.446921,2.237642,5.14449880759182,8.28351502917327,353.788235294118,30.1834854942394,0,28.6526176238345,89.3999959996019,3.70583333333333,4.06666666666667,1.21883333333333
"361",2026-02-22 06:00:00,0.44,0.68,0.44,1.44364,2.23108,5.23169370263575,8.28351502917327,353.788235294118,30.1840760939544,0,28.6319092055664,89.2999960040766,3.663,4.018,1.227
"362",2026-02-22 06:01:00,0.438,0.677,0.438,1.437078,2.221237,5.05730391254789,8.19632013412935,354.069019607843,30.1840760939544,0,28.6526176238345,89.3599960013918,3.62166666666667,3.97366666666667,1.23683333333333
"363",2026-02-22 06:02:00,0.436,0.674,0.436,1.430516,2.211394,4.88291412246004,8.10912523908542,354.349803921569,30.1840760939544,0,28.6733260421026,89.419995998707,3.58033333333333,3.92933333333333,1.24666666666667
"364",2026-02-22 06:03:00,0.434,0.671,0.434,1.423954,2.201551,4.70852433237218,8.02193034404149,354.630588235294,30.1840760939544,0,28.6940344603707,89.4799959960222,3.539,3.885,1.2565
"365",2026-02-22 06:04:00,0.432,0.668,0.432,1.417392,2.191708,4.53413454228432,7.93473544899756,354.91137254902,30.1840760939544,0,28.7147428786387,89.5399959933373,3.49766666666667,3.84066666666667,1.26633333333333
"366",2026-02-22 06:05:00,0.43,0.665,0.43,1.41083,2.181865,4.35974475219646,7.84754055395363,355.192156862745,30.1840760939544,0,28.7354512969068,89.5999959906525,3.45633333333333,3.79633333333333,1.27616666666667
"367",2026-02-22 06:06:00,0.428,0.662,0.428,1.404268,2.172022,4.35974475219646,7.7603456589097,354.630588235294,30.1840760939544,0,28.725099898611,89.6199959897575,3.415,3.752,1.286
"368",2026-02-22 06:07:00,0.426,0.659,0.426,1.397706,2.162179,4.35974475219646,7.67315076386577,354.069019607843,30.1840760939544,0,28.7147485003152,89.6399959888626,3.37366666666667,3.7105,1.29033333333333
"369",2026-02-22 06:08:00,0.424,0.656,0.424,1.391144,2.152336,4.35974475219646,7.58595586882184,353.507450980392,30.1840760939544,0,28.7043971020194,89.6599959879677,3.33233333333333,3.669,1.29466666666667
"370",2026-02-22 06:09:00,0.422,0.653,0.422,1.384582,2.142493,4.35974475219646,7.49876097377791,352.945882352941,30.1840760939544,0,28.6940457037235,89.6799959870727,3.291,3.6275,1.299
"371",2026-02-22 06:10:00,0.42,0.65,0.42,1.37802,2.13265,4.35974475219646,7.41156607873398,352.38431372549,30.1840760939544,0,28.6836943054277,89.6999959861778,3.24966666666667,3.586,1.30333333333333
"372",2026-02-22 06:11:00,0.418,0.647,0.418,1.371458,2.122807,4.27254985715253,7.32437118369005,353.226666666667,30.1828948945245,0,28.6733372854555,89.7399959843879,3.20833333333333,3.5445,1.30766666666667
"373",2026-02-22 06:12:00,0.416,0.644,0.416,1.364896,2.112964,4.1853549621086,7.23717628864612,354.069019607843,30.1817136950946,0,28.6629802654832,89.779995982598,3.167,3.503,1.312
"374",2026-02-22 06:13:00,0.414,0.641,0.414,1.358334,2.103121,4.09816006706467,7.1499813936022,354.91137254902,30.1805324956646,0,28.6526232455109,89.8199959808081,3.12583333333333,3.463,1.31266666666667
"375",2026-02-22 06:14:00,0.412,0.638,0.412,1.351772,2.093278,4.01096517202074,7.06278649855827,355.753725490196,30.1793512962347,0,28.6422662255387,89.8599959790182,3.08466666666667,3.423,1.31333333333333
"376",2026-02-22 06:15:00,0.41,0.635,0.41,1.34521,2.083435,3.92377027697681,6.97559160351434,356.596078431373,30.1781700968048,0,28.6319092055664,89.8999959772283,3.0435,3.383,1.314
"377",2026-02-22 06:16:00,0.408,0.632,0.408,1.338648,2.073592,3.92377027697681,7.1499813936022,356.876862745098,30.1799418959497,0,28.6629634144645,89.9599959745435,3.00233333333333,3.343,1.31466666666667
"378",2026-02-22 06:17:00,0.406,0.629,0.406,1.332086,2.063749,3.92377027697681,7.32437118369005,357.157647058824,30.1817136950946,0,28.6940176233626,90.0199959718587,2.96116666666667,3.303,1.31533333333333
"379",2026-02-22 06:18:00,0.404,0.626,0.404,1.325524,2.053906,3.92377027697681,7.49876097377791,357.438431372549,30.1834854942394,0,28.7250718322607,90.0799959691739,2.92,3.263,1.316
"380",2026-02-22 06:19:00,0.402,0.623,0.402,1.318962,2.044063,3.92377027697681,7.67315076386577,357.719215686275,30.1852572933843,0,28.7561260411588,90.139995966489,2.882,3.2215,1.32033333333333
"381",2026-02-22 06:20:00,0.4,0.62,0.4,1.3124,2.03422,3.92377027697681,7.84754055395363,358,30.1870290925292,0,28.7871802500569,90.1999959638042,2.844,3.18,1.32466666666667
"382",2026-02-22 06:21:00,0.3995,0.6195,0.3995,1.3107595,2.0325795,4.1853549621086,7.84754055395363,357.157647058824,30.1870290925292,0,28.7664830611311,90.119995967384,2.806,3.1385,1.329
"383",2026-02-22 06:22:00,0.399,0.619,0.399,1.309119,2.030939,4.44693964724039,7.84754055395363,356.315294117647,30.1870290925292,0,28.7457858722052,90.0399959709637,2.768,3.097,1.33333333333333
"384",2026-02-22 06:23:00,0.3985,0.6185,0.3985,1.3074785,2.0292985,4.70852433237218,7.84754055395363,355.472941176471,30.1870290925292,0,28.7250886832794,89.9599959745435,2.73,3.0555,1.33766666666667
"385",2026-02-22 06:24:00,0.398,0.618,0.398,1.305838,2.027658,4.97010901750396,7.84754055395363,354.630588235294,30.1870290925292,0,28.7043914943536,89.8799959781233,2.692,3.014,1.342
"386",2026-02-22 06:25:00,0.3975,0.6175,0.3975,1.3041975,2.0260175,5.23169370263575,7.84754055395363,353.788235294118,30.1870290925292,0,28.6836943054277,89.7999959817031,2.654,2.974,1.348
"387",2026-02-22 06:26:00,0.397,0.617,0.397,1.302557,2.024377,5.14449880759182,8.02193034404149,353.788235294118,30.1858478930993,0,28.6836943054277,89.779995982598,2.616,2.934,1.354
"388",2026-02-22 06:27:00,0.3965,0.6165,0.3965,1.3009165,2.0227365,5.05730391254789,8.19632013412935,353.788235294118,30.1846666936693,0,28.6836943054277,89.7599959834929,2.578,2.894,1.36
"389",2026-02-22 06:28:00,0.396,0.616,0.396,1.299276,2.021096,4.97010901750396,8.3707099242172,353.788235294118,30.1834854942394,0,28.6836943054277,89.7399959843879,2.54,2.854,1.366
"390",2026-02-22 06:29:00,0.3955,0.6155,0.3955,1.2976355,2.0194555,4.88291412246004,8.54509971430506,353.788235294118,30.1823042948095,0,28.6836943054277,89.7199959852828,2.502,2.814,1.372
"391",2026-02-22 06:30:00,0.395,0.615,0.395,1.295995,2.017815,4.79571922741611,8.71948950439292,353.788235294118,30.1811230953796,0,28.6836943054277,89.6999959861778,2.464,2.774,1.378
"392",2026-02-22 06:31:00,0.3945,0.6145,0.3945,1.2943545,2.0161745,4.70852433237218,8.63229460934899,354.069019607843,30.1811230953796,0,28.6940457037235,89.7599959834929,2.424,2.73466666666667,1.38066666666667
"393",2026-02-22 06:32:00,0.394,0.614,0.394,1.292714,2.014534,4.62132943732825,8.54509971430506,354.349803921569,30.1811230953796,0,28.7043971020194,89.8199959808081,2.384,2.69533333333333,1.38333333333333
"394",2026-02-22 06:33:00,0.3935,0.6135,0.3935,1.2910735,2.0128935,4.53413454228432,8.45790481926113,354.630588235294,30.1811230953796,0,28.7147485003152,89.8799959781233,2.344,2.656,1.386
"395",2026-02-22 06:34:00,0.393,0.613,0.393,1.289433,2.011253,4.44693964724039,8.3707099242172,354.91137254902,30.1811230953796,0,28.725099898611,89.9399959754384,2.304,2.61666666666667,1.38866666666667
"396",2026-02-22 06:35:00,0.3925,0.6125,0.3925,1.2877925,2.0096125,4.35974475219646,8.28351502917327,355.192156862745,30.1811230953796,0,28.7354512969068,89.9999959727536,2.264,2.57733333333333,1.39133333333333
"397",2026-02-22 06:36:00,0.392,0.612,0.392,1.286152,2.007972,4.62132943732825,8.45790481926113,284.715294117647,30.1787606965198,0,28.7664719016505,89.9999959727536,2.224,2.538,1.394
"398",2026-02-22 06:37:00,0.3915,0.6115,0.3915,1.2845115,2.0063315,4.88291412246004,8.63229460934899,214.238431372549,30.1763982976599,0,28.7974925063942,89.9999959727536,2.1915,2.503,1.393
"399",2026-02-22 06:38:00,0.391,0.611,0.391,1.282871,2.004691,5.14449880759182,8.80668439943685,143.761568627451,30.1740358988001,0,28.828513111138,89.9999959727536,2.159,2.468,1.392
"400",2026-02-22 06:39:00,0.3905,0.6105,0.3905,1.2812305,2.0030505,5.40608349272361,8.98107418952471,73.2847058823529,30.1716734999403,0,28.8595337158817,89.9999959727536,2.1265,2.433,1.391
"401",2026-02-22 06:40:00,0.39,0.61,0.39,1.27959,2.00141,5.6676681778554,9.15546397961257,2.8078431372549,30.1693111010804,0,28.8905543206254,89.9999959727536,2.094,2.398,1.39
"402",2026-02-22 06:41:00,0.391,0.6115,0.391,1.282871,2.0063315,5.58047328281147,9.41704866474435,2.8078431372549,30.1699017007954,0,28.9112068712437,90.0599959700688,2.0615,2.363,1.389
"403",2026-02-22 06:42:00,0.392,0.613,0.392,1.286152,2.011253,5.49327838776754,9.67863334987614,2.8078431372549,30.1704923005103,0,28.931859421862,90.119995967384,2.029,2.328,1.388
"404",2026-02-22 06:43:00,0.393,0.6145,0.393,1.289433,2.0161745,5.40608349272361,9.94021803500793,2.8078431372549,30.1710829002253,0,28.9525119724803,90.1799959646991,1.99325,2.292,1.39016666666667
"405",2026-02-22 06:44:00,0.394,0.616,0.394,1.292714,2.021096,5.31888859767968,10.2018027201397,2.8078431372549,30.1716734999403,0,28.9731645230986,90.2399959620143,1.9575,2.256,1.39233333333333
"406",2026-02-22 06:45:00,0.395,0.6175,0.395,1.295995,2.0260175,5.23169370263575,10.4633874052715,2.8078431372549,30.1722640996552,0,28.9938170737169,90.2999959593295,1.92175,2.22,1.3945
"407",2026-02-22 06:46:00,0.396,0.619,0.396,1.299276,2.030939,5.84205796794326,10.8121669854472,4.21176470588235,30.1716734999403,0,29.0350558266863,90.2599959611194,1.886,2.184,1.39666666666667
"408",2026-02-22 06:47:00,0.397,0.6205,0.397,1.302557,2.0358605,6.45242223325076,11.1609465656229,5.6156862745098,30.1710829002253,0,29.0762945796556,90.2199959629092,1.85025,2.148,1.39883333333333
"409",2026-02-22 06:48:00,0.398,0.622,0.398,1.305838,2.040782,7.06278649855827,11.5097261457987,7.01960784313725,30.1704923005103,0,29.117533332625,90.1799959646991,1.8145,2.112,1.401
"410",2026-02-22 06:49:00,0.399,0.6235,0.399,1.309119,2.0457035,7.67315076386577,11.8585057259744,8.42352941176471,30.1699017007954,0,29.1587720855943,90.139995966489,1.77875,2.07916666666667,1.4075
"411",2026-02-22 06:50:00,0.4,0.625,0.4,1.3124,2.050625,8.28351502917327,12.2072853061501,9.82745098039216,30.1693111010804,0,29.2000108385637,90.0999959682789,1.743,2.04633333333333,1.414
"412",2026-02-22 06:51:00,0.401,0.6265,0.401,1.315681,2.0555465,8.10912523908542,12.2072853061501,8.42352941176471,30.1704923005103,0,29.1484485862887,90.0799959691739,1.70725,2.0135,1.4205
"413",2026-02-22 06:52:00,0.402,0.628,0.402,1.318962,2.060468,7.93473544899756,12.2072853061501,7.01960784313725,30.1716734999403,0,29.0968863340137,90.0599959700688,1.6715,1.98066666666667,1.427
"414",2026-02-22 06:53:00,0.403,0.6295,0.403,1.322243,2.0653895,7.7603456589097,12.2072853061501,5.6156862745098,30.1728546993702,0,29.0453240817388,90.0399959709637,1.63575,1.94783333333333,1.4335
"415",2026-02-22 06:54:00,0.404,0.631,0.404,1.325524,2.070311,7.58595586882184,12.2072853061501,4.21176470588235,30.1740358988001,0,28.9937618294638,90.0199959718587,1.6,1.915,1.44
"416",2026-02-22 06:55:00,0.405,0.6325,0.405,1.328805,2.0752325,7.41156607873398,12.2072853061501,2.8078431372549,30.17521709823,0,28.9421995771888,89.9999959727536,1.5725,1.88716666666667,1.44283333333333
"417",2026-02-22 06:56:00,0.406,0.634,0.406,1.332086,2.080154,6.88839670847041,11.6841159358865,2.24627450980392,30.175807697945,0,28.9937618294638,90.0599959700688,1.545,1.85933333333333,1.44566666666667
"418",2026-02-22 06:57:00,0.407,0.6355,0.407,1.335367,2.0850755,6.36522733820683,11.1609465656229,1.68470588235294,30.1763982976599,0,29.0453240817388,90.119995967384,1.5175,1.8315,1.4485
"419",2026-02-22 06:58:00,0.408,0.637,0.408,1.338648,2.089997,5.84205796794326,10.6377771953594,1.12313725490196,30.1769888973749,0,29.0968863340137,90.1799959646991,1.49,1.80366666666667,1.45133333333333
"420",2026-02-22 06:59:00,0.409,0.6385,0.409,1.341929,2.0949185,5.31888859767968,10.1146078250958,0.56156862745098,30.1775794970898,0,29.1484485862887,90.2399959620143,1.4625,1.77583333333333,1.45416666666667
"421",2026-02-22 07:00:00,0.41,0.64,0.41,1.34521,2.09984,4.79571922741611,9.59143845483221,0,30.1781700968048,0,29.2000108385637,90.2999959593295,1.435,1.748,1.457
"422",2026-02-22 07:01:00,0.411,0.6425,0.411,1.348491,2.1080425,4.70852433237218,9.41704866474435,71.6,30.1787606965198,0,29.1897094094718,90.2799959602244,1.40483333333333,1.71683333333333,1.46016666666667
"423",2026-02-22 07:02:00,0.412,0.645,0.412,1.351772,2.116245,4.62132943732825,9.2426588746565,143.2,30.1793512962347,0,29.17940798038,90.2599959611194,1.37466666666667,1.68566666666667,1.46333333333333
"424",2026-02-22 07:03:00,0.413,0.6475,0.413,1.355053,2.1244475,4.53413454228432,9.06826908456864,214.8,30.1799418959497,0,29.1691065512882,90.2399959620143,1.3445,1.6545,1.4665
"425",2026-02-22 07:04:00,0.414,0.65,0.414,1.358334,2.13265,4.44693964724039,8.89387929448078,286.4,30.1805324956646,0,29.1588051221963,90.2199959629092,1.31433333333333,1.62333333333333,1.46966666666667
"426",2026-02-22 07:05:00,0.415,0.6525,0.415,1.361615,2.1408525,4.35974475219646,8.71948950439292,358,30.1811230953796,0,29.1485036931045,90.1999959638042,1.28416666666667,1.59216666666667,1.47283333333333
"427",2026-02-22 07:06:00,0.416,0.655,0.416,1.364896,2.149055,4.62132943732825,8.80668439943685,286.4,30.1811230953796,0,29.1278843303447,90.2199959629092,1.254,1.561,1.476
"428",2026-02-22 07:07:00,0.417,0.6575,0.417,1.368177,2.1572575,4.88291412246004,8.89387929448078,214.8,30.1811230953796,0,29.1072649675849,90.2399959620143,1.22,1.52916666666667,1.481
"429",2026-02-22 07:08:00,0.418,0.66,0.418,1.371458,2.16546,5.14449880759182,8.98107418952471,143.2,30.1811230953796,0,29.086645604825,90.2599959611194,1.186,1.49733333333333,1.486
"430",2026-02-22 07:09:00,0.419,0.6625,0.419,1.374739,2.1736625,5.40608349272361,9.06826908456864,71.6,30.1811230953796,0,29.0660262420652,90.2799959602244,1.152,1.4655,1.491
"431",2026-02-22 07:10:00,0.42,0.665,0.42,1.37802,2.181865,5.6676681778554,9.15546397961257,0,30.1811230953796,0,29.0454068793054,90.2999959593295,1.118,1.43366666666667,1.496
"432",2026-02-22 07:11:00,0.421,0.6675,0.421,1.381301,2.1900675,5.6676681778554,8.98107418952471,71.038431372549,30.1811230953796,0,29.0866236169609,90.3399959575396,1.084,1.40183333333333,1.501
"433",2026-02-22 07:12:00,0.422,0.67,0.422,1.384582,2.19827,5.6676681778554,8.80668439943685,142.076862745098,30.1811230953796,0,29.1278403546164,90.3799959557497,1.05,1.37,1.506
"434",2026-02-22 07:13:00,0.423,0.6725,0.423,1.387863,2.2064725,5.6676681778554,8.63229460934899,213.115294117647,30.1811230953796,0,29.1690570922719,90.4199959539598,1.02183333333333,1.3405,1.5175
"435",2026-02-22 07:14:00,0.424,0.675,0.424,1.391144,2.214675,5.6676681778554,8.45790481926113,284.153725490196,30.1811230953796,0,29.2102738299273,90.4599959521699,0.993666666666667,1.311,1.529
"436",2026-02-22 07:15:00,0.425,0.6775,0.425,1.394425,2.2228775,5.6676681778554,8.28351502917327,355.192156862745,30.1811230953796,0,29.2514905675828,90.49999595038,0.9655,1.2815,1.5405
"437",2026-02-22 07:16:00,0.426,0.68,0.426,1.397706,2.23108,5.84205796794326,8.71948950439292,284.715294117647,30.1811230953796,0,29.2926197899933,90.4599959521699,0.937333333333333,1.252,1.552
"438",2026-02-22 07:17:00,0.427,0.6825,0.427,1.400987,2.2392825,6.01644775803112,9.15546397961257,214.238431372549,30.1811230953796,0,29.3337490124038,90.4199959539598,0.909166666666667,1.2225,1.5635
"439",2026-02-22 07:18:00,0.428,0.685,0.428,1.404268,2.247485,6.19083754811897,9.59143845483221,143.761568627451,30.1811230953796,0,29.3748782348143,90.3799959557497,0.881,1.193,1.575
"440",2026-02-22 07:19:00,0.429,0.6875,0.429,1.407549,2.2556875,6.36522733820683,10.0274129300519,73.2847058823529,30.1811230953796,0,29.4160074572248,90.3399959575396,0.8525,1.16516666666667,1.5875
"441",2026-02-22 07:20:00,0.43,0.69,0.43,1.41083,2.26389,6.53961712829469,10.4633874052715,2.8078431372549,30.1811230953796,0,29.4571366796353,90.2999959593295,0.824,1.13733333333333,1.6
"442",2026-02-22 07:21:00,0.4305,0.69,0.4305,1.4124705,2.26389,6.80120181342648,10.7249720904033,3.65019607843137,30.1811230953796,0,29.4674054127324,90.2599959611194,0.7955,1.1095,1.6125
"443",2026-02-22 07:22:00,0.431,0.69,0.431,1.414111,2.26389,7.06278649855827,10.9865567755351,4.49254901960784,30.1811230953796,0,29.4776741458294,90.2199959629092,0.767,1.08166666666667,1.625
"444",2026-02-22 07:23:00,0.4315,0.69,0.4315,1.4157515,2.26389,7.32437118369005,11.2481414606669,5.33490196078431,30.1811230953796,0,29.4879428789265,90.1799959646991,0.7385,1.05383333333333,1.6375
"445",2026-02-22 07:24:00,0.432,0.69,0.432,1.417392,2.26389,7.58595586882184,11.5097261457987,6.17725490196078,30.1811230953796,0,29.4982116120236,90.139995966489,0.71,1.026,1.65
"446",2026-02-22 07:25:00,0.4325,0.69,0.4325,1.4190325,2.26389,7.84754055395363,11.7713108309304,7.01960784313725,30.1811230953796,0,29.5084803451207,90.0999959682789,0.6875,0.999666666666667,1.6605
"447",2026-02-22 07:26:00,0.433,0.69,0.433,1.420673,2.26389,7.93473544899756,11.7713108309304,7.30039215686275,30.1811230953796,0,29.5392541857063,90.0399959709637,0.665,0.973333333333333,1.671
"448",2026-02-22 07:27:00,0.4335,0.69,0.4335,1.4223135,2.26389,8.02193034404149,11.7713108309304,7.58117647058824,30.1811230953796,0,29.5700280262919,89.9799959736486,0.6425,0.947,1.6815
"449",2026-02-22 07:28:00,0.434,0.69,0.434,1.423954,2.26389,8.10912523908542,11.7713108309304,7.86196078431373,30.1811230953796,0,29.6008018668775,89.9199959763334,0.62,0.920666666666667,1.692
"450",2026-02-22 07:29:00,0.4345,0.69,0.4345,1.4255945,2.26389,8.19632013412935,11.7713108309304,8.14274509803922,30.1811230953796,0,29.6315757074631,89.8599959790182,0.5975,0.894333333333333,1.7025
"451",2026-02-22 07:30:00,0.435,0.69,0.435,1.427235,2.26389,8.28351502917327,11.7713108309304,8.42352941176471,30.1811230953796,0,29.6623495480488,89.7999959817031,0.575,0.868,1.713
"452",2026-02-22 07:31:00,0.4355,0.69,0.4355,1.4288755,2.26389,8.54509971430506,11.8585057259744,9.54666666666667,30.1805324956646,0,29.7033063301784,89.7199959852828,0.555666666666667,0.842333333333333,1.72666666666667
"453",2026-02-22 07:32:00,0.436,0.69,0.436,1.430516,2.26389,8.80668439943685,11.9457006210183,10.6698039215686,30.1799418959497,0,29.7442631123081,89.6399959888626,0.536333333333333,0.816666666666667,1.74033333333333
"454",2026-02-22 07:33:00,0.4365,0.69,0.4365,1.4321565,2.26389,9.06826908456864,12.0328955160622,11.7929411764706,30.1793512962347,0,29.7852198944378,89.5599959924424,0.517,0.791,1.754
"455",2026-02-22 07:34:00,0.437,0.69,0.437,1.433797,2.26389,9.32985376970043,12.1200904111062,12.9160784313725,30.1787606965198,0,29.8261766765675,89.4799959960222,0.497666666666666,0.765333333333333,1.76766666666667
"456",2026-02-22 07:35:00,0.4375,0.69,0.4375,1.4354375,2.26389,9.59143845483221,12.2072853061501,14.0392156862745,30.1781700968048,0,29.8671334586971,89.3999959996019,0.478333333333333,0.739666666666667,1.78133333333333
"457",2026-02-22 07:36:00,0.438,0.69,0.438,1.437078,2.26389,9.67863334987614,12.2072853061501,15.1623529411765,30.1781700968048,0,29.8977952550438,89.3999959996019,0.459,0.714,1.795
"458",2026-02-22 07:37:00,0.4385,0.69,0.4385,1.4387185,2.26389,9.76582824492007,12.2072853061501,16.2854901960784,30.1781700968048,0,29.9284570513905,89.3999959996019,0.438166666666666,0.687166666666667,1.8075
"459",2026-02-22 07:38:00,0.439,0.69,0.439,1.440359,2.26389,9.853023139964,12.2072853061501,17.4086274509804,30.1781700968048,0,29.9591188477371,89.3999959996019,0.417333333333333,0.660333333333333,1.82
"460",2026-02-22 07:39:00,0.4395,0.69,0.4395,1.4419995,2.26389,9.94021803500793,12.2072853061501,18.5317647058824,30.1781700968048,0,29.9897806440838,89.3999959996019,0.3965,0.6335,1.8325
"461",2026-02-22 07:40:00,0.44,0.69,0.44,1.44364,2.26389,10.0274129300519,12.2072853061501,19.6549019607843,30.1781700968048,0,30.0204424404304,89.3999959996019,0.375666666666666,0.606666666666667,1.845
"462",2026-02-22 07:41:00,0.441,0.691,0.441,1.446921,2.267171,9.853023139964,12.2072853061501,17.9701960784314,30.1787606965198,0,30.071440216571,89.3999959996019,0.354833333333333,0.579833333333333,1.8575
"463",2026-02-22 07:42:00,0.442,0.692,0.442,1.450202,2.270452,9.67863334987614,12.2072853061501,16.2854901960784,30.1793512962347,0,30.1224379927115,89.3999959996019,0.334,0.553,1.87
"464",2026-02-22 07:43:00,0.443,0.693,0.443,1.453483,2.273733,9.50424355978828,12.2072853061501,14.6007843137255,30.1799418959497,0,30.173435768852,89.3999959996019,0.3185,0.5345,1.8815
"465",2026-02-22 07:44:00,0.444,0.694,0.444,1.456764,2.277014,9.32985376970042,12.2072853061501,12.9160784313725,30.1805324956646,0,30.2244335449926,89.3999959996019,0.303,0.516,1.893
"466",2026-02-22 07:45:00,0.445,0.695,0.445,1.460045,2.280295,9.15546397961257,12.2072853061501,11.2313725490196,30.1811230953796,0,30.2754313211331,89.3999959996019,0.2875,0.4975,1.9045
"467",2026-02-22 07:46:00,0.446,0.696,0.446,1.463326,2.283576,8.3707099242172,11.5969210408426,9.54666666666667,30.1823042948095,0,30.2754313211331,89.419995998707,0.272,0.479,1.916
"468",2026-02-22 07:47:00,0.447,0.697,0.447,1.466607,2.286857,7.58595586882184,10.9865567755351,7.86196078431372,30.1834854942394,0,30.2754313211331,89.439995997812,0.2565,0.4605,1.9275
"469",2026-02-22 07:48:00,0.448,0.698,0.448,1.469888,2.290138,6.80120181342648,10.3761925102276,6.17725490196078,30.1846666936693,0,30.2754313211331,89.4599959969171,0.241,0.442,1.939
"470",2026-02-22 07:49:00,0.449,0.699,0.449,1.473169,2.293419,6.01644775803111,9.76582824492007,4.49254901960784,30.1858478930993,0,30.2754313211331,89.4799959960222,0.226833333333333,0.423333333333333,1.951
"471",2026-02-22 07:50:00,0.45,0.7,0.45,1.47645,2.2967,5.23169370263575,9.15546397961257,2.8078431372549,30.1870290925292,0,30.2754313211331,89.4999959951272,0.212666666666666,0.404666666666667,1.963
"472",2026-02-22 07:51:00,0.451,0.701,0.451,1.479731,2.299981,5.23169370263575,9.2426588746565,2.52705882352941,30.1876196922441,0,30.2754313211331,89.4999959951272,0.1985,0.386,1.975
"473",2026-02-22 07:52:00,0.452,0.702,0.452,1.483012,2.303262,5.23169370263575,9.32985376970042,2.24627450980392,30.1882102919591,0,30.2754313211331,89.4999959951272,0.184333333333333,0.367333333333333,1.987
"474",2026-02-22 07:53:00,0.453,0.703,0.453,1.486293,2.306543,5.23169370263575,9.41704866474435,1.96549019607843,30.1888008916741,0,30.2754313211331,89.4999959951272,0.170166666666666,0.348666666666667,1.999
"475",2026-02-22 07:54:00,0.454,0.704,0.454,1.489574,2.309824,5.23169370263575,9.50424355978828,1.68470588235294,30.189391491389,0,30.2754313211331,89.4999959951272,0.156,0.33,2.011
"476",2026-02-22 07:55:00,0.455,0.705,0.455,1.492855,2.313105,5.23169370263575,9.59143845483221,1.40392156862745,30.189982091104,0,30.2754313211331,89.4999959951272,0.142666666666666,0.313666666666667,2.02516666666667
"477",2026-02-22 07:56:00,0.456,0.706,0.456,1.496136,2.316386,4.97010901750396,9.15546397961257,72.4423529411765,30.189982091104,0,30.3364570391495,89.5399959933373,0.129333333333333,0.297333333333333,2.03933333333333
"478",2026-02-22 07:57:00,0.457,0.707,0.457,1.499417,2.319667,4.70852433237218,8.71948950439292,143.480784313726,30.189982091104,0,30.3974827571659,89.5799959915474,0.116,0.281,2.0535
"479",2026-02-22 07:58:00,0.458,0.708,0.458,1.502698,2.322948,4.44693964724039,8.28351502917327,214.519215686275,30.189982091104,0,30.4585084751824,89.6199959897575,0.102666666666666,0.264666666666667,2.06766666666667
"480",2026-02-22 07:59:00,0.459,0.709,0.459,1.505979,2.326229,4.1853549621086,7.84754055395363,285.557647058824,30.189982091104,0,30.5195341931988,89.6599959879677,0.089333333333333,0.248333333333333,2.08183333333333
"481",2026-02-22 08:00:00,0.46,0.71,0.46,1.50926,2.32951,3.92377027697681,7.41156607873398,356.596078431373,30.189982091104,0,30.5805599112152,89.6999959861778,0.0759999999999996,0.232,2.096
"482",2026-02-22 08:01:00,0.46,0.711,0.46,1.50926,2.332791,4.09816006706467,7.49876097377791,285.557647058824,30.1905726908189,0,30.5805599112152,89.6199959897575,0.0664999999999997,0.223833333333333,2.113
"483",2026-02-22 08:02:00,0.46,0.712,0.46,1.50926,2.336072,4.27254985715253,7.58595586882184,214.519215686275,30.1911632905339,0,30.5805599112152,89.5399959933373,0.0569999999999998,0.215666666666667,2.13
"484",2026-02-22 08:03:00,0.46,0.713,0.46,1.50926,2.339353,4.44693964724039,7.67315076386577,143.480784313725,30.1917538902489,0,30.5805599112152,89.4599959969171,0.0474999999999999,0.2075,2.147
"485",2026-02-22 08:04:00,0.46,0.714,0.46,1.50926,2.342634,4.62132943732825,7.7603456589097,72.4423529411764,30.1923444899638,0,30.5805599112152,89.3799960004969,0.038,0.199333333333333,2.164
"486",2026-02-22 08:05:00,0.46,0.715,0.46,1.50926,2.345915,4.79571922741611,7.84754055395363,1.40392156862745,30.1929350896788,0,30.5805599112152,89.2999960040766,0.0285,0.191166666666667,2.181
"487",2026-02-22 08:06:00,0.46,0.716,0.46,1.50926,2.349196,4.79571922741611,8.28351502917327,1.40392156862745,30.1935256893937,0,30.5805599112152,89.2199960076564,0.0190000000000001,0.183,2.198
"488",2026-02-22 08:07:00,0.46,0.717,0.46,1.50926,2.352477,4.79571922741611,8.71948950439292,1.40392156862745,30.1941162891087,0,30.5805599112152,89.1399960112362,0.00700000000000012,0.168166666666667,2.21166666666667
"489",2026-02-22 08:08:00,0.46,0.718,0.46,1.50926,2.355758,4.79571922741611,9.15546397961257,1.40392156862745,30.1947068888237,0,30.5805599112152,89.059996014816,-0.00499999999999989,0.153333333333333,2.22533333333333
"490",2026-02-22 08:09:00,0.46,0.719,0.46,1.50926,2.359039,4.79571922741611,9.59143845483221,1.40392156862745,30.1952974885386,0,30.5805599112152,88.9799960183958,-0.0169999999999999,0.1385,2.239
"491",2026-02-22 08:10:00,0.46,0.72,0.46,1.50926,2.36232,4.79571922741611,10.0274129300519,1.40392156862745,30.1958880882536,0,30.5805599112152,88.8999960219755,-0.0289999999999999,0.123666666666667,2.25266666666667
"492",2026-02-22 08:11:00,0.46,0.721,0.46,1.50926,2.365601,5.14449880759182,9.94021803500793,1.96549019607843,30.1952974885386,0,30.5195341931988,88.8799960228705,-0.0409999999999999,0.108833333333333,2.26633333333333
"493",2026-02-22 08:12:00,0.46,0.722,0.46,1.50926,2.368882,5.49327838776754,9.853023139964,2.52705882352941,30.1947068888237,0,30.4585084751824,88.8599960237654,-0.0529999999999999,0.094,2.28
"494",2026-02-22 08:13:00,0.46,0.723,0.46,1.50926,2.372163,5.84205796794326,9.76582824492007,3.08862745098039,30.1941162891087,0,30.3974827571659,88.8399960246604,-0.0546666666666666,0.0951666666666667,2.29533333333333
"495",2026-02-22 08:14:00,0.46,0.724,0.46,1.50926,2.375444,6.19083754811897,9.67863334987614,3.65019607843137,30.1935256893937,0,30.3364570391495,88.8199960255553,-0.0563333333333332,0.0963333333333333,2.31066666666667
"496",2026-02-22 08:15:00,0.46,0.725,0.46,1.50926,2.378725,6.53961712829469,9.59143845483221,4.21176470588235,30.1929350896788,0,30.2754313211331,88.7999960264502,-0.0579999999999998,0.0975,2.326
"497",2026-02-22 08:16:00,0.46,0.726,0.46,1.50926,2.382006,6.36522733820683,9.50424355978828,4.21176470588235,30.1935256893937,0,30.265242226917,88.8399960246604,-0.0596666666666665,0.0986666666666667,2.34133333333333
"498",2026-02-22 08:17:00,0.46,0.727,0.46,1.50926,2.385287,6.19083754811897,9.41704866474435,4.21176470588235,30.1941162891087,0,30.2550531327008,88.8799960228705,-0.0613333333333331,0.0998333333333333,2.35666666666667
"499",2026-02-22 08:18:00,0.46,0.728,0.46,1.50926,2.388568,6.01644775803112,9.32985376970042,4.21176470588235,30.1947068888237,0,30.2448640384847,88.9199960210806,-0.0629999999999997,0.101,2.372
"500",2026-02-22 08:19:00,0.46,0.729,0.46,1.50926,2.391849,5.84205796794326,9.2426588746565,4.21176470588235,30.1952974885386,0,30.2346749442685,88.9599960192907,-0.0623333333333331,0.1025,2.38833333333333
"501",2026-02-22 08:20:00,0.46,0.73,0.46,1.50926,2.39513,5.6676681778554,9.15546397961257,4.21176470588235,30.1958880882536,0,30.2244858500523,88.9999960175008,-0.0616666666666665,0.104,2.40466666666667
"502",2026-02-22 08:21:00,0.4625,0.7335,0.4625,1.5174625,2.4066135,5.49327838776754,8.98107418952471,74.6886274509804,30.1964786879685,0,30.2040919960576,89.0399960157109,-0.0609999999999999,0.1055,2.421
"503",2026-02-22 08:22:00,0.465,0.737,0.465,1.525665,2.418097,5.31888859767968,8.80668439943685,145.165490196078,30.1970692876835,0,30.1836981420629,89.079996013921,-0.0603333333333333,0.107,2.43733333333333
"504",2026-02-22 08:23:00,0.4675,0.7405,0.4675,1.5338675,2.4295805,5.14449880759182,8.63229460934899,215.642352941176,30.1976598873984,0,30.1633042880682,89.1199960121311,-0.0596666666666668,0.1085,2.45366666666667
"505",2026-02-22 08:24:00,0.47,0.744,0.47,1.54207,2.441064,4.97010901750397,8.45790481926113,286.119215686275,30.1982504871134,0,30.1429104340734,89.1599960103413,-0.0590000000000002,0.11,2.47
"506",2026-02-22 08:25:00,0.4725,0.7475,0.4725,1.5502725,2.4525475,4.79571922741611,8.28351502917327,356.596078431373,30.1988410868284,0,30.1225165800787,89.1999960085514,-0.0525000000000001,0.111666666666667,2.48316666666667
"507",2026-02-22 08:26:00,0.475,0.751,0.475,1.558475,2.464031,4.70852433237218,8.3707099242172,356.876862745098,30.1994316865433,0,30.1734621157471,89.2399960067615,-0.046,0.113333333333333,2.49633333333333
"508",2026-02-22 08:27:00,0.4775,0.7545,0.4775,1.5666775,2.4755145,4.62132943732825,8.45790481926113,357.157647058824,30.2000222862583,0,30.2244076514156,89.2799960049716,-0.0394999999999999,0.115,2.5095
"509",2026-02-22 08:28:00,0.48,0.758,0.48,1.57488,2.486998,4.53413454228432,8.54509971430506,357.438431372549,30.2006128859732,0,30.275353187084,89.3199960031817,-0.0329999999999998,0.116666666666667,2.52266666666667
"510",2026-02-22 08:29:00,0.4825,0.7615,0.4825,1.5830825,2.4984815,4.44693964724039,8.63229460934899,357.719215686275,30.2012034856882,0,30.3262987227524,89.3599960013918,-0.0264999999999997,0.118333333333333,2.53583333333333
"511",2026-02-22 08:30:00,0.485,0.765,0.485,1.591285,2.509965,4.35974475219646,8.71948950439292,358,30.2017940854032,0,30.3772442584208,89.3999959996019,-0.0199999999999996,0.12,2.549
"512",2026-02-22 08:31:00,0.4875,0.7685,0.4875,1.5994875,2.5214485,4.53413454228432,8.71948950439292,286.680784313725,30.2017940854032,0,30.4179073889797,89.2999960040766,-0.016833333333333,0.127166666666667,2.56433333333333
"513",2026-02-22 08:32:00,0.49,0.772,0.49,1.60769,2.532932,4.70852433237218,8.71948950439292,215.361568627451,30.2017940854032,0,30.4585705195386,89.1999960085514,-0.0136666666666665,0.134333333333333,2.57966666666667
"514",2026-02-22 08:33:00,0.4925,0.7755,0.4925,1.6158925,2.5444155,4.88291412246004,8.71948950439292,144.042352941176,30.2017940854032,0,30.4992336500974,89.0999960130261,-0.0105,0.1415,2.595
"515",2026-02-22 08:34:00,0.495,0.779,0.495,1.624095,2.555899,5.05730391254789,8.71948950439292,72.7231372549019,30.2017940854032,0,30.5398967806563,88.9999960175008,-0.00733333333333341,0.148666666666667,2.61033333333333
"516",2026-02-22 08:35:00,0.4975,0.7825,0.4975,1.6322975,2.5673825,5.23169370263575,8.71948950439292,1.40392156862745,30.2017940854032,0,30.5805599112152,88.8999960219755,-0.00416666666666687,0.155833333333333,2.62566666666667
"517",2026-02-22 08:36:00,0.5,0.786,0.5,1.6405,2.578866,5.31888859767968,8.80668439943685,1.12313725490196,30.2017940854032,0,30.5907128424574,88.9399960201856,-0.00100000000000033,0.163,2.641
"518",2026-02-22 08:37:00,0.5025,0.7895,0.5025,1.6487025,2.5903495,5.40608349272361,8.89387929448078,0.84235294117647,30.2017940854032,0,30.6008657736997,88.9799960183958,0.00599999999999978,0.167833333333333,2.65966666666667
"519",2026-02-22 08:38:00,0.505,0.793,0.505,1.656905,2.601833,5.49327838776754,8.98107418952471,0.56156862745098,30.2017940854032,0,30.611018704942,89.0199960166059,0.0129999999999999,0.172666666666667,2.67833333333333
"520",2026-02-22 08:39:00,0.5075,0.7965,0.5075,1.6651075,2.6133165,5.58047328281147,9.06826908456864,0.28078431372549,30.2017940854032,0,30.6211716361843,89.059996014816,0.02,0.1775,2.697
"521",2026-02-22 08:40:00,0.51,0.8,0.51,1.67331,2.6248,5.6676681778554,9.15546397961257,0,30.2017940854032,0,30.6313245674266,89.0999960130261,0.0270000000000001,0.182333333333333,2.71566666666667
"522",2026-02-22 08:41:00,0.51,0.8,0.51,1.67331,2.6248,5.6676681778554,9.2426588746565,1.12313725490196,30.2012034856882,0,30.6516150971175,89.059996014816,0.0340000000000003,0.187166666666667,2.73433333333333
"523",2026-02-22 08:42:00,0.51,0.8,0.51,1.67331,2.6248,5.6676681778554,9.32985376970042,2.24627450980392,30.2006128859732,0,30.6719056268084,89.0199960166059,0.0410000000000004,0.192,2.753
"524",2026-02-22 08:43:00,0.51,0.8,0.51,1.67331,2.6248,5.6676681778554,9.41704866474435,3.36941176470588,30.2000222862583,0,30.6921961564993,88.9799960183958,0.0503333333333337,0.208,2.7705
"525",2026-02-22 08:44:00,0.51,0.8,0.51,1.67331,2.6248,5.6676681778554,9.50424355978828,4.49254901960784,30.1994316865433,0,30.7124866861902,88.9399960201856,0.059666666666667,0.224,2.788
"526",2026-02-22 08:45:00,0.51,0.8,0.51,1.67331,2.6248,5.6676681778554,9.59143845483221,5.6156862745098,30.1988410868284,0,30.7327772158811,88.8999960219755,0.0690000000000004,0.24,2.8055
"527",2026-02-22 08:46:00,0.51,0.8,0.51,1.67331,2.6248,6.10364265307504,9.853023139964,7.30039215686274,30.1982504871134,0,30.6820124962654,88.8799960228705,0.0783333333333337,0.256,2.823
"528",2026-02-22 08:47:00,0.51,0.8,0.51,1.67331,2.6248,6.53961712829469,10.1146078250958,8.98509803921569,30.1976598873984,0,30.6312477766496,88.8599960237654,0.0876666666666671,0.272,2.8405
"529",2026-02-22 08:48:00,0.51,0.8,0.51,1.67331,2.6248,6.97559160351434,10.3761925102276,10.6698039215686,30.1970692876835,0,30.5804830570339,88.8399960246604,0.0970000000000004,0.288,2.858
"530",2026-02-22 08:49:00,0.51,0.8,0.51,1.67331,2.6248,7.41156607873398,10.6377771953594,12.3545098039216,30.1964786879685,0,30.5297183374182,88.8199960255553,0.110333333333334,0.303166666666667,2.877
"531",2026-02-22 08:50:00,0.51,0.8,0.51,1.67331,2.6248,7.84754055395363,10.8993618804912,14.0392156862745,30.1958880882536,0,30.4789536178025,88.7999960264502,0.123666666666667,0.318333333333333,2.896
"532",2026-02-22 08:51:00,0.51,0.8,0.51,1.67331,2.6248,7.93473544899756,10.8993618804912,14.32,30.1952974885386,0,30.4789536178025,88.8799960228705,0.137,0.3335,2.915
"533",2026-02-22 08:52:00,0.51,0.8,0.51,1.67331,2.6248,8.02193034404149,10.8993618804912,14.6007843137255,30.1947068888237,0,30.4789536178025,88.9599960192907,0.150333333333333,0.348666666666667,2.934
"534",2026-02-22 08:53:00,0.51,0.8,0.51,1.67331,2.6248,8.10912523908542,10.8993618804912,14.881568627451,30.1941162891087,0,30.4789536178025,89.0399960157109,0.163666666666666,0.363833333333333,2.953
"535",2026-02-22 08:54:00,0.51,0.8,0.51,1.67331,2.6248,8.19632013412935,10.8993618804912,15.1623529411765,30.1935256893937,0,30.4789536178025,89.1199960121311,0.177,0.379,2.972
"536",2026-02-22 08:55:00,0.51,0.8,0.51,1.67331,2.6248,8.28351502917327,10.8993618804912,15.443137254902,30.1929350896788,0,30.4789536178025,89.1999960085514,0.194,0.398166666666667,2.99666666666667
"537",2026-02-22 08:56:00,0.51,0.8,0.51,1.67331,2.6248,8.28351502917327,10.9865567755351,14.32,30.1929350896788,0,30.4484330480654,89.1999960085514,0.211,0.417333333333333,3.02133333333333
"538",2026-02-22 08:57:00,0.51,0.8,0.51,1.67331,2.6248,8.28351502917327,11.073751670579,13.196862745098,30.1929350896788,0,30.4179124783284,89.1999960085514,0.228,0.4365,3.046
"539",2026-02-22 08:58:00,0.51,0.8,0.51,1.67331,2.6248,8.28351502917327,11.1609465656229,12.0737254901961,30.1929350896788,0,30.3873919085913,89.1999960085514,0.245,0.455666666666667,3.07066666666667
"540",2026-02-22 08:59:00,0.51,0.8,0.51,1.67331,2.6248,8.28351502917327,11.2481414606669,10.9505882352941,30.1929350896788,0,30.3568713388543,89.1999960085514,0.262,0.474833333333333,3.09533333333333
"541",2026-02-22 09:00:00,0.51,0.8,0.51,1.67331,2.6248,8.28351502917327,11.3353363557108,9.82745098039216,30.1929350896788,0,30.3263507691172,89.1999960085514,0.279,0.494,3.12
"542",2026-02-22 09:01:00,0.5075,0.7965,0.5075,1.6651075,2.6133165,8.28351502917327,11.4225312507547,9.54666666666667,30.1941162891087,0,30.3263507691172,89.2399960067615,0.303666666666667,0.507666666666667,3.14016666666667
"543",2026-02-22 09:02:00,0.505,0.793,0.505,1.656905,2.601833,8.28351502917327,11.5097261457987,9.26588235294118,30.1952974885386,0,30.3263507691172,89.2799960049716,0.328333333333333,0.521333333333333,3.16033333333333
"544",2026-02-22 09:03:00,0.5025,0.7895,0.5025,1.6487025,2.5903495,8.28351502917327,11.5969210408426,8.98509803921569,30.1964786879685,0,30.3263507691172,89.3199960031817,0.353,0.535,3.1805
"545",2026-02-22 09:04:00,0.5,0.786,0.5,1.6405,2.578866,8.28351502917327,11.6841159358865,8.7043137254902,30.1976598873984,0,30.3263507691172,89.3599960013918,0.377666666666666,0.548666666666667,3.20066666666667
"546",2026-02-22 09:05:00,0.4975,0.7825,0.4975,1.6322975,2.5673825,8.28351502917327,11.7713108309304,8.42352941176471,30.1988410868284,0,30.3263507691172,89.3999959996019,0.402333333333333,0.562333333333333,3.22083333333333
"547",2026-02-22 09:06:00,0.495,0.779,0.495,1.624095,2.555899,8.10912523908542,11.5969210408426,8.42352941176471,30.1994316865433,0,30.3365294669779,89.3599960013918,0.427,0.576,3.241
"548",2026-02-22 09:07:00,0.4925,0.7755,0.4925,1.6158925,2.5444155,7.93473544899756,11.4225312507547,8.42352941176471,30.2000222862583,0,30.3467081648387,89.3199960031817,0.444833333333333,0.595166666666667,3.25583333333333
"549",2026-02-22 09:08:00,0.49,0.772,0.49,1.60769,2.532932,7.7603456589097,11.2481414606669,8.42352941176471,30.2006128859732,0,30.3568868626994,89.2799960049716,0.462666666666666,0.614333333333333,3.27066666666667
"550",2026-02-22 09:09:00,0.4875,0.7685,0.4875,1.5994875,2.5214485,7.58595586882184,11.073751670579,8.42352941176471,30.2012034856882,0,30.3670655605601,89.2399960067615,0.4805,0.6335,3.2855
"551",2026-02-22 09:10:00,0.485,0.765,0.485,1.591285,2.509965,7.41156607873398,10.8993618804912,8.42352941176471,30.2017940854032,0,30.3772442584208,89.1999960085514,0.498333333333333,0.652666666666667,3.30033333333333
"552",2026-02-22 09:11:00,0.4825,0.7615,0.4825,1.5830825,2.4984815,7.32437118369005,10.7249720904033,8.98509803921569,30.2012034856882,0,30.4179073889797,89.1599960103413,0.516166666666666,0.671833333333333,3.31516666666667
"553",2026-02-22 09:12:00,0.48,0.758,0.48,1.57488,2.486998,7.23717628864612,10.5505823003154,9.54666666666667,30.2006128859732,0,30.4585705195386,89.1199960121311,0.534,0.691,3.33
"554",2026-02-22 09:13:00,0.4775,0.7545,0.4775,1.5666775,2.4755145,7.1499813936022,10.3761925102276,10.1082352941176,30.2000222862583,0,30.4992336500974,89.079996013921,0.552,0.716166666666667,3.35183333333333
"555",2026-02-22 09:14:00,0.475,0.751,0.475,1.558475,2.464031,7.06278649855827,10.2018027201397,10.6698039215686,30.1994316865433,0,30.5398967806563,89.0399960157109,0.57,0.741333333333333,3.37366666666667
"556",2026-02-22 09:15:00,0.4725,0.7475,0.4725,1.5502725,2.4525475,6.97559160351434,10.0274129300519,11.2313725490196,30.1988410868284,0,30.5805599112152,88.9999960175008,0.588,0.7665,3.3955
"557",2026-02-22 09:16:00,0.47,0.744,0.47,1.54207,2.441064,7.06278649855827,10.0274129300519,12.6352941176471,30.1988410868284,0,30.5602386525326,88.8999960219755,0.606,0.791666666666667,3.41733333333333
"558",2026-02-22 09:17:00,0.4675,0.7405,0.4675,1.5338675,2.4295805,7.1499813936022,10.0274129300519,14.0392156862745,30.1988410868284,0,30.5399173938501,88.7999960264502,0.624,0.816833333333333,3.43916666666667
"559",2026-02-22 09:18:00,0.465,0.737,0.465,1.525665,2.418097,7.23717628864612,10.0274129300519,15.443137254902,30.1988410868284,0,30.5195961351675,88.699996030925,0.642,0.842,3.461
"560",2026-02-22 09:19:00,0.4625,0.7335,0.4625,1.5174625,2.4066135,7.32437118369005,10.0274129300519,16.8470588235294,30.1988410868284,0,30.499274876485,88.5999960353997,0.6675,0.872166666666667,3.483
"561",2026-02-22 09:20:00,0.46,0.73,0.46,1.50926,2.39513,7.41156607873398,10.0274129300519,18.2509803921569,30.1988410868284,0,30.4789536178025,88.4999960398744,0.693,0.902333333333333,3.505
"562",2026-02-22 09:21:00,0.4585,0.7285,0.4585,1.5043385,2.3902085,7.06278649855827,9.94021803500793,15.443137254902,30.1988410868284,0,30.5702384186025,88.6199960345047,0.7185,0.9325,3.527
"563",2026-02-22 09:22:00,0.457,0.727,0.457,1.499417,2.385287,6.71400691838255,9.853023139964,12.6352941176471,30.1988410868284,0,30.6615232194025,88.7399960291351,0.744,0.962666666666667,3.549
"564",2026-02-22 09:23:00,0.4555,0.7255,0.4555,1.4944955,2.3803655,6.36522733820683,9.76582824492007,9.82745098039216,30.1988410868284,0,30.7528080202025,88.8599960237654,0.7695,0.992833333333333,3.571
"565",2026-02-22 09:24:00,0.454,0.724,0.454,1.489574,2.375444,6.01644775803112,9.67863334987614,7.01960784313725,30.1988410868284,0,30.8440928210025,88.9799960183958,0.795,1.023,3.593
"566",2026-02-22 09:25:00,0.4525,0.7225,0.4525,1.4846525,2.3705225,5.6676681778554,9.59143845483221,4.21176470588235,30.1988410868284,0,30.9353776218025,89.0999960130261,0.8225,1.04916666666667,3.606
"567",2026-02-22 09:26:00,0.451,0.721,0.451,1.479731,2.365601,5.49327838776754,9.41704866474435,3.65019607843137,30.1988410868284,0,30.8948575406183,89.0999960130261,0.85,1.07533333333333,3.619
"568",2026-02-22 09:27:00,0.4495,0.7195,0.4495,1.4748095,2.3606795,5.31888859767968,9.2426588746565,3.08862745098039,30.1988410868284,0,30.854337459434,89.0999960130261,0.8775,1.1015,3.632
"569",2026-02-22 09:28:00,0.448,0.718,0.448,1.469888,2.355758,5.14449880759182,9.06826908456864,2.52705882352941,30.1988410868284,0,30.8138173782497,89.0999960130261,0.905,1.12766666666667,3.645
"570",2026-02-22 09:29:00,0.4465,0.7165,0.4465,1.4649665,2.3508365,4.97010901750397,8.89387929448078,1.96549019607843,30.1988410868284,0,30.7732972970654,89.0999960130261,0.9325,1.15383333333333,3.658
"571",2026-02-22 09:30:00,0.445,0.715,0.445,1.460045,2.345915,4.79571922741611,8.71948950439292,1.40392156862745,30.1988410868284,0,30.7327772158811,89.0999960130261,0.96,1.18,3.671
"572",2026-02-22 09:31:00,0.4435,0.7135,0.4435,1.4551235,2.3409935,4.97010901750397,8.80668439943685,2.8078431372549,30.1994316865433,0,30.7124866861902,89.1799960094463,0.982,1.2085,3.68916666666667
"573",2026-02-22 09:32:00,0.442,0.712,0.442,1.450202,2.336072,5.14449880759182,8.89387929448078,4.21176470588235,30.2000222862583,0,30.6921961564993,89.2599960058665,1.004,1.237,3.70733333333333
"574",2026-02-22 09:33:00,0.4405,0.7105,0.4405,1.4452805,2.3311505,5.31888859767968,8.98107418952471,5.6156862745098,30.2006128859732,0,30.6719056268084,89.3399960022868,1.026,1.2655,3.7255
"575",2026-02-22 09:34:00,0.439,0.709,0.439,1.440359,2.326229,5.49327838776754,9.06826908456864,7.01960784313725,30.2012034856882,0,30.6516150971175,89.419995998707,1.048,1.294,3.74366666666667
"576",2026-02-22 09:35:00,0.4375,0.7075,0.4375,1.4354375,2.3213075,5.6676681778554,9.15546397961257,8.42352941176471,30.2017940854032,0,30.6313245674266,89.4999959951272,1.07,1.3225,3.76183333333333
"577",2026-02-22 09:36:00,0.436,0.706,0.436,1.430516,2.316386,5.75486307289933,9.06826908456864,8.7043137254902,30.2006128859732,0,30.6820127488882,89.439995997812,1.092,1.351,3.78
"578",2026-02-22 09:37:00,0.4345,0.7045,0.4345,1.4255945,2.3114645,5.84205796794326,8.98107418952471,8.98509803921569,30.1994316865433,0,30.7327009303498,89.3799960004969,1.1135,1.375,3.80016666666667
"579",2026-02-22 09:38:00,0.433,0.703,0.433,1.420673,2.306543,5.92925286298719,8.89387929448078,9.26588235294118,30.1982504871134,0,30.7833891118114,89.3199960031817,1.135,1.399,3.82033333333333
"580",2026-02-22 09:39:00,0.4315,0.7015,0.4315,1.4157515,2.3016215,6.01644775803112,8.80668439943685,9.54666666666667,30.1970692876835,0,30.834077293273,89.2599960058665,1.1565,1.423,3.8405
"581",2026-02-22 09:40:00,0.43,0.7,0.43,1.41083,2.2967,6.10364265307504,8.71948950439292,9.82745098039216,30.1958880882536,0,30.8847654747346,89.1999960085514,1.178,1.447,3.86066666666667
"582",2026-02-22 09:41:00,0.4305,0.7005,0.4305,1.4124705,2.2983405,6.36522733820683,8.80668439943685,12.0737254901961,30.1929350896788,0,30.9151176561587,89.1199960121311,1.1995,1.471,3.88083333333333
"583",2026-02-22 09:42:00,0.431,0.701,0.431,1.414111,2.299981,6.62681202333862,8.89387929448078,14.32,30.189982091104,0,30.9454698375828,89.0399960157109,1.221,1.495,3.901
"584",2026-02-22 09:43:00,0.4315,0.7015,0.4315,1.4157515,2.3016215,6.88839670847041,8.98107418952471,16.5662745098039,30.1870290925292,0,30.9758220190069,88.9599960192907,1.24616666666667,1.5245,3.91683333333333
"585",2026-02-22 09:44:00,0.432,0.702,0.432,1.417392,2.303262,7.1499813936022,9.06826908456864,18.8125490196078,30.1840760939544,0,31.006174200431,88.8799960228705,1.27133333333333,1.554,3.93266666666667
"586",2026-02-22 09:45:00,0.4325,0.7025,0.4325,1.4190325,2.3049025,7.41156607873398,9.15546397961257,21.0588235294118,30.1811230953796,0,31.0365263818551,88.7999960264502,1.2965,1.5835,3.9485
"587",2026-02-22 09:46:00,0.433,0.703,0.433,1.420673,2.306543,7.49876097377791,9.2426588746565,19.9356862745098,30.1805324956646,0,31.1474340943958,88.6399960336098,1.32166666666667,1.613,3.96433333333333
"588",2026-02-22 09:47:00,0.4335,0.7035,0.4335,1.4223135,2.3081835,7.58595586882184,9.32985376970042,18.8125490196078,30.1799418959497,0,31.2583418069364,88.4799960407693,1.34683333333333,1.6425,3.98016666666667
"589",2026-02-22 09:48:00,0.434,0.704,0.434,1.423954,2.309824,7.67315076386577,9.41704866474435,17.6894117647059,30.1793512962347,0,31.369249519477,88.3199960479289,1.372,1.672,3.996
"590",2026-02-22 09:49:00,0.4345,0.7045,0.4345,1.4255945,2.3114645,7.7603456589097,9.50424355978828,16.5662745098039,30.1787606965198,0,31.4801572320176,88.1599960550884,1.399,1.7005,4.01233333333333
"591",2026-02-22 09:50:00,0.435,0.705,0.435,1.427235,2.313105,7.84754055395363,9.59143845483221,15.443137254902,30.1781700968048,0,31.5910649445583,87.999996062248,1.426,1.729,4.02866666666667
"592",2026-02-22 09:51:00,0.4355,0.7055,0.4355,1.4288755,2.3147455,7.58595586882184,10.0274129300519,18.8125490196078,30.1769888973749,0,31.701382093383,87.8799960676177,1.453,1.7575,4.045
"593",2026-02-22 09:52:00,0.436,0.706,0.436,1.430516,2.316386,7.32437118369005,10.4633874052715,22.1819607843137,30.175807697945,0,31.8116992422078,87.7599960729873,1.48,1.786,4.06133333333333
"594",2026-02-22 09:53:00,0.4365,0.7065,0.4365,1.4321565,2.3180265,7.06278649855827,10.8993618804912,25.5513725490196,30.174626498515,0,31.9220163910325,87.639996078357,1.507,1.8145,4.07766666666667
"595",2026-02-22 09:54:00,0.437,0.707,0.437,1.433797,2.319667,6.80120181342648,11.3353363557108,28.9207843137255,30.1734452990851,0,32.0323335398573,87.5199960837266,1.534,1.843,4.094
"596",2026-02-22 09:55:00,0.4375,0.7075,0.4375,1.4354375,2.3213075,6.53961712829469,11.7713108309304,32.2901960784314,30.1722640996552,0,32.142650688682,87.3999960890963,1.56433333333333,1.8665,4.1105
"597",2026-02-22 09:56:00,0.438,0.708,0.438,1.437078,2.322948,6.53961712829469,11.2481414606669,37.9058823529412,30.1716734999403,0,32.2921599515493,86.599996124894,1.59466666666667,1.89,4.127
"598",2026-02-22 09:57:00,0.4385,0.7085,0.4385,1.4387185,2.3245885,6.53961712829469,10.7249720904033,43.521568627451,30.1710829002253,0,32.4416692144167,85.7999961606918,1.625,1.9135,4.1435
"599",2026-02-22 09:58:00,0.439,0.709,0.439,1.440359,2.326229,6.53961712829469,10.2018027201397,49.1372549019608,30.1704923005103,0,32.591178477284,84.9999961964895,1.65533333333333,1.937,4.16
"600",2026-02-22 09:59:00,0.4395,0.7095,0.4395,1.4419995,2.3278695,6.53961712829469,9.67863334987614,54.7529411764706,30.1699017007954,0,32.7406877401514,84.1999962322873,1.68566666666667,1.9605,4.1765
"601",2026-02-22 10:00:00,0.44,0.71,0.44,1.44364,2.32951,6.53961712829469,9.15546397961257,60.3686274509804,30.1693111010804,0,32.8901970030187,83.399996268085,1.716,1.984,4.193
"602",2026-02-22 10:01:00,0.44,0.7095,0.44,1.44364,2.3278695,7.06278649855827,9.853023139964,53.3490196078431,30.1693111010804,0,32.6001822781039,84.099996236762,1.74466666666667,2.01183333333333,4.20666666666667
"603",2026-02-22 10:02:00,0.44,0.709,0.44,1.44364,2.326229,7.58595586882184,10.5505823003154,46.3294117647059,30.1693111010804,0,32.3101675531891,84.799996205439,1.77333333333333,2.03966666666667,4.22033333333333
"604",2026-02-22 10:03:00,0.44,0.7085,0.44,1.44364,2.3245885,8.10912523908542,11.2481414606669,39.3098039215686,30.1693111010804,0,32.0201528282743,85.499996174116,1.802,2.0675,4.234
"605",2026-02-22 10:04:00,0.44,0.708,0.44,1.44364,2.322948,8.63229460934899,11.9457006210183,32.2901960784314,30.1693111010804,0,31.7301381033595,86.1999961427929,1.83066666666667,2.09533333333333,4.24766666666667
"606",2026-02-22 10:05:00,0.44,0.7075,0.44,1.44364,2.3213075,9.15546397961257,12.6432597813697,25.2705882352941,30.1693111010804,0,31.4401233784447,86.8999961114699,1.85933333333333,2.12316666666667,4.26133333333333
"607",2026-02-22 10:06:00,0.44,0.707,0.44,1.44364,2.319667,9.06826908456864,12.4688699912819,25.2705882352941,30.1681299016505,0,31.4501910500409,86.9799961078901,1.888,2.151,4.275
"608",2026-02-22 10:07:00,0.44,0.7065,0.44,1.44364,2.3180265,8.98107418952471,12.294480201194,25.2705882352941,30.1669487022206,0,31.4602587216371,87.0599961043103,1.921,2.175,4.28366666666667
"609",2026-02-22 10:08:00,0.44,0.706,0.44,1.44364,2.316386,8.89387929448078,12.1200904111062,25.2705882352941,30.1657675027907,0,31.4703263932333,87.1399961007306,1.954,2.199,4.29233333333333
"610",2026-02-22 10:09:00,0.44,0.7055,0.44,1.44364,2.3147455,8.80668439943685,11.9457006210183,25.2705882352941,30.1645863033607,0,31.4803940648296,87.2199960971508,1.987,2.223,4.301
"611",2026-02-22 10:10:00,0.44,0.705,0.44,1.44364,2.313105,8.71948950439292,11.7713108309304,25.2705882352941,30.1634051039308,0,31.4904617364258,87.299996093571,2.02,2.247,4.30966666666667
"612",2026-02-22 10:11:00,0.44,0.7045,0.44,1.44364,2.3114645,9.06826908456864,12.0328955160622,24.9898039215686,30.161042705071,0,31.5005245034662,87.3599960908862,2.053,2.271,4.31833333333333
"613",2026-02-22 10:12:00,0.44,0.704,0.44,1.44364,2.309824,9.41704866474435,12.294480201194,24.7090196078431,30.1586803062111,0,31.5105872705065,87.4199960882013,2.086,2.295,4.327
"614",2026-02-22 10:13:00,0.44,0.7035,0.44,1.44364,2.3081835,9.76582824492007,12.5560648863258,24.4282352941176,30.1563179073513,0,31.5206500375469,87.4799960855165,2.11933333333333,2.3225,4.338
"615",2026-02-22 10:14:00,0.44,0.703,0.44,1.44364,2.306543,10.1146078250958,12.8176495714576,24.1474509803922,30.1539555084915,0,31.5307128045873,87.5399960828317,2.15266666666667,2.35,4.349
"616",2026-02-22 10:15:00,0.44,0.7025,0.44,1.44364,2.3049025,10.4633874052715,13.0792342565894,23.8666666666667,30.1515931096316,0,31.5407755716276,87.5999960801469,2.186,2.3775,4.36
"617",2026-02-22 10:16:00,0.44,0.702,0.44,1.44364,2.303262,10.2889976151836,13.1664291516333,24.9898039215686,30.1515931096316,0,31.6110786260083,87.659996077462,2.21933333333333,2.405,4.371
"618",2026-02-22 10:17:00,0.44,0.7015,0.44,1.44364,2.3016215,10.1146078250958,13.2536240466772,26.1129411764706,30.1515931096316,0,31.681381680389,87.7199960747772,2.25266666666667,2.4325,4.382
"619",2026-02-22 10:18:00,0.44,0.701,0.44,1.44364,2.299981,9.94021803500793,13.3408189417212,27.2360784313725,30.1515931096316,0,31.7516847347696,87.7799960720924,2.286,2.46,4.393
"620",2026-02-22 10:19:00,0.44,0.7005,0.44,1.44364,2.2983405,9.76582824492007,13.4280138367651,28.3592156862745,30.1515931096316,0,31.8219877891503,87.8399960694075,2.31533333333333,2.495,4.4045
"621",2026-02-22 10:20:00,0.44,0.7,0.44,1.44364,2.2967,9.59143845483221,13.515208731809,29.4823529411765,30.1515931096316,0,31.892290843531,87.8999960667227,2.34466666666667,2.53,4.416
"622",2026-02-22 10:21:00,0.4395,0.7,0.4395,1.4419995,2.2967,9.41704866474435,13.0792342565894,28.3592156862745,30.1521837093466,0,31.872228478495,87.8799960676177,2.374,2.565,4.4275
"623",2026-02-22 10:22:00,0.439,0.7,0.439,1.440359,2.2967,9.2426588746565,12.6432597813697,27.2360784313725,30.1527743090616,0,31.852166113459,87.8599960685126,2.40333333333333,2.6,4.439
"624",2026-02-22 10:23:00,0.4385,0.7,0.4385,1.4387185,2.2967,9.06826908456864,12.2072853061501,26.1129411764706,30.1533649087765,0,31.832103748423,87.8399960694075,2.43266666666667,2.635,4.4505
"625",2026-02-22 10:24:00,0.438,0.7,0.438,1.437078,2.2967,8.89387929448078,11.7713108309304,24.9898039215686,30.1539555084915,0,31.812041383387,87.8199960703025,2.462,2.67,4.462
"626",2026-02-22 10:25:00,0.4375,0.7,0.4375,1.4354375,2.2967,8.71948950439292,11.3353363557108,23.8666666666667,30.1545461082064,0,31.7919790183511,87.7999960711974,2.4985,2.70716666666667,4.47566666666667
"627",2026-02-22 10:26:00,0.437,0.7,0.437,1.433797,2.2967,8.54509971430506,11.2481414606669,21.9011764705882,30.1545461082064,0,31.7919790183511,87.9199960658278,2.535,2.74433333333333,4.48933333333333
"628",2026-02-22 10:27:00,0.4365,0.7,0.4365,1.4321565,2.2967,8.3707099242172,11.1609465656229,19.9356862745098,30.1545461082064,0,31.7919790183511,88.0399960604581,2.5715,2.7815,4.503
"629",2026-02-22 10:28:00,0.436,0.7,0.436,1.430516,2.2967,8.19632013412935,11.073751670579,17.9701960784314,30.1545461082064,0,31.7919790183511,88.1599960550884,2.608,2.81866666666667,4.51666666666667
"630",2026-02-22 10:29:00,0.4355,0.7,0.4355,1.4288755,2.2967,8.02193034404149,10.9865567755351,16.0047058823529,30.1545461082064,0,31.7919790183511,88.2799960497188,2.6445,2.85583333333333,4.53033333333333
"631",2026-02-22 10:30:00,0.435,0.7,0.435,1.427235,2.2967,7.84754055395363,10.8993618804912,14.0392156862745,30.1545461082064,0,31.7919790183511,88.3999960443491,2.681,2.893,4.544
"632",2026-02-22 10:31:00,0.4345,0.7,0.4345,1.4255945,2.2967,7.67315076386577,10.8121669854472,12.6352941176471,30.1533649087765,0,31.8220653470581,88.4799960407693,2.71566666666667,2.92733333333333,4.55383333333333
"633",2026-02-22 10:32:00,0.434,0.7,0.434,1.423954,2.2967,7.49876097377791,10.7249720904033,11.2313725490196,30.1521837093466,0,31.8521516757651,88.5599960371896,2.75033333333333,2.96166666666667,4.56366666666667
"634",2026-02-22 10:33:00,0.4335,0.7,0.4335,1.4223135,2.2967,7.32437118369005,10.6377771953594,9.82745098039216,30.1510025099167,0,31.8822380044721,88.6399960336098,2.785,2.996,4.5735
"635",2026-02-22 10:34:00,0.433,0.7,0.433,1.420673,2.2967,7.1499813936022,10.5505823003154,8.42352941176471,30.1498213104868,0,31.9123243331791,88.71999603003,2.81966666666667,3.03033333333333,4.58333333333333
"636",2026-02-22 10:35:00,0.4325,0.7,0.4325,1.4190325,2.2967,6.97559160351434,10.4633874052715,7.01960784313725,30.1486401110568,0,31.942410661886,88.7999960264502,2.85433333333333,3.06466666666667,4.59316666666667
"637",2026-02-22 10:36:00,0.432,0.7,0.432,1.417392,2.2967,7.49876097377791,11.073751670579,8.42352941176471,30.1486401110568,0,31.8922426384832,88.7399960291351,2.889,3.099,4.603
"638",2026-02-22 10:37:00,0.4315,0.7,0.4315,1.4157515,2.2967,8.02193034404149,11.6841159358865,9.82745098039216,30.1486401110568,0,31.8420746150804,88.6799960318199,2.9305,3.13233333333333,4.609
"639",2026-02-22 10:38:00,0.431,0.7,0.431,1.414111,2.2967,8.54509971430506,12.294480201194,11.2313725490196,30.1486401110568,0,31.7919065916776,88.6199960345047,2.972,3.16566666666667,4.615
"640",2026-02-22 10:39:00,0.4305,0.7,0.4305,1.4124705,2.2967,9.06826908456864,12.9048444665015,12.6352941176471,30.1486401110568,0,31.7417385682748,88.5599960371896,3.0135,3.199,4.621
"641",2026-02-22 10:40:00,0.43,0.7,0.43,1.41083,2.2967,9.59143845483221,13.515208731809,14.0392156862745,30.1486401110568,0,31.691570544872,88.4999960398744,3.055,3.23233333333333,4.627
"642",2026-02-22 10:41:00,0.4305,0.6995,0.4305,1.4124705,2.2950595,9.76582824492007,13.3408189417212,15.1623529411765,30.1480495113419,0,31.691570544872,88.4999960398744,3.0965,3.26566666666667,4.633
"643",2026-02-22 10:42:00,0.431,0.699,0.431,1.414111,2.293419,9.94021803500793,13.1664291516333,16.2854901960784,30.1474589116269,0,31.691570544872,88.4999960398744,3.138,3.299,4.639
"644",2026-02-22 10:43:00,0.4315,0.6985,0.4315,1.4157515,2.2917785,10.1146078250958,12.9920393615455,17.4086274509804,30.146868311912,0,31.691570544872,88.4999960398744,3.16933333333333,3.33783333333333,4.64333333333333
"645",2026-02-22 10:44:00,0.432,0.698,0.432,1.417392,2.290138,10.2889976151836,12.8176495714576,18.5317647058824,30.146277712197,0,31.691570544872,88.4999960398744,3.20066666666667,3.37666666666667,4.64766666666667
"646",2026-02-22 10:45:00,0.4325,0.6975,0.4325,1.4190325,2.2884975,10.4633874052715,12.6432597813697,19.6549019607843,30.145687112482,0,31.691570544872,88.4999960398744,3.232,3.4155,4.652
"647",2026-02-22 10:46:00,0.433,0.697,0.433,1.420673,2.286857,9.67863334987614,12.5560648863258,21.9011764705882,30.1450965127671,0,31.7917866715553,88.3399960470339,3.26333333333333,3.45433333333333,4.65633333333333
"648",2026-02-22 10:47:00,0.4335,0.6965,0.4335,1.4223135,2.2852165,8.89387929448078,12.4688699912819,24.1474509803922,30.1445059130521,0,31.8920027982386,88.1799960541935,3.29466666666667,3.49316666666667,4.66066666666667
"649",2026-02-22 10:48:00,0.434,0.696,0.434,1.423954,2.283576,8.10912523908542,12.3816750962379,26.3937254901961,30.1439153133372,0,31.992218924922,88.019996061353,3.326,3.532,4.665
"650",2026-02-22 10:49:00,0.4345,0.6955,0.4345,1.4255945,2.2819355,7.32437118369005,12.294480201194,28.64,30.1433247136222,0,32.0924350516053,87.8599960685126,3.35883333333333,3.573,4.6645
"651",2026-02-22 10:50:00,0.435,0.695,0.435,1.427235,2.280295,6.53961712829469,12.2072853061501,30.8862745098039,30.1427341139073,0,32.1926511782886,87.6999960756721,3.39166666666667,3.614,4.664
"652",2026-02-22 10:51:00,0.4355,0.6945,0.4355,1.4288755,2.2786545,6.88839670847041,11.8585057259744,30.3247058823529,30.1433247136222,0,32.2026465383036,87.6199960792519,3.4245,3.655,4.6635
"653",2026-02-22 10:52:00,0.436,0.694,0.436,1.430516,2.277014,7.23717628864612,11.5097261457987,29.763137254902,30.1439153133372,0,32.2126418983186,87.5399960828317,3.45733333333333,3.696,4.663
"654",2026-02-22 10:53:00,0.4365,0.6935,0.4365,1.4321565,2.2753735,7.58595586882184,11.1609465656229,29.201568627451,30.1445059130521,0,32.2226372583336,87.4599960864115,3.49016666666667,3.737,4.6625
"655",2026-02-22 10:54:00,0.437,0.693,0.437,1.433797,2.273733,7.93473544899756,10.8121669854472,28.64,30.1450965127671,0,32.2326326183486,87.3799960899912,3.523,3.778,4.662
"656",2026-02-22 10:55:00,0.4375,0.6925,0.4375,1.4354375,2.2720925,8.28351502917327,10.4633874052715,28.078431372549,30.145687112482,0,32.2426279783636,87.299996093571,3.56383333333333,3.82133333333333,4.662
"657",2026-02-22 10:56:00,0.438,0.692,0.438,1.437078,2.270452,8.28351502917327,10.7249720904033,28.078431372549,30.1439153133372,0,32.2725857476135,87.2199960971508,3.60466666666667,3.86466666666667,4.662
"658",2026-02-22 10:57:00,0.4385,0.6915,0.4385,1.4387185,2.2688115,8.28351502917327,10.9865567755351,28.078431372549,30.1421435141923,0,32.3025435168635,87.1399961007306,3.6455,3.908,4.662
"659",2026-02-22 10:58:00,0.439,0.691,0.439,1.440359,2.267171,8.28351502917327,11.2481414606669,28.078431372549,30.1403717150474,0,32.3325012861135,87.0599961043103,3.68633333333333,3.95133333333333,4.662
"660",2026-02-22 10:59:00,0.4395,0.6905,0.4395,1.4419995,2.2655305,8.28351502917327,11.5097261457987,28.078431372549,30.1385999159025,0,32.3624590553635,86.9799961078901,3.72716666666667,3.99466666666667,4.662
"661",2026-02-22 11:00:00,0.44,0.69,0.44,1.44364,2.26389,8.28351502917327,11.7713108309304,28.078431372549,30.1368281167577,0,32.3924168246134,86.8999961114699,3.768,4.038,4.662
"662",2026-02-22 11:01:00,0.4405,0.691,0.4405,1.4452805,2.267171,8.02193034404149,11.5097261457987,29.763137254902,30.1374187164726,0,32.3724496891512,86.9199961105749,3.80483333333333,4.07566666666667,4.6615
"663",2026-02-22 11:02:00,0.441,0.692,0.441,1.446921,2.270452,7.7603456589097,11.2481414606669,31.4478431372549,30.1380093161876,0,32.3524825536889,86.93999610968,3.84166666666667,4.11333333333333,4.661
"664",2026-02-22 11:03:00,0.4415,0.693,0.4415,1.4485615,2.273733,7.49876097377791,10.9865567755351,33.1325490196078,30.1385999159025,0,32.3325154182266,86.9599961087851,3.8785,4.151,4.6605
"665",2026-02-22 11:04:00,0.442,0.694,0.442,1.450202,2.277014,7.23717628864612,10.7249720904033,34.8172549019608,30.1391905156175,0,32.3125482827643,86.9799961078901,3.91533333333333,4.18866666666667,4.66
"666",2026-02-22 11:05:00,0.4425,0.695,0.4425,1.4518425,2.280295,6.97559160351434,10.4633874052715,36.5019607843137,30.1397811153325,0,32.292581147302,86.9999961069952,3.95216666666667,4.22633333333333,4.6595
"667",2026-02-22 11:06:00,0.443,0.696,0.443,1.453483,2.283576,6.62681202333862,10.1146078250958,39.5905882352941,30.1397811153325,0,32.3822860837507,86.9999961069952,3.989,4.264,4.659
"668",2026-02-22 11:07:00,0.4435,0.697,0.4435,1.4551235,2.286857,6.2780324431629,9.76582824492007,42.6792156862745,30.1397811153325,0,32.4719910201995,86.9999961069952,4.02616666666667,4.30016666666667,4.6595
"669",2026-02-22 11:08:00,0.444,0.698,0.444,1.456764,2.290138,5.92925286298719,9.41704866474435,45.7678431372549,30.1397811153325,0,32.5616959566482,86.9999961069952,4.06333333333333,4.33633333333333,4.66
"670",2026-02-22 11:09:00,0.4445,0.699,0.4445,1.4584045,2.293419,5.58047328281147,9.06826908456864,48.8564705882353,30.1397811153325,0,32.6514008930969,86.9999961069952,4.1005,4.3725,4.6605
"671",2026-02-22 11:10:00,0.445,0.7,0.445,1.460045,2.2967,5.23169370263575,8.71948950439292,51.9450980392157,30.1397811153325,0,32.7411058295456,86.9999961069952,4.13766666666667,4.40866666666667,4.661
"672",2026-02-22 11:11:00,0.4455,0.701,0.4455,1.4616855,2.299981,5.49327838776754,8.80668439943685,55.5952941176471,30.1397811153325,0,32.9095360424959,86.4799961302637,4.17483333333333,4.44483333333333,4.6615
"673",2026-02-22 11:12:00,0.446,0.702,0.446,1.463326,2.303262,5.75486307289933,8.89387929448078,59.2454901960784,30.1397811153325,0,33.0779662554462,85.9599961535322,4.212,4.481,4.662
"674",2026-02-22 11:13:00,0.4465,0.703,0.4465,1.4649665,2.306543,6.01644775803111,8.98107418952471,62.8956862745098,30.1397811153325,0,33.2463964683965,85.4399961768008,4.25133333333333,4.51916666666667,4.66316666666667
"675",2026-02-22 11:14:00,0.447,0.704,0.447,1.466607,2.309824,6.2780324431629,9.06826908456864,66.5458823529412,30.1397811153325,0,33.4148266813468,84.9199962000693,4.29066666666667,4.55733333333333,4.66433333333333
"676",2026-02-22 11:15:00,0.4475,0.705,0.4475,1.4682475,2.313105,6.53961712829469,9.15546397961257,70.1960784313725,30.1397811153325,0,33.5832568942971,84.3999962233378,4.33,4.5955,4.6655
"677",2026-02-22 11:16:00,0.448,0.706,0.448,1.469888,2.316386,6.36522733820683,9.15546397961257,69.915294117647,30.1380093161876,0,33.5536283136164,84.2199962313923,4.36933333333333,4.63366666666667,4.66666666666667
"678",2026-02-22 11:17:00,0.4485,0.707,0.4485,1.4715285,2.319667,6.19083754811897,9.15546397961257,69.6345098039216,30.1362375170427,0,33.5239997329356,84.0399962394468,4.40866666666667,4.67183333333333,4.66783333333333
"679",2026-02-22 11:18:00,0.449,0.708,0.449,1.473169,2.322948,6.01644775803112,9.15546397961257,69.3537254901961,30.1344657178978,0,33.4943711522549,83.8599962475013,4.448,4.71,4.669
"680",2026-02-22 11:19:00,0.4495,0.709,0.4495,1.4748095,2.326229,5.84205796794326,9.15546397961257,69.0729411764706,30.1326939187529,0,33.4647425715741,83.6799962555558,4.484,4.74883333333333,4.6645
"681",2026-02-22 11:20:00,0.45,0.71,0.45,1.47645,2.32951,5.6676681778554,9.15546397961257,68.7921568627451,30.1309221196081,0,33.4351139908934,83.4999962636103,4.52,4.78766666666667,4.66
"682",2026-02-22 11:21:00,0.4505,0.7105,0.4505,1.4780905,2.3311505,5.92925286298719,9.15546397961257,70.476862745098,30.1279691210333,0,33.4351139908934,83.3399962707699,4.556,4.8265,4.6555
"683",2026-02-22 11:22:00,0.451,0.711,0.451,1.479731,2.332791,6.19083754811897,9.15546397961257,72.161568627451,30.1250161224585,0,33.4351139908934,83.1799962779294,4.592,4.86533333333333,4.651
"684",2026-02-22 11:23:00,0.4515,0.7115,0.4515,1.4813715,2.3344315,6.45242223325076,9.15546397961257,73.8462745098039,30.1220631238837,0,33.4351139908934,83.019996285089,4.628,4.90416666666667,4.6465
"685",2026-02-22 11:24:00,0.452,0.712,0.452,1.483012,2.336072,6.71400691838255,9.15546397961257,75.5309803921569,30.1191101253089,0,33.4351139908934,82.8599962922485,4.664,4.943,4.642
"686",2026-02-22 11:25:00,0.4525,0.7125,0.4525,1.4846525,2.3377125,6.97559160351434,9.15546397961257,77.2156862745098,30.1161571267341,0,33.4351139908934,82.699996299408,4.704,4.9845,4.63383333333333
"687",2026-02-22 11:26:00,0.453,0.713,0.453,1.486293,2.339353,7.1499813936022,9.76582824492007,77.7772549019608,30.116747726449,0,33.4153393496366,82.7399962976181,4.744,5.026,4.62566666666667
"688",2026-02-22 11:27:00,0.4535,0.7135,0.4535,1.4879335,2.3409935,7.32437118369005,10.3761925102276,78.3388235294118,30.117338326164,0,33.3955647083798,82.7799962958283,4.784,5.0675,4.6175
"689",2026-02-22 11:28:00,0.454,0.714,0.454,1.489574,2.342634,7.49876097377791,10.9865567755351,78.9003921568628,30.117928925879,0,33.375790067123,82.8199962940384,4.824,5.109,4.60933333333333
"690",2026-02-22 11:29:00,0.4545,0.7145,0.4545,1.4912145,2.3442745,7.67315076386577,11.5969210408426,79.4619607843137,30.1185195255939,0,33.3560154258662,82.8599962922485,4.864,5.1505,4.60116666666667
"691",2026-02-22 11:30:00,0.455,0.715,0.455,1.492855,2.345915,7.84754055395363,12.2072853061501,80.0235294117647,30.1191101253089,0,33.3362407846095,82.8999962904586,4.904,5.192,4.593
"692",2026-02-22 11:31:00,0.4555,0.7155,0.4555,1.4944955,2.3475555,7.67315076386577,11.9457006210183,79.7427450980392,30.1185195255939,0,33.3560154258662,82.8199962940384,4.94666666666667,5.23083333333333,4.58866666666667
"693",2026-02-22 11:32:00,0.456,0.716,0.456,1.496136,2.349196,7.49876097377791,11.6841159358865,79.4619607843137,30.117928925879,0,33.375790067123,82.7399962976181,4.98933333333333,5.26966666666667,4.58433333333333
"694",2026-02-22 11:33:00,0.4565,0.7165,0.4565,1.4977765,2.3508365,7.32437118369005,11.4225312507547,79.1811764705882,30.117338326164,0,33.3955647083798,82.6599963011979,5.032,5.3085,4.58
"695",2026-02-22 11:34:00,0.457,0.717,0.457,1.499417,2.352477,7.1499813936022,11.1609465656229,78.9003921568628,30.116747726449,0,33.4153393496366,82.5799963047777,5.07466666666667,5.34733333333333,4.57566666666667
"696",2026-02-22 11:35:00,0.4575,0.7175,0.4575,1.5010575,2.3541175,6.97559160351434,10.8993618804912,78.6196078431373,30.1161571267341,0,33.4351139908934,82.4999963083575,5.11733333333333,5.38616666666667,4.57133333333333
"697",2026-02-22 11:36:00,0.458,0.718,0.458,1.502698,2.355758,6.97559160351434,10.7249720904033,77.7772549019608,30.116747726449,0,33.4351139908934,82.5199963074625,5.16,5.425,4.567
"698",2026-02-22 11:37:00,0.4585,0.7185,0.4585,1.5043385,2.3573985,6.97559160351434,10.5505823003154,76.9349019607843,30.117338326164,0,33.4351139908934,82.5399963065676,5.1995,5.46766666666667,4.55933333333333
"699",2026-02-22 11:38:00,0.459,0.719,0.459,1.505979,2.359039,6.97559160351434,10.3761925102276,76.0925490196078,30.117928925879,0,33.4351139908934,82.5599963056727,5.239,5.51033333333333,4.55166666666667
"700",2026-02-22 11:39:00,0.4595,0.7195,0.4595,1.5076195,2.3606795,6.97559160351434,10.2018027201397,75.2501960784314,30.1185195255939,0,33.4351139908934,82.5799963047777,5.2785,5.553,4.544
"701",2026-02-22 11:40:00,0.46,0.72,0.46,1.50926,2.36232,6.97559160351434,10.0274129300519,74.4078431372549,30.1191101253089,0,33.4351139908934,82.5999963038828,5.318,5.59566666666667,4.53633333333333
"702",2026-02-22 11:41:00,0.461,0.7215,0.461,1.512541,2.3672415,6.97559160351434,9.94021803500793,74.6886274509804,30.1191101253089,0,33.4252289030065,82.8599962922485,5.3575,5.63833333333333,4.52866666666667
"703",2026-02-22 11:42:00,0.462,0.723,0.462,1.515822,2.372163,6.97559160351434,9.853023139964,74.9694117647059,30.1191101253089,0,33.4153438151197,83.1199962806142,5.397,5.681,4.521
"704",2026-02-22 11:43:00,0.463,0.7245,0.463,1.519103,2.3770845,6.97559160351434,9.76582824492007,75.2501960784314,30.1191101253089,0,33.4054587272329,83.37999626898,5.43816666666667,5.716,4.51216666666667
"705",2026-02-22 11:44:00,0.464,0.726,0.464,1.522384,2.382006,6.97559160351434,9.67863334987614,75.5309803921569,30.1191101253089,0,33.395573639346,83.6399962573457,5.47933333333333,5.751,4.50333333333333
"706",2026-02-22 11:45:00,0.465,0.7275,0.465,1.525665,2.3869275,6.97559160351434,9.59143845483221,75.8117647058824,30.1191101253089,0,33.3856885514592,83.8999962457114,5.5205,5.786,4.4945
"707",2026-02-22 11:46:00,0.466,0.729,0.466,1.528946,2.391849,7.1499813936022,10.2018027201397,76.0925490196078,30.1185195255939,0,33.3560064507442,83.739996252871,5.56166666666667,5.821,4.48566666666667
"708",2026-02-22 11:47:00,0.467,0.7305,0.467,1.532227,2.3967705,7.32437118369005,10.8121669854472,76.3733333333333,30.117928925879,0,33.3263243500292,83.5799962600305,5.60283333333333,5.856,4.47683333333333
"709",2026-02-22 11:48:00,0.468,0.732,0.468,1.535508,2.401692,7.49876097377791,11.4225312507547,76.6541176470588,30.117338326164,0,33.2966422493142,83.4199962671901,5.644,5.891,4.468
"710",2026-02-22 11:49:00,0.469,0.7335,0.469,1.538789,2.4066135,7.67315076386577,12.0328955160622,76.9349019607843,30.116747726449,0,33.2669601485992,83.2599962743496,5.682,5.93366666666667,4.46366666666667
"711",2026-02-22 11:50:00,0.47,0.735,0.47,1.54207,2.411535,7.84754055395363,12.6432597813697,77.2156862745098,30.1161571267341,0,33.2372780478842,83.0999962815092,5.72,5.97633333333333,4.45933333333333
"712",2026-02-22 11:51:00,0.471,0.7365,0.471,1.545351,2.4164565,8.28351502917327,12.9920393615455,75.2501960784314,30.116747726449,0,33.1976388801701,83.0599962832991,5.758,6.019,4.455
"713",2026-02-22 11:52:00,0.472,0.738,0.472,1.548632,2.421378,8.71948950439292,13.3408189417212,73.2847058823529,30.117338326164,0,33.157999712456,83.0199962850889,5.796,6.06166666666667,4.45066666666667
"714",2026-02-22 11:53:00,0.473,0.7395,0.473,1.551913,2.4262995,9.15546397961257,13.6895985218969,71.3192156862745,30.117928925879,0,33.1183605447419,82.9799962868788,5.834,6.10433333333333,4.44633333333333
"715",2026-02-22 11:54:00,0.474,0.741,0.474,1.555194,2.431221,9.59143845483221,14.0383781020726,69.3537254901961,30.1185195255939,0,33.0787213770278,82.9399962886687,5.872,6.147,4.442
"716",2026-02-22 11:55:00,0.475,0.7425,0.475,1.558475,2.4361425,10.0274129300519,14.3871576822483,67.3882352941176,30.1191101253089,0,33.0390822093137,82.8999962904586,5.91433333333333,6.18916666666667,4.4355
"717",2026-02-22 11:56:00,0.476,0.744,0.476,1.561756,2.441064,10.0274129300519,14.3871576822483,66.5458823529412,30.1202913247388,0,33.0688183609075,82.8599962922485,5.95666666666667,6.23133333333333,4.429
"718",2026-02-22 11:57:00,0.477,0.7455,0.477,1.565037,2.4459855,10.0274129300519,14.3871576822483,65.7035294117647,30.1214725241687,0,33.0985545125014,82.8199962940384,5.999,6.2735,4.4225
"719",2026-02-22 11:58:00,0.478,0.747,0.478,1.568318,2.450907,10.0274129300519,14.3871576822483,64.8611764705882,30.1226537235986,0,33.1282906640952,82.7799962958283,6.04133333333333,6.31566666666667,4.416
"720",2026-02-22 11:59:00,0.479,0.7485,0.479,1.571599,2.4558285,10.0274129300519,14.3871576822483,64.0188235294118,30.1238349230286,0,33.1580268156891,82.7399962976181,6.08366666666667,6.35783333333333,4.4095
"721",2026-02-22 12:00:00,0.48,0.75,0.48,1.57488,2.46075,10.0274129300519,14.3871576822483,63.1764705882353,30.1250161224585,0,33.187762967283,82.699996299408,6.126,6.4,4.403
"722",2026-02-22 12:01:00,0.4825,0.755,0.4825,1.5830825,2.477155,9.67863334987614,13.9511832070287,64.8611764705882,30.1250161224585,0,33.187762967283,82.7799962958283,6.1645,6.43816666666667,4.39266666666667
"723",2026-02-22 12:02:00,0.485,0.76,0.485,1.591285,2.49356,9.32985376970043,13.515208731809,66.5458823529412,30.1250161224585,0,33.187762967283,82.8599962922485,6.203,6.47633333333333,4.38233333333333
"724",2026-02-22 12:03:00,0.4875,0.765,0.4875,1.5994875,2.509965,8.98107418952471,13.0792342565894,68.2305882352941,30.1250161224585,0,33.187762967283,82.9399962886687,6.2415,6.5145,4.372
"725",2026-02-22 12:04:00,0.49,0.77,0.49,1.60769,2.52637,8.63229460934899,12.6432597813697,69.9152941176471,30.1250161224585,0,33.187762967283,83.0199962850889,6.28,6.55266666666667,4.36166666666667
"726",2026-02-22 12:05:00,0.4925,0.775,0.4925,1.6158925,2.542775,8.28351502917327,12.2072853061501,71.6,30.1250161224585,0,33.187762967283,83.0999962815092,6.3185,6.59083333333333,4.35133333333333
"727",2026-02-22 12:06:00,0.495,0.78,0.495,1.624095,2.55918,8.3707099242172,11.9457006210183,71.3192156862745,30.1244255227435,0,33.187762967283,83.1599962788243,6.357,6.629,4.341
"728",2026-02-22 12:07:00,0.4975,0.785,0.4975,1.6322975,2.575585,8.45790481926113,11.6841159358865,71.038431372549,30.1238349230286,0,33.187762967283,83.2199962761395,6.39966666666667,6.66466666666667,4.33333333333333
"729",2026-02-22 12:08:00,0.5,0.79,0.5,1.6405,2.59199,8.54509971430506,11.4225312507547,70.7576470588235,30.1232443233136,0,33.187762967283,83.2799962734547,6.44233333333333,6.70033333333333,4.32566666666667
"730",2026-02-22 12:09:00,0.5025,0.795,0.5025,1.6487025,2.608395,8.63229460934899,11.1609465656229,70.476862745098,30.1226537235986,0,33.187762967283,83.3399962707699,6.485,6.736,4.318
"731",2026-02-22 12:10:00,0.505,0.8,0.505,1.656905,2.6248,8.71948950439292,10.8993618804912,70.1960784313725,30.1220631238837,0,33.187762967283,83.399996268085,6.52766666666667,6.77166666666667,4.31033333333333
"732",2026-02-22 12:11:00,0.5075,0.805,0.5075,1.6651075,2.641205,8.89387929448078,11.3353363557108,69.3537254901961,30.1232443233136,0,33.2174585307483,83.1599962788244,6.57033333333333,6.80733333333333,4.30266666666667
"733",2026-02-22 12:12:00,0.51,0.81,0.51,1.67331,2.65761,9.06826908456864,11.7713108309304,68.5113725490196,30.1244255227435,0,33.2471540942136,82.9199962895637,6.613,6.843,4.295
"734",2026-02-22 12:13:00,0.5125,0.815,0.5125,1.6815125,2.674015,9.2426588746565,12.2072853061501,67.6690196078431,30.1256067221734,0,33.2768496576789,82.679996300303,6.649,6.884,4.28783333333333
"735",2026-02-22 12:14:00,0.515,0.82,0.515,1.689715,2.69042,9.41704866474435,12.6432597813697,66.8266666666667,30.1267879216034,0,33.3065452211442,82.4399963110423,6.685,6.925,4.28066666666667
"736",2026-02-22 12:15:00,0.5175,0.825,0.5175,1.6979175,2.706825,9.59143845483221,13.0792342565894,65.9843137254902,30.1279691210333,0,33.3362407846095,82.1999963217816,6.721,6.966,4.2735
"737",2026-02-22 12:16:00,0.52,0.83,0.52,1.70612,2.72323,9.67863334987614,12.9920393615455,65.4227450980392,30.1261973218884,0,33.3263467547241,82.1399963244665,6.757,7.007,4.26633333333333
"738",2026-02-22 12:17:00,0.5225,0.835,0.5225,1.7143225,2.739635,9.76582824492007,12.9048444665015,64.8611764705882,30.1244255227435,0,33.3164527248388,82.0799963271513,6.793,7.048,4.25916666666667
"739",2026-02-22 12:18:00,0.525,0.84,0.525,1.722525,2.75604,9.853023139964,12.8176495714576,64.2996078431373,30.1226537235986,0,33.3065586949535,82.0199963298361,6.829,7.089,4.252
"740",2026-02-22 12:19:00,0.5275,0.845,0.5275,1.7307275,2.772445,9.94021803500793,12.7304546764137,63.7380392156863,30.1208819244538,0,33.2966646650682,81.959996332521,6.8685,7.12716666666667,4.24266666666667
"741",2026-02-22 12:20:00,0.53,0.85,0.53,1.73893,2.78885,10.0274129300519,12.6432597813697,63.1764705882353,30.1191101253089,0,33.2867706351828,81.8999963352058,6.908,7.16533333333333,4.23333333333333
"742",2026-02-22 12:21:00,0.5325,0.853,0.5325,1.7471325,2.798693,10.0274129300519,12.5560648863258,63.4572549019608,30.1197007250238,0,33.2669691016029,81.9399963334159,6.9475,7.2035,4.224
"743",2026-02-22 12:22:00,0.535,0.856,0.535,1.755335,2.808536,10.0274129300519,12.4688699912819,63.7380392156863,30.1202913247388,0,33.2471675680229,81.979996331626,6.987,7.24166666666667,4.21466666666667
"744",2026-02-22 12:23:00,0.5375,0.859,0.5375,1.7635375,2.818379,10.0274129300519,12.3816750962379,64.0188235294118,30.1208819244538,0,33.2273660344429,82.0199963298361,7.0265,7.27983333333333,4.20533333333333
"745",2026-02-22 12:24:00,0.54,0.862,0.54,1.77174,2.828222,10.0274129300519,12.294480201194,64.2996078431373,30.1214725241687,0,33.2075645008629,82.0599963280462,7.066,7.318,4.196
"746",2026-02-22 12:25:00,0.5425,0.865,0.5425,1.7799425,2.838065,10.0274129300519,12.2072853061501,64.5803921568627,30.1220631238837,0,33.187762967283,82.0999963262564,7.10716666666667,7.36016666666667,4.1845
"747",2026-02-22 12:26:00,0.545,0.868,0.545,1.788145,2.847908,9.76582824492007,12.4688699912819,65.7035294117647,30.1232443233136,0,33.1580268156891,82.4199963119373,7.14833333333333,7.40233333333333,4.173
"748",2026-02-22 12:27:00,0.5475,0.871,0.5475,1.7963475,2.857751,9.50424355978828,12.7304546764137,66.8266666666667,30.1244255227435,0,33.1282906640952,82.7399962976182,7.1895,7.4445,4.1615
"749",2026-02-22 12:28:00,0.55,0.874,0.55,1.80455,2.867594,9.2426588746565,12.9920393615455,67.9498039215686,30.1256067221734,0,33.0985545125014,83.0599962832991,7.23066666666667,7.48666666666667,4.15
"750",2026-02-22 12:29:00,0.5525,0.877,0.5525,1.8127525,2.877437,8.98107418952471,13.2536240466772,69.0729411764706,30.1267879216034,0,33.0688183609075,83.37999626898,7.27183333333333,7.52883333333333,4.1385
"751",2026-02-22 12:30:00,0.555,0.88,0.555,1.820955,2.88728,8.71948950439292,13.515208731809,70.1960784313725,30.1279691210333,0,33.0390822093137,83.6999962546609,7.313,7.571,4.127
"752",2026-02-22 12:31:00,0.5575,0.883,0.5575,1.8291575,2.897123,8.89387929448078,13.602403626853,69.915294117647,30.1256067221734,0,33.0093051680547,83.4799962645052,7.35516666666667,7.61366666666667,4.11616666666667
"753",2026-02-22 12:32:00,0.56,0.886,0.56,1.83736,2.906966,9.06826908456864,13.6895985218969,69.6345098039216,30.1232443233136,0,32.9795281267957,83.2599962743496,7.39733333333333,7.65633333333333,4.10533333333333
"754",2026-02-22 12:33:00,0.5625,0.889,0.5625,1.8455625,2.916809,9.2426588746565,13.7767934169408,69.3537254901961,30.1208819244538,0,32.9497510855367,83.039996284194,7.4395,7.699,4.0945
"755",2026-02-22 12:34:00,0.565,0.892,0.565,1.853765,2.926652,9.41704866474435,13.8639883119847,69.0729411764706,30.1185195255939,0,32.9199740442777,82.8199962940384,7.48166666666667,7.74166666666667,4.08366666666667
"756",2026-02-22 12:35:00,0.5675,0.895,0.5675,1.8619675,2.936495,9.59143845483221,13.9511832070287,68.7921568627451,30.1161571267341,0,32.8901970030187,82.5999963038828,7.52383333333333,7.78433333333333,4.07283333333333
"757",2026-02-22 12:36:00,0.57,0.898,0.57,1.87017,2.946338,9.67863334987614,13.9511832070287,68.5113725490196,30.1161571267341,0,32.910052922109,82.5799963047777,7.566,7.827,4.062
"758",2026-02-22 12:37:00,0.5725,0.901,0.5725,1.8783725,2.956181,9.76582824492007,13.9511832070287,68.2305882352941,30.1161571267341,0,32.9299088411993,82.5599963056727,7.608,7.86316666666667,4.05216666666667
"759",2026-02-22 12:38:00,0.575,0.904,0.575,1.886575,2.966024,9.853023139964,13.9511832070287,67.9498039215686,30.1161571267341,0,32.9497647602897,82.5399963065676,7.65,7.89933333333333,4.04233333333333
"760",2026-02-22 12:39:00,0.5775,0.907,0.5775,1.8947775,2.975867,9.94021803500793,13.9511832070287,67.6690196078431,30.1161571267341,0,32.96962067938,82.5199963074625,7.692,7.9355,4.0325
"761",2026-02-22 12:40:00,0.58,0.91,0.58,1.90298,2.98571,10.0274129300519,13.9511832070287,67.3882352941176,30.1161571267341,0,32.9894765984703,82.4999963083575,7.734,7.97166666666667,4.02266666666667
"762",2026-02-22 12:41:00,0.5795,0.9105,0.5795,1.9013395,2.9873505,10.8121669854472,14.735937262424,65.9843137254902,30.1149759273042,0,32.9894765984703,82.0799963271513,7.776,8.00783333333333,4.01283333333333
"763",2026-02-22 12:42:00,0.579,0.911,0.579,1.899699,2.988991,11.5969210408426,15.5206913178194,64.5803921568627,30.1137947278743,0,32.9894765984703,81.6599963459451,7.818,8.044,4.003
"764",2026-02-22 12:43:00,0.5785,0.9115,0.5785,1.8980585,2.9906315,12.3816750962379,16.3054453732148,63.1764705882353,30.1126135284443,0,32.9894765984703,81.2399963647389,7.84933333333333,8.08933333333333,3.9915
"765",2026-02-22 12:44:00,0.578,0.912,0.578,1.896418,2.992272,13.1664291516333,17.0901994286101,61.7725490196079,30.1114323290144,0,32.9894765984703,80.8199963835328,7.88066666666667,8.13466666666667,3.98
"766",2026-02-22 12:45:00,0.5775,0.9125,0.5775,1.8947775,2.9939125,13.9511832070287,17.8749534840055,60.3686274509804,30.1102511295845,0,32.9894765984703,80.3999964023266,7.912,8.18,3.9685
"767",2026-02-22 12:46:00,0.577,0.913,0.577,1.893137,2.995553,13.8639883119847,17.6133687988737,60.3686274509804,30.1114323290144,0,32.9894765984703,80.2599964085912,7.94333333333333,8.22533333333333,3.957
"768",2026-02-22 12:47:00,0.5765,0.9135,0.5765,1.8914965,2.9971935,13.7767934169408,17.3517841137419,60.3686274509804,30.1126135284443,0,32.9894765984703,80.1199964148558,7.97466666666667,8.27066666666667,3.9455
"769",2026-02-22 12:48:00,0.576,0.914,0.576,1.889856,2.998834,13.6895985218969,17.0901994286101,60.3686274509804,30.1137947278743,0,32.9894765984703,79.9799964211204,8.006,8.316,3.934
"770",2026-02-22 12:49:00,0.5755,0.9145,0.5755,1.8882155,3.0004745,13.602403626853,16.8286147434783,60.3686274509804,30.1149759273042,0,32.9894765984703,79.839996427385,8.0445,8.35266666666667,3.91916666666667
"771",2026-02-22 12:50:00,0.575,0.915,0.575,1.886575,3.002115,13.515208731809,16.5670300583465,60.3686274509804,30.1161571267341,0,32.9894765984703,79.6999964336496,8.083,8.38933333333333,3.90433333333333
"772",2026-02-22 12:51:00,0.5745,0.9155,0.5745,1.8849345,3.0037555,13.3408189417212,16.2182504781708,59.8070588235294,30.1149759273042,0,32.999397720639,79.5799964390193,8.1215,8.426,3.8895
"773",2026-02-22 12:52:00,0.574,0.916,0.574,1.883294,3.005396,13.1664291516333,15.8694708979951,59.2454901960784,30.1137947278743,0,33.0093188428076,79.4599964443889,8.16,8.46266666666667,3.87466666666667
"774",2026-02-22 12:53:00,0.5735,0.9165,0.5735,1.8816535,3.0070365,12.9920393615455,15.5206913178194,58.6839215686275,30.1126135284443,0,33.0192399649763,79.3399964497586,8.1985,8.49933333333333,3.85983333333333
"775",2026-02-22 12:54:00,0.573,0.917,0.573,1.880013,3.008677,12.8176495714576,15.1719117376437,58.1223529411765,30.1114323290144,0,33.029161087145,79.2199964551282,8.237,8.536,3.845
"776",2026-02-22 12:55:00,0.5725,0.9175,0.5725,1.8783725,3.0103175,12.6432597813697,14.823132157468,57.5607843137255,30.1102511295845,0,33.0390822093137,79.0999964604979,8.26783333333333,8.57316666666667,3.8325
"777",2026-02-22 12:56:00,0.572,0.918,0.572,1.876732,3.011958,12.4688699912819,14.823132157468,57.28,30.1108417292995,0,33.0390822093137,79.2399964542333,8.29866666666667,8.61033333333333,3.82
"778",2026-02-22 12:57:00,0.5715,0.9185,0.5715,1.8750915,3.0135985,12.294480201194,14.823132157468,56.9992156862745,30.1114323290144,0,33.0390822093137,79.3799964479687,8.3295,8.6475,3.8075
"779",2026-02-22 12:58:00,0.571,0.919,0.571,1.873451,3.015239,12.1200904111062,14.823132157468,56.718431372549,30.1120229287294,0,33.0390822093137,79.5199964417041,8.36033333333333,8.68466666666667,3.795
"780",2026-02-22 12:59:00,0.5705,0.9195,0.5705,1.8718105,3.0168795,11.9457006210183,14.823132157468,56.4376470588235,30.1126135284443,0,33.0390822093137,79.6599964354395,8.39116666666667,8.72183333333333,3.7825
"781",2026-02-22 13:00:00,0.57,0.92,0.57,1.87017,3.01852,11.7713108309304,14.823132157468,56.156862745098,30.1132041281593,0,33.0390822093137,79.7999964291749,8.422,8.759,3.77
"782",2026-02-22 13:01:00,0.5705,0.9195,0.5705,1.8718105,3.0168795,11.5097261457987,14.5615474723362,57.841568627451,30.1120229287294,0,33.0688183609075,80.0399964184355,8.456,8.795,3.75516666666667
"783",2026-02-22 13:02:00,0.571,0.919,0.571,1.873451,3.015239,11.2481414606669,14.2999627872044,59.5262745098039,30.1108417292995,0,33.0985545125014,80.2799964076962,8.49,8.831,3.74033333333333
"784",2026-02-22 13:03:00,0.5715,0.9185,0.5715,1.8750915,3.0135985,10.9865567755351,14.0383781020726,61.2109803921569,30.1096605298695,0,33.1282906640952,80.5199963969569,8.524,8.867,3.7255
"785",2026-02-22 13:04:00,0.572,0.918,0.572,1.876732,3.011958,10.7249720904033,13.7767934169408,62.8956862745098,30.1084793304396,0,33.1580268156891,80.7599963862176,8.558,8.903,3.71066666666667
"786",2026-02-22 13:05:00,0.5725,0.9175,0.5725,1.8783725,3.0103175,10.4633874052715,13.515208731809,64.5803921568627,30.1072981310097,0,33.187762967283,80.9999963754782,8.592,8.939,3.69583333333333
"787",2026-02-22 13:06:00,0.573,0.917,0.573,1.880013,3.008677,10.2018027201397,13.2536240466772,64.2996078431373,30.1078887307247,0,33.1778554413887,81.1199963701086,8.626,8.975,3.681
"788",2026-02-22 13:07:00,0.5735,0.9165,0.5735,1.8816535,3.0070365,9.94021803500793,12.9920393615455,64.0188235294118,30.1084793304396,0,33.1679479154945,81.2399963647389,8.657,9.01333333333333,3.66516666666667
"789",2026-02-22 13:08:00,0.574,0.916,0.574,1.883294,3.005396,9.67863334987614,12.7304546764137,63.7380392156863,30.1090699301546,0,33.1580403896003,81.3599963593693,8.688,9.05166666666667,3.64933333333333
"790",2026-02-22 13:09:00,0.5745,0.9155,0.5745,1.8849345,3.0037555,9.41704866474435,12.4688699912819,63.4572549019608,30.1096605298695,0,33.1481328637061,81.4799963539996,8.719,9.09,3.6335
"791",2026-02-22 13:10:00,0.575,0.915,0.575,1.886575,3.002115,9.15546397961257,12.2072853061501,63.1764705882353,30.1102511295845,0,33.1382253378119,81.5999963486299,8.75,9.12833333333333,3.61766666666667
"792",2026-02-22 13:11:00,0.5755,0.9145,0.5755,1.8882155,3.0004745,9.67863334987614,12.5560648863258,62.0533333333333,30.1102511295845,0,33.1580358798264,81.1599963683187,8.781,9.16666666666667,3.60183333333333
"793",2026-02-22 13:12:00,0.576,0.914,0.576,1.889856,2.998834,10.2018027201397,12.9048444665015,60.9301960784314,30.1102511295845,0,33.1778464218408,80.7199963880075,8.812,9.205,3.586
"794",2026-02-22 13:13:00,0.5765,0.9135,0.5765,1.8914965,2.9971935,10.7249720904033,13.2536240466772,59.8070588235294,30.1102511295845,0,33.1976569638553,80.2799964076962,8.84366666666667,9.2345,3.56966666666667
"795",2026-02-22 13:14:00,0.577,0.913,0.577,1.893137,2.995553,11.2481414606669,13.602403626853,58.6839215686275,30.1102511295845,0,33.2174675058697,79.839996427385,8.87533333333333,9.264,3.55333333333333
"796",2026-02-22 13:15:00,0.5775,0.9125,0.5775,1.8947775,2.9939125,11.7713108309304,13.9511832070287,57.5607843137255,30.1102511295845,0,33.2372780478842,79.3999964470737,8.907,9.2935,3.537
"797",2026-02-22 13:16:00,0.578,0.912,0.578,1.896418,2.992272,11.8585057259744,13.9511832070287,57.28,30.1096605298695,0,33.2075554590611,79.4599964443889,8.93866666666667,9.323,3.52066666666667
"798",2026-02-22 13:17:00,0.5785,0.9115,0.5785,1.8980585,2.9906315,11.9457006210183,13.9511832070287,56.9992156862745,30.1090699301546,0,33.177832870238,79.5199964417041,8.97033333333333,9.3525,3.50433333333333
"799",2026-02-22 13:18:00,0.579,0.911,0.579,1.899699,2.988991,12.0328955160622,13.9511832070287,56.718431372549,30.1084793304396,0,33.1481102814149,79.5799964390193,9.002,9.382,3.488
"800",2026-02-22 13:19:00,0.5795,0.9105,0.5795,1.9013395,2.9873505,12.1200904111062,13.9511832070287,56.4376470588235,30.1078887307247,0,33.1183876925919,79.6399964363344,9.0285,9.40383333333333,3.471
"801",2026-02-22 13:20:00,0.58,0.91,0.58,1.90298,2.98571,12.2072853061501,13.9511832070287,56.156862745098,30.1072981310097,0,33.0886651037688,79.6999964336496,9.055,9.42566666666667,3.454
"802",2026-02-22 13:21:00,0.5785,0.908,0.5785,1.8980585,2.979148,12.2072853061501,14.0383781020726,56.4376470588235,30.1067075312947,0,33.0589017260396,79.5999964381243,9.0815,9.4475,3.437
"803",2026-02-22 13:22:00,0.577,0.906,0.577,1.893137,2.972586,12.2072853061501,14.1255729971165,56.718431372549,30.1061169315798,0,33.0291383483104,79.499996442599,9.108,9.46933333333333,3.42
"804",2026-02-22 13:23:00,0.5755,0.904,0.5755,1.8882155,2.966024,12.2072853061501,14.2127678921605,56.9992156862745,30.1055263318648,0,32.9993749705813,79.3999964470737,9.1345,9.49116666666667,3.403
"805",2026-02-22 13:24:00,0.574,0.902,0.574,1.883294,2.959462,12.2072853061501,14.2999627872044,57.28,30.1049357321499,0,32.9696115928521,79.2999964515485,9.161,9.513,3.386
"806",2026-02-22 13:25:00,0.5725,0.9,0.5725,1.8783725,2.9529,12.2072853061501,14.3871576822483,57.5607843137255,30.1043451324349,0,32.9398482151229,79.1999964560232,9.18216666666667,9.53933333333333,3.36516666666667
"807",2026-02-22 13:26:00,0.571,0.898,0.571,1.873451,2.946338,12.2072853061501,14.3871576822483,57.5607843137255,30.1061169315798,0,32.9398482151229,79.3199964506535,9.20333333333333,9.56566666666667,3.34433333333333
"808",2026-02-22 13:27:00,0.5695,0.896,0.5695,1.8685295,2.939776,12.2072853061501,14.3871576822483,57.5607843137255,30.1078887307247,0,32.9398482151229,79.4399964452839,9.2245,9.592,3.3235
"809",2026-02-22 13:28:00,0.568,0.894,0.568,1.863608,2.933214,12.2072853061501,14.3871576822483,57.5607843137255,30.1096605298695,0,32.9398482151229,79.5599964399142,9.24566666666667,9.61833333333333,3.30266666666667
"810",2026-02-22 13:29:00,0.5665,0.892,0.5665,1.8586865,2.926652,12.2072853061501,14.3871576822483,57.5607843137255,30.1114323290144,0,32.9398482151229,79.6799964345445,9.26683333333333,9.64466666666667,3.28183333333333
"811",2026-02-22 13:30:00,0.565,0.89,0.565,1.853765,2.92009,12.2072853061501,14.3871576822483,57.5607843137255,30.1132041281593,0,32.9398482151229,79.7999964291749,9.288,9.671,3.261
"812",2026-02-22 13:31:00,0.5635,0.888,0.5635,1.8488435,2.913528,12.1200904111062,14.5615474723362,57.5607843137255,30.1132041281593,0,32.9398482151229,79.8999964247001,9.3065,9.69283333333333,3.23866666666667
"813",2026-02-22 13:32:00,0.562,0.886,0.562,1.843922,2.906966,12.0328955160622,14.735937262424,57.5607843137255,30.1132041281593,0,32.9398482151229,79.9999964202254,9.325,9.71466666666667,3.21633333333333
"814",2026-02-22 13:33:00,0.5605,0.884,0.5605,1.8390005,2.900404,11.9457006210183,14.9103270525119,57.5607843137255,30.1132041281593,0,32.9398482151229,80.0999964157507,9.3435,9.7365,3.194
"815",2026-02-22 13:34:00,0.559,0.882,0.559,1.834079,2.893842,11.8585057259744,15.0847168425998,57.5607843137255,30.1132041281593,0,32.9398482151229,80.199996411276,9.362,9.75833333333333,3.17166666666667
"816",2026-02-22 13:35:00,0.5575,0.88,0.5575,1.8291575,2.88728,11.7713108309304,15.2591066326876,57.5607843137255,30.1132041281593,0,32.9398482151229,80.2999964068013,9.3805,9.78016666666667,3.14933333333333
"817",2026-02-22 13:36:00,0.556,0.878,0.556,1.824236,2.880718,11.8585057259744,15.1719117376437,57.5607843137255,30.1132041281593,0,32.9299179727021,80.3199964059063,9.399,9.802,3.127
"818",2026-02-22 13:37:00,0.5545,0.876,0.5545,1.8193145,2.874156,11.9457006210183,15.0847168425998,57.5607843137255,30.1132041281593,0,32.9199877302812,80.3399964050114,9.42583333333333,9.81133333333333,3.10566666666667
"819",2026-02-22 13:38:00,0.553,0.874,0.553,1.814393,2.867594,12.0328955160622,14.9975219475558,57.5607843137255,30.1132041281593,0,32.9100574878604,80.3599964041165,9.45266666666667,9.82066666666667,3.08433333333333
"820",2026-02-22 13:39:00,0.5515,0.872,0.5515,1.8094715,2.861032,12.1200904111062,14.9103270525119,57.5607843137255,30.1132041281593,0,32.9001272454395,80.3799964032215,9.4795,9.83,3.063
"821",2026-02-22 13:40:00,0.55,0.87,0.55,1.80455,2.85447,12.2072853061501,14.823132157468,57.5607843137255,30.1132041281593,0,32.8901970030187,80.3999964023266,9.50633333333333,9.83933333333333,3.04166666666667
"822",2026-02-22 13:41:00,0.551,0.871,0.551,1.807831,2.857751,12.1200904111062,14.9103270525119,57.5607843137255,30.1137947278743,0,32.8901970030187,80.4399964005367,9.53316666666667,9.84866666666667,3.02033333333333
"823",2026-02-22 13:42:00,0.552,0.872,0.552,1.811112,2.861032,12.0328955160622,14.9975219475558,57.5607843137255,30.1143853275892,0,32.8901970030187,80.4799963987468,9.56,9.858,2.999
"824",2026-02-22 13:43:00,0.553,0.873,0.553,1.814393,2.864313,11.9457006210183,15.0847168425998,57.5607843137255,30.1149759273042,0,32.8901970030187,80.5199963969569,9.574,9.87166666666667,2.97866666666667
"825",2026-02-22 13:44:00,0.554,0.874,0.554,1.817674,2.867594,11.8585057259744,15.1719117376437,57.5607843137255,30.1155665270191,0,32.8901970030187,80.559996395167,9.588,9.88533333333333,2.95833333333333
"826",2026-02-22 13:45:00,0.555,0.875,0.555,1.820955,2.870875,11.7713108309304,15.2591066326876,57.5607843137255,30.1161571267341,0,32.8901970030187,80.5999963933771,9.602,9.899,2.938
"827",2026-02-22 13:46:00,0.556,0.876,0.556,1.824236,2.874156,11.7713108309304,15.0847168425998,57.841568627451,30.1155665270191,0,32.8901970030187,80.7399963871125,9.616,9.91266666666667,2.91766666666667
"828",2026-02-22 13:47:00,0.557,0.877,0.557,1.827517,2.877437,11.7713108309304,14.9103270525119,58.1223529411765,30.1149759273042,0,32.8901970030187,80.8799963808479,9.63,9.92633333333333,2.89733333333333
"829",2026-02-22 13:48:00,0.558,0.878,0.558,1.830798,2.880718,11.7713108309304,14.735937262424,58.403137254902,30.1143853275892,0,32.8901970030187,81.0199963745833,9.644,9.94,2.877
"830",2026-02-22 13:49:00,0.559,0.879,0.559,1.834079,2.883999,11.7713108309304,14.5615474723362,58.6839215686274,30.1137947278743,0,32.8901970030187,81.1599963683187,9.662,9.952,2.85566666666667
"831",2026-02-22 13:50:00,0.56,0.88,0.56,1.83736,2.88728,11.7713108309304,14.3871576822483,58.9647058823529,30.1132041281593,0,32.8901970030187,81.2999963620541,9.68,9.964,2.83433333333333
"832",2026-02-22 13:51:00,0.561,0.881,0.561,1.840641,2.890561,11.7713108309304,14.3871576822483,59.5262745098039,30.1132041281593,0,32.880262183568,81.3199963611592,9.698,9.976,2.813
"833",2026-02-22 13:52:00,0.562,0.882,0.562,1.843922,2.893842,11.7713108309304,14.3871576822483,60.0878431372549,30.1132041281593,0,32.8703273641174,81.3399963602642,9.716,9.988,2.79166666666667
"834",2026-02-22 13:53:00,0.563,0.883,0.563,1.847203,2.897123,11.7713108309304,14.3871576822483,60.6494117647059,30.1132041281593,0,32.8603925446667,81.3599963593693,9.734,10,2.77033333333333
"835",2026-02-22 13:54:00,0.564,0.884,0.564,1.850484,2.900404,11.7713108309304,14.3871576822483,61.2109803921569,30.1132041281593,0,32.850457725216,81.3799963584743,9.752,10.012,2.749
"836",2026-02-22 13:55:00,0.565,0.885,0.565,1.853765,2.903685,11.7713108309304,14.3871576822483,61.7725490196078,30.1132041281593,0,32.8405229057653,81.3999963575794,9.7605,10.0306666666667,2.72883333333333
"837",2026-02-22 13:56:00,0.566,0.886,0.566,1.857046,2.906966,11.7713108309304,14.3871576822483,60.9301960784314,30.1126135284443,0,32.850457725216,81.3799963584743,9.769,10.0493333333333,2.70866666666667
"838",2026-02-22 13:57:00,0.567,0.887,0.567,1.860327,2.910247,11.7713108309304,14.3871576822483,60.0878431372549,30.1120229287294,0,32.8603925446667,81.3599963593693,9.7775,10.068,2.6885
"839",2026-02-22 13:58:00,0.568,0.888,0.568,1.863608,2.913528,11.7713108309304,14.3871576822483,59.2454901960784,30.1114323290144,0,32.8703273641174,81.3399963602642,9.786,10.0866666666667,2.66833333333333
"840",2026-02-22 13:59:00,0.569,0.889,0.569,1.866889,2.916809,11.7713108309304,14.3871576822483,58.403137254902,30.1108417292995,0,32.880262183568,81.3199963611592,9.7945,10.1053333333333,2.64816666666667
"841",2026-02-22 14:00:00,0.57,0.89,0.57,1.87017,2.92009,11.7713108309304,14.3871576822483,57.5607843137255,30.1102511295845,0,32.8901970030187,81.2999963620541,9.803,10.124,2.628
"842",2026-02-22 14:01:00,0.5715,0.893,0.5715,1.8750915,2.929933,11.8585057259744,14.4743525772922,57.841568627451,30.1108417292995,0,32.8901970030187,81.3999963575794,9.81333333333333,10.136,2.60666666666667
"843",2026-02-22 14:02:00,0.573,0.896,0.573,1.880013,2.939776,11.9457006210183,14.5615474723362,58.1223529411765,30.1114323290144,0,32.8901970030187,81.4999963531047,9.82366666666667,10.148,2.58533333333333
"844",2026-02-22 14:03:00,0.5745,0.899,0.5745,1.8849345,2.949619,12.0328955160622,14.6487423673801,58.403137254902,30.1120229287294,0,32.8901970030187,81.5999963486299,9.834,10.16,2.564
"845",2026-02-22 14:04:00,0.576,0.902,0.576,1.889856,2.959462,12.1200904111062,14.735937262424,58.6839215686274,30.1126135284443,0,32.8901970030187,81.6999963441552,9.84433333333333,10.172,2.54266666666667
"846",2026-02-22 14:05:00,0.5775,0.905,0.5775,1.8947775,2.969305,12.2072853061501,14.823132157468,58.9647058823529,30.1132041281593,0,32.8901970030187,81.7999963396805,9.85466666666667,10.184,2.52133333333333
"847",2026-02-22 14:06:00,0.579,0.908,0.579,1.899699,2.979148,11.9457006210183,14.5615474723362,59.2454901960784,30.1132041281593,0,32.8703227757813,81.8799963361007,9.865,10.196,2.5
"848",2026-02-22 14:07:00,0.5805,0.911,0.5805,1.9046205,2.988991,11.6841159358865,14.2999627872044,59.5262745098039,30.1132041281593,0,32.8504485485439,81.959996332521,9.867,10.2101666666667,2.476
"849",2026-02-22 14:08:00,0.582,0.914,0.582,1.909542,2.998834,11.4225312507547,14.0383781020726,59.8070588235294,30.1132041281593,0,32.8305743213065,82.0399963289412,9.869,10.2243333333333,2.452
"850",2026-02-22 14:09:00,0.5835,0.917,0.5835,1.9144635,3.008677,11.1609465656229,13.7767934169408,60.0878431372549,30.1132041281593,0,32.8107000940691,82.1199963253614,9.871,10.2385,2.428
"851",2026-02-22 14:10:00,0.585,0.92,0.585,1.919385,3.01852,10.8993618804912,13.515208731809,60.3686274509804,30.1132041281593,0,32.7908258668317,82.1999963217816,9.873,10.2526666666667,2.404
"852",2026-02-22 14:11:00,0.5865,0.923,0.5865,1.9243065,3.028363,10.9865567755351,13.6895985218969,60.0878431372549,30.1126135284443,0,32.7908258668317,82.2599963190968,9.875,10.2668333333333,2.38
"853",2026-02-22 14:12:00,0.588,0.926,0.588,1.929228,3.038206,11.073751670579,13.8639883119847,59.8070588235294,30.1120229287294,0,32.7908258668317,82.319996316412,9.877,10.281,2.356
"854",2026-02-22 14:13:00,0.5895,0.929,0.5895,1.9341495,3.048049,11.1609465656229,14.0383781020726,59.5262745098039,30.1114323290144,0,32.7908258668317,82.3799963137271,9.885,10.2843333333333,2.33016666666667
"855",2026-02-22 14:14:00,0.591,0.932,0.591,1.939071,3.057892,11.2481414606669,14.2127678921605,59.2454901960784,30.1108417292995,0,32.7908258668317,82.4399963110423,9.893,10.2876666666667,2.30433333333333
"856",2026-02-22 14:15:00,0.5925,0.935,0.5925,1.9439925,3.067735,11.3353363557108,14.3871576822483,58.9647058823529,30.1102511295845,0,32.7908258668317,82.4999963083575,9.901,10.291,2.2785
"857",2026-02-22 14:16:00,0.594,0.938,0.594,1.948914,3.077578,11.4225312507547,14.5615474723362,58.1223529411765,30.1096605298695,0,32.7808818593745,82.319996316412,9.909,10.2943333333333,2.25266666666667
"858",2026-02-22 14:17:00,0.5955,0.941,0.5955,1.9538355,3.087421,11.5097261457987,14.735937262424,57.28,30.1090699301546,0,32.7709378519173,82.1399963244665,9.917,10.2976666666667,2.22683333333333
"859",2026-02-22 14:18:00,0.597,0.944,0.597,1.958757,3.097264,11.5969210408426,14.9103270525119,56.4376470588235,30.1084793304396,0,32.7609938444601,81.959996332521,9.925,10.301,2.201
"860",2026-02-22 14:19:00,0.5985,0.947,0.5985,1.9636785,3.107107,11.6841159358865,15.0847168425998,55.5952941176471,30.1078887307247,0,32.7510498370029,81.7799963405755,9.92666666666667,10.3065,2.17533333333333
"861",2026-02-22 14:20:00,0.6,0.95,0.6,1.9686,3.11695,11.7713108309304,15.2591066326876,54.7529411764706,30.1072981310097,0,32.7411058295456,81.5999963486299,9.92833333333333,10.312,2.14966666666667
"862",2026-02-22 14:21:00,0.6,0.9495,0.6,1.9686,3.1153095,11.9457006210183,15.2591066326876,54.7529411764706,30.1067075312947,0,32.7311572110556,81.5999963486299,9.93,10.3175,2.124
"863",2026-02-22 14:22:00,0.6,0.949,0.6,1.9686,3.113669,12.1200904111062,15.2591066326876,54.7529411764706,30.1061169315798,0,32.7212085925656,81.5999963486299,9.93166666666667,10.323,2.09833333333333
"864",2026-02-22 14:23:00,0.6,0.9485,0.6,1.9686,3.1120285,12.294480201194,15.2591066326876,54.7529411764706,30.1055263318648,0,32.7112599740756,81.5999963486299,9.93333333333333,10.3285,2.07266666666667
"865",2026-02-22 14:24:00,0.6,0.948,0.6,1.9686,3.110388,12.4688699912819,15.2591066326876,54.7529411764706,30.1049357321499,0,32.7013113555855,81.5999963486299,9.935,10.334,2.047
"866",2026-02-22 14:25:00,0.6,0.9475,0.6,1.9686,3.1087475,12.6432597813697,15.2591066326876,54.7529411764706,30.1043451324349,0,32.6913627370955,81.5999963486299,9.9395,10.3316666666667,2.024
"867",2026-02-22 14:26:00,0.6,0.947,0.6,1.9686,3.107107,12.4688699912819,14.9975219475558,55.3145098039216,30.1043451324349,0,32.7013113555855,81.5799963495249,9.944,10.3293333333333,2.001
"868",2026-02-22 14:27:00,0.6,0.9465,0.6,1.9686,3.1054665,12.294480201194,14.735937262424,55.8760784313726,30.1043451324349,0,32.7112599740756,81.5599963504198,9.9485,10.327,1.978
"869",2026-02-22 14:28:00,0.6,0.946,0.6,1.9686,3.103826,12.1200904111062,14.4743525772922,56.4376470588235,30.1043451324349,0,32.7212085925656,81.5399963513148,9.953,10.3246666666667,1.955
"870",2026-02-22 14:29:00,0.6,0.9455,0.6,1.9686,3.1021855,11.9457006210183,14.2127678921605,56.9992156862745,30.1043451324349,0,32.7311572110556,81.5199963522097,9.9575,10.3223333333333,1.932
"871",2026-02-22 14:30:00,0.6,0.945,0.6,1.9686,3.100545,11.7713108309304,13.9511832070287,57.5607843137255,30.1043451324349,0,32.7411058295456,81.4999963531047,9.962,10.32,1.909
"872",2026-02-22 14:31:00,0.6,0.9445,0.6,1.9686,3.0989045,11.8585057259744,14.2127678921605,57.28,30.10257333329,0,32.7510498370029,81.5799963495249,9.95633333333333,10.3195,1.88716666666667
"873",2026-02-22 14:32:00,0.6,0.944,0.6,1.9686,3.097264,11.9457006210183,14.4743525772922,56.9992156862745,30.1008015341452,0,32.7609938444601,81.6599963459451,9.95066666666667,10.319,1.86533333333333
"874",2026-02-22 14:33:00,0.6,0.9435,0.6,1.9686,3.0956235,12.0328955160622,14.735937262424,56.718431372549,30.0990297350003,0,32.7709378519173,81.7399963423653,9.945,10.3185,1.8435
"875",2026-02-22 14:34:00,0.6,0.943,0.6,1.9686,3.093983,12.1200904111062,14.9975219475558,56.4376470588235,30.0972579358554,0,32.7808818593745,81.8199963387856,9.93933333333333,10.318,1.82166666666667
"876",2026-02-22 14:35:00,0.6,0.9425,0.6,1.9686,3.0923425,12.2072853061501,15.2591066326876,56.156862745098,30.0954861367105,0,32.7908258668317,81.8999963352058,9.93366666666667,10.3175,1.79983333333333
"877",2026-02-22 14:36:00,0.6,0.942,0.6,1.9686,3.090702,12.294480201194,15.6078862128633,56.156862745098,30.0943049372806,0,32.8107000940691,81.7599963414704,9.928,10.317,1.778
"878",2026-02-22 14:37:00,0.6,0.9415,0.6,1.9686,3.0890615,12.3816750962379,15.956665793039,56.156862745098,30.0931237378507,0,32.8305743213065,81.619996347735,9.93083333333333,10.3131666666667,1.75783333333333
"879",2026-02-22 14:38:00,0.6,0.941,0.6,1.9686,3.087421,12.4688699912819,16.3054453732148,56.156862745098,30.0919425384208,0,32.8504485485439,81.4799963539996,9.93366666666667,10.3093333333333,1.73766666666667
"880",2026-02-22 14:39:00,0.6,0.9405,0.6,1.9686,3.0857805,12.5560648863258,16.6542249533905,56.156862745098,30.0907613389909,0,32.8703227757813,81.3399963602642,9.9365,10.3055,1.7175
"881",2026-02-22 14:40:00,0.6,0.94,0.6,1.9686,3.08414,12.6432597813697,17.0030045335662,56.156862745098,30.0895801395609,0,32.8901970030187,81.1999963665288,9.93933333333333,10.3016666666667,1.69733333333333
"882",2026-02-22 14:41:00,0.602,0.9435,0.602,1.975162,3.0956235,12.7304546764137,16.8286147434783,56.156862745098,30.0895801395609,0,32.9199740442777,81.259996363844,9.94216666666667,10.2978333333333,1.67716666666667
"883",2026-02-22 14:42:00,0.604,0.947,0.604,1.981724,3.107107,12.8176495714576,16.6542249533905,56.156862745098,30.0895801395609,0,32.9497510855367,81.3199963611592,9.945,10.294,1.657
"884",2026-02-22 14:43:00,0.606,0.9505,0.606,1.988286,3.1185905,12.9048444665015,16.4798351633026,56.156862745098,30.0895801395609,0,32.9795281267957,81.3799963584743,9.93816666666667,10.287,1.63666666666667
"885",2026-02-22 14:44:00,0.608,0.954,0.608,1.994848,3.130074,12.9920393615455,16.3054453732148,56.156862745098,30.0895801395609,0,33.0093051680547,81.4399963557895,9.93133333333333,10.28,1.61633333333333
"886",2026-02-22 14:45:00,0.61,0.9575,0.61,2.00141,3.1415575,13.0792342565894,16.1310555831269,56.156862745098,30.0895801395609,0,33.0390822093137,81.4999963531047,9.9245,10.273,1.596
"887",2026-02-22 14:46:00,0.612,0.961,0.612,2.007972,3.153041,13.0792342565894,15.956665793039,56.156862745098,30.0901707392759,0,33.0489987882047,81.619996347735,9.91766666666667,10.266,1.57566666666667
"888",2026-02-22 14:47:00,0.614,0.9645,0.614,2.014534,3.1645245,13.0792342565894,15.7822760029512,56.156862745098,30.0907613389909,0,33.0589153670957,81.7399963423653,9.91083333333333,10.259,1.55533333333333
"889",2026-02-22 14:48:00,0.616,0.968,0.616,2.021096,3.176008,13.0792342565894,15.6078862128633,56.156862745098,30.0913519387058,0,33.0688319459867,81.8599963369957,9.904,10.252,1.535
"890",2026-02-22 14:49:00,0.618,0.9715,0.618,2.027658,3.1874915,13.0792342565894,15.4334964227755,56.156862745098,30.0919425384208,0,33.0787485248778,81.979996331626,9.897,10.236,1.51316666666667
"891",2026-02-22 14:50:00,0.62,0.975,0.62,2.03422,3.198975,13.0792342565894,15.2591066326876,56.156862745098,30.0925331381357,0,33.0886651037688,82.0999963262564,9.89,10.22,1.49133333333333
"892",2026-02-22 14:51:00,0.622,0.9785,0.622,2.040782,3.2104585,12.9048444665015,15.5206913178194,56.4376470588235,30.0907613389909,0,33.0688274027091,82.0599963280462,9.883,10.204,1.4695
"893",2026-02-22 14:52:00,0.624,0.982,0.624,2.047344,3.221942,12.7304546764137,15.7822760029512,56.718431372549,30.088989539846,0,33.0489897016494,82.0199963298361,9.876,10.188,1.44766666666667
"894",2026-02-22 14:53:00,0.626,0.9855,0.626,2.053906,3.2334255,12.5560648863258,16.043860688083,56.9992156862745,30.0872177407011,0,33.0291520005897,81.979996331626,9.869,10.172,1.42583333333333
"895",2026-02-22 14:54:00,0.628,0.989,0.628,2.060468,3.244909,12.3816750962379,16.3054453732148,57.28,30.0854459415562,0,33.00931429953,81.9399963334159,9.862,10.156,1.404
"896",2026-02-22 14:55:00,0.63,0.9925,0.63,2.06703,3.2563925,12.2072853061501,16.5670300583465,57.5607843137255,30.0836741424113,0,32.9894765984703,81.8999963352058,9.8535,10.1473333333333,1.38166666666667
"897",2026-02-22 14:56:00,0.632,0.996,0.632,2.073592,3.267876,12.2072853061501,16.3926402682587,57.28,30.0830835426964,0,32.9894765984703,81.9199963343108,9.845,10.1386666666667,1.35933333333333
"898",2026-02-22 14:57:00,0.634,0.9995,0.634,2.080154,3.2793595,12.2072853061501,16.2182504781708,56.9992156862745,30.0824929429814,0,32.9894765984703,81.9399963334159,9.8365,10.13,1.337
"899",2026-02-22 14:58:00,0.636,1.003,0.636,2.086716,3.290843,12.2072853061501,16.043860688083,56.718431372549,30.0819023432665,0,32.9894765984703,81.959996332521,9.828,10.1213333333333,1.31466666666667
"900",2026-02-22 14:59:00,0.638,1.0065,0.638,2.093278,3.3023265,12.2072853061501,15.8694708979951,56.4376470588235,30.0813117435515,0,32.9894765984703,81.979996331626,9.8195,10.1126666666667,1.29233333333333
"901",2026-02-22 15:00:00,0.64,1.01,0.64,2.09984,3.31381,12.2072853061501,15.6950811079073,56.156862745098,30.0807211438365,0,32.9894765984703,81.9999963307311,9.811,10.104,1.27
"902",2026-02-22 15:01:00,0.6375,1.006,0.6375,2.0916375,3.300686,12.0328955160622,15.7822760029512,56.4376470588235,30.0813117435515,0,32.9894765984703,82.1399963244665,9.80633333333333,10.098,1.24866666666667
"903",2026-02-22 15:02:00,0.635,1.002,0.635,2.083435,3.287562,11.8585057259744,15.8694708979951,56.718431372549,30.0819023432665,0,32.9894765984703,82.2799963182019,9.80166666666667,10.092,1.22733333333333
"904",2026-02-22 15:03:00,0.6325,0.998,0.6325,2.0752325,3.274438,11.6841159358865,15.956665793039,56.9992156862745,30.0824929429814,0,32.9894765984703,82.4199963119373,9.797,10.086,1.206
"905",2026-02-22 15:04:00,0.63,0.994,0.63,2.06703,3.261314,11.5097261457987,16.043860688083,57.28,30.0830835426964,0,32.9894765984703,82.5599963056726,9.79233333333333,10.08,1.18466666666667
"906",2026-02-22 15:05:00,0.6275,0.99,0.6275,2.0588275,3.24819,11.3353363557108,16.1310555831269,57.5607843137255,30.0836741424113,0,32.9894765984703,82.699996299408,9.78766666666667,10.074,1.16333333333333
"907",2026-02-22 15:06:00,0.625,0.986,0.625,2.050625,3.235066,11.4225312507547,15.8694708979951,57.5607843137255,30.0842647421263,0,33.00931429953,82.5199963074625,9.783,10.068,1.142
"908",2026-02-22 15:07:00,0.6225,0.982,0.6225,2.0424225,3.221942,11.5097261457987,15.6078862128633,57.5607843137255,30.0848553418413,0,33.0291520005897,82.339996315517,9.7715,10.0608333333333,1.1255
"909",2026-02-22 15:08:00,0.62,0.978,0.62,2.03422,3.208818,11.5969210408426,15.3463015277315,57.5607843137255,30.0854459415562,0,33.0489897016494,82.1599963235715,9.76,10.0536666666667,1.109
"910",2026-02-22 15:09:00,0.6175,0.974,0.6175,2.0260175,3.195694,11.6841159358865,15.0847168425998,57.5607843137255,30.0860365412712,0,33.0688274027091,81.979996331626,9.7485,10.0465,1.0925
"911",2026-02-22 15:10:00,0.615,0.97,0.615,2.017815,3.18257,11.7713108309304,14.823132157468,57.5607843137255,30.0866271409861,0,33.0886651037688,81.7999963396805,9.737,10.0393333333333,1.076
"912",2026-02-22 15:11:00,0.6125,0.966,0.6125,2.0096125,3.169446,11.6841159358865,14.823132157468,56.9992156862745,30.0866271409861,0,33.1084846764716,81.8599963369957,9.7255,10.0321666666667,1.0595
"913",2026-02-22 15:12:00,0.61,0.962,0.61,2.00141,3.156322,11.5969210408426,14.823132157468,56.4376470588235,30.0866271409861,0,33.1283042491745,81.9199963343109,9.714,10.025,1.043
"914",2026-02-22 15:13:00,0.6075,0.958,0.6075,1.9932075,3.143198,11.5097261457987,14.823132157468,55.8760784313726,30.0866271409861,0,33.1481238218773,81.979996331626,9.70066666666667,10.0163333333333,1.02716666666667
"915",2026-02-22 15:14:00,0.605,0.954,0.605,1.985005,3.130074,11.4225312507547,14.823132157468,55.3145098039216,30.0866271409861,0,33.1679433945801,82.0399963289412,9.68733333333333,10.0076666666667,1.01133333333333
"916",2026-02-22 15:15:00,0.6025,0.95,0.6025,1.9768025,3.11695,11.3353363557108,14.823132157468,54.7529411764706,30.0866271409861,0,33.187762967283,82.0999963262564,9.674,9.999,0.9955
"917",2026-02-22 15:16:00,0.6,0.946,0.6,1.9686,3.103826,11.4225312507547,14.4743525772922,55.0337254901961,30.0866271409861,0,33.1976659834032,82.0999963262564,9.66066666666667,9.99033333333333,0.979666666666667
"918",2026-02-22 15:17:00,0.5975,0.942,0.5975,1.9603975,3.090702,11.5097261457987,14.1255729971165,55.3145098039216,30.0866271409861,0,33.2075689995234,82.0999963262564,9.64733333333333,9.98166666666667,0.963833333333333
"919",2026-02-22 15:18:00,0.595,0.938,0.595,1.952195,3.077578,11.5969210408426,13.7767934169408,55.5952941176471,30.0866271409861,0,33.2174720156437,82.0999963262564,9.634,9.973,0.948
"920",2026-02-22 15:19:00,0.5925,0.934,0.5925,1.9439925,3.064454,11.6841159358865,13.4280138367651,55.8760784313725,30.0866271409861,0,33.2273750317639,82.0999963262564,9.6145,9.962,0.931
"921",2026-02-22 15:20:00,0.59,0.93,0.59,1.93579,3.05133,11.7713108309304,13.0792342565894,56.156862745098,30.0866271409861,0,33.2372780478842,82.0999963262564,9.595,9.951,0.914
"922",2026-02-22 15:21:00,0.5895,0.9295,0.5895,1.9341495,3.0496895,11.6841159358865,13.2536240466772,56.9992156862745,30.0854459415562,0,33.2372780478842,82.1199963253614,9.5755,9.94,0.897
"923",2026-02-22 15:22:00,0.589,0.929,0.589,1.932509,3.048049,11.5969210408426,13.4280138367651,57.841568627451,30.0842647421263,0,33.2372780478842,82.1399963244665,9.556,9.929,0.88
"924",2026-02-22 15:23:00,0.5885,0.9285,0.5885,1.9308685,3.0464085,11.5097261457987,13.602403626853,58.6839215686275,30.0830835426964,0,33.2372780478842,82.1599963235715,9.5365,9.918,0.863
"925",2026-02-22 15:24:00,0.588,0.928,0.588,1.929228,3.044768,11.4225312507547,13.7767934169408,59.5262745098039,30.0819023432665,0,33.2372780478842,82.1799963226766,9.517,9.907,0.846
"926",2026-02-22 15:25:00,0.5875,0.9275,0.5875,1.9275875,3.0431275,11.3353363557108,13.9511832070287,60.3686274509804,30.0807211438365,0,33.2372780478842,82.1999963217816,9.50466666666667,9.89333333333333,0.830166666666667
"927",2026-02-22 15:26:00,0.587,0.927,0.587,1.925947,3.041487,11.2481414606669,13.9511832070287,60.3686274509804,30.0801305441216,0,33.2174675058697,82.2799963182019,9.49233333333333,9.87966666666667,0.814333333333333
"928",2026-02-22 15:27:00,0.5865,0.9265,0.5865,1.9243065,3.0398465,11.1609465656229,13.9511832070287,60.3686274509804,30.0795399444066,0,33.1976569638553,82.3599963146221,9.48,9.866,0.7985
"929",2026-02-22 15:28:00,0.586,0.926,0.586,1.922666,3.038206,11.073751670579,13.9511832070287,60.3686274509804,30.0789493446917,0,33.1778464218408,82.4399963110423,9.46766666666667,9.85233333333333,0.782666666666667
"930",2026-02-22 15:29:00,0.5855,0.9255,0.5855,1.9210255,3.0365655,10.9865567755351,13.9511832070287,60.3686274509804,30.0783587449767,0,33.1580358798264,82.5199963074625,9.45533333333333,9.83866666666667,0.766833333333333
"931",2026-02-22 15:30:00,0.585,0.925,0.585,1.919385,3.034925,10.8993618804912,13.9511832070287,60.3686274509804,30.0777681452618,0,33.1382253378119,82.5999963038828,9.443,9.825,0.751
"932",2026-02-22 15:31:00,0.5845,0.9245,0.5845,1.9177445,3.0332845,10.8121669854472,13.602403626853,60.6494117647059,30.0783587449767,0,33.1283132910033,82.7599962967232,9.42333333333333,9.81083333333333,0.7395
"933",2026-02-22 15:32:00,0.584,0.924,0.584,1.916104,3.031644,10.7249720904033,13.2536240466772,60.9301960784314,30.0789493446917,0,33.1184012441947,82.9199962895637,9.40366666666667,9.79666666666667,0.728
"934",2026-02-22 15:33:00,0.5835,0.9235,0.5835,1.9144635,3.0300035,10.6377771953594,12.9048444665015,61.2109803921569,30.0795399444066,0,33.108489197386,83.0799962824041,9.384,9.7825,0.7165
"935",2026-02-22 15:34:00,0.583,0.923,0.583,1.912823,3.028363,10.5505823003154,12.5560648863258,61.4917647058824,30.0801305441216,0,33.0985771505774,83.2399962752446,9.36433333333333,9.76833333333333,0.705
"936",2026-02-22 15:35:00,0.5825,0.9225,0.5825,1.9111825,3.0267225,10.4633874052715,12.2072853061501,61.7725490196078,30.0807211438365,0,33.0886651037688,83.399996268085,9.34466666666667,9.75416666666667,0.6935
"937",2026-02-22 15:36:00,0.582,0.922,0.582,1.909542,3.025082,10.6377771953594,12.4688699912819,61.4917647058824,30.0801305441216,0,33.0985771505774,83.1399962797193,9.325,9.74,0.682
"938",2026-02-22 15:37:00,0.5815,0.9215,0.5815,1.9079015,3.0234415,10.8121669854472,12.7304546764137,61.2109803921569,30.0795399444066,0,33.108489197386,82.8799962913536,9.30383333333333,9.72183333333333,0.669
"939",2026-02-22 15:38:00,0.581,0.921,0.581,1.906261,3.021801,10.9865567755351,12.9920393615455,60.9301960784314,30.0789493446917,0,33.1184012441947,82.6199963029878,9.28266666666667,9.70366666666667,0.656
"940",2026-02-22 15:39:00,0.5805,0.9205,0.5805,1.9046205,3.0201605,11.1609465656229,13.2536240466772,60.6494117647059,30.0783587449767,0,33.1283132910033,82.3599963146221,9.2615,9.6855,0.643
"941",2026-02-22 15:40:00,0.58,0.92,0.58,1.90298,3.01852,11.3353363557108,13.515208731809,60.3686274509804,30.0777681452618,0,33.1382253378119,82.0999963262564,9.24033333333333,9.66733333333333,0.63
"942",2026-02-22 15:41:00,0.578,0.917,0.578,1.896418,3.008677,11.3353363557108,13.4280138367651,59.8070588235294,30.0795399444066,0,33.1481328637061,81.9999963307311,9.21916666666667,9.64916666666667,0.617
"943",2026-02-22 15:42:00,0.576,0.914,0.576,1.889856,2.998834,11.3353363557108,13.3408189417212,59.2454901960784,30.0813117435515,0,33.1580403896003,81.8999963352058,9.198,9.631,0.604
"944",2026-02-22 15:43:00,0.574,0.911,0.574,1.883294,2.988991,11.3353363557108,13.2536240466772,58.6839215686275,30.0830835426964,0,33.1679479154945,81.7999963396805,9.172,9.6075,0.585333333333333
"945",2026-02-22 15:44:00,0.572,0.908,0.572,1.876732,2.979148,11.3353363557108,13.1664291516333,58.1223529411765,30.0848553418413,0,33.1778554413887,81.6999963441552,9.146,9.584,0.566666666666667
"946",2026-02-22 15:45:00,0.57,0.905,0.57,1.87017,2.969305,11.3353363557108,13.0792342565894,57.5607843137255,30.0866271409861,0,33.187762967283,81.5999963486299,9.12,9.5605,0.548
"947",2026-02-22 15:46:00,0.568,0.902,0.568,1.863608,2.959462,11.1609465656229,12.9920393615455,57.5607843137255,30.0866271409861,0,33.187762967283,81.6799963450502,9.094,9.537,0.529333333333333
"948",2026-02-22 15:47:00,0.566,0.899,0.566,1.857046,2.949619,10.9865567755351,12.9048444665015,57.5607843137255,30.0866271409861,0,33.187762967283,81.7599963414704,9.068,9.5135,0.510666666666667
"949",2026-02-22 15:48:00,0.564,0.896,0.564,1.850484,2.939776,10.8121669854472,12.8176495714576,57.5607843137255,30.0866271409861,0,33.187762967283,81.8399963378906,9.042,9.49,0.492
"950",2026-02-22 15:49:00,0.562,0.893,0.562,1.843922,2.929933,10.6377771953594,12.7304546764137,57.5607843137255,30.0866271409861,0,33.187762967283,81.9199963343108,9.02316666666667,9.46716666666667,0.4735
"951",2026-02-22 15:50:00,0.56,0.89,0.56,1.83736,2.92009,10.4633874052715,12.6432597813697,57.5607843137255,30.0866271409861,0,33.187762967283,81.9999963307311,9.00433333333333,9.44433333333333,0.455
"952",2026-02-22 15:51:00,0.558,0.887,0.558,1.830798,2.910247,10.3761925102276,12.7304546764137,56.9992156862745,30.0860365412712,0,33.187762967283,82.0599963280462,8.9855,9.4215,0.4365
"953",2026-02-22 15:52:00,0.556,0.884,0.556,1.824236,2.900404,10.2889976151836,12.8176495714576,56.4376470588235,30.0854459415562,0,33.187762967283,82.1199963253614,8.96666666666667,9.39866666666667,0.418
"954",2026-02-22 15:53:00,0.554,0.881,0.554,1.817674,2.890561,10.2018027201397,12.9048444665015,55.8760784313726,30.0848553418413,0,33.187762967283,82.1799963226766,8.94783333333333,9.37583333333333,0.3995
"955",2026-02-22 15:54:00,0.552,0.878,0.552,1.811112,2.880718,10.1146078250958,12.9920393615455,55.3145098039216,30.0842647421263,0,33.187762967283,82.2399963199917,8.929,9.353,0.381
"956",2026-02-22 15:55:00,0.55,0.875,0.55,1.80455,2.870875,10.0274129300519,13.0792342565894,54.7529411764706,30.0836741424113,0,33.187762967283,82.2999963173069,8.905,9.32183333333333,0.368833333333333
"957",2026-02-22 15:56:00,0.548,0.872,0.548,1.797988,2.861032,10.4633874052715,13.2536240466772,55.5952941176471,30.0819023432665,0,33.2075645008629,82.4199963119373,8.881,9.29066666666667,0.356666666666667
"958",2026-02-22 15:57:00,0.546,0.869,0.546,1.791426,2.851189,10.8993618804912,13.4280138367651,56.4376470588235,30.0801305441216,0,33.2273660344429,82.5399963065676,8.857,9.2595,0.3445
"959",2026-02-22 15:58:00,0.544,0.866,0.544,1.784864,2.841346,11.3353363557108,13.602403626853,57.28,30.0783587449767,0,33.2471675680229,82.6599963011979,8.833,9.22833333333333,0.332333333333333
"960",2026-02-22 15:59:00,0.542,0.863,0.542,1.778302,2.831503,11.7713108309304,13.7767934169408,58.1223529411765,30.0765869458318,0,33.2669691016029,82.7799962958283,8.809,9.19716666666667,0.320166666666667
"961",2026-02-22 16:00:00,0.54,0.86,0.54,1.77174,2.82166,12.2072853061501,13.9511832070287,58.9647058823529,30.074815146687,0,33.2867706351828,82.8999962904586,8.785,9.166,0.308
"962",2026-02-22 16:01:00,0.537,0.8555,0.537,1.761897,2.8068955,12.6432597813697,14.6487423673801,58.6839215686274,30.073633947257,0,33.3065542184381,82.6599963011979,8.75441666666667,9.13416666666667,0.303166666666667
"963",2026-02-22 16:02:00,0.534,0.851,0.534,1.752054,2.792131,13.0792342565894,15.3463015277315,58.403137254902,30.0724527478271,0,33.3263378016934,82.4199963119373,8.72383333333333,9.10233333333333,0.298333333333333
"964",2026-02-22 16:03:00,0.531,0.8465,0.531,1.742211,2.7773665,13.515208731809,16.043860688083,58.1223529411765,30.0712715483972,0,33.3461213849487,82.1799963226766,8.69325,9.0705,0.2935
"965",2026-02-22 16:04:00,0.528,0.842,0.528,1.732368,2.762602,13.9511832070287,16.7414198484344,57.841568627451,30.0700903489673,0,33.3659049682039,81.9399963334159,8.66266666666667,9.03866666666667,0.288666666666667
"966",2026-02-22 16:05:00,0.525,0.8375,0.525,1.722525,2.7478375,14.3871576822483,17.4389790087858,57.5607843137255,30.0689091495374,0,33.3856885514592,81.6999963441552,8.63208333333333,9.00683333333333,0.283833333333333
"967",2026-02-22 16:06:00,0.522,0.833,0.522,1.712682,2.733073,14.3871576822483,17.264589218698,57.5607843137255,30.0683185498224,0,33.3757989980893,81.7599963414704,8.6015,8.975,0.279
"968",2026-02-22 16:07:00,0.519,0.8285,0.519,1.702839,2.7183085,14.3871576822483,17.0901994286101,57.5607843137255,30.0677279501074,0,33.3659094447193,81.8199963387856,8.57091666666667,8.94716666666667,0.274666666666667
"969",2026-02-22 16:08:00,0.516,0.824,0.516,1.692996,2.703544,14.3871576822483,16.9158096385223,57.5607843137255,30.0671373503925,0,33.3560198913494,81.8799963361007,8.54033333333333,8.91933333333333,0.270333333333333
"970",2026-02-22 16:09:00,0.513,0.8195,0.513,1.683153,2.6887795,14.3871576822483,16.7414198484344,57.5607843137255,30.0665467506775,0,33.3461303379794,81.9399963334159,8.50975,8.8915,0.266
"971",2026-02-22 16:10:00,0.51,0.815,0.51,1.67331,2.674015,14.3871576822483,16.5670300583465,57.5607843137255,30.0659561509626,0,33.3362407846095,81.9999963307311,8.47916666666667,8.86366666666667,0.261666666666667
"972",2026-02-22 16:11:00,0.507,0.8105,0.507,1.663467,2.6592505,14.4743525772922,16.8286147434783,57.28,30.0647749515327,0,33.3362407846095,82.0999963262563,8.44858333333333,8.83583333333333,0.257333333333333
"973",2026-02-22 16:12:00,0.504,0.806,0.504,1.653624,2.644486,14.5615474723362,17.0901994286101,56.9992156862745,30.0635937521027,0,33.3362407846095,82.1999963217816,8.418,8.808,0.253
"974",2026-02-22 16:13:00,0.501,0.8015,0.501,1.643781,2.6297215,14.6487423673801,17.3517841137419,56.718431372549,30.0624125526728,0,33.3362407846095,82.2999963173069,8.39316666666667,8.77416666666667,0.243666666666667
"975",2026-02-22 16:14:00,0.498,0.797,0.498,1.633938,2.614957,14.735937262424,17.6133687988737,56.4376470588235,30.0612313532429,0,33.3362407846095,82.3999963128322,8.36833333333333,8.74033333333333,0.234333333333333
"976",2026-02-22 16:15:00,0.495,0.7925,0.495,1.624095,2.6001925,14.823132157468,17.8749534840055,56.156862745098,30.060050153813,0,33.3362407846095,82.4999963083575,8.3435,8.7065,0.225
"977",2026-02-22 16:16:00,0.492,0.788,0.492,1.614252,2.585428,14.9103270525119,18.1365381691373,56.156862745098,30.059459554098,0,33.3362407846095,82.339996315517,8.31866666666667,8.67266666666667,0.215666666666667
"978",2026-02-22 16:17:00,0.489,0.7835,0.489,1.604409,2.5706635,14.9975219475558,18.3981228542691,56.156862745098,30.0588689543831,0,33.3362407846095,82.1799963226766,8.29383333333333,8.63883333333333,0.206333333333333
"979",2026-02-22 16:18:00,0.486,0.779,0.486,1.594566,2.555899,15.0847168425998,18.6597075394009,56.156862745098,30.0582783546681,0,33.3362407846095,82.0199963298361,8.269,8.605,0.197
"980",2026-02-22 16:19:00,0.483,0.7745,0.483,1.584723,2.5411345,15.1719117376437,18.9212922245326,56.156862745098,30.0576877549531,0,33.3362407846095,81.8599963369957,8.23716666666667,8.57433333333333,0.193166666666667
"981",2026-02-22 16:20:00,0.48,0.77,0.48,1.57488,2.52637,15.2591066326876,19.1828769096644,56.156862745098,30.0570971552382,0,33.3362407846095,81.6999963441552,8.20533333333333,8.54366666666667,0.189333333333333
"982",2026-02-22 16:21:00,0.48,0.7705,0.48,1.57488,2.5280105,15.2591066326876,19.1828769096644,56.4376470588235,30.0559159558083,0,33.3362407846095,81.8599963369957,8.1735,8.513,0.1855
"983",2026-02-22 16:22:00,0.48,0.771,0.48,1.57488,2.529651,15.2591066326876,19.1828769096644,56.718431372549,30.0547347563783,0,33.3362407846095,82.0199963298361,8.14166666666667,8.48233333333333,0.181666666666667
"984",2026-02-22 16:23:00,0.48,0.7715,0.48,1.57488,2.5312915,15.2591066326876,19.1828769096644,56.9992156862745,30.0535535569484,0,33.3362407846095,82.1799963226766,8.10983333333333,8.45166666666667,0.177833333333333
"985",2026-02-22 16:24:00,0.48,0.772,0.48,1.57488,2.532932,15.2591066326876,19.1828769096644,57.28,30.0523723575185,0,33.3362407846095,82.339996315517,8.078,8.421,0.174
"986",2026-02-22 16:25:00,0.48,0.7725,0.48,1.57488,2.5345725,15.2591066326876,19.1828769096644,57.5607843137255,30.0511911580886,0,33.3362407846095,82.4999963083575,8.046,8.387,0.1735
"987",2026-02-22 16:26:00,0.48,0.773,0.48,1.57488,2.536213,15.3463015277315,19.2700718047084,57.28,30.0500099586587,0,33.3461303379794,82.4599963101474,8.014,8.353,0.173
"988",2026-02-22 16:27:00,0.48,0.7735,0.48,1.57488,2.5378535,15.4334964227755,19.3572666997523,56.9992156862745,30.0488287592288,0,33.3560198913494,82.4199963119373,7.982,8.319,0.1725
"989",2026-02-22 16:28:00,0.48,0.774,0.48,1.57488,2.539494,15.5206913178194,19.4444615947962,56.718431372549,30.0476475597988,0,33.3659094447193,82.3799963137271,7.95,8.285,0.172
"990",2026-02-22 16:29:00,0.48,0.7745,0.48,1.57488,2.5411345,15.6078862128633,19.5316564898401,56.4376470588235,30.0464663603689,0,33.3757989980893,82.339996315517,7.918,8.251,0.1715
"991",2026-02-22 16:30:00,0.48,0.775,0.48,1.57488,2.542775,15.6950811079073,19.6188513848841,56.156862745098,30.045285160939,0,33.3856885514592,82.2999963173069,7.886,8.217,0.171
"992",2026-02-22 16:31:00,0.48,0.7755,0.48,1.57488,2.5444155,15.7822760029512,19.6188513848841,56.718431372549,30.045285160939,0,33.3659049682039,82.3999963128322,7.86,8.18316666666667,0.169833333333333
"993",2026-02-22 16:32:00,0.48,0.776,0.48,1.57488,2.546056,15.8694708979951,19.6188513848841,57.28,30.045285160939,0,33.3461213849487,82.4999963083575,7.834,8.14933333333333,0.168666666666667
"994",2026-02-22 16:33:00,0.48,0.7765,0.48,1.57488,2.5476965,15.956665793039,19.6188513848841,57.841568627451,30.045285160939,0,33.3263378016934,82.5999963038828,7.808,8.1155,0.1675
"995",2026-02-22 16:34:00,0.48,0.777,0.48,1.57488,2.549337,16.043860688083,19.6188513848841,58.403137254902,30.045285160939,0,33.3065542184381,82.699996299408,7.782,8.08166666666667,0.166333333333333
"996",2026-02-22 16:35:00,0.48,0.7775,0.48,1.57488,2.5509775,16.1310555831269,19.6188513848841,58.9647058823529,30.045285160939,0,33.2867706351828,82.7999962949333,7.756,8.04783333333333,0.165166666666667
"997",2026-02-22 16:36:00,0.48,0.778,0.48,1.57488,2.552618,16.2182504781708,19.5316564898401,58.403137254902,30.0464663603689,0,33.2867706351828,82.6199963029878,7.73,8.014,0.164
"998",2026-02-22 16:37:00,0.48,0.7785,0.48,1.57488,2.5542585,16.3054453732148,19.4444615947962,57.841568627451,30.0476475597988,0,33.2867706351828,82.4399963110423,7.70466666666667,7.98766666666667,0.165166666666667
"999",2026-02-22 16:38:00,0.48,0.779,0.48,1.57488,2.555899,16.3926402682587,19.3572666997523,57.28,30.0488287592288,0,33.2867706351828,82.2599963190968,7.67933333333333,7.96133333333333,0.166333333333333
"1000",2026-02-22 16:39:00,0.48,0.7795,0.48,1.57488,2.5575395,16.4798351633026,19.2700718047084,56.718431372549,30.0500099586587,0,33.2867706351828,82.0799963271513,7.654,7.935,0.1675
"1001",2026-02-22 16:40:00,0.48,0.78,0.48,1.57488,2.55918,16.5670300583465,19.1828769096644,56.156862745098,30.0511911580886,0,33.2867706351828,81.8999963352058,7.62866666666667,7.90866666666667,0.168666666666667
"1002",2026-02-22 16:41:00,0.481,0.7805,0.481,1.578161,2.5608205,16.3054453732148,19.2700718047084,56.4376470588235,30.0506005583736,0,33.2867706351828,81.8199963387856,7.60333333333333,7.88233333333333,0.169833333333333
"1003",2026-02-22 16:42:00,0.482,0.781,0.482,1.581442,2.562461,16.043860688083,19.3572666997523,56.718431372549,30.0500099586587,0,33.2867706351828,81.7399963423653,7.578,7.856,0.171
"1004",2026-02-22 16:43:00,0.483,0.7815,0.483,1.584723,2.5641015,15.7822760029512,19.4444615947962,56.9992156862745,30.0494193589437,0,33.2867706351828,81.6599963459451,7.53533333333333,7.82383333333333,0.179666666666667
"1005",2026-02-22 16:44:00,0.484,0.782,0.484,1.588004,2.565742,15.5206913178194,19.5316564898401,57.28,30.0488287592288,0,33.2867706351828,81.5799963495249,7.49266666666667,7.79166666666667,0.188333333333333
"1006",2026-02-22 16:45:00,0.485,0.7825,0.485,1.591285,2.5673825,15.2591066326876,19.6188513848841,57.5607843137255,30.0482381595138,0,33.2867706351828,81.4999963531047,7.45,7.7595,0.197
"1007",2026-02-22 16:46:00,0.486,0.783,0.486,1.594566,2.569023,15.4334964227755,19.6188513848841,57.841568627451,30.0482381595138,0,33.2966646650682,81.4199963566844,7.40733333333333,7.72733333333333,0.205666666666667
"1008",2026-02-22 16:47:00,0.487,0.7835,0.487,1.597847,2.5706635,15.6078862128633,19.6188513848841,58.1223529411765,30.0482381595138,0,33.3065586949535,81.3399963602642,7.36466666666667,7.69516666666667,0.214333333333333
"1009",2026-02-22 16:48:00,0.488,0.784,0.488,1.601128,2.572304,15.7822760029512,19.6188513848841,58.403137254902,30.0482381595138,0,33.3164527248388,81.259996363844,7.322,7.663,0.223
"1010",2026-02-22 16:49:00,0.489,0.7845,0.489,1.604409,2.5739445,15.956665793039,19.6188513848841,58.6839215686274,30.0482381595138,0,33.3263467547241,81.1799963674238,7.29333333333333,7.6345,0.2405
"1011",2026-02-22 16:50:00,0.49,0.785,0.49,1.60769,2.575585,16.1310555831269,19.6188513848841,58.9647058823529,30.0482381595138,0,33.3362407846095,81.0999963710035,7.26466666666667,7.606,0.258
"1012",2026-02-22 16:51:00,0.491,0.7855,0.491,1.610971,2.5772255,16.5670300583465,20.0548258601037,58.403137254902,30.0470569600839,0,33.3362407846095,81.1399963692136,7.236,7.5775,0.2755
"1013",2026-02-22 16:52:00,0.492,0.786,0.492,1.614252,2.578866,17.0030045335662,20.4908003353234,57.841568627451,30.045875760654,0,33.3362407846095,81.1799963674238,7.20733333333333,7.549,0.293
"1014",2026-02-22 16:53:00,0.493,0.7865,0.493,1.617533,2.5805065,17.4389790087858,20.926774810543,57.28,30.044694561224,0,33.3362407846095,81.2199963656339,7.17866666666667,7.5205,0.3105
"1015",2026-02-22 16:54:00,0.494,0.787,0.494,1.620814,2.582147,17.8749534840055,21.3627492857627,56.718431372549,30.0435133617941,0,33.3362407846095,81.259996363844,7.15,7.492,0.328
"1016",2026-02-22 16:55:00,0.495,0.7875,0.495,1.624095,2.5837875,18.3109279592251,21.7987237609823,56.156862745098,30.0423321623642,0,33.3362407846095,81.2999963620541,7.12366666666667,7.45916666666667,0.341666666666667
"1017",2026-02-22 16:56:00,0.496,0.788,0.496,1.627376,2.585428,18.3109279592251,21.7987237609823,56.718431372549,30.0423321623642,0,33.3362407846095,81.279996362949,7.09733333333333,7.42633333333333,0.355333333333333
"1018",2026-02-22 16:57:00,0.497,0.7885,0.497,1.630657,2.5870685,18.3109279592251,21.7987237609823,57.28,30.0423321623642,0,33.3362407846095,81.259996363844,7.071,7.3935,0.369
"1019",2026-02-22 16:58:00,0.498,0.789,0.498,1.633938,2.588709,18.3109279592251,21.7987237609823,57.841568627451,30.0423321623642,0,33.3362407846095,81.2399963647389,7.04466666666667,7.36066666666667,0.382666666666667
"1020",2026-02-22 16:59:00,0.499,0.7895,0.499,1.637219,2.5903495,18.3109279592251,21.7987237609823,58.403137254902,30.0423321623642,0,33.3362407846095,81.2199963656339,7.01833333333333,7.32783333333333,0.396333333333333
"1021",2026-02-22 17:00:00,0.5,0.79,0.5,1.6405,2.59199,18.3109279592251,21.7987237609823,58.9647058823529,30.0423321623642,0,33.3362407846095,81.1999963665288,6.992,7.295,0.41
"1022",2026-02-22 17:01:00,0.5005,0.7905,0.5005,1.6421405,2.5936305,18.0493432740933,21.4499441808066,58.6839215686274,30.0417415626492,0,33.3164482372644,81.4599963548946,6.957,7.26766666666667,0.4155
"1023",2026-02-22 17:02:00,0.501,0.791,0.501,1.643781,2.595271,17.7877585889616,21.1011646006309,58.403137254902,30.0411509629343,0,33.2966556899193,81.7199963432603,6.922,7.24033333333333,0.421
"1024",2026-02-22 17:03:00,0.5015,0.7915,0.5015,1.6454215,2.5969115,17.5261739038298,20.7523850204552,58.1223529411765,30.0405603632193,0,33.2768631425743,81.979996331626,6.887,7.213,0.4265
"1025",2026-02-22 17:04:00,0.502,0.792,0.502,1.647062,2.598552,17.264589218698,20.4036054402794,57.841568627451,30.0399697635044,0,33.2570705952292,82.2399963199917,6.852,7.18566666666667,0.432
"1026",2026-02-22 17:05:00,0.5025,0.7925,0.5025,1.6487025,2.6001925,17.0030045335662,20.0548258601037,57.5607843137255,30.0393791637894,0,33.2372780478842,82.4999963083575,6.817,7.15833333333333,0.4375
"1027",2026-02-22 17:06:00,0.503,0.793,0.503,1.650343,2.601833,17.1773943236541,20.4036054402794,57.28,30.0376073646445,0,33.2471765653439,82.2799963182019,6.782,7.131,0.443
"1028",2026-02-22 17:07:00,0.5035,0.7935,0.5035,1.6519835,2.6034735,17.3517841137419,20.7523850204552,56.9992156862745,30.0358355654997,0,33.2570750828036,82.0599963280462,6.75816666666667,7.10266666666667,0.457166666666667
"1029",2026-02-22 17:08:00,0.504,0.794,0.504,1.653624,2.605114,17.5261739038298,21.1011646006309,56.718431372549,30.0340637663548,0,33.2669736002634,81.8399963378906,6.73433333333333,7.07433333333333,0.471333333333333
"1030",2026-02-22 17:09:00,0.5045,0.7945,0.5045,1.6552645,2.6067545,17.7005636939176,21.4499441808066,56.4376470588235,30.0322919672099,0,33.2768721177231,81.619996347735,6.7105,7.046,0.4855
"1031",2026-02-22 17:10:00,0.505,0.795,0.505,1.656905,2.608395,17.8749534840055,21.7987237609823,56.156862745098,30.030520168065,0,33.2867706351828,81.3999963575794,6.68666666666667,7.01766666666667,0.499666666666667
"1032",2026-02-22 17:11:00,0.5055,0.7955,0.5055,1.6585455,2.6100355,18.0493432740933,22.0603084461141,56.156862745098,30.030520168065,0,33.3065542184381,81.3599963593693,6.66283333333333,6.98933333333333,0.513833333333333
"1033",2026-02-22 17:12:00,0.506,0.796,0.506,1.660186,2.611676,18.2237330641812,22.3218931312459,56.156862745098,30.030520168065,0,33.3263378016934,81.3199963611592,6.639,6.961,0.528
"1034",2026-02-22 17:13:00,0.5065,0.7965,0.5065,1.6618265,2.6133165,18.3981228542691,22.5834778163777,56.156862745098,30.030520168065,0,33.3461213849487,81.279996362949,6.60833333333333,6.938,0.549833333333333
"1035",2026-02-22 17:14:00,0.507,0.797,0.507,1.663467,2.614957,18.5725126443569,22.8450625015095,56.156862745098,30.030520168065,0,33.3659049682039,81.2399963647389,6.57766666666667,6.915,0.571666666666667
"1036",2026-02-22 17:15:00,0.5075,0.7975,0.5075,1.6651075,2.6165975,18.7469024344448,23.1066471866412,56.156862745098,30.030520168065,0,33.3856885514592,81.1999963665288,6.547,6.892,0.5935
"1037",2026-02-22 17:16:00,0.508,0.798,0.508,1.666748,2.618238,18.7469024344448,23.0194522915973,56.718431372549,30.0299295683501,0,33.3757989980893,81.3599963593693,6.51633333333333,6.869,0.615333333333333
"1038",2026-02-22 17:17:00,0.5085,0.7985,0.5085,1.6683885,2.6198785,18.7469024344448,22.9322573965534,57.28,30.0293389686351,0,33.3659094447193,81.5199963522097,6.48566666666667,6.846,0.637166666666667
"1039",2026-02-22 17:18:00,0.509,0.799,0.509,1.670029,2.621519,18.7469024344448,22.8450625015095,57.841568627451,30.0287483689201,0,33.3560198913494,81.6799963450502,6.455,6.823,0.659
"1040",2026-02-22 17:19:00,0.5095,0.7995,0.5095,1.6716695,2.6231595,18.7469024344448,22.7578676064655,58.403137254902,30.0281577692052,0,33.3461303379794,81.8399963378906,6.41783333333333,6.79066666666667,0.6755
"1041",2026-02-22 17:20:00,0.51,0.8,0.51,1.67331,2.6248,18.7469024344448,22.6706727114216,58.9647058823529,30.0275671694902,0,33.3362407846095,81.9999963307311,6.38066666666667,6.75833333333333,0.692
"1042",2026-02-22 17:21:00,0.513,0.809,0.513,1.683153,2.654329,18.7469024344448,22.9322573965534,58.403137254902,30.0275671694902,0,33.3362407846095,81.8599963369957,6.3435,6.726,0.7085
"1043",2026-02-22 17:22:00,0.516,0.818,0.516,1.692996,2.683858,18.7469024344448,23.1938420816852,57.841568627451,30.0275671694902,0,33.3362407846095,81.7199963432603,6.30633333333333,6.69366666666667,0.725
"1044",2026-02-22 17:23:00,0.519,0.827,0.519,1.702839,2.713387,18.7469024344448,23.455426766817,57.28,30.0275671694902,0,33.3362407846095,81.5799963495249,6.26916666666667,6.66133333333333,0.7415
"1045",2026-02-22 17:24:00,0.522,0.836,0.522,1.712682,2.742916,18.7469024344448,23.7170114519487,56.718431372549,30.0275671694902,0,33.3362407846095,81.4399963557895,6.232,6.629,0.758
"1046",2026-02-22 17:25:00,0.525,0.845,0.525,1.722525,2.772445,18.7469024344448,23.9785961370805,56.156862745098,30.0275671694902,0,33.3362407846095,81.2999963620541,6.20333333333333,6.605,0.768333333333333
"1047",2026-02-22 17:26:00,0.528,0.854,0.528,1.732368,2.801974,18.8340973294887,23.8914012420366,56.156862745098,30.0257953703454,0,33.3461303379794,81.1399963692136,6.17466666666667,6.581,0.778666666666667
"1048",2026-02-22 17:27:00,0.531,0.863,0.531,1.742211,2.831503,18.9212922245326,23.8042063469927,56.156862745098,30.0240235712005,0,33.3560198913494,80.9799963763732,6.146,6.557,0.789
"1049",2026-02-22 17:28:00,0.534,0.872,0.534,1.752054,2.861032,19.0084871195766,23.7170114519487,56.156862745098,30.0222517720556,0,33.3659094447193,80.8199963835328,6.11733333333333,6.533,0.799333333333333
"1050",2026-02-22 17:29:00,0.537,0.881,0.537,1.761897,2.890561,19.0956820146205,23.6298165569048,56.156862745098,30.0204799729107,0,33.3757989980893,80.6599963906923,6.08866666666667,6.509,0.809666666666667
"1051",2026-02-22 17:30:00,0.54,0.89,0.54,1.77174,2.92009,19.1828769096644,23.5426216618609,56.156862745098,30.0187081737658,0,33.3856885514592,80.4999963978518,6.06,6.485,0.82
"1052",2026-02-22 17:31:00,0.543,0.899,0.543,1.781583,2.949619,19.0956820146205,23.1938420816852,56.156862745098,30.016345774906,0,33.3757989980893,80.559996395167,6.02216666666667,6.44783333333333,0.834833333333333
"1053",2026-02-22 17:32:00,0.546,0.908,0.546,1.791426,2.979148,19.0084871195766,22.8450625015095,56.156862745098,30.0139833760462,0,33.3659094447193,80.6199963924822,5.98433333333333,6.41066666666667,0.849666666666667
"1054",2026-02-22 17:33:00,0.549,0.917,0.549,1.801269,3.008677,18.9212922245326,22.4962829213337,56.156862745098,30.0116209771863,0,33.3560198913494,80.6799963897974,5.9465,6.3735,0.8645
"1055",2026-02-22 17:34:00,0.552,0.926,0.552,1.811112,3.038206,18.8340973294887,22.147503341158,56.156862745098,30.0092585783265,0,33.3461303379794,80.7399963871125,5.90866666666667,6.33633333333333,0.879333333333333
"1056",2026-02-22 17:35:00,0.555,0.935,0.555,1.820955,3.067735,18.7469024344448,21.7987237609823,56.156862745098,30.0068961794667,0,33.3362407846095,80.7999963844277,5.87083333333333,6.29916666666667,0.894166666666667
"1057",2026-02-22 17:36:00,0.558,0.944,0.558,1.830798,3.097264,18.7469024344448,22.4090880262898,56.4376470588235,30.0080773788966,0,33.3362407846095,80.919996379058,5.833,6.262,0.909
"1058",2026-02-22 17:37:00,0.561,0.953,0.561,1.840641,3.126793,18.7469024344448,23.0194522915973,56.718431372549,30.0092585783265,0,33.3362407846095,81.0399963736884,5.8035,6.227,0.936833333333333
"1059",2026-02-22 17:38:00,0.564,0.962,0.564,1.850484,3.156322,18.7469024344448,23.6298165569048,56.9992156862745,30.0104397777564,0,33.3362407846095,81.1599963683187,5.774,6.192,0.964666666666667
"1060",2026-02-22 17:39:00,0.567,0.971,0.567,1.860327,3.185851,18.7469024344448,24.2401808222123,57.28,30.0116209771863,0,33.3362407846095,81.279996362949,5.7445,6.157,0.9925
"1061",2026-02-22 17:40:00,0.57,0.98,0.57,1.87017,3.21538,18.7469024344448,24.8505450875198,57.5607843137255,30.0128021766163,0,33.3362407846095,81.3999963575794,5.715,6.122,1.02033333333333
"1062",2026-02-22 17:41:00,0.5705,0.98,0.5705,1.8718105,3.21538,18.7469024344448,24.2401808222123,57.841568627451,30.0110303774714,0,33.3461303379794,81.259996363844,5.6855,6.087,1.04816666666667
"1063",2026-02-22 17:42:00,0.571,0.98,0.571,1.873451,3.21538,18.7469024344448,23.6298165569048,58.1223529411765,30.0092585783265,0,33.3560198913494,81.1199963701086,5.656,6.052,1.076
"1064",2026-02-22 17:43:00,0.5715,0.98,0.5715,1.8750915,3.21538,18.7469024344448,23.0194522915973,58.403137254902,30.0074867791816,0,33.3659094447193,80.9799963763732,5.626,6.0175,1.09516666666667
"1065",2026-02-22 17:44:00,0.572,0.98,0.572,1.876732,3.21538,18.7469024344448,22.4090880262898,58.6839215686274,30.0057149800367,0,33.3757989980893,80.8399963826378,5.596,5.983,1.11433333333333
"1066",2026-02-22 17:45:00,0.5725,0.98,0.5725,1.8783725,3.21538,18.7469024344448,21.7987237609823,58.9647058823529,30.0039431808919,0,33.3856885514592,80.6999963889024,5.566,5.9485,1.1335
"1067",2026-02-22 17:46:00,0.573,0.98,0.573,1.880013,3.21538,19.0084871195766,22.3218931312459,58.9647058823529,30.0063055797517,0,33.4054542727549,80.6399963915872,5.536,5.914,1.15266666666667
"1068",2026-02-22 17:47:00,0.5735,0.98,0.5735,1.8816535,3.21538,19.2700718047084,22.8450625015095,58.9647058823529,30.0086679786115,0,33.4252199940506,80.5799963942721,5.506,5.8795,1.17183333333333
"1069",2026-02-22 17:48:00,0.574,0.98,0.574,1.883294,3.21538,19.5316564898401,23.368231871773,58.9647058823529,30.0110303774714,0,33.4449857153463,80.5199963969569,5.476,5.845,1.191
"1070",2026-02-22 17:49:00,0.5745,0.98,0.5745,1.8849345,3.21538,19.7932411749719,23.8914012420366,58.9647058823529,30.0133927763312,0,33.464751436642,80.4599963996417,5.44083333333333,5.81066666666667,1.20466666666667
"1071",2026-02-22 17:50:00,0.575,0.98,0.575,1.886575,3.21538,20.0548258601037,24.4145706123002,58.9647058823529,30.015755175191,0,33.4845171579377,80.3999964023266,5.40566666666667,5.77633333333333,1.21833333333333
"1072",2026-02-22 17:51:00,0.5755,0.98,0.5755,1.8882155,3.21538,20.0548258601037,24.1529859271684,58.403137254902,30.0139833760462,0,33.4746365245288,80.3199964059063,5.3705,5.742,1.232
"1073",2026-02-22 17:52:00,0.576,0.98,0.576,1.889856,3.21538,20.0548258601037,23.8914012420366,57.841568627451,30.0122115769013,0,33.46475589112,80.2399964094861,5.33533333333333,5.70766666666667,1.24566666666667
"1074",2026-02-22 17:53:00,0.5765,0.98,0.5765,1.8914965,3.21538,20.0548258601037,23.6298165569048,57.28,30.0104397777564,0,33.4548752577111,80.1599964130659,5.30016666666667,5.67333333333333,1.25933333333333
"1075",2026-02-22 17:54:00,0.577,0.98,0.577,1.893137,3.21538,20.0548258601037,23.368231871773,56.718431372549,30.0086679786115,0,33.4449946243022,80.0799964166457,5.265,5.639,1.273
"1076",2026-02-22 17:55:00,0.5775,0.98,0.5775,1.8947775,3.21538,20.0548258601037,23.1066471866412,56.156862745098,30.0068961794667,0,33.4351139908934,79.9999964202254,5.22933333333333,5.5995,1.2905
"1077",2026-02-22 17:56:00,0.578,0.98,0.578,1.896418,3.21538,19.8804360700159,23.0194522915973,56.4376470588235,30.0086679786115,0,33.4351139908934,80.0999964157507,5.19366666666667,5.56,1.308
"1078",2026-02-22 17:57:00,0.5785,0.98,0.5785,1.8980585,3.21538,19.706046279928,22.9322573965534,56.718431372549,30.0104397777564,0,33.4351139908934,80.199996411276,5.158,5.5205,1.3255
"1079",2026-02-22 17:58:00,0.579,0.98,0.579,1.899699,3.21538,19.5316564898401,22.8450625015095,56.9992156862745,30.0122115769013,0,33.4351139908934,80.2999964068013,5.12233333333333,5.481,1.343
"1080",2026-02-22 17:59:00,0.5795,0.98,0.5795,1.9013395,3.21538,19.3572666997523,22.7578676064655,57.28,30.0139833760462,0,33.4351139908934,80.3999964023266,5.08666666666667,5.4415,1.3605
"1081",2026-02-22 18:00:00,0.58,0.98,0.58,1.90298,3.21538,19.1828769096644,22.6706727114216,57.5607843137255,30.015755175191,0,33.4351139908934,80.4999963978518,5.051,5.402,1.378
"1082",2026-02-22 18:01:00,0.5795,0.9795,0.5795,1.9013395,3.2137395,19.2700718047084,22.8450625015095,58.1223529411765,30.016345774906,0,33.4351139908934,80.6799963897974,5.00666666666667,5.3665,1.39933333333333
"1083",2026-02-22 18:02:00,0.579,0.979,0.579,1.899699,3.212099,19.3572666997523,23.0194522915973,58.6839215686275,30.016936374621,0,33.4351139908934,80.8599963817429,4.96233333333333,5.331,1.42066666666667
"1084",2026-02-22 18:03:00,0.5785,0.9785,0.5785,1.8980585,3.2104585,19.4444615947962,23.1938420816852,59.2454901960784,30.0175269743359,0,33.4351139908934,81.0399963736884,4.918,5.2955,1.442
"1085",2026-02-22 18:04:00,0.578,0.978,0.578,1.896418,3.208818,19.5316564898401,23.368231871773,59.8070588235294,30.0181175740509,0,33.4351139908934,81.2199963656339,4.87366666666667,5.26,1.46333333333333
"1086",2026-02-22 18:05:00,0.5775,0.9775,0.5775,1.8947775,3.2071775,19.6188513848841,23.5426216618609,60.3686274509804,30.0187081737658,0,33.4351139908934,81.3999963575794,4.82933333333333,5.2245,1.48466666666667
"1087",2026-02-22 18:06:00,0.577,0.977,0.577,1.893137,3.205537,19.9676309650598,23.7170114519487,60.0878431372549,30.0192987734808,0,33.4351139908934,81.4399963557895,4.785,5.189,1.506
"1088",2026-02-22 18:07:00,0.5765,0.9765,0.5765,1.8914965,3.2038965,20.3164105452355,23.8914012420366,59.8070588235294,30.0198893731958,0,33.4351139908934,81.4799963539996,4.74633333333333,5.15516666666667,1.523
"1089",2026-02-22 18:08:00,0.576,0.976,0.576,1.889856,3.202256,20.6651901254112,24.0657910321245,59.5262745098039,30.0204799729107,0,33.4351139908934,81.5199963522097,4.70766666666667,5.12133333333333,1.54
"1090",2026-02-22 18:09:00,0.5755,0.9755,0.5755,1.8882155,3.2006155,21.0139697055869,24.2401808222123,59.2454901960784,30.0210705726257,0,33.4351139908934,81.5599963504198,4.669,5.0875,1.557
"1091",2026-02-22 18:10:00,0.575,0.975,0.575,1.886575,3.198975,21.3627492857627,24.4145706123002,58.9647058823529,30.0216611723406,0,33.4351139908934,81.5999963486299,4.63033333333333,5.05366666666667,1.574
"1092",2026-02-22 18:11:00,0.5745,0.9745,0.5745,1.8849345,3.1973345,20.926774810543,24.0657910321245,58.9647058823529,30.0210705726257,0,33.4351139908934,81.5599963504198,4.59166666666667,5.01983333333333,1.591
"1093",2026-02-22 18:12:00,0.574,0.974,0.574,1.883294,3.195694,20.4908003353234,23.7170114519487,58.9647058823529,30.0204799729107,0,33.4351139908934,81.5199963522097,4.553,4.986,1.608
"1094",2026-02-22 18:13:00,0.5735,0.9735,0.5735,1.8816535,3.1940535,20.0548258601037,23.368231871773,58.9647058823529,30.0198893731958,0,33.4351139908934,81.4799963539996,4.5175,4.946,1.61883333333333
"1095",2026-02-22 18:14:00,0.573,0.973,0.573,1.880013,3.192413,19.6188513848841,23.0194522915973,58.9647058823529,30.0192987734808,0,33.4351139908934,81.4399963557895,4.482,4.906,1.62966666666667
"1096",2026-02-22 18:15:00,0.5725,0.9725,0.5725,1.8783725,3.1907725,19.1828769096644,22.6706727114216,58.9647058823529,30.0187081737658,0,33.4351139908934,81.3999963575794,4.4465,4.866,1.6405
"1097",2026-02-22 18:16:00,0.572,0.972,0.572,1.876732,3.189132,18.9212922245326,22.3218931312459,59.5262745098039,30.0198893731958,0,33.4153393496366,81.8599963369957,4.411,4.826,1.65133333333333
"1098",2026-02-22 18:17:00,0.5715,0.9715,0.5715,1.8750915,3.1874915,18.6597075394009,21.9731135510702,60.0878431372549,30.0210705726257,0,33.3955647083798,82.319996316412,4.3755,4.786,1.66216666666667
"1099",2026-02-22 18:18:00,0.571,0.971,0.571,1.873451,3.185851,18.3981228542691,21.6243339708944,60.6494117647059,30.0222517720556,0,33.375790067123,82.7799962958283,4.34,4.746,1.673
"1100",2026-02-22 18:19:00,0.5705,0.9705,0.5705,1.8718105,3.1842105,18.1365381691373,21.2755543907187,61.2109803921569,30.0234329714855,0,33.3560154258662,83.2399962752446,4.30458333333333,4.70716666666667,1.6905
"1101",2026-02-22 18:20:00,0.57,0.97,0.57,1.87017,3.18257,17.8749534840055,20.926774810543,61.7725490196078,30.0246141709154,0,33.3362407846095,83.6999962546609,4.26916666666667,4.66833333333333,1.708
"1102",2026-02-22 18:21:00,0.571,0.971,0.571,1.873451,3.185851,17.9621483790494,21.3627492857627,61.4917647058824,30.0252047706304,0,33.3362407846095,83.5599962609255,4.23375,4.6295,1.7255
"1103",2026-02-22 18:22:00,0.572,0.972,0.572,1.876732,3.189132,18.0493432740933,21.7987237609823,61.2109803921569,30.0257953703453,0,33.3362407846095,83.4199962671901,4.19833333333333,4.59066666666667,1.743
"1104",2026-02-22 18:23:00,0.573,0.973,0.573,1.880013,3.192413,18.1365381691373,22.2346982362019,60.9301960784314,30.0263859700603,0,33.3362407846095,83.2799962734547,4.16291666666667,4.55183333333333,1.7605
"1105",2026-02-22 18:24:00,0.574,0.974,0.574,1.883294,3.195694,18.2237330641812,22.6706727114216,60.6494117647059,30.0269765697753,0,33.3362407846095,83.1399962797193,4.1275,4.513,1.778
"1106",2026-02-22 18:25:00,0.575,0.975,0.575,1.886575,3.198975,18.3109279592251,23.1066471866412,60.3686274509804,30.0275671694902,0,33.3362407846095,82.9999962859839,4.09208333333333,4.4775,1.80316666666667
"1107",2026-02-22 18:26:00,0.576,0.976,0.576,1.889856,3.202256,17.7877585889616,22.7578676064655,61.2109803921569,30.0269765697753,0,33.3263467547241,82.9599962877738,4.05666666666667,4.442,1.82833333333333
"1108",2026-02-22 18:27:00,0.577,0.977,0.577,1.893137,3.205537,17.264589218698,22.4090880262898,62.0533333333333,30.0263859700603,0,33.3164527248388,82.9199962895637,4.02125,4.4065,1.8535
"1109",2026-02-22 18:28:00,0.578,0.978,0.578,1.896418,3.208818,16.7414198484344,22.0603084461141,62.8956862745098,30.0257953703453,0,33.3065586949535,82.8799962913535,3.98583333333333,4.371,1.87866666666667
"1110",2026-02-22 18:29:00,0.579,0.979,0.579,1.899699,3.212099,16.2182504781708,21.7115288659384,63.7380392156863,30.0252047706304,0,33.2966646650682,82.8399962931434,3.95041666666667,4.3355,1.90383333333333
"1111",2026-02-22 18:30:00,0.58,0.98,0.58,1.90298,3.21538,15.6950811079073,21.3627492857627,64.5803921568627,30.0246141709154,0,33.2867706351828,82.7999962949333,3.915,4.3,1.929
"1112",2026-02-22 18:31:00,0.581,0.981,0.581,1.906261,3.218661,15.8694708979951,21.2755543907187,64.2996078431373,30.0234329714855,0,33.2867706351828,82.8199962940384,3.87633333333333,4.26166666666667,1.94316666666667
"1113",2026-02-22 18:32:00,0.582,0.982,0.582,1.909542,3.221942,16.043860688083,21.1883594956748,64.0188235294118,30.0222517720556,0,33.2867706351828,82.8399962931434,3.83766666666667,4.22333333333333,1.95733333333333
"1114",2026-02-22 18:33:00,0.583,0.983,0.583,1.912823,3.225223,16.2182504781708,21.1011646006309,63.7380392156863,30.0210705726257,0,33.2867706351828,82.8599962922485,3.799,4.185,1.9715
"1115",2026-02-22 18:34:00,0.584,0.984,0.584,1.916104,3.228504,16.3926402682587,21.0139697055869,63.4572549019608,30.0198893731958,0,33.2867706351828,82.8799962913535,3.76033333333333,4.14666666666667,1.98566666666667
"1116",2026-02-22 18:35:00,0.585,0.985,0.585,1.919385,3.231785,16.5670300583465,20.926774810543,63.1764705882353,30.0187081737658,0,33.2867706351828,82.8999962904586,3.72166666666667,4.10833333333333,1.99983333333333
"1117",2026-02-22 18:36:00,0.586,0.986,0.586,1.922666,3.235066,16.5670300583465,21.0139697055869,63.4572549019608,30.0175269743359,0,33.2768721177231,82.9999962859839,3.683,4.07,2.014
"1118",2026-02-22 18:37:00,0.587,0.987,0.587,1.925947,3.238347,16.5670300583465,21.1011646006309,63.7380392156863,30.016345774906,0,33.2669736002634,83.0999962815092,3.64433333333333,4.0275,2.02166666666667
"1119",2026-02-22 18:38:00,0.588,0.988,0.588,1.929228,3.241628,16.5670300583465,21.1883594956748,64.0188235294118,30.0151645754761,0,33.2570750828036,83.1999962770345,3.60566666666667,3.985,2.02933333333333
"1120",2026-02-22 18:39:00,0.589,0.989,0.589,1.932509,3.244909,16.5670300583465,21.2755543907187,64.2996078431373,30.0139833760462,0,33.2471765653439,83.2999962725598,3.567,3.9425,2.037
"1121",2026-02-22 18:40:00,0.59,0.99,0.59,1.93579,3.24819,16.5670300583465,21.3627492857627,64.5803921568627,30.0128021766163,0,33.2372780478842,83.399996268085,3.52833333333333,3.9,2.04466666666667
"1122",2026-02-22 18:41:00,0.592,0.993,0.592,1.942352,3.258033,17.264589218698,22.147503341158,63.1764705882353,30.0098491780415,0,33.276845236486,83.1999962770345,3.48966666666667,3.8575,2.05233333333333
"1123",2026-02-22 18:42:00,0.594,0.996,0.594,1.948914,3.267876,17.9621483790494,22.9322573965534,61.7725490196078,30.0068961794667,0,33.3164124250878,82.9999962859839,3.451,3.815,2.06
"1124",2026-02-22 18:43:00,0.596,0.999,0.596,1.955476,3.277719,18.6597075394009,23.7170114519487,60.3686274509804,30.0039431808919,0,33.3559796136897,82.7999962949333,3.41516666666667,3.77766666666667,2.06283333333333
"1125",2026-02-22 18:44:00,0.598,1.002,0.598,1.962038,3.287562,19.3572666997523,24.5017655073441,58.964705882353,30.0009901823171,0,33.3955468022915,82.5999963038828,3.37933333333333,3.74033333333333,2.06566666666667
"1126",2026-02-22 18:45:00,0.6,1.005,0.6,1.9686,3.297405,20.0548258601037,25.2865195627395,57.5607843137255,29.9980371837423,0,33.4351139908934,82.3999963128322,3.3435,3.703,2.0685
"1127",2026-02-22 18:46:00,0.602,1.008,0.602,1.975162,3.307248,20.5779952303673,25.3737144577834,57.841568627451,29.9956747848824,0,33.4351139908934,82.2599963190968,3.30766666666667,3.66566666666667,2.07133333333333
"1128",2026-02-22 18:47:00,0.604,1.011,0.604,1.981724,3.317091,21.1011646006309,25.4609093528273,58.1223529411765,29.9933123860226,0,33.4351139908934,82.1199963253614,3.27183333333333,3.62833333333333,2.07416666666667
"1129",2026-02-22 18:48:00,0.606,1.014,0.606,1.988286,3.326934,21.6243339708944,25.5481042478713,58.403137254902,29.9909499871628,0,33.4351139908934,81.979996331626,3.236,3.591,2.077
"1130",2026-02-22 18:49:00,0.608,1.017,0.608,1.994848,3.336777,22.147503341158,25.6352991429152,58.6839215686274,29.9885875883029,0,33.4351139908934,81.8399963378906,3.20666666666667,3.55066666666667,2.07966666666667
"1131",2026-02-22 18:50:00,0.61,1.02,0.61,2.00141,3.34662,22.6706727114216,25.7224940379591,58.9647058823529,29.9862251894431,0,33.4351139908934,81.6999963441552,3.17733333333333,3.51033333333333,2.08233333333333
"1132",2026-02-22 18:51:00,0.612,1.023,0.612,2.007972,3.356463,22.5834778163777,25.7224940379591,58.6839215686274,29.9856345897281,0,33.4252289030065,81.7199963432603,3.148,3.47,2.085
"1133",2026-02-22 18:52:00,0.614,1.026,0.614,2.014534,3.366306,22.4962829213337,25.7224940379591,58.403137254902,29.9850439900132,0,33.4153438151197,81.7399963423653,3.11866666666667,3.42966666666667,2.08766666666667
"1134",2026-02-22 18:53:00,0.616,1.029,0.616,2.021096,3.376149,22.4090880262898,25.7224940379591,58.1223529411765,29.9844533902982,0,33.4054587272329,81.7599963414704,3.08933333333333,3.38933333333333,2.09033333333333
"1135",2026-02-22 18:54:00,0.618,1.032,0.618,2.027658,3.385992,22.3218931312459,25.7224940379591,57.841568627451,29.9838627905833,0,33.395573639346,81.7799963405755,3.06,3.349,2.093
"1136",2026-02-22 18:55:00,0.62,1.035,0.62,2.03422,3.395835,22.234698236202,25.7224940379591,57.5607843137255,29.9832721908683,0,33.3856885514592,81.7999963396805,3.02,3.3095,2.10616666666667
"1137",2026-02-22 18:56:00,0.622,1.038,0.622,2.040782,3.405678,22.3218931312459,26.1584685131788,57.841568627451,29.9820909914384,0,33.395573639346,81.6799963450502,2.98,3.27,2.11933333333333
"1138",2026-02-22 18:57:00,0.624,1.041,0.624,2.047344,3.415521,22.4090880262898,26.5944429883984,58.1223529411765,29.9809097920085,0,33.4054587272329,81.5599963504198,2.94,3.2305,2.1325
"1139",2026-02-22 18:58:00,0.626,1.044,0.626,2.053906,3.425364,22.4962829213337,27.0304174636181,58.403137254902,29.9797285925785,0,33.4153438151197,81.4399963557895,2.9,3.191,2.14566666666667
"1140",2026-02-22 18:59:00,0.628,1.047,0.628,2.060468,3.435207,22.5834778163777,27.4663919388377,58.6839215686274,29.9785473931486,0,33.4252289030065,81.3199963611592,2.86,3.1515,2.15883333333333
"1141",2026-02-22 19:00:00,0.63,1.05,0.63,2.06703,3.44505,22.6706727114216,27.9023664140573,58.9647058823529,29.9773661937187,0,33.4351139908934,81.1999963665288,2.82,3.112,2.172
"1142",2026-02-22 19:01:00,0.6275,1.046,0.6275,2.0588275,3.431926,22.5834778163777,27.5535868338816,58.6839215686274,29.9779567934337,0,33.4449946243022,81.279996362949,2.7905,3.07983333333333,2.18783333333333
"1143",2026-02-22 19:02:00,0.625,1.042,0.625,2.050625,3.418802,22.4962829213337,27.2048072537059,58.403137254902,29.9785473931486,0,33.4548752577111,81.3599963593693,2.761,3.04766666666667,2.20366666666667
"1144",2026-02-22 19:03:00,0.6225,1.038,0.6225,2.0424225,3.405678,22.4090880262898,26.8560276735302,58.1223529411765,29.9791379928636,0,33.46475589112,81.4399963557895,2.7315,3.0155,2.2195
"1145",2026-02-22 19:04:00,0.62,1.034,0.62,2.03422,3.392554,22.3218931312459,26.5072480933545,57.841568627451,29.9797285925785,0,33.4746365245288,81.5199963522097,2.702,2.98333333333333,2.23533333333333
"1146",2026-02-22 19:05:00,0.6175,1.03,0.6175,2.0260175,3.37943,22.234698236202,26.1584685131788,57.5607843137255,29.9803191922935,0,33.4845171579377,81.5999963486299,2.6725,2.95116666666667,2.25116666666667
"1147",2026-02-22 19:06:00,0.615,1.026,0.615,2.017815,3.366306,22.0603084461141,25.9840787230909,57.5607843137255,29.9809097920085,0,33.4746365245288,81.63999634684,2.643,2.919,2.267
"1148",2026-02-22 19:07:00,0.6125,1.022,0.6125,2.0096125,3.353182,21.8859186560262,25.809688933003,57.5607843137255,29.9815003917234,0,33.46475589112,81.6799963450502,2.61125,2.88833333333333,2.2735
"1149",2026-02-22 19:08:00,0.61,1.018,0.61,2.00141,3.340058,21.7115288659384,25.6352991429152,57.5607843137255,29.9820909914384,0,33.4548752577111,81.7199963432603,2.5795,2.85766666666667,2.28
"1150",2026-02-22 19:09:00,0.6075,1.014,0.6075,1.9932075,3.326934,21.5371390758505,25.4609093528273,57.5607843137255,29.9826815911533,0,33.4449946243022,81.7599963414704,2.54775,2.827,2.2865
"1151",2026-02-22 19:10:00,0.605,1.01,0.605,1.985005,3.31381,21.3627492857627,25.2865195627395,57.5607843137255,29.9832721908683,0,33.4351139908934,81.7999963396805,2.516,2.79633333333333,2.293
"1152",2026-02-22 19:11:00,0.6025,1.006,0.6025,1.9768025,3.300686,21.2755543907187,25.5481042478713,57.841568627451,29.9826815911533,0,33.4351139908934,81.7999963396805,2.48425,2.76566666666667,2.2995
"1153",2026-02-22 19:12:00,0.6,1.002,0.6,1.9686,3.287562,21.1883594956748,25.809688933003,58.1223529411765,29.9820909914384,0,33.4351139908934,81.7999963396805,2.4525,2.735,2.306
"1154",2026-02-22 19:13:00,0.5975,0.998,0.5975,1.9603975,3.274438,21.1011646006309,26.0712736181348,58.403137254902,29.9815003917234,0,33.4351139908934,81.7999963396805,2.42075,2.70666666666667,2.31433333333333
"1155",2026-02-22 19:14:00,0.595,0.994,0.595,1.952195,3.261314,21.0139697055869,26.3328583032666,58.6839215686274,29.9809097920085,0,33.4351139908934,81.7999963396805,2.389,2.67833333333333,2.32266666666667
"1156",2026-02-22 19:15:00,0.5925,0.99,0.5925,1.9439925,3.24819,20.926774810543,26.5944429883984,58.9647058823529,29.9803191922935,0,33.4351139908934,81.7999963396805,2.35725,2.65,2.331
"1157",2026-02-22 19:16:00,0.59,0.986,0.59,1.93579,3.235066,21.2755543907187,26.8560276735302,58.6839215686274,29.9791379928636,0,33.4252289030065,81.959996332521,2.3255,2.62166666666667,2.33933333333333
"1158",2026-02-22 19:17:00,0.5875,0.982,0.5875,1.9275875,3.221942,21.6243339708944,27.117612358662,58.403137254902,29.9779567934337,0,33.4153438151197,82.1199963253614,2.29375,2.59333333333333,2.34766666666667
"1159",2026-02-22 19:18:00,0.585,0.978,0.585,1.919385,3.208818,21.9731135510702,27.3791970437938,58.1223529411765,29.9767755940037,0,33.4054587272329,82.2799963182019,2.262,2.565,2.356
"1160",2026-02-22 19:19:00,0.5825,0.974,0.5825,1.9111825,3.195694,22.3218931312459,27.6407817289256,57.841568627451,29.9755943945738,0,33.395573639346,82.4399963110423,2.23133333333333,2.53983333333333,2.37666666666667
"1161",2026-02-22 19:20:00,0.58,0.97,0.58,1.90298,3.18257,22.6706727114216,27.9023664140573,57.5607843137255,29.9744131951439,0,33.3856885514592,82.5999963038828,2.20066666666667,2.51466666666667,2.39733333333333
"1162",2026-02-22 19:21:00,0.582,0.9735,0.582,1.909542,3.1940535,22.4090880262898,27.6407817289256,57.5607843137255,29.973822595429,0,33.3856885514592,82.5399963065676,2.17,2.4895,2.418
"1163",2026-02-22 19:22:00,0.584,0.977,0.584,1.916104,3.205537,22.147503341158,27.3791970437938,57.5607843137255,29.973231995714,0,33.3856885514592,82.4799963092524,2.13933333333333,2.46433333333333,2.43866666666667
"1164",2026-02-22 19:23:00,0.586,0.9805,0.586,1.922666,3.2170205,21.8859186560262,27.117612358662,57.5607843137255,29.972641395999,0,33.3856885514592,82.4199963119373,2.10866666666667,2.43916666666667,2.45933333333333
"1165",2026-02-22 19:24:00,0.588,0.984,0.588,1.929228,3.228504,21.6243339708944,26.8560276735302,57.5607843137255,29.9720507962841,0,33.3856885514592,82.3599963146221,2.078,2.414,2.48
"1166",2026-02-22 19:25:00,0.59,0.9875,0.59,1.93579,3.2399875,21.3627492857627,26.5944429883984,57.5607843137255,29.9714601965691,0,33.3856885514592,82.2999963173069,2.046,2.38666666666667,2.491
"1167",2026-02-22 19:26:00,0.592,0.991,0.592,1.942352,3.251471,21.4499441808066,27.0304174636181,57.5607843137255,29.9720507962841,0,33.395573639346,82.319996316412,2.014,2.35933333333333,2.502
"1168",2026-02-22 19:27:00,0.594,0.9945,0.594,1.948914,3.2629545,21.5371390758505,27.4663919388377,57.5607843137255,29.972641395999,0,33.4054587272329,82.339996315517,1.982,2.332,2.513
"1169",2026-02-22 19:28:00,0.596,0.998,0.596,1.955476,3.274438,21.6243339708944,27.9023664140573,57.5607843137255,29.973231995714,0,33.4153438151197,82.3599963146221,1.95,2.30466666666667,2.524
"1170",2026-02-22 19:29:00,0.598,1.0015,0.598,1.962038,3.2859215,21.7115288659384,28.338340889277,57.5607843137255,29.973822595429,0,33.4252289030065,82.3799963137271,1.918,2.27733333333333,2.535
"1171",2026-02-22 19:30:00,0.6,1.005,0.6,1.9686,3.297405,21.7987237609823,28.7743153644966,57.5607843137255,29.9744131951439,0,33.4351139908934,82.3999963128322,1.886,2.25,2.546
"1172",2026-02-22 19:31:00,0.602,1.0085,0.602,1.975162,3.3088885,21.9731135510702,28.5999255744088,57.841568627451,29.9755943945738,0,33.4351139908934,82.5399963065676,1.86083333333333,2.21716666666667,2.546
"1173",2026-02-22 19:32:00,0.604,1.012,0.604,1.981724,3.320372,22.147503341158,28.4255357843209,58.1223529411765,29.9767755940037,0,33.4351139908934,82.679996300303,1.83566666666667,2.18433333333333,2.546
"1174",2026-02-22 19:33:00,0.606,1.0155,0.606,1.988286,3.3318555,22.3218931312459,28.2511459942331,58.403137254902,29.9779567934337,0,33.4351139908934,82.8199962940384,1.8105,2.1515,2.546
"1175",2026-02-22 19:34:00,0.608,1.019,0.608,1.994848,3.343339,22.4962829213337,28.0767562041452,58.6839215686274,29.9791379928636,0,33.4351139908934,82.9599962877738,1.78533333333333,2.11866666666667,2.546
"1176",2026-02-22 19:35:00,0.61,1.0225,0.61,2.00141,3.3548225,22.6706727114216,27.9023664140573,58.9647058823529,29.9803191922935,0,33.4351139908934,83.0999962815092,1.76016666666667,2.08583333333333,2.546
"1177",2026-02-22 19:36:00,0.612,1.026,0.612,2.007972,3.366306,22.4090880262898,28.0767562041452,58.9647058823529,29.9785473931486,0,33.4252289030065,83.0999962815092,1.735,2.053,2.546
"1178",2026-02-22 19:37:00,0.614,1.0295,0.614,2.014534,3.3777895,22.147503341158,28.2511459942331,58.9647058823529,29.9767755940037,0,33.4153438151197,83.0999962815092,1.71133333333333,2.02716666666667,2.56083333333333
"1179",2026-02-22 19:38:00,0.616,1.033,0.616,2.021096,3.389273,21.8859186560262,28.4255357843209,58.9647058823529,29.9750037948589,0,33.4054587272329,83.0999962815092,1.68766666666667,2.00133333333333,2.57566666666667
"1180",2026-02-22 19:39:00,0.618,1.0365,0.618,2.027658,3.4007565,21.6243339708944,28.5999255744088,58.9647058823529,29.973231995714,0,33.395573639346,83.0999962815092,1.664,1.9755,2.5905
"1181",2026-02-22 19:40:00,0.62,1.04,0.62,2.03422,3.41224,21.3627492857627,28.7743153644966,58.9647058823529,29.9714601965691,0,33.3856885514592,83.0999962815092,1.64033333333333,1.94966666666667,2.60533333333333
"1182",2026-02-22 19:41:00,0.6235,1.046,0.6235,2.0457035,3.431926,21.7115288659384,28.6871204694527,58.6839215686274,29.972641395999,0,33.395573639346,82.8599962922485,1.61666666666667,1.92383333333333,2.62016666666667
"1183",2026-02-22 19:42:00,0.627,1.052,0.627,2.057187,3.451612,22.0603084461141,28.5999255744088,58.403137254902,29.973822595429,0,33.4054587272329,82.6199963029878,1.593,1.898,2.635
"1184",2026-02-22 19:43:00,0.6305,1.058,0.6305,2.0686705,3.471298,22.4090880262898,28.5127306793649,58.1223529411765,29.9750037948589,0,33.4153438151197,82.3799963137271,1.57916666666667,1.8745,2.6525
"1185",2026-02-22 19:44:00,0.634,1.064,0.634,2.080154,3.490984,22.7578676064655,28.4255357843209,57.841568627451,29.9761849942888,0,33.4252289030065,82.1399963244665,1.56533333333333,1.851,2.67
"1186",2026-02-22 19:45:00,0.6375,1.07,0.6375,2.0916375,3.51067,23.1066471866412,28.338340889277,57.5607843137255,29.9773661937187,0,33.4351139908934,81.8999963352058,1.5515,1.8275,2.6875
"1187",2026-02-22 19:46:00,0.641,1.076,0.641,2.103121,3.530356,22.5834778163777,27.9023664140573,58.1223529411765,29.9767755940037,0,33.4153393496366,82.0799963271513,1.53766666666667,1.804,2.705
"1188",2026-02-22 19:47:00,0.6445,1.082,0.6445,2.1146045,3.550042,22.0603084461141,27.4663919388377,58.6839215686275,29.9761849942888,0,33.3955647083798,82.2599963190968,1.52383333333333,1.7805,2.7225
"1189",2026-02-22 19:48:00,0.648,1.088,0.648,2.126088,3.569728,21.5371390758505,27.030417463618,59.2454901960784,29.9755943945738,0,33.375790067123,82.4399963110423,1.51,1.757,2.74
"1190",2026-02-22 19:49:00,0.6515,1.094,0.6515,2.1375715,3.589414,21.0139697055869,26.5944429883984,59.8070588235294,29.9750037948589,0,33.3560154258662,82.6199963029878,1.49466666666667,1.7325,2.75133333333333
"1191",2026-02-22 19:50:00,0.655,1.1,0.655,2.149055,3.6091,20.4908003353234,26.1584685131788,60.3686274509804,29.9744131951439,0,33.3362407846095,82.7999962949333,1.47933333333333,1.708,2.76266666666667
"1192",2026-02-22 19:51:00,0.6585,1.106,0.6585,2.1605385,3.628786,20.7523850204552,26.2456634082227,60.3686274509804,29.9720507962841,0,33.3263467547241,82.7599962967232,1.464,1.6835,2.774
"1193",2026-02-22 19:52:00,0.662,1.112,0.662,2.172022,3.648472,21.0139697055869,26.3328583032666,60.3686274509804,29.9696883974242,0,33.3164527248388,82.7199962985131,1.44866666666667,1.659,2.78533333333333
"1194",2026-02-22 19:53:00,0.6655,1.118,0.6655,2.1835055,3.668158,21.2755543907187,26.4200531983106,60.3686274509804,29.9673259985644,0,33.3065586949535,82.679996300303,1.43333333333333,1.6345,2.79666666666667
"1195",2026-02-22 19:54:00,0.669,1.124,0.669,2.194989,3.687844,21.5371390758505,26.5072480933545,60.3686274509804,29.9649635997046,0,33.2966646650682,82.6399963020929,1.418,1.61,2.808
"1196",2026-02-22 19:55:00,0.6725,1.13,0.6725,2.2064725,3.70753,21.7987237609823,26.5944429883984,60.3686274509804,29.9626012008447,0,33.2867706351828,82.5999963038828,1.40166666666667,1.58266666666667,2.82116666666667
"1197",2026-02-22 19:56:00,0.676,1.136,0.676,2.217956,3.727216,21.9731135510702,26.8560276735302,60.0878431372549,29.9608294016999,0,33.2966646650682,82.5199963074625,1.38533333333333,1.55533333333333,2.83433333333333
"1198",2026-02-22 19:57:00,0.6795,1.142,0.6795,2.2294395,3.746902,22.147503341158,27.117612358662,59.8070588235294,29.959057602555,0,33.3065586949535,82.4399963110423,1.369,1.528,2.8475
"1199",2026-02-22 19:58:00,0.683,1.148,0.683,2.240923,3.766588,22.3218931312459,27.3791970437938,59.5262745098039,29.9572858034101,0,33.3164527248388,82.3599963146221,1.35266666666667,1.50066666666667,2.86066666666667
"1200",2026-02-22 19:59:00,0.6865,1.154,0.6865,2.2524065,3.786274,22.4962829213337,27.6407817289256,59.2454901960784,29.9555140042652,0,33.3263467547241,82.2799963182019,1.33633333333333,1.47333333333333,2.87383333333333
"1201",2026-02-22 20:00:00,0.69,1.16,0.69,2.26389,3.80596,22.6706727114216,27.9023664140573,58.9647058823529,29.9537422051203,0,33.3362407846095,82.1999963217816,1.32,1.446,2.887
"1202",2026-02-22 20:01:00,0.6875,1.1555,0.6875,2.2556875,3.7911955,23.2810369767291,28.4255357843209,58.403137254902,29.9543328048353,0,33.3560154258662,82.2199963208867,1.3115,1.42466666666667,2.91
"1203",2026-02-22 20:02:00,0.685,1.151,0.685,2.247485,3.776431,23.8914012420366,28.9487051545845,57.841568627451,29.9549234045503,0,33.375790067123,82.2399963199917,1.303,1.40333333333333,2.933
"1204",2026-02-22 20:03:00,0.6825,1.1465,0.6825,2.2392825,3.7616665,24.5017655073441,29.4718745248481,57.28,29.9555140042652,0,33.3955647083798,82.2599963190968,1.2945,1.382,2.956
"1205",2026-02-22 20:04:00,0.68,1.142,0.68,2.23108,3.746902,25.1121297726516,29.9950438951116,56.718431372549,29.9561046039802,0,33.4153393496366,82.2799963182019,1.286,1.36066666666667,2.979
"1206",2026-02-22 20:05:00,0.6775,1.1375,0.6775,2.2228775,3.7321375,25.7224940379591,30.5182132653752,56.156862745098,29.9566952036951,0,33.4351139908934,82.2999963173069,1.2775,1.33933333333333,3.002
"1207",2026-02-22 20:06:00,0.675,1.133,0.675,2.214675,3.717373,25.4609093528273,30.3438234752874,56.4376470588235,29.9543328048353,0,33.4054453197513,82.5999963038828,1.269,1.318,3.025
"1208",2026-02-22 20:07:00,0.6725,1.1285,0.6725,2.2064725,3.7026085,25.1993246676955,30.1694336851995,56.718431372549,29.9519704059755,0,33.3757766486092,82.8999962904586,1.261,1.30916666666667,3.03266666666667
"1209",2026-02-22 20:08:00,0.67,1.124,0.67,2.19827,3.687844,24.9377399825638,29.9950438951116,56.9992156862745,29.9496080071156,0,33.3461079774671,83.1999962770345,1.253,1.30033333333333,3.04033333333333
"1210",2026-02-22 20:09:00,0.6675,1.1195,0.6675,2.1900675,3.6730795,24.676155297432,29.8206541050238,57.28,29.9472456082558,0,33.316439306325,83.4999962636103,1.245,1.2915,3.048
"1211",2026-02-22 20:10:00,0.665,1.115,0.665,2.181865,3.658315,24.4145706123002,29.6462643149359,57.5607843137255,29.944883209396,0,33.2867706351828,83.7999962501862,1.237,1.28266666666667,3.05566666666667
"1212",2026-02-22 20:11:00,0.6625,1.1105,0.6625,2.1736625,3.6435505,24.5017655073441,29.7334592099799,57.5607843137255,29.943702009966,0,33.3065542184381,83.6599962564508,1.229,1.27383333333333,3.06333333333333
"1213",2026-02-22 20:12:00,0.66,1.106,0.66,2.16546,3.628786,24.588960402388,29.8206541050238,57.5607843137255,29.9425208105361,0,33.3263378016934,83.5199962627154,1.221,1.265,3.071
"1214",2026-02-22 20:13:00,0.6575,1.1015,0.6575,2.1572575,3.6140215,24.676155297432,29.9078490000677,57.5607843137255,29.9413396111062,0,33.3461213849487,83.37999626898,1.21166666666667,1.26616666666667,3.0715
"1215",2026-02-22 20:14:00,0.655,1.097,0.655,2.149055,3.599257,24.7633501924759,29.9950438951116,57.5607843137255,29.9401584116763,0,33.3659049682039,83.2399962752446,1.20233333333333,1.26733333333333,3.072
"1216",2026-02-22 20:15:00,0.6525,1.0925,0.6525,2.1408525,3.5844925,24.8505450875198,30.0822387901556,57.5607843137255,29.9389772122464,0,33.3856885514592,83.0999962815092,1.193,1.2685,3.0725
"1217",2026-02-22 20:16:00,0.65,1.088,0.65,2.13265,3.569728,24.3273757172563,29.3846796298041,57.841568627451,29.9377960128164,0,33.3659049682039,83.2599962743496,1.18366666666667,1.26966666666667,3.073
"1218",2026-02-22 20:17:00,0.6475,1.0835,0.6475,2.1244475,3.5549635,23.8042063469927,28.6871204694527,58.1223529411765,29.9366148133865,0,33.3461213849487,83.4199962671901,1.17433333333333,1.27083333333333,3.0735
"1219",2026-02-22 20:18:00,0.645,1.079,0.645,2.116245,3.540199,23.2810369767291,27.9895613091013,58.403137254902,29.9354336139566,0,33.3263378016934,83.5799962600305,1.165,1.272,3.074
"1220",2026-02-22 20:19:00,0.6425,1.0745,0.6425,2.1080425,3.5254345,22.7578676064655,27.2920021487498,58.6839215686274,29.9342524145267,0,33.3065542184381,83.739996252871,1.155,1.272,3.09433333333333
"1221",2026-02-22 20:20:00,0.64,1.07,0.64,2.09984,3.51067,22.234698236202,26.5944429883984,58.9647058823529,29.9330712150968,0,33.2867706351828,83.8999962457114,1.145,1.272,3.11466666666667
"1222",2026-02-22 20:21:00,0.643,1.075,0.643,2.109683,3.527075,23.0194522915973,27.5535868338816,58.6839215686274,29.9354336139566,0,33.3065542184381,83.3599962698749,1.135,1.272,3.135
"1223",2026-02-22 20:22:00,0.646,1.08,0.646,2.119526,3.54348,23.8042063469927,28.5127306793649,58.403137254902,29.9377960128164,0,33.3263378016934,82.8199962940384,1.125,1.272,3.15533333333333
"1224",2026-02-22 20:23:00,0.649,1.085,0.649,2.129369,3.559885,24.588960402388,29.4718745248481,58.1223529411765,29.9401584116763,0,33.3461213849487,82.2799963182019,1.115,1.272,3.17566666666667
"1225",2026-02-22 20:24:00,0.652,1.09,0.652,2.139212,3.57629,25.3737144577834,30.4310183703313,57.841568627451,29.9425208105361,0,33.3659049682039,81.7399963423653,1.105,1.272,3.196
"1226",2026-02-22 20:25:00,0.655,1.095,0.655,2.149055,3.592695,26.1584685131788,31.3901622158145,57.5607843137255,29.944883209396,0,33.3856885514592,81.1999963665288,1.11083333333333,1.27533333333333,3.20083333333333
"1227",2026-02-22 20:26:00,0.658,1.1,0.658,2.158898,3.6091,25.7224940379591,30.9541877405949,57.28,29.9425208105361,0,33.3856885514592,81.3399963602642,1.11666666666667,1.27866666666667,3.20566666666667
"1228",2026-02-22 20:27:00,0.661,1.105,0.661,2.168741,3.625505,25.2865195627395,30.5182132653752,56.9992156862745,29.9401584116763,0,33.3856885514592,81.4799963539996,1.1225,1.282,3.2105
"1229",2026-02-22 20:28:00,0.664,1.11,0.664,2.178584,3.64191,24.8505450875198,30.0822387901556,56.718431372549,29.9377960128164,0,33.3856885514592,81.619996347735,1.12833333333333,1.28533333333333,3.21533333333333
"1230",2026-02-22 20:29:00,0.667,1.115,0.667,2.188427,3.658315,24.4145706123002,29.6462643149359,56.4376470588235,29.9354336139566,0,33.3856885514592,81.7599963414704,1.13416666666667,1.28866666666667,3.22016666666667
"1231",2026-02-22 20:30:00,0.67,1.12,0.67,2.19827,3.67472,23.9785961370805,29.2102898397163,56.156862745098,29.9330712150968,0,33.3856885514592,81.8999963352058,1.14,1.292,3.225
"1232",2026-02-22 20:31:00,0.673,1.125,0.673,2.208113,3.691125,23.9785961370805,29.2974847347602,56.718431372549,29.9312994159519,0,33.3659049682039,82.0799963271513,1.132,1.30116666666667,3.22716666666667
"1233",2026-02-22 20:32:00,0.676,1.13,0.676,2.217956,3.70753,23.9785961370805,29.3846796298041,57.28,29.929527616807,0,33.3461213849487,82.2599963190968,1.124,1.31033333333333,3.22933333333333
"1234",2026-02-22 20:33:00,0.679,1.135,0.679,2.227799,3.723935,23.9785961370805,29.4718745248481,57.841568627451,29.9277558176621,0,33.3263378016934,82.4399963110423,1.116,1.3195,3.2315
"1235",2026-02-22 20:34:00,0.682,1.14,0.682,2.237642,3.74034,23.9785961370805,29.559069419892,58.403137254902,29.9259840185173,0,33.3065542184381,82.6199963029878,1.108,1.32866666666667,3.23366666666667
"1236",2026-02-22 20:35:00,0.685,1.145,0.685,2.247485,3.756745,23.9785961370805,29.6462643149359,58.9647058823529,29.9242122193724,0,33.2867706351828,82.7999962949333,1.1,1.33783333333333,3.23583333333333
"1237",2026-02-22 20:36:00,0.688,1.15,0.688,2.257328,3.77315,24.2401808222123,30.3438234752874,59.2454901960784,29.9230310199425,0,33.2768721177231,82.7199962985131,1.092,1.347,3.238
"1238",2026-02-22 20:37:00,0.691,1.155,0.691,2.267171,3.789555,24.5017655073441,31.0413826356388,59.5262745098039,29.9218498205125,0,33.2669736002634,82.6399963020929,1.09533333333333,1.35466666666667,3.24683333333333
"1239",2026-02-22 20:38:00,0.694,1.16,0.694,2.277014,3.80596,24.7633501924759,31.7389417959902,59.8070588235294,29.9206686210826,0,33.2570750828036,82.5599963056727,1.09866666666667,1.36233333333333,3.25566666666667
"1240",2026-02-22 20:39:00,0.697,1.165,0.697,2.286857,3.822365,25.0249348776077,32.4365009563417,60.0878431372549,29.9194874216527,0,33.2471765653439,82.4799963092524,1.102,1.37,3.2645
"1241",2026-02-22 20:40:00,0.7,1.17,0.7,2.2967,3.83877,25.2865195627395,33.1340601166931,60.3686274509804,29.9183062222228,0,33.2372780478842,82.3999963128322,1.10533333333333,1.37766666666667,3.27333333333333
"1242",2026-02-22 20:41:00,0.7035,1.1755,0.7035,2.3081835,3.8568155,25.7224940379591,33.4828396968688,60.0878431372549,29.9171250227929,0,33.2669601485992,82.1399963244665,1.10866666666667,1.38533333333333,3.28216666666667
"1243",2026-02-22 20:42:00,0.707,1.181,0.707,2.319667,3.874861,26.1584685131788,33.8316192770445,59.8070588235294,29.915943823363,0,33.2966422493142,81.8799963361007,1.112,1.393,3.291
"1244",2026-02-22 20:43:00,0.7105,1.1865,0.7105,2.3311505,3.8929065,26.5944429883984,34.1803988572203,59.5262745098039,29.914762623933,0,33.3263243500292,81.619996347735,1.11283333333333,1.40183333333333,3.3095
"1245",2026-02-22 20:44:00,0.714,1.192,0.714,2.342634,3.910952,27.0304174636181,34.529178437396,59.2454901960784,29.9135814245031,0,33.3560064507442,81.3599963593693,1.11366666666667,1.41066666666667,3.328
"1246",2026-02-22 20:45:00,0.7175,1.1975,0.7175,2.3541175,3.9289975,27.4663919388377,34.8779580175717,58.9647058823529,29.9124002250732,0,33.3856885514592,81.0999963710035,1.1145,1.4195,3.3465
"1247",2026-02-22 20:46:00,0.721,1.203,0.721,2.365601,3.947043,27.2920021487498,34.1803988572203,58.403137254902,29.915353223648,0,33.3757989980893,81.3999963575794,1.11533333333333,1.42833333333333,3.365
"1248",2026-02-22 20:47:00,0.7245,1.2085,0.7245,2.3770845,3.9650885,27.117612358662,33.4828396968688,57.841568627451,29.9183062222228,0,33.3659094447193,81.6999963441552,1.11616666666667,1.43716666666667,3.3835
"1249",2026-02-22 20:48:00,0.728,1.214,0.728,2.388568,3.983134,26.9432225685741,32.7852805365174,57.28,29.9212592207976,0,33.3560198913494,81.9999963307311,1.117,1.446,3.402
"1250",2026-02-22 20:49:00,0.7315,1.2195,0.7315,2.4000515,4.0011795,26.7688327784863,32.0877213761659,56.718431372549,29.9242122193724,0,33.3461303379794,82.2999963173069,1.13166666666667,1.45533333333333,3.4195
"1251",2026-02-22 20:50:00,0.735,1.225,0.735,2.411535,4.019225,26.5944429883984,31.3901622158145,56.156862745098,29.9271652179472,0,33.3362407846095,82.5999963038828,1.14633333333333,1.46466666666667,3.437
"1252",2026-02-22 20:51:00,0.7385,1.2305,0.7385,2.4230185,4.0372705,25.9840787230909,31.2157724257267,56.4376470588235,29.9230310199425,0,33.3263467547241,82.8799962913535,1.161,1.474,3.4545
"1253",2026-02-22 20:52:00,0.742,1.236,0.742,2.434502,4.055316,25.3737144577834,31.0413826356388,56.718431372549,29.9188968219378,0,33.3164527248388,83.1599962788243,1.17566666666667,1.48333333333333,3.472
"1254",2026-02-22 20:53:00,0.7455,1.2415,0.7455,2.4459855,4.0733615,24.7633501924759,30.8669928455509,56.9992156862745,29.914762623933,0,33.3065586949535,83.4399962662951,1.19033333333333,1.49266666666667,3.4895
"1255",2026-02-22 20:54:00,0.749,1.247,0.749,2.457469,4.091407,24.1529859271684,30.6926030554631,57.28,29.9106284259283,0,33.2966646650682,83.7199962537659,1.205,1.502,3.507
"1256",2026-02-22 20:55:00,0.7525,1.2525,0.7525,2.4689525,4.1094525,23.5426216618609,30.5182132653752,57.5607843137255,29.9064942279236,0,33.2867706351828,83.9999962412367,1.21633333333333,1.50416666666667,3.52566666666667
"1257",2026-02-22 20:56:00,0.756,1.258,0.756,2.480436,4.127498,23.8042063469927,30.8669928455509,57.841568627451,29.9064942279236,0,33.2966646650682,83.8199962492912,1.22766666666667,1.50633333333333,3.54433333333333
"1258",2026-02-22 20:57:00,0.7595,1.2635,0.7595,2.4919195,4.1455435,24.0657910321245,31.2157724257267,58.1223529411765,29.9064942279236,0,33.3065586949535,83.6399962573457,1.239,1.5085,3.563
"1259",2026-02-22 20:58:00,0.763,1.269,0.763,2.503403,4.163589,24.3273757172562,31.5645520059024,58.403137254902,29.9064942279236,0,33.3164527248388,83.4599962654002,1.25033333333333,1.51066666666667,3.58166666666667
"1260",2026-02-22 20:59:00,0.7665,1.2745,0.7665,2.5148865,4.1816345,24.588960402388,31.9133315860781,58.6839215686274,29.9064942279236,0,33.3263467547241,83.2799962734547,1.26166666666667,1.51283333333333,3.60033333333333
"1261",2026-02-22 21:00:00,0.77,1.28,0.77,2.52637,4.19968,24.8505450875198,32.2621111662538,58.9647058823529,29.9064942279236,0,33.3362407846095,83.0999962815092,1.273,1.515,3.619
"1262",2026-02-22 21:01:00,0.773,1.285,0.773,2.536213,4.216085,24.8505450875198,32.087721376166,58.6839215686274,29.9064942279236,0,33.3263467547241,83.1599962788243,1.28416666666667,1.51716666666667,3.6375
"1263",2026-02-22 21:02:00,0.776,1.29,0.776,2.546056,4.23249,24.8505450875198,31.9133315860781,58.403137254902,29.9064942279236,0,33.3164527248388,83.2199962761395,1.29533333333333,1.51933333333333,3.656
"1264",2026-02-22 21:03:00,0.779,1.295,0.779,2.555899,4.248895,24.8505450875198,31.7389417959902,58.1223529411765,29.9064942279236,0,33.3065586949535,83.2799962734547,1.3065,1.5215,3.6745
"1265",2026-02-22 21:04:00,0.782,1.3,0.782,2.565742,4.2653,24.8505450875198,31.5645520059024,57.841568627451,29.9064942279236,0,33.2966646650682,83.3399962707699,1.31766666666667,1.52366666666667,3.693
"1266",2026-02-22 21:05:00,0.785,1.305,0.785,2.575585,4.281705,24.8505450875198,31.3901622158145,57.5607843137255,29.9064942279236,0,33.2867706351828,83.399996268085,1.32883333333333,1.52583333333333,3.7115
"1267",2026-02-22 21:06:00,0.788,1.31,0.788,2.585428,4.29811,24.5017655073441,30.9541877405949,57.5607843137255,29.9064942279236,0,33.2867706351828,83.37999626898,1.34,1.528,3.73
"1268",2026-02-22 21:07:00,0.791,1.315,0.791,2.595271,4.314515,24.1529859271684,30.5182132653752,57.5607843137255,29.9064942279236,0,33.2867706351828,83.3599962698749,1.35616666666667,1.53116666666667,3.73983333333333
"1269",2026-02-22 21:08:00,0.794,1.32,0.794,2.605114,4.33092,23.8042063469927,30.0822387901556,57.5607843137255,29.9064942279236,0,33.2867706351828,83.3399962707699,1.37233333333333,1.53433333333333,3.74966666666667
"1270",2026-02-22 21:09:00,0.797,1.325,0.797,2.614957,4.347325,23.455426766817,29.6462643149359,57.5607843137255,29.9064942279236,0,33.2867706351828,83.3199962716648,1.3885,1.5375,3.7595
"1271",2026-02-22 21:10:00,0.8,1.33,0.8,2.6248,4.36373,23.1066471866412,29.2102898397163,57.5607843137255,29.9064942279236,0,33.2867706351828,83.2999962725597,1.40466666666667,1.54066666666667,3.76933333333333
"1272",2026-02-22 21:11:00,0.803,1.335,0.803,2.634643,4.380135,23.7170114519487,29.6462643149359,57.841568627451,29.9017694302039,0,33.316439306325,82.9999962859839,1.42083333333333,1.54383333333333,3.77916666666667
"1273",2026-02-22 21:12:00,0.806,1.34,0.806,2.644486,4.39654,24.3273757172562,30.0822387901556,58.1223529411765,29.8970446324843,0,33.3461079774671,82.699996299408,1.437,1.547,3.789
"1274",2026-02-22 21:13:00,0.809,1.345,0.809,2.654329,4.412945,24.9377399825638,30.5182132653752,58.403137254902,29.8923198347646,0,33.3757766486092,82.3999963128322,1.46733333333333,1.55966666666667,3.79616666666667
"1275",2026-02-22 21:14:00,0.812,1.35,0.812,2.664172,4.42935,25.5481042478713,30.9541877405949,58.6839215686274,29.8875950370449,0,33.4054453197513,82.0999963262563,1.49766666666667,1.57233333333333,3.80333333333333
"1276",2026-02-22 21:15:00,0.815,1.355,0.815,2.674015,4.445755,26.1584685131788,31.3901622158145,58.9647058823529,29.8828702393252,0,33.4351139908934,81.7999963396805,1.528,1.585,3.8105
"1277",2026-02-22 21:16:00,0.818,1.36,0.818,2.683858,4.46216,26.0712736181348,31.3901622158145,58.403137254902,29.8852326381851,0,33.4252289030065,82.0399963289412,1.55833333333333,1.59766666666667,3.81766666666667
"1278",2026-02-22 21:17:00,0.821,1.365,0.821,2.693701,4.478565,25.9840787230909,31.3901622158145,57.841568627451,29.8875950370449,0,33.4153438151197,82.2799963182019,1.58866666666667,1.61033333333333,3.82483333333333
"1279",2026-02-22 21:18:00,0.824,1.37,0.824,2.703544,4.49497,25.896883828047,31.3901622158145,57.28,29.8899574359048,0,33.4054587272329,82.5199963074625,1.619,1.623,3.832
"1280",2026-02-22 21:19:00,0.827,1.375,0.827,2.713387,4.511375,25.809688933003,31.3901622158145,56.718431372549,29.8923198347646,0,33.395573639346,82.7599962967232,1.641,1.64266666666667,3.85216666666667
"1281",2026-02-22 21:20:00,0.83,1.38,0.83,2.72323,4.52778,25.7224940379591,31.3901622158145,56.156862745098,29.8946822336244,0,33.3856885514592,82.9999962859839,1.663,1.66233333333333,3.87233333333333
"1282",2026-02-22 21:21:00,0.831,1.3815,0.831,2.726511,4.5327015,25.9840787230909,31.6517469009463,56.156862745098,29.8946822336244,0,33.3757989980893,82.9799962868788,1.685,1.682,3.8925
"1283",2026-02-22 21:22:00,0.832,1.383,0.832,2.729792,4.537623,26.2456634082227,31.9133315860781,56.156862745098,29.8946822336244,0,33.3659094447193,82.9599962877738,1.707,1.70166666666667,3.91266666666667
"1284",2026-02-22 21:23:00,0.833,1.3845,0.833,2.733073,4.5425445,26.5072480933545,32.1749162712099,56.156862745098,29.8946822336244,0,33.3560198913494,82.9399962886687,1.729,1.72133333333333,3.93283333333333
"1285",2026-02-22 21:24:00,0.834,1.386,0.834,2.736354,4.547466,26.7688327784863,32.4365009563417,56.156862745098,29.8946822336244,0,33.3461303379794,82.9199962895637,1.751,1.741,3.953
"1286",2026-02-22 21:25:00,0.835,1.3875,0.835,2.739635,4.5523875,27.0304174636181,32.6980856414735,56.156862745098,29.8946822336244,0,33.3362407846095,82.8999962904586,1.7725,1.76616666666667,3.98316666666667
"1287",2026-02-22 21:26:00,0.836,1.389,0.836,2.742916,4.557309,26.8560276735302,32.6108907464295,56.156862745098,29.8923198347646,0,33.3263467547241,82.7799962958283,1.794,1.79133333333333,4.01333333333333
"1288",2026-02-22 21:27:00,0.837,1.3905,0.837,2.746197,4.5622305,26.6816378834423,32.5236958513856,56.156862745098,29.8899574359048,0,33.3164527248388,82.6599963011979,1.8155,1.8165,4.0435
"1289",2026-02-22 21:28:00,0.838,1.392,0.838,2.749478,4.567152,26.5072480933545,32.4365009563417,56.156862745098,29.8875950370449,0,33.3065586949535,82.5399963065676,1.837,1.84166666666667,4.07366666666667
"1290",2026-02-22 21:29:00,0.839,1.3935,0.839,2.752759,4.5720735,26.3328583032666,32.3493060612977,56.156862745098,29.8852326381851,0,33.2966646650682,82.4199963119373,1.8585,1.86683333333333,4.10383333333333
"1291",2026-02-22 21:30:00,0.84,1.395,0.84,2.75604,4.576995,26.1584685131788,32.2621111662538,56.156862745098,29.8828702393252,0,33.2867706351828,82.2999963173069,1.88,1.892,4.134
"1292",2026-02-22 21:31:00,0.841,1.3965,0.841,2.759321,4.5819165,26.5072480933545,32.9596703266052,56.4376470588235,29.8846420384701,0,33.3065542184381,82.3599963146221,1.9035,1.92266666666667,4.15866666666667
"1293",2026-02-22 21:32:00,0.842,1.398,0.842,2.762602,4.586838,26.8560276735302,33.6572294869567,56.718431372549,29.886413837615,0,33.3263378016934,82.4199963119373,1.927,1.95333333333333,4.18333333333333
"1294",2026-02-22 21:33:00,0.843,1.3995,0.843,2.765883,4.5917595,27.2048072537059,34.3547886473081,56.9992156862745,29.8881856367599,0,33.3461213849487,82.4799963092524,1.9505,1.984,4.208
"1295",2026-02-22 21:34:00,0.844,1.401,0.844,2.769164,4.596681,27.5535868338816,35.0523478076595,57.28,29.8899574359048,0,33.3659049682039,82.5399963065676,1.974,2.01466666666667,4.23266666666667
"1296",2026-02-22 21:35:00,0.845,1.4025,0.845,2.772445,4.6016025,27.9023664140573,35.749906968011,57.5607843137255,29.8917292350496,0,33.3856885514592,82.5999963038828,1.9975,2.04533333333333,4.25733333333333
"1297",2026-02-22 21:36:00,0.846,1.404,0.846,2.775726,4.606524,27.7279766239695,35.1395427027035,57.5607843137255,29.8905480356197,0,33.395573639346,82.4199963119373,2.021,2.076,4.282
"1298",2026-02-22 21:37:00,0.847,1.4055,0.847,2.779007,4.6114455,27.5535868338816,34.529178437396,57.5607843137255,29.8893668361898,0,33.4054587272329,82.2399963199917,2.0485,2.10983333333333,4.29566666666667
"1299",2026-02-22 21:38:00,0.848,1.407,0.848,2.782288,4.616367,27.3791970437938,33.9188141720885,57.5607843137255,29.8881856367599,0,33.4153438151197,82.0599963280462,2.076,2.14366666666667,4.30933333333333
"1300",2026-02-22 21:39:00,0.849,1.4085,0.849,2.785569,4.6212885,27.2048072537059,33.308449906781,57.5607843137255,29.88700443733,0,33.4252289030065,81.8799963361007,2.1035,2.1775,4.323
"1301",2026-02-22 21:40:00,0.85,1.41,0.85,2.78885,4.62621,27.0304174636181,32.6980856414735,57.5607843137255,29.8858232379,0,33.4351139908934,81.6999963441552,2.131,2.21133333333333,4.33666666666667
"1302",2026-02-22 21:41:00,0.8475,1.405,0.8475,2.7806475,4.609805,26.6816378834423,32.6108907464295,57.5607843137255,29.8858232379,0,33.4153393496366,81.8199963387856,2.1585,2.24516666666667,4.35033333333333
"1303",2026-02-22 21:42:00,0.845,1.4,0.845,2.772445,4.5934,26.3328583032666,32.5236958513856,57.5607843137255,29.8858232379,0,33.3955647083798,81.9399963334159,2.186,2.279,4.364
"1304",2026-02-22 21:43:00,0.8425,1.395,0.8425,2.7642425,4.576995,25.9840787230909,32.4365009563417,57.5607843137255,29.8858232379,0,33.375790067123,82.0599963280462,2.21116666666667,2.319,4.38366666666667
"1305",2026-02-22 21:44:00,0.84,1.39,0.84,2.75604,4.56059,25.6352991429152,32.3493060612977,57.5607843137255,29.8858232379,0,33.3560154258662,82.1799963226766,2.23633333333333,2.359,4.40333333333333
"1306",2026-02-22 21:45:00,0.8375,1.385,0.8375,2.7478375,4.544185,25.2865195627395,32.2621111662538,57.5607843137255,29.8858232379,0,33.3362407846095,82.2999963173069,2.2615,2.399,4.423
"1307",2026-02-22 21:46:00,0.835,1.38,0.835,2.739635,4.52778,24.588960402388,31.9133315860781,57.28,29.8881856367599,0,33.3362407846095,82.5799963047777,2.28666666666667,2.439,4.44266666666667
"1308",2026-02-22 21:47:00,0.8325,1.375,0.8325,2.7314325,4.511375,23.8914012420366,31.5645520059024,56.9992156862745,29.8905480356197,0,33.3362407846095,82.8599962922485,2.31183333333333,2.479,4.46233333333333
"1309",2026-02-22 21:48:00,0.83,1.37,0.83,2.72323,4.49497,23.1938420816852,31.2157724257267,56.718431372549,29.8929104344796,0,33.3362407846095,83.1399962797193,2.337,2.519,4.482
"1310",2026-02-22 21:49:00,0.8275,1.365,0.8275,2.7150275,4.478565,22.4962829213337,30.8669928455509,56.4376470588235,29.8952728333394,0,33.3362407846095,83.4199962671901,2.35783333333333,2.561,4.50866666666667
"1311",2026-02-22 21:50:00,0.825,1.36,0.825,2.706825,4.46216,21.7987237609823,30.5182132653752,56.156862745098,29.8976352321992,0,33.3362407846095,83.6999962546609,2.37866666666667,2.603,4.53533333333333
"1312",2026-02-22 21:51:00,0.8225,1.355,0.8225,2.6986225,4.445755,22.9322573965534,31.6517469009463,56.4376470588235,29.8964540327693,0,33.3658960592751,83.3399962707699,2.3995,2.645,4.562
"1313",2026-02-22 21:52:00,0.82,1.35,0.82,2.69042,4.42935,24.0657910321245,32.7852805365174,56.718431372549,29.8952728333394,0,33.3955513339408,82.9799962868788,2.42033333333333,2.687,4.58866666666667
"1314",2026-02-22 21:53:00,0.8175,1.345,0.8175,2.6822175,4.412945,25.1993246676955,33.9188141720885,56.9992156862745,29.8940916339095,0,33.4252066086064,82.6199963029878,2.44116666666667,2.729,4.61533333333333
"1315",2026-02-22 21:54:00,0.815,1.34,0.815,2.674015,4.39654,26.3328583032666,35.0523478076595,57.28,29.8929104344796,0,33.454861883272,82.2599963190968,2.462,2.771,4.642
"1316",2026-02-22 21:55:00,0.8125,1.335,0.8125,2.6658125,4.380135,27.4663919388377,36.1858814432306,57.5607843137255,29.8917292350496,0,33.4845171579377,81.8999963352058,2.49183333333333,2.81033333333333,4.6475
"1317",2026-02-22 21:56:00,0.81,1.33,0.81,2.65761,4.36373,27.5535868338816,36.0114916531428,57.28,29.8881856367599,0,33.4746365245288,81.7999963396805,2.52166666666667,2.84966666666667,4.653
"1318",2026-02-22 21:57:00,0.8075,1.325,0.8075,2.6494075,4.347325,27.6407817289256,35.8371018630549,56.9992156862745,29.8846420384701,0,33.46475589112,81.6999963441552,2.5515,2.889,4.6585
"1319",2026-02-22 21:58:00,0.805,1.32,0.805,2.641205,4.33092,27.7279766239695,35.662712072967,56.718431372549,29.8810984401804,0,33.4548752577111,81.5999963486299,2.58133333333333,2.92833333333333,4.664
"1320",2026-02-22 21:59:00,0.8025,1.315,0.8025,2.6330025,4.314515,27.8151715190134,35.4883222828792,56.4376470588235,29.8775548418906,0,33.4449946243022,81.4999963531047,2.61116666666667,2.96766666666667,4.6695
"1321",2026-02-22 22:00:00,0.8,1.31,0.8,2.6248,4.29811,27.9023664140573,35.3139324927913,56.156862745098,29.8740112436009,0,33.4351139908934,81.3999963575794,2.641,3.007,4.675
"1322",2026-02-22 22:01:00,0.8025,1.3145,0.8025,2.6330025,4.3128745,27.5535868338816,34.6163733324399,56.718431372549,29.8757830427457,0,33.4351139908934,81.5799963495249,2.6765,3.03983333333333,4.6865
"1323",2026-02-22 22:02:00,0.805,1.319,0.805,2.641205,4.327639,27.2048072537059,33.9188141720885,57.28,29.8775548418906,0,33.4351139908934,81.7599963414704,2.712,3.07266666666667,4.698
"1324",2026-02-22 22:03:00,0.8075,1.3235,0.8075,2.6494075,4.3424035,26.8560276735302,33.221255011737,57.841568627451,29.8793266410355,0,33.4351139908934,81.9399963334159,2.7475,3.1055,4.7095
"1325",2026-02-22 22:04:00,0.81,1.328,0.81,2.65761,4.357168,26.5072480933545,32.5236958513856,58.403137254902,29.8810984401804,0,33.4351139908934,82.1199963253614,2.783,3.13833333333333,4.721
"1326",2026-02-22 22:05:00,0.8125,1.3325,0.8125,2.6658125,4.3719325,26.1584685131788,31.8261366910342,58.9647058823529,29.8828702393252,0,33.4351139908934,82.2999963173069,2.8185,3.17116666666667,4.7325
"1327",2026-02-22 22:06:00,0.815,1.337,0.815,2.674015,4.386697,26.1584685131788,31.5645520059024,58.6839215686274,29.8834608390402,0,33.4252289030065,82.319996316412,2.854,3.204,4.744
"1328",2026-02-22 22:07:00,0.8175,1.3415,0.8175,2.6822175,4.4014615,26.1584685131788,31.3029673207706,58.403137254902,29.8840514387552,0,33.4153438151197,82.339996315517,2.8775,3.2325,4.76533333333333
"1329",2026-02-22 22:08:00,0.82,1.346,0.82,2.69042,4.416226,26.1584685131788,31.0413826356388,58.1223529411765,29.8846420384701,0,33.4054587272329,82.3599963146221,2.901,3.261,4.78666666666667
"1330",2026-02-22 22:09:00,0.8225,1.3505,0.8225,2.6986225,4.4309905,26.1584685131788,30.779797950507,57.841568627451,29.8852326381851,0,33.395573639346,82.3799963137271,2.9245,3.2895,4.808
"1331",2026-02-22 22:10:00,0.825,1.355,0.825,2.706825,4.445755,26.1584685131788,30.5182132653752,57.5607843137255,29.8858232379,0,33.3856885514592,82.3999963128322,2.948,3.318,4.82933333333333
"1332",2026-02-22 22:11:00,0.8275,1.3595,0.8275,2.7150275,4.4605195,26.5944429883984,31.1285775306827,57.5607843137255,29.8828702393252,0,33.4054542727549,82.1399963244665,2.9715,3.3465,4.85066666666667
"1333",2026-02-22 22:12:00,0.83,1.364,0.83,2.72323,4.475284,27.030417463618,31.7389417959902,57.5607843137255,29.8799172407505,0,33.4252199940506,81.8799963361007,2.995,3.375,4.872
"1334",2026-02-22 22:13:00,0.8325,1.3685,0.8325,2.7314325,4.4900485,27.4663919388377,32.3493060612977,57.5607843137255,29.8769642421757,0,33.4449857153463,81.619996347735,3.02366666666667,3.4045,4.8945
"1335",2026-02-22 22:14:00,0.835,1.373,0.835,2.739635,4.504813,27.9023664140573,32.9596703266052,57.5607843137255,29.8740112436009,0,33.464751436642,81.3599963593693,3.05233333333333,3.434,4.917
"1336",2026-02-22 22:15:00,0.8375,1.3775,0.8375,2.7478375,4.5195775,28.338340889277,33.5700345919127,57.5607843137255,29.8710582450261,0,33.4845171579377,81.0999963710035,3.081,3.4635,4.9395
"1337",2026-02-22 22:16:00,0.84,1.382,0.84,2.75604,4.534342,27.7279766239695,33.308449906781,58.403137254902,29.8728300441709,0,33.4449678533867,81.2199963656339,3.10966666666667,3.493,4.962
"1338",2026-02-22 22:17:00,0.8425,1.3865,0.8425,2.7642425,4.5491065,27.117612358662,33.0468652216492,59.2454901960784,29.8746018433158,0,33.4054185488358,81.3399963602642,3.13833333333333,3.5225,4.9845
"1339",2026-02-22 22:18:00,0.845,1.391,0.845,2.772445,4.563871,26.5072480933545,32.7852805365174,60.0878431372549,29.8763736424607,0,33.3658692442848,81.4599963548946,3.167,3.552,5.007
"1340",2026-02-22 22:19:00,0.8475,1.3955,0.8475,2.7806475,4.5786355,25.896883828047,32.5236958513856,60.9301960784314,29.8781454416056,0,33.3263199397338,81.5799963495249,3.19866666666667,3.581,5.03366666666667
"1341",2026-02-22 22:20:00,0.85,1.4,0.85,2.78885,4.5934,25.2865195627395,32.2621111662538,61.7725490196078,29.8799172407505,0,33.2867706351828,81.6999963441552,3.23033333333333,3.61,5.06033333333333
"1342",2026-02-22 22:21:00,0.852,1.403,0.852,2.795412,4.603243,25.1993246676955,32.1749162712099,61.2109803921569,29.8834608390402,0,33.2966646650682,81.9999963307311,3.262,3.639,5.087
"1343",2026-02-22 22:22:00,0.854,1.406,0.854,2.801974,4.613086,25.1121297726516,32.087721376166,60.6494117647059,29.88700443733,0,33.3065586949535,82.2999963173069,3.29366666666667,3.668,5.11366666666667
"1344",2026-02-22 22:23:00,0.856,1.409,0.856,2.808536,4.622929,25.0249348776077,32.000526481122,60.0878431372549,29.8905480356197,0,33.3164527248388,82.5999963038828,3.32533333333333,3.697,5.14033333333333
"1345",2026-02-22 22:24:00,0.858,1.412,0.858,2.815098,4.632772,24.9377399825638,31.9133315860781,59.5262745098039,29.8940916339095,0,33.3263467547241,82.8999962904586,3.357,3.726,5.167
"1346",2026-02-22 22:25:00,0.86,1.415,0.86,2.82166,4.642615,24.8505450875198,31.8261366910342,58.9647058823529,29.8976352321992,0,33.3362407846095,83.1999962770345,3.3875,3.75283333333333,5.18566666666667
"1347",2026-02-22 22:26:00,0.862,1.418,0.862,2.828222,4.652458,25.1121297726516,31.8261366910342,58.6839215686274,29.8935010341945,0,33.3362407846095,82.9799962868788,3.418,3.77966666666667,5.20433333333333
"1348",2026-02-22 22:27:00,0.864,1.421,0.864,2.834784,4.662301,25.3737144577834,31.8261366910342,58.403137254902,29.8893668361898,0,33.3362407846095,82.7599962967232,3.4485,3.8065,5.223
"1349",2026-02-22 22:28:00,0.866,1.424,0.866,2.841346,4.672144,25.6352991429152,31.8261366910342,58.1223529411765,29.8852326381851,0,33.3362407846095,82.5399963065676,3.479,3.83333333333333,5.24166666666667
"1350",2026-02-22 22:29:00,0.868,1.427,0.868,2.847908,4.681987,25.896883828047,31.8261366910342,57.841568627451,29.8810984401804,0,33.3362407846095,82.319996316412,3.5095,3.86016666666667,5.26033333333333
"1351",2026-02-22 22:30:00,0.87,1.43,0.87,2.85447,4.69183,26.1584685131788,31.8261366910342,57.5607843137255,29.8769642421757,0,33.3362407846095,82.0999963262564,3.54,3.887,5.279
"1352",2026-02-22 22:31:00,0.872,1.433,0.872,2.861032,4.701673,26.0712736181348,31.7389417959902,58.1223529411765,29.8734206438859,0,33.3164482372644,81.979996331626,3.57983333333333,3.90716666666667,5.29366666666667
"1353",2026-02-22 22:32:00,0.874,1.436,0.874,2.867594,4.711516,25.9840787230909,31.6517469009463,58.6839215686275,29.8698770455961,0,33.2966556899193,81.8599963369957,3.61966666666667,3.92733333333333,5.30833333333333
"1354",2026-02-22 22:33:00,0.876,1.439,0.876,2.874156,4.721359,25.896883828047,31.5645520059024,59.2454901960784,29.8663334473064,0,33.2768631425743,81.7399963423653,3.6595,3.9475,5.323
"1355",2026-02-22 22:34:00,0.878,1.442,0.878,2.880718,4.731202,25.809688933003,31.4773571108584,59.8070588235294,29.8627898490166,0,33.2570705952292,81.619996347735,3.69933333333333,3.96766666666667,5.33766666666667
"1356",2026-02-22 22:35:00,0.88,1.445,0.88,2.88728,4.741045,25.7224940379591,31.3901622158145,60.3686274509804,29.8592462507269,0,33.2372780478842,81.4999963531047,3.73916666666667,3.98783333333333,5.35233333333333
"1357",2026-02-22 22:36:00,0.882,1.448,0.882,2.893842,4.750888,26.2456634082227,31.6517469009463,60.0878431372549,29.8604274501568,0,33.2372780478842,81.4199963566844,3.779,4.008,5.367
"1358",2026-02-22 22:37:00,0.884,1.451,0.884,2.900404,4.760731,26.7688327784863,31.9133315860781,59.8070588235294,29.8616086495867,0,33.2372780478842,81.3399963602642,3.81133333333333,4.037,5.37316666666667
"1359",2026-02-22 22:38:00,0.886,1.454,0.886,2.906966,4.770574,27.2920021487498,32.1749162712099,59.5262745098039,29.8627898490166,0,33.2372780478842,81.259996363844,3.84366666666667,4.066,5.37933333333333
"1360",2026-02-22 22:39:00,0.888,1.457,0.888,2.913528,4.780417,27.8151715190134,32.4365009563417,59.2454901960784,29.8639710484466,0,33.2372780478842,81.1799963674238,3.876,4.095,5.3855
"1361",2026-02-22 22:40:00,0.89,1.46,0.89,2.92009,4.79026,28.338340889277,32.6980856414735,58.9647058823529,29.8651522478765,0,33.2372780478842,81.0999963710035,3.90833333333333,4.124,5.39166666666667
"1362",2026-02-22 22:41:00,0.8915,1.4625,0.8915,2.9250115,4.7984625,28.4255357843209,32.6980856414735,58.6839215686274,29.8627898490166,0,33.2372780478842,81.279996362949,3.94066666666667,4.153,5.39783333333333
"1363",2026-02-22 22:42:00,0.893,1.465,0.893,2.929933,4.806665,28.5127306793649,32.6980856414735,58.403137254902,29.8604274501568,0,33.2372780478842,81.4599963548946,3.973,4.182,5.404
"1364",2026-02-22 22:43:00,0.8945,1.4675,0.8945,2.9348545,4.8148675,28.5999255744088,32.6980856414735,58.1223529411765,29.858065051297,0,33.2372780478842,81.63999634684,4.00483333333333,4.212,5.405
"1365",2026-02-22 22:44:00,0.896,1.47,0.896,2.939776,4.82307,28.6871204694527,32.6980856414735,57.841568627451,29.8557026524371,0,33.2372780478842,81.8199963387856,4.03666666666667,4.242,5.406
"1366",2026-02-22 22:45:00,0.8975,1.4725,0.8975,2.9446975,4.8312725,28.7743153644966,32.6980856414735,57.5607843137255,29.8533402535773,0,33.2372780478842,81.9999963307311,4.0685,4.272,5.407
"1367",2026-02-22 22:46:00,0.899,1.475,0.899,2.949619,4.839475,28.338340889277,32.5236958513856,57.5607843137255,29.8521590541474,0,33.2174675058697,81.8799963361007,4.10033333333333,4.302,5.408
"1368",2026-02-22 22:47:00,0.9005,1.4775,0.9005,2.9545405,4.8476775,27.9023664140573,32.3493060612977,57.5607843137255,29.8509778547175,0,33.1976569638553,81.7599963414704,4.13216666666667,4.332,5.409
"1369",2026-02-22 22:48:00,0.902,1.48,0.902,2.959462,4.85588,27.4663919388377,32.1749162712099,57.5607843137255,29.8497966552875,0,33.1778464218408,81.63999634684,4.164,4.362,5.41
"1370",2026-02-22 22:49:00,0.9035,1.4825,0.9035,2.9643835,4.8640825,27.0304174636181,32.000526481122,57.5607843137255,29.8486154558576,0,33.1580358798264,81.5199963522097,4.19583333333333,4.39166666666667,5.41166666666667
"1371",2026-02-22 22:50:00,0.905,1.485,0.905,2.969305,4.872285,26.5944429883984,31.8261366910342,57.5607843137255,29.8474342564277,0,33.1382253378119,81.3999963575794,4.22766666666667,4.42133333333333,5.41333333333333
"1372",2026-02-22 22:51:00,0.9065,1.4875,0.9065,2.9742265,4.8804875,26.9432225685741,32.5236958513856,57.841568627451,29.8474342564277,0,33.1481328637061,81.4399963557895,4.2595,4.451,5.415
"1373",2026-02-22 22:52:00,0.908,1.49,0.908,2.979148,4.88869,27.2920021487498,33.221255011737,58.1223529411765,29.8474342564277,0,33.1580403896003,81.4799963539996,4.29133333333333,4.48066666666667,5.41666666666667
"1374",2026-02-22 22:53:00,0.9095,1.4925,0.9095,2.9840695,4.8968925,27.6407817289256,33.9188141720885,58.403137254902,29.8474342564277,0,33.1679479154945,81.5199963522097,4.32316666666667,4.51033333333333,5.41833333333333
"1375",2026-02-22 22:54:00,0.911,1.495,0.911,2.988991,4.905095,27.9895613091013,34.6163733324399,58.6839215686274,29.8474342564277,0,33.1778554413887,81.5599963504198,4.355,4.54,5.42
"1376",2026-02-22 22:55:00,0.9125,1.4975,0.9125,2.9939125,4.9132975,28.338340889277,35.3139324927913,58.9647058823529,29.8474342564277,0,33.187762967283,81.5999963486299,4.388,4.57766666666667,5.43866666666667
"1377",2026-02-22 22:56:00,0.914,1.5,0.914,2.998834,4.9215,28.5127306793648,35.1395427027035,58.6839215686274,29.8444812578529,0,33.187762967283,81.4799963539996,4.421,4.61533333333333,5.45733333333333
"1378",2026-02-22 22:57:00,0.9155,1.5025,0.9155,3.0037555,4.9297025,28.6871204694527,34.9651529126156,58.403137254902,29.8415282592781,0,33.187762967283,81.3599963593693,4.454,4.653,5.476
"1379",2026-02-22 22:58:00,0.917,1.505,0.917,3.008677,4.937905,28.8615102595406,34.7907631225278,58.1223529411765,29.8385752607033,0,33.187762967283,81.2399963647389,4.487,4.69066666666667,5.49466666666667
"1380",2026-02-22 22:59:00,0.9185,1.5075,0.9185,3.0135985,4.9461075,29.0359000496284,34.6163733324399,57.841568627451,29.8356222621285,0,33.187762967283,81.1199963701086,4.52,4.72833333333333,5.51333333333333
"1381",2026-02-22 23:00:00,0.92,1.51,0.92,3.01852,4.95431,29.2102898397163,34.441983542352,57.5607843137255,29.8326692635537,0,33.187762967283,80.9999963754782,4.553,4.766,5.532
"1382",2026-02-22 23:01:00,0.923,1.5145,0.923,3.028363,4.9690745,28.8615102595406,34.529178437396,57.5607843137255,29.8303068646939,0,33.187762967283,80.8399963826378,4.588,4.807,5.55766666666667
"1383",2026-02-22 23:02:00,0.926,1.519,0.926,3.038206,4.983839,28.5127306793649,34.6163733324399,57.5607843137255,29.827944465834,0,33.187762967283,80.6799963897974,4.623,4.848,5.58333333333333
"1384",2026-02-22 23:03:00,0.929,1.5235,0.929,3.048049,4.9986035,28.1639510991891,34.7035682274838,57.5607843137255,29.8255820669742,0,33.187762967283,80.5199963969569,4.658,4.889,5.609
"1385",2026-02-22 23:04:00,0.932,1.528,0.932,3.057892,5.013368,27.8151715190134,34.7907631225278,57.5607843137255,29.8232196681144,0,33.187762967283,80.3599964041165,4.693,4.93,5.63466666666667
"1386",2026-02-22 23:05:00,0.935,1.5325,0.935,3.067735,5.0281325,27.4663919388377,34.8779580175717,57.5607843137255,29.8208572692545,0,33.187762967283,80.199996411276,4.728,4.971,5.66033333333333
"1387",2026-02-22 23:06:00,0.938,1.537,0.938,3.077578,5.042897,27.7279766239695,35.0523478076595,57.5607843137255,29.8220384686845,0,33.187762967283,80.1199964148558,4.763,5.012,5.686
"1388",2026-02-22 23:07:00,0.941,1.5415,0.941,3.087421,5.0576615,27.9895613091013,35.2267375977474,57.5607843137255,29.8232196681144,0,33.187762967283,80.0399964184355,4.79783333333333,5.05516666666667,5.69366666666667
"1389",2026-02-22 23:08:00,0.944,1.546,0.944,3.097264,5.072426,28.2511459942331,35.4011273878353,57.5607843137255,29.8244008675443,0,33.187762967283,79.9599964220153,4.83266666666667,5.09833333333333,5.70133333333333
"1390",2026-02-22 23:09:00,0.947,1.5505,0.947,3.107107,5.0871905,28.5127306793649,35.5755171779231,57.5607843137255,29.8255820669742,0,33.187762967283,79.8799964255951,4.8675,5.1415,5.709
"1391",2026-02-22 23:10:00,0.95,1.555,0.95,3.11695,5.101955,28.7743153644966,35.749906968011,57.5607843137255,29.8267632664041,0,33.187762967283,79.7999964291749,4.90233333333333,5.18466666666667,5.71666666666667
"1392",2026-02-22 23:11:00,0.953,1.5595,0.953,3.126793,5.1167195,28.4255357843209,34.8779580175717,58.1223529411765,29.828535065549,0,33.187762967283,79.8799964255951,4.93716666666667,5.22783333333333,5.72433333333333
"1393",2026-02-22 23:12:00,0.956,1.564,0.956,3.136636,5.131484,28.0767562041452,34.0060090671324,58.6839215686275,29.8303068646939,0,33.187762967283,79.9599964220153,4.972,5.271,5.732
"1394",2026-02-22 23:13:00,0.959,1.5685,0.959,3.146479,5.1462485,27.7279766239695,33.1340601166931,59.2454901960784,29.8320786638388,0,33.187762967283,80.0399964184355,5.0155,5.305,5.7385
"1395",2026-02-22 23:14:00,0.962,1.573,0.962,3.156322,5.161013,27.3791970437938,32.2621111662538,59.8070588235294,29.8338504629836,0,33.187762967283,80.1199964148558,5.059,5.339,5.745
"1396",2026-02-22 23:15:00,0.965,1.5775,0.965,3.166165,5.1757775,27.0304174636181,31.3901622158145,60.3686274509804,29.8356222621285,0,33.187762967283,80.199996411276,5.1025,5.373,5.7515
"1397",2026-02-22 23:16:00,0.968,1.582,0.968,3.176008,5.190542,26.9432225685741,32.0877213761659,59.5262745098039,29.8379846609884,0,33.1778554413887,80.1399964139608,5.146,5.407,5.758
"1398",2026-02-22 23:17:00,0.971,1.5865,0.971,3.185851,5.2053065,26.8560276735302,32.7852805365174,58.6839215686275,29.8403470598482,0,33.1679479154945,80.0799964166457,5.1895,5.441,5.7645
"1399",2026-02-22 23:18:00,0.974,1.591,0.974,3.195694,5.220071,26.7688327784863,33.4828396968688,57.841568627451,29.842709458708,0,33.1580403896003,80.0199964193305,5.233,5.475,5.771
"1400",2026-02-22 23:19:00,0.977,1.5955,0.977,3.205537,5.2348355,26.6816378834423,34.1803988572203,56.9992156862745,29.8450718575679,0,33.1481328637061,79.9599964220153,5.2705,5.517,5.77316666666667
"1401",2026-02-22 23:20:00,0.98,1.6,0.98,3.21538,5.2496,26.5944429883984,34.8779580175717,56.156862745098,29.8474342564277,0,33.1382253378119,79.8999964247001,5.308,5.559,5.77533333333333
"1402",2026-02-22 23:21:00,0.9875,1.6115,0.9875,3.2399875,5.2873315,26.5944429883984,34.0932039621763,56.4376470588235,29.8462530569978,0,33.1183967121123,80.1199964148558,5.3455,5.601,5.7775
"1403",2026-02-22 23:22:00,0.995,1.623,0.995,3.264595,5.325063,26.5944429883984,33.308449906781,56.718431372549,29.8450718575679,0,33.0985680864126,80.3399964050114,5.383,5.643,5.77966666666667
"1404",2026-02-22 23:23:00,1.0025,1.6345,1.0025,3.2892025,5.3627945,26.5944429883984,32.5236958513856,56.9992156862745,29.843890658138,0,33.078739460713,80.559996395167,5.4205,5.685,5.78183333333333
"1405",2026-02-22 23:24:00,1.01,1.646,1.01,3.31381,5.400526,26.5944429883984,31.7389417959902,57.28,29.842709458708,0,33.0589108350133,80.7799963853226,5.458,5.727,5.784
"1406",2026-02-22 23:25:00,1.0175,1.6575,1.0175,3.3384175,5.4382575,26.5944429883984,30.9541877405949,57.5607843137255,29.8415282592781,0,33.0390822093137,80.9999963754782,5.496,5.768,5.78616666666667
"1407",2026-02-22 23:26:00,1.025,1.669,1.025,3.363025,5.475989,26.8560276735302,32.0877213761659,57.5607843137255,29.8385752607033,0,32.8897819969113,81.1799963674238,5.534,5.809,5.78833333333333
"1408",2026-02-22 23:27:00,1.0325,1.6805,1.0325,3.3876325,5.5137205,27.117612358662,33.221255011737,57.5607843137255,29.8356222621285,0,32.740481784509,81.3599963593693,5.572,5.85,5.7905
"1409",2026-02-22 23:28:00,1.04,1.692,1.04,3.41224,5.551452,27.3791970437938,34.3547886473081,57.5607843137255,29.8326692635537,0,32.5911815721067,81.5399963513148,5.61,5.891,5.79266666666667
"1410",2026-02-22 23:29:00,1.0475,1.7035,1.0475,3.4368475,5.5891835,27.6407817289256,35.4883222828792,57.5607843137255,29.8297162649789,0,32.4418813597043,81.7199963432603,5.648,5.932,5.79483333333333
"1411",2026-02-22 23:30:00,1.055,1.715,1.055,3.461455,5.626915,27.9023664140573,36.6218559184503,57.5607843137255,29.8267632664041,0,32.292581147302,81.8999963352058,5.686,5.973,5.797
"1412",2026-02-22 23:31:00,1.0625,1.7265,1.0625,3.4860625,5.6646465,28.2511459942331,36.7962457085381,57.5607843137255,29.828535065549,0,32.4220345608662,80.8799963808479,5.71833333333333,6.01733333333333,5.7905
"1413",2026-02-22 23:32:00,1.07,1.738,1.07,3.51067,5.702378,28.5999255744088,36.970635498626,57.5607843137255,29.8303068646939,0,32.5514879744304,79.85999642649,5.75066666666667,6.06166666666667,5.784
"1414",2026-02-22 23:33:00,1.0775,1.7495,1.0775,3.5352775,5.7401095,28.9487051545845,37.1450252887138,57.5607843137255,29.8320786638388,0,32.6809413879946,78.8399964721322,5.783,6.106,5.7775
"1415",2026-02-22 23:34:00,1.085,1.761,1.085,3.559885,5.777841,29.2974847347602,37.3194150788017,57.5607843137255,29.8338504629836,0,32.8103948015588,77.8199965177743,5.81533333333333,6.15033333333333,5.771
"1416",2026-02-22 23:35:00,1.0925,1.7725,1.0925,3.5844925,5.8155725,29.6462643149359,37.4938048688896,57.5607843137255,29.8356222621285,0,32.9398482151229,76.7999965634164,5.84766666666667,6.19466666666667,5.7645
"1417",2026-02-22 23:36:00,1.1,1.784,1.1,3.6091,5.853304,28.9487051545845,36.5346610234063,57.841568627451,29.8368034615584,0,32.9299179727021,77.4999965320934,5.88,6.239,5.758
"1418",2026-02-22 23:37:00,1.1075,1.7955,1.1075,3.6337075,5.8910355,28.2511459942331,35.5755171779231,58.1223529411765,29.8379846609884,0,32.9199877302812,78.1999965007704,5.93316666666667,6.27066666666667,5.76016666666667
"1419",2026-02-22 23:38:00,1.115,1.807,1.115,3.658315,5.928767,27.5535868338816,34.6163733324399,58.403137254902,29.8391658604183,0,32.9100574878604,78.8999964694473,5.98633333333333,6.30233333333333,5.76233333333333
"1420",2026-02-22 23:39:00,1.1225,1.8185,1.1225,3.6829225,5.9664985,26.8560276735302,33.6572294869567,58.6839215686274,29.8403470598482,0,32.9001272454395,79.5999964381243,6.0395,6.334,5.7645
"1421",2026-02-22 23:40:00,1.13,1.83,1.13,3.70753,6.00423,26.1584685131788,32.6980856414735,58.9647058823529,29.8415282592781,0,32.8901970030187,80.2999964068013,6.09266666666667,6.36566666666667,5.76666666666667
"1422",2026-02-22 23:41:00,1.1285,1.828,1.1285,3.7026085,5.997668,26.3328583032666,32.8724754315613,58.403137254902,29.8379846609884,0,32.9001272454395,80.0599964175406,6.14583333333333,6.39733333333333,5.76883333333333
"1423",2026-02-22 23:42:00,1.127,1.826,1.127,3.697687,5.991106,26.5072480933545,33.0468652216492,57.841568627451,29.8344410626986,0,32.9100574878604,79.8199964282799,6.199,6.429,5.771
"1424",2026-02-22 23:43:00,1.1255,1.824,1.1255,3.6927655,5.984544,26.6816378834423,33.221255011737,57.28,29.8308974644088,0,32.9199877302812,79.5799964390193,6.2405,6.475,5.7835
"1425",2026-02-22 23:44:00,1.124,1.822,1.124,3.687844,5.977982,26.8560276735302,33.3956448018249,56.718431372549,29.8273538661191,0,32.9299179727021,79.3399964497586,6.282,6.521,5.796
"1426",2026-02-22 23:45:00,1.1225,1.82,1.1225,3.6829225,5.97142,27.0304174636181,33.5700345919127,56.156862745098,29.8238102678293,0,32.9398482151229,79.0999964604979,6.3235,6.567,5.8085
"1427",2026-02-22 23:46:00,1.121,1.818,1.121,3.678001,5.964858,27.2048072537059,33.7444243820006,56.718431372549,29.8249914672593,0,32.9696115928521,78.9399964676575,6.365,6.613,5.821
"1428",2026-02-22 23:47:00,1.1195,1.816,1.1195,3.6730795,5.958296,27.3791970437938,33.9188141720885,57.28,29.8261726666892,0,32.9993749705813,78.779996474817,6.4065,6.659,5.8335
"1429",2026-02-22 23:48:00,1.118,1.814,1.118,3.668158,5.951734,27.5535868338816,34.0932039621763,57.841568627451,29.8273538661191,0,33.0291383483104,78.6199964819766,6.448,6.705,5.846
"1430",2026-02-22 23:49:00,1.1165,1.812,1.1165,3.6632365,5.945172,27.7279766239695,34.2675937522642,58.403137254902,29.828535065549,0,33.0589017260396,78.4599964891361,6.48783333333333,6.74383333333333,5.84933333333333
"1431",2026-02-22 23:50:00,1.115,1.81,1.115,3.658315,5.93861,27.9023664140573,34.441983542352,58.9647058823529,29.8297162649789,0,33.0886651037688,78.2999964962956,6.52766666666667,6.78266666666667,5.85266666666667
"1432",2026-02-22 23:51:00,1.1135,1.808,1.1135,3.6533935,5.932048,28.338340889277,35.1395427027035,58.6839215686274,29.8214478689695,0,33.0787485248778,78.1199965043501,6.5675,6.8215,5.856
"1433",2026-02-22 23:52:00,1.112,1.806,1.112,3.648472,5.925486,28.7743153644966,35.8371018630549,58.403137254902,29.8131794729601,0,33.0688319459867,77.9399965124046,6.60733333333333,6.86033333333333,5.85933333333333
"1434",2026-02-22 23:53:00,1.1105,1.804,1.1105,3.6435505,5.918924,29.2102898397163,36.5346610234063,58.1223529411765,29.8049110769506,0,33.0589153670957,77.7599965204591,6.64716666666667,6.89916666666667,5.86266666666667
"1435",2026-02-22 23:54:00,1.109,1.802,1.109,3.638629,5.912362,29.6462643149359,37.2322201837578,57.841568627451,29.7966426809412,0,33.0489987882047,77.5799965285136,6.687,6.938,5.866
"1436",2026-02-22 23:55:00,1.1075,1.8,1.1075,3.6337075,5.9058,30.0822387901556,37.9297793441092,57.5607843137255,29.7883742849318,0,33.0390822093137,77.3999965365681,6.7265,6.9855,5.85066666666667
"1437",2026-02-22 23:56:00,1.106,1.798,1.106,3.628786,5.899238,29.6462643149359,37.1450252887138,57.5607843137255,29.7954614815113,0,33.0390822093137,77.6399965258288,6.766,7.033,5.83533333333333
"1438",2026-02-22 23:57:00,1.1045,1.796,1.1045,3.6238645,5.892676,29.2102898397163,36.3602712333185,57.5607843137255,29.8025486780908,0,33.0390822093137,77.8799965150895,6.8055,7.0805,5.82
"1439",2026-02-22 23:58:00,1.103,1.794,1.103,3.618943,5.886114,28.7743153644966,35.5755171779231,57.5607843137255,29.8096358746703,0,33.0390822093137,78.1199965043501,6.845,7.128,5.80466666666667
"1440",2026-02-22 23:59:00,1.1015,1.792,1.1015,3.6140215,5.879552,28.338340889277,34.7907631225278,57.5607843137255,29.8167230712498,0,33.0390822093137,78.3599964936108,6.8845,7.1755,5.78933333333333
"1441",2026-02-23,1.1,1.79,1.1,3.6091,5.87299,27.9023664140573,34.0060090671324,57.5607843137255,29.8238102678293,0,33.0390822093137,78.5999964828715,6.924,7.223,5.774
"1442",2026-02-23 00:01:00,1.1025,1.7935,1.1025,3.6173025,5.8844735,27.3791970437938,33.7444243820006,57.28,29.8179042706797,0,33.029161087145,78.7599964757119,6.97666666666667,7.26516666666667,5.77133333333333
"1443",2026-02-23 00:02:00,1.105,1.797,1.105,3.625505,5.895957,26.8560276735302,33.4828396968688,56.9992156862745,29.8119982735302,0,33.0192399649763,78.9199964685524,7.02933333333333,7.30733333333333,5.76866666666667
"1444",2026-02-23 00:03:00,1.1075,1.8005,1.1075,3.6337075,5.9074405,26.3328583032666,33.221255011737,56.718431372549,29.8060922763806,0,33.0093188428076,79.0799964613928,7.082,7.3495,5.766
"1445",2026-02-23 00:04:00,1.11,1.804,1.11,3.64191,5.918924,25.809688933003,32.9596703266052,56.4376470588235,29.800186279231,0,32.999397720639,79.2399964542333,7.13466666666667,7.39166666666667,5.76333333333333
"1446",2026-02-23 00:05:00,1.1125,1.8075,1.1125,3.6501125,5.9304075,25.2865195627395,32.6980856414735,56.156862745098,29.7942802820814,0,32.9894765984703,79.3999964470737,7.18733333333333,7.43383333333333,5.76066666666667
"1447",2026-02-23 00:06:00,1.115,1.811,1.115,3.658315,5.941891,25.1121297726516,32.7852805365174,56.4376470588235,29.7942802820814,0,32.9894765984703,79.4399964452839,7.24,7.476,5.758
"1448",2026-02-23 00:07:00,1.1175,1.8145,1.1175,3.6665175,5.9533745,24.9377399825638,32.8724754315613,56.718431372549,29.7942802820814,0,32.9894765984703,79.479996443494,7.28916666666667,7.52033333333333,5.75466666666667
"1449",2026-02-23 00:08:00,1.12,1.818,1.12,3.67472,5.964858,24.7633501924759,32.9596703266052,56.9992156862745,29.7942802820814,0,32.9894765984703,79.5199964417041,7.33833333333333,7.56466666666667,5.75133333333333
"1450",2026-02-23 00:09:00,1.1225,1.8215,1.1225,3.6829225,5.9763415,24.588960402388,33.0468652216492,57.28,29.7942802820814,0,32.9894765984703,79.5599964399142,7.3875,7.609,5.748
"1451",2026-02-23 00:10:00,1.125,1.825,1.125,3.691125,5.987825,24.4145706123002,33.1340601166931,57.5607843137255,29.7942802820814,0,32.9894765984703,79.5999964381243,7.43666666666667,7.65333333333333,5.74466666666667
"1452",2026-02-23 00:11:00,1.1275,1.8285,1.1275,3.6993275,5.9993085,24.676155297432,33.4828396968688,57.5607843137255,29.7930990826515,0,32.9596858599293,79.7599964309648,7.48583333333333,7.69766666666667,5.74133333333333
"1453",2026-02-23 00:12:00,1.13,1.832,1.13,3.70753,6.010792,24.9377399825638,33.8316192770445,57.5607843137255,29.7919178832215,0,32.9298951213883,79.9199964238052,7.535,7.742,5.738
"1454",2026-02-23 00:13:00,1.1325,1.8355,1.1325,3.7157325,6.0222755,25.1993246676955,34.1803988572203,57.5607843137255,29.7907366837916,0,32.9001043828473,80.0799964166457,7.5735,7.789,5.71616666666667
"1455",2026-02-23 00:14:00,1.135,1.839,1.135,3.723935,6.033759,25.4609093528273,34.529178437396,57.5607843137255,29.7895554843617,0,32.8703136443063,80.2399964094861,7.612,7.836,5.69433333333333
"1456",2026-02-23 00:15:00,1.1375,1.8425,1.1375,3.7321375,6.0452425,25.7224940379591,34.8779580175717,57.5607843137255,29.7883742849318,0,32.8405229057653,80.3999964023266,7.6505,7.883,5.6725
"1457",2026-02-23 00:16:00,1.14,1.846,1.14,3.74034,6.056726,26.5072480933545,35.3139324927913,57.28,29.7866024857869,0,32.8007376311177,80.5199963969569,7.689,7.93,5.65066666666667
"1458",2026-02-23 00:17:00,1.1425,1.8495,1.1425,3.7485425,6.0682095,27.2920021487498,35.749906968011,56.9992156862745,29.784830686642,0,32.7609523564701,80.6399963915872,7.7275,7.977,5.62883333333333
"1459",2026-02-23 00:18:00,1.145,1.853,1.145,3.756745,6.079693,28.0767562041452,36.1858814432306,56.718431372549,29.7830588874972,0,32.7211670818225,80.7599963862176,7.766,8.024,5.607
"1460",2026-02-23 00:19:00,1.1475,1.8565,1.1475,3.7649475,6.0911765,28.8615102595406,36.6218559184503,56.4376470588235,29.7812870883523,0,32.6813818071749,80.8799963808479,7.81366666666667,8.07216666666667,5.60266666666667
"1461",2026-02-23 00:20:00,1.15,1.86,1.15,3.77315,6.10266,29.6462643149359,37.0578303936699,56.156862745098,29.7795152892074,0,32.6415965325273,80.9999963754782,7.86133333333333,8.12033333333333,5.59833333333333
"1462",2026-02-23 00:21:00,1.1545,1.868,1.1545,3.7879145,6.128908,29.2974847347602,37.2322201837578,56.4376470588235,29.7795152892074,0,32.5318025162224,81.3799963584743,7.909,8.1685,5.594
"1463",2026-02-23 00:22:00,1.159,1.876,1.159,3.802679,6.155156,28.9487051545845,37.4066099738456,56.718431372549,29.7795152892074,0,32.4220084999175,81.7599963414704,7.95666666666667,8.21666666666667,5.58966666666667
"1464",2026-02-23 00:23:00,1.1635,1.884,1.1635,3.8174435,6.181404,28.5999255744088,37.5809997639335,56.9992156862745,29.7795152892074,0,32.3122144836125,82.1399963244665,8.00433333333333,8.26483333333333,5.58533333333333
"1465",2026-02-23 00:24:00,1.168,1.892,1.168,3.832208,6.207652,28.2511459942331,37.7553895540213,57.28,29.7795152892074,0,32.2024204673076,82.5199963074625,8.052,8.313,5.581
"1466",2026-02-23 00:25:00,1.1725,1.9,1.1725,3.8469725,6.2339,27.9023664140573,37.9297793441092,57.5607843137255,29.7795152892074,0,32.0926264510027,82.8999962904586,8.0985,8.35233333333333,5.57816666666667
"1467",2026-02-23 00:26:00,1.177,1.908,1.177,3.861737,6.260148,27.4663919388377,37.0578303936699,57.28,29.7789246894924,0,32.1625610506112,83.0799962824041,8.145,8.39166666666667,5.57533333333333
"1468",2026-02-23 00:27:00,1.1815,1.916,1.1815,3.8765015,6.286396,27.0304174636181,36.1858814432306,56.9992156862745,29.7783340897775,0,32.2324956502197,83.2599962743496,8.1915,8.431,5.5725
"1469",2026-02-23 00:28:00,1.186,1.924,1.186,3.891266,6.312644,26.5944429883984,35.3139324927913,56.718431372549,29.7777434900625,0,32.3024302498283,83.4399962662951,8.238,8.47033333333333,5.56966666666667
"1470",2026-02-23 00:29:00,1.1905,1.932,1.1905,3.9060305,6.338892,26.1584685131788,34.441983542352,56.4376470588235,29.7771528903476,0,32.3723648494368,83.6199962582406,8.2845,8.50966666666667,5.56683333333333
"1471",2026-02-23 00:30:00,1.195,1.94,1.195,3.920795,6.36514,25.7224940379591,33.5700345919127,56.156862745098,29.7765622906326,0,32.4422994490453,83.7999962501862,8.331,8.549,5.564
"1472",2026-02-23 00:31:00,1.1995,1.948,1.1995,3.9355595,6.391388,26.6816378834423,34.0932039621763,56.156862745098,29.7771528903476,0,32.4223417079065,83.5999962591356,8.37333333333333,8.5955,5.54333333333333
"1473",2026-02-23 00:32:00,1.204,1.956,1.204,3.950324,6.417636,27.6407817289256,34.6163733324399,56.156862745098,29.7777434900625,0,32.4023839667678,83.399996268085,8.41566666666667,8.642,5.52266666666667
"1474",2026-02-23 00:33:00,1.2085,1.964,1.2085,3.9650885,6.443884,28.5999255744088,35.1395427027035,56.156862745098,29.7783340897775,0,32.382426225629,83.1999962770345,8.458,8.6885,5.502
"1475",2026-02-23 00:34:00,1.213,1.972,1.213,3.979853,6.470132,29.559069419892,35.662712072967,56.156862745098,29.7789246894924,0,32.3624684844902,82.9999962859839,8.50033333333333,8.735,5.48133333333333
"1476",2026-02-23 00:35:00,1.2175,1.98,1.2175,3.9946175,6.49638,30.5182132653752,36.1858814432306,56.156862745098,29.7795152892074,0,32.3425107433514,82.7999962949333,8.54266666666667,8.7815,5.46066666666667
"1477",2026-02-23 00:36:00,1.222,1.988,1.222,4.009382,6.522628,28.9487051545845,35.749906968011,56.156862745098,29.7801058889224,0,32.3125388303389,83.3399962707698,8.585,8.828,5.44
"1478",2026-02-23 00:37:00,1.2265,1.996,1.2265,4.0241465,6.548876,27.3791970437938,35.3139324927913,56.156862745098,29.7806964886373,0,32.2825669173263,83.8799962466064,8.617,8.87116666666667,5.4295
"1479",2026-02-23 00:38:00,1.231,2.004,1.231,4.038911,6.575124,25.809688933003,34.8779580175717,56.156862745098,29.7812870883523,0,32.2525950043138,84.4199962224429,8.649,8.91433333333333,5.419
"1480",2026-02-23 00:39:00,1.2355,2.012,1.2355,4.0536755,6.601372,24.2401808222123,34.441983542352,56.156862745098,29.7818776880672,0,32.2226230913012,84.9599961982794,8.681,8.9575,5.4085
"1481",2026-02-23 00:40:00,1.24,2.02,1.24,4.06844,6.62762,22.6706727114216,34.0060090671324,56.156862745098,29.7824682877822,0,32.1926511782886,85.499996174116,8.713,9.00066666666667,5.398
"1482",2026-02-23 00:41:00,1.2445,2.026,1.2445,4.0832045,6.647306,22.6706727114216,33.5700345919128,56.156862745098,29.7777434900625,0,32.102478321131,85.4399961768008,8.745,9.04383333333333,5.3875
"1483",2026-02-23 00:42:00,1.249,2.032,1.249,4.097969,6.666992,22.6706727114216,33.1340601166931,56.156862745098,29.7730186923429,0,32.0123054639733,85.3799961794856,8.777,9.087,5.377
"1484",2026-02-23 00:43:00,1.2535,2.038,1.2535,4.1127335,6.686678,22.6706727114216,32.6980856414735,56.156862745098,29.7682938946232,0,31.9221326068157,85.3199961821704,8.80783333333333,9.129,5.3655
"1485",2026-02-23 00:44:00,1.258,2.044,1.258,4.127498,6.706364,22.6706727114216,32.2621111662538,56.156862745098,29.7635690969035,0,31.831959749658,85.2599961848553,8.83866666666667,9.171,5.354
"1486",2026-02-23 00:45:00,1.2625,2.05,1.2625,4.1422625,6.72605,22.6706727114216,31.8261366910342,56.156862745098,29.7588442991838,0,31.7417868925004,85.1999961875401,8.8695,9.213,5.3425
"1487",2026-02-23 00:46:00,1.267,2.056,1.267,4.157027,6.745736,24.0657910321245,33.4828396968688,56.4376470588235,29.7612066980437,0,31.7518253176705,85.2799961839603,8.90033333333333,9.255,5.331
"1488",2026-02-23 00:47:00,1.2715,2.062,1.2715,4.1717915,6.765422,25.4609093528273,35.1395427027035,56.718431372549,29.7635690969035,0,31.7618637428407,85.3599961803805,8.93116666666667,9.297,5.3195
"1489",2026-02-23 00:48:00,1.276,2.068,1.276,4.186556,6.785108,26.8560276735302,36.7962457085381,56.9992156862745,29.7659314957633,0,31.7719021680108,85.4399961768008,8.962,9.339,5.308
"1490",2026-02-23 00:49:00,1.2805,2.074,1.2805,4.2013205,6.804794,28.2511459942331,38.4529487143728,57.28,29.7682938946232,0,31.7819405931809,85.519996173221,8.9935,9.37683333333333,5.29433333333333
"1491",2026-02-23 00:50:00,1.285,2.08,1.285,4.216085,6.82448,29.6462643149359,40.1096517202074,57.5607843137255,29.770656293483,0,31.7919790183511,85.5999961696412,9.025,9.41466666666667,5.28066666666667
"1492",2026-02-23 00:51:00,1.2895,2.086,1.2895,4.2308495,6.844166,28.8615102595406,39.0633129796803,56.9992156862745,29.7694750940531,0,31.6408884910519,86.3999961338435,9.0565,9.4525,5.267
"1493",2026-02-23 00:52:00,1.294,2.092,1.294,4.245614,6.863852,28.0767562041452,38.0169742391531,56.4376470588235,29.7682938946232,0,31.4897979637527,87.1999960980457,9.088,9.49033333333333,5.25333333333333
"1494",2026-02-23 00:53:00,1.2985,2.098,1.2985,4.2603785,6.883538,27.2920021487498,36.970635498626,55.8760784313726,29.7671126951933,0,31.3387074364535,87.999996062248,9.1195,9.52816666666667,5.23966666666667
"1495",2026-02-23 00:54:00,1.303,2.104,1.303,4.275143,6.903224,26.5072480933545,35.9242967580988,55.3145098039216,29.7659314957633,0,31.1876169091543,88.7999960264502,9.151,9.566,5.226
"1496",2026-02-23 00:55:00,1.3075,2.11,1.3075,4.2899075,6.92291,25.7224940379591,34.8779580175717,54.7529411764706,29.7647502963334,0,31.0365263818551,89.5999959906525,9.20433333333333,9.60583333333333,5.21183333333333
"1497",2026-02-23 00:56:00,1.312,2.116,1.312,4.304672,6.942596,26.0712736181348,34.8779580175717,55.0337254901961,29.7594348988988,0,30.9757765486603,89.8199959808081,9.25766666666667,9.64566666666667,5.19766666666667
"1498",2026-02-23 00:57:00,1.3165,2.122,1.3165,4.3194365,6.962282,26.4200531983106,34.8779580175717,55.3145098039216,29.7541195014642,0,30.9150267154655,90.0399959709637,9.311,9.6855,5.1835
"1499",2026-02-23 00:58:00,1.321,2.128,1.321,4.334201,6.981968,26.7688327784863,34.8779580175717,55.5952941176471,29.7488041040295,0,30.8542768822707,90.2599959611193,9.36433333333333,9.72533333333333,5.16933333333333
"1500",2026-02-23 00:59:00,1.3255,2.134,1.3255,4.3489655,7.001654,27.117612358662,34.8779580175717,55.8760784313725,29.7434887065949,0,30.7935270490759,90.479995951275,9.41766666666667,9.76516666666667,5.15516666666667
"1501",2026-02-23 01:00:00,1.33,2.14,1.33,4.36373,7.02134,27.4663919388377,34.8779580175717,56.156862745098,29.7381733091603,0,30.7327772158811,90.6999959414306,9.471,9.805,5.141
"1502",2026-02-23 01:01:00,1.328,2.137,1.328,4.357168,7.011497,27.3791970437938,34.6163733324399,55.8760784313725,29.7399451083051,0,30.7530473859993,90.7999959369559,9.50841666666667,9.83083333333333,5.12566666666667
"1503",2026-02-23 01:02:00,1.326,2.134,1.326,4.350606,7.001654,27.2920021487498,34.3547886473081,55.5952941176471,29.74171690745,0,30.7733175561176,90.8999959324811,9.54583333333333,9.85666666666667,5.11033333333333
"1504",2026-02-23 01:03:00,1.324,2.131,1.324,4.344044,6.991811,27.2048072537059,34.0932039621763,55.3145098039216,29.7434887065949,0,30.7935877262358,90.9999959280064,9.58325,9.8825,5.095
"1505",2026-02-23 01:04:00,1.322,2.128,1.322,4.337482,6.981968,27.117612358662,33.8316192770445,55.0337254901961,29.7452605057398,0,30.8138578963541,91.0999959235317,9.62066666666667,9.90833333333333,5.07966666666667
"1506",2026-02-23 01:05:00,1.32,2.125,1.32,4.33092,6.972125,27.0304174636181,33.5700345919127,54.7529411764706,29.7470323048847,0,30.8341280664723,91.199995919057,9.65808333333333,9.93416666666667,5.06433333333333
"1507",2026-02-23 01:06:00,1.318,2.122,1.318,4.324358,6.962282,26.8560276735302,33.7444243820006,55.0337254901961,29.7446699060248,0,30.7935673666632,91.4999959056328,9.6955,9.96,5.049
"1508",2026-02-23 01:07:00,1.316,2.119,1.316,4.317796,6.952439,26.6816378834423,33.9188141720885,55.3145098039216,29.742307507165,0,30.753006666854,91.7999958922087,9.73291666666667,9.98783333333333,5.03433333333333
"1509",2026-02-23 01:08:00,1.314,2.116,1.314,4.311234,6.942596,26.5072480933545,34.0932039621763,55.5952941176471,29.7399451083051,0,30.7124459670449,92.0999958787845,9.77033333333333,10.0156666666667,5.01966666666667
"1510",2026-02-23 01:09:00,1.312,2.113,1.312,4.304672,6.932753,26.3328583032666,34.2675937522642,55.8760784313725,29.7375827094453,0,30.6718852672357,92.3999958653604,9.80775,10.0435,5.005
"1511",2026-02-23 01:10:00,1.31,2.11,1.31,4.29811,6.92291,26.1584685131788,34.441983542352,56.156862745098,29.7352203105855,0,30.6313245674266,92.6999958519362,9.84516666666667,10.0713333333333,4.99033333333333
"1512",2026-02-23 01:11:00,1.308,2.107,1.308,4.291548,6.913067,27.0304174636181,34.8779580175717,56.156862745098,29.7387639088752,0,30.6008503775018,92.979995839407,9.88258333333333,10.0991666666667,4.97566666666667
"1513",2026-02-23 01:12:00,1.306,2.104,1.306,4.284986,6.903224,27.9023664140573,35.3139324927913,56.156862745098,29.742307507165,0,30.5703761875769,93.2599958268778,9.92,10.127,4.961
"1514",2026-02-23 01:13:00,1.304,2.101,1.304,4.278424,6.893381,28.7743153644966,35.749906968011,56.156862745098,29.7458511054547,0,30.5399019976521,93.5399958143486,9.94375,10.156,4.955
"1515",2026-02-23 01:14:00,1.302,2.098,1.302,4.271862,6.883538,29.6462643149359,36.1858814432306,56.156862745098,29.7493947037445,0,30.5094278077273,93.8199958018194,9.9675,10.185,4.949
"1516",2026-02-23 01:15:00,1.3,2.095,1.3,4.2653,6.873695,30.5182132653752,36.6218559184503,56.156862745098,29.7529383020342,0,30.4789536178025,94.0999957892902,9.99125,10.214,4.943
"1517",2026-02-23 01:16:00,1.298,2.092,1.298,4.258738,6.863852,29.9950438951116,36.1858814432306,55.8760784313725,29.7488041040295,0,30.4687852649001,94.3399957785509,10.015,10.243,4.937
"1518",2026-02-23 01:17:00,1.296,2.089,1.296,4.252176,6.854009,29.4718745248481,35.749906968011,55.5952941176471,29.7446699060248,0,30.4586169119977,94.5799957678115,10.03875,10.272,4.931
"1519",2026-02-23 01:18:00,1.294,2.086,1.294,4.245614,6.844166,28.9487051545845,35.3139324927913,55.3145098039216,29.7405357080201,0,30.4484485590954,94.8199957570722,10.0625,10.301,4.925
"1520",2026-02-23 01:19:00,1.292,2.083,1.292,4.239052,6.834323,28.4255357843209,34.8779580175717,55.0337254901961,29.7364015100154,0,30.438280206193,95.0599957463329,10.08625,10.3326666666667,4.90466666666667
"1521",2026-02-23 01:20:00,1.29,2.08,1.29,4.23249,6.82448,27.9023664140573,34.441983542352,54.7529411764706,29.7322673120107,0,30.4281118532906,95.2999957355936,10.11,10.3643333333333,4.88433333333333
"1522",2026-02-23 01:21:00,1.2975,2.091,1.2975,4.2570975,6.860571,27.7279766239695,34.441983542352,55.3145098039216,29.7340391111556,0,30.4484434058054,95.4999957266441,10.13375,10.396,4.864
"1523",2026-02-23 01:22:00,1.305,2.102,1.305,4.281705,6.896662,27.5535868338816,34.441983542352,55.8760784313726,29.7358109103004,0,30.4687749583203,95.6999957176947,10.1575,10.4276666666667,4.84366666666667
"1524",2026-02-23 01:23:00,1.3125,2.113,1.3125,4.3063125,6.932753,27.3791970437938,34.441983542352,56.4376470588235,29.7375827094453,0,30.4891065108351,95.8999957087453,10.18125,10.4593333333333,4.82333333333333
"1525",2026-02-23 01:24:00,1.32,2.124,1.32,4.33092,6.968844,27.2048072537059,34.441983542352,56.9992156862745,29.7393545085902,0,30.5094380633499,96.0999956997958,10.205,10.491,4.803
"1526",2026-02-23 01:25:00,1.3275,2.135,1.3275,4.3555275,7.004935,27.0304174636181,34.441983542352,57.5607843137255,29.7411263077351,0,30.5297696158647,96.2999956908464,10.2334166666667,10.5128333333333,4.77133333333333
"1527",2026-02-23 01:26:00,1.335,2.146,1.335,4.380135,7.041026,26.3328583032666,33.6572294869567,57.28,29.7393545085902,0,30.5500806061771,96.3999956863717,10.2618333333333,10.5346666666667,4.73966666666667
"1528",2026-02-23 01:27:00,1.3425,2.157,1.3425,4.4047425,7.077117,25.6352991429152,32.8724754315613,56.9992156862745,29.7375827094453,0,30.5703915964894,96.4999956818969,10.29025,10.5565,4.708
"1529",2026-02-23 01:28:00,1.35,2.168,1.35,4.42935,7.113208,24.9377399825638,32.087721376166,56.718431372549,29.7358109103004,0,30.5907025868018,96.5999956774222,10.3186666666667,10.5783333333333,4.67633333333333
"1530",2026-02-23 01:29:00,1.3575,2.179,1.3575,4.4539575,7.149299,24.2401808222123,31.3029673207706,56.4376470588235,29.7340391111556,0,30.6110135771142,96.6999956729475,10.3470833333333,10.6001666666667,4.64466666666667
"1531",2026-02-23 01:30:00,1.365,2.19,1.365,4.478565,7.18539,23.5426216618609,30.5182132653752,56.156862745098,29.7322673120107,0,30.6313245674266,96.7999956684728,10.3755,10.622,4.613
"1532",2026-02-23 01:31:00,1.3725,2.201,1.3725,4.5031725,7.221481,23.1938420816852,30.5182132653752,55.3145098039216,29.7316767122957,0,30.6211716361843,96.8999956639981,10.4039166666667,10.6455,4.59766666666667
"1533",2026-02-23 01:32:00,1.38,2.212,1.38,4.52778,7.257572,22.8450625015095,30.5182132653752,54.4721568627451,29.7310861125808,0,30.611018704942,96.9999956595233,10.4323333333333,10.669,4.58233333333333
"1534",2026-02-23 01:33:00,1.3875,2.223,1.3875,4.5523875,7.293663,22.4962829213337,30.5182132653752,53.6298039215686,29.7304955128658,0,30.6008657736997,97.0999956550486,10.46075,10.6925,4.567
"1535",2026-02-23 01:34:00,1.395,2.234,1.395,4.576995,7.329754,22.147503341158,30.5182132653752,52.7874509803922,29.7299049131508,0,30.5907128424574,97.1999956505739,10.4891666666667,10.716,4.55166666666667
"1536",2026-02-23 01:35:00,1.4025,2.245,1.4025,4.6016025,7.365845,21.7987237609823,30.5182132653752,51.9450980392157,29.7293143134359,0,30.5805599112152,97.2999956460992,10.5175833333333,10.7395,4.53633333333333
"1537",2026-02-23 01:36:00,1.41,2.256,1.41,4.62621,7.401936,21.7987237609823,30.6054081604192,51.9450980392157,29.7287237137209,0,30.5805599112152,97.3599956434144,10.546,10.763,4.521
"1538",2026-02-23 01:37:00,1.4175,2.267,1.4175,4.6508175,7.438027,21.7987237609823,30.6926030554631,51.9450980392157,29.728133114006,0,30.5805599112152,97.4199956407295,10.5838333333333,10.7958333333333,4.51766666666667
"1539",2026-02-23 01:38:00,1.425,2.278,1.425,4.675425,7.474118,21.7987237609823,30.779797950507,51.9450980392157,29.727542514291,0,30.5805599112152,97.4799956380447,10.6216666666667,10.8286666666667,4.51433333333333
"1540",2026-02-23 01:39:00,1.4325,2.289,1.4325,4.7000325,7.510209,21.7987237609823,30.8669928455509,51.9450980392157,29.726951914576,0,30.5805599112152,97.5399956353599,10.6595,10.8615,4.511
"1541",2026-02-23 01:40:00,1.44,2.3,1.44,4.72464,7.5463,21.7987237609823,30.9541877405949,51.9450980392157,29.7263613148611,0,30.5805599112152,97.599995632675,10.6973333333333,10.8943333333333,4.50766666666667
"1542",2026-02-23 01:41:00,1.442,2.3045,1.442,4.731202,7.5610645,22.147503341158,31.3029673207706,52.5066666666667,29.7251801154312,0,30.5805599112152,97.6799956290953,10.7351666666667,10.9271666666667,4.50433333333333
"1543",2026-02-23 01:42:00,1.444,2.309,1.444,4.737764,7.575829,22.4962829213337,31.6517469009463,53.0682352941177,29.7239989160012,0,30.5805599112152,97.7599956255155,10.773,10.96,4.501
"1544",2026-02-23 01:43:00,1.446,2.3135,1.446,4.744326,7.5905935,22.8450625015095,32.000526481122,53.6298039215686,29.7228177165713,0,30.5805599112152,97.8399956219357,10.7921666666667,10.9856666666667,4.47433333333333
"1545",2026-02-23 01:44:00,1.448,2.318,1.448,4.750888,7.605358,23.1938420816852,32.3493060612977,54.1913725490196,29.7216365171414,0,30.5805599112152,97.9199956183559,10.8113333333333,11.0113333333333,4.44766666666667
"1546",2026-02-23 01:45:00,1.45,2.3225,1.45,4.75745,7.6201225,23.5426216618609,32.6980856414735,54.7529411764706,29.7204553177115,0,30.5805599112152,97.9999956147762,10.8305,11.037,4.421
"1547",2026-02-23 01:46:00,1.452,2.327,1.452,4.764012,7.634887,23.1066471866412,32.9596703266052,54.4721568627451,29.7186835185666,0,30.6110033721483,98.0199956138812,10.8496666666667,11.0626666666667,4.39433333333333
"1548",2026-02-23 01:47:00,1.454,2.3315,1.454,4.770574,7.6496515,22.6706727114216,33.221255011737,54.1913725490196,29.7169117194217,0,30.6414468330815,98.0399956129863,10.8688333333333,11.0883333333333,4.36766666666667
"1549",2026-02-23 01:48:00,1.456,2.336,1.456,4.777136,7.664416,22.2346982362019,33.4828396968688,53.9105882352941,29.7151399202769,0,30.6718902940147,98.0599956120913,10.888,11.114,4.341
"1550",2026-02-23 01:49:00,1.458,2.3405,1.458,4.783698,7.6791805,21.7987237609823,33.7444243820006,53.6298039215686,29.713368121132,0,30.7023337549479,98.0799956111964,10.9156666666667,11.1511666666667,4.3125
"1551",2026-02-23 01:50:00,1.46,2.345,1.46,4.79026,7.693945,21.3627492857627,34.0060090671324,53.3490196078431,29.7115963219871,0,30.7327772158811,98.0999956103014,10.9433333333333,11.1883333333333,4.284
"1552",2026-02-23 01:51:00,1.462,2.3495,1.462,4.796822,7.7087095,21.5371390758505,33.5700345919128,53.6298039215686,29.7080527236974,0,30.7226345022854,98.1599956076166,10.971,11.2255,4.2555
"1553",2026-02-23 01:52:00,1.464,2.354,1.464,4.803384,7.723474,21.7115288659384,33.1340601166931,53.9105882352941,29.7045091254076,0,30.7124917886897,98.2199956049318,10.9986666666667,11.2626666666667,4.227
"1554",2026-02-23 01:53:00,1.466,2.3585,1.466,4.809946,7.7382385,21.8859186560262,32.6980856414735,54.1913725490196,29.7009655271178,0,30.702349075094,98.279995602247,11.0263333333333,11.2998333333333,4.1985
"1555",2026-02-23 01:54:00,1.468,2.363,1.468,4.816508,7.753003,22.0603084461141,32.2621111662538,54.4721568627451,29.6974219288281,0,30.6922063614983,98.3399955995621,11.054,11.337,4.17
"1556",2026-02-23 01:55:00,1.47,2.3675,1.47,4.82307,7.7677675,22.234698236202,31.8261366910342,54.7529411764706,29.6938783305383,0,30.6820636479026,98.3999955968773,11.062,11.365,4.15516666666667
"1557",2026-02-23 01:56:00,1.472,2.372,1.472,4.829632,7.782532,22.5834778163777,32.000526481122,54.4721568627451,29.6962407293982,0,30.7023439852091,98.4399955950874,11.07,11.393,4.14033333333333
"1558",2026-02-23 01:57:00,1.474,2.3765,1.474,4.836194,7.7972965,22.9322573965534,32.1749162712099,54.1913725490196,29.698603128258,0,30.7226243225157,98.4799955932975,11.078,11.421,4.1255
"1559",2026-02-23 01:58:00,1.476,2.381,1.476,4.842756,7.812061,23.2810369767291,32.3493060612977,53.9105882352941,29.7009655271178,0,30.7429046598222,98.5199955915076,11.086,11.449,4.11066666666667
"1560",2026-02-23 01:59:00,1.478,2.3855,1.478,4.849318,7.8268255,23.6298165569048,32.5236958513856,53.6298039215686,29.7033279259777,0,30.7631849971288,98.5599955897177,11.094,11.477,4.09583333333333
"1561",2026-02-23 02:00:00,1.48,2.39,1.48,4.85588,7.84159,23.9785961370805,32.6980856414735,53.3490196078431,29.7056903248375,0,30.7834653344354,98.5999955879279,11.102,11.505,4.081
"1562",2026-02-23 02:01:00,1.4805,2.389,1.4805,4.8575205,7.838309,24.0657910321245,33.0468652216492,53.3490196078431,29.7003749274029,0,30.7834653344354,98.6199955870329,11.1395,11.5251666666667,4.06583333333333
"1563",2026-02-23 02:02:00,1.481,2.388,1.481,4.859161,7.835028,24.1529859271684,33.3956448018249,53.3490196078431,29.6950595299683,0,30.7834653344354,98.639995586138,11.177,11.5453333333333,4.05066666666667
"1564",2026-02-23 02:03:00,1.4815,2.387,1.4815,4.8608015,7.831747,24.2401808222123,33.7444243820006,53.3490196078431,29.6897441325336,0,30.7834653344354,98.659995585243,11.2145,11.5655,4.0355
"1565",2026-02-23 02:04:00,1.482,2.386,1.482,4.862442,7.828466,24.3273757172562,34.0932039621763,53.3490196078431,29.684428735099,0,30.7834653344354,98.6799955843481,11.252,11.5856666666667,4.02033333333333
"1566",2026-02-23 02:05:00,1.4825,2.385,1.4825,4.8640825,7.825185,24.4145706123002,34.441983542352,53.3490196078431,29.6791133376644,0,30.7834653344354,98.6999955834531,11.2895,11.6058333333333,4.00516666666667
"1567",2026-02-23 02:06:00,1.483,2.384,1.483,4.865723,7.821904,24.4145706123002,34.0932039621763,53.0682352941176,29.6820663362392,0,30.7935978808428,98.7399955816633,11.327,11.626,3.99
"1568",2026-02-23 02:07:00,1.4835,2.383,1.4835,4.8673635,7.818623,24.4145706123002,33.7444243820006,52.7874509803922,29.685019334814,0,30.8037304272502,98.7799955798734,11.34,11.6468333333333,3.96866666666667
"1569",2026-02-23 02:08:00,1.484,2.382,1.484,4.869004,7.815342,24.4145706123002,33.3956448018249,52.5066666666667,29.6879723333887,0,30.8138629736576,98.8199955780835,11.353,11.6676666666667,3.94733333333333
"1570",2026-02-23 02:09:00,1.4845,2.381,1.4845,4.8706445,7.812061,24.4145706123002,33.0468652216492,52.2258823529412,29.6909253319635,0,30.823995520065,98.8599955762936,11.366,11.6885,3.926
"1571",2026-02-23 02:10:00,1.485,2.38,1.485,4.872285,7.80878,24.4145706123002,32.6980856414735,51.9450980392157,29.6938783305383,0,30.8341280664723,98.8999955745037,11.379,11.7093333333333,3.90466666666667
"1572",2026-02-23 02:11:00,1.4855,2.379,1.4855,4.8739255,7.805499,23.2810369767291,31.4773571108584,50.5411764705882,29.6915159316785,0,30.8442555481248,98.9199955736088,11.392,11.7301666666667,3.88333333333333
"1573",2026-02-23 02:12:00,1.486,2.378,1.486,4.875566,7.802218,22.147503341158,30.2566285802434,49.1372549019608,29.6891535328187,0,30.8543830297772,98.9399955727138,11.405,11.751,3.862
"1574",2026-02-23 02:13:00,1.4865,2.377,1.4865,4.8772065,7.798937,21.0139697055869,29.0359000496284,47.7333333333333,29.6867911339588,0,30.8645105114297,98.9599955718189,11.4255,11.7668333333333,3.83783333333333
"1575",2026-02-23 02:14:00,1.487,2.376,1.487,4.878847,7.795656,19.8804360700159,27.8151715190134,46.3294117647059,29.684428735099,0,30.8746379930821,98.9799955709239,11.446,11.7826666666667,3.81366666666667
"1576",2026-02-23 02:15:00,1.4875,2.375,1.4875,4.8804875,7.792375,18.7469024344448,26.5944429883984,44.9254901960784,29.6820663362392,0,30.8847654747346,98.999995570029,11.4665,11.7985,3.7895
"1577",2026-02-23 02:16:00,1.488,2.374,1.488,4.882128,7.789094,19.0956820146205,27.4663919388377,43.521568627451,29.6797039373793,0,30.8847654747346,98.999995570029,11.487,11.8143333333333,3.76533333333333
"1578",2026-02-23 02:17:00,1.4885,2.373,1.4885,4.8837685,7.785813,19.4444615947962,28.338340889277,42.1176470588235,29.6773415385195,0,30.8847654747346,98.999995570029,11.5075,11.8301666666667,3.74116666666667
"1579",2026-02-23 02:18:00,1.489,2.372,1.489,4.885409,7.782532,19.7932411749719,29.2102898397163,40.7137254901961,29.6749791396596,0,30.8847654747346,98.999995570029,11.528,11.846,3.717
"1580",2026-02-23 02:19:00,1.4895,2.371,1.4895,4.8870495,7.779251,20.1420207551476,30.0822387901556,39.3098039215686,29.6726167407998,0,30.8847654747346,98.999995570029,11.5496666666667,11.8673333333333,3.70333333333333
"1581",2026-02-23 02:20:00,1.49,2.37,1.49,4.88869,7.77597,20.4908003353234,30.9541877405949,37.9058823529412,29.67025434194,0,30.8847654747346,98.999995570029,11.5713333333333,11.8886666666667,3.68966666666667
"1582",2026-02-23 02:21:00,1.495,2.3785,1.495,4.905095,7.8038585,20.7523850204552,31.9133315860781,38.4674509803922,29.6690731425101,0,30.8948879041482,98.999995570029,11.593,11.91,3.676
"1583",2026-02-23 02:22:00,1.5,2.387,1.5,4.9215,7.831747,21.0139697055869,32.8724754315613,39.0290196078431,29.6678919430801,0,30.9050103335618,98.999995570029,11.6146666666667,11.9313333333333,3.66233333333333
"1584",2026-02-23 02:23:00,1.505,2.3955,1.505,4.937905,7.8596355,21.2755543907187,33.8316192770445,39.5905882352941,29.6667107436502,0,30.9151327629754,98.999995570029,11.6363333333333,11.9526666666667,3.64866666666667
"1585",2026-02-23 02:24:00,1.51,2.404,1.51,4.95431,7.887524,21.5371390758505,34.7907631225278,40.1521568627451,29.6655295442203,0,30.925255192389,98.999995570029,11.658,11.974,3.635
"1586",2026-02-23 02:25:00,1.515,2.4125,1.515,4.970715,7.9154125,21.7987237609823,35.749906968011,40.7137254901961,29.6643483447904,0,30.9353776218025,98.999995570029,11.6738333333333,11.9898333333333,3.6225
"1587",2026-02-23 02:26:00,1.52,2.421,1.52,4.98712,7.943301,21.7115288659384,34.3547886473081,40.1521568627451,29.6631671453605,0,30.925255192389,99.0399955682391,11.6896666666667,12.0056666666667,3.61
"1588",2026-02-23 02:27:00,1.525,2.4295,1.525,5.003525,7.9711895,21.6243339708944,32.9596703266052,39.5905882352941,29.6619859459305,0,30.9151327629754,99.0799955664492,11.7055,12.0215,3.5975
"1589",2026-02-23 02:28:00,1.53,2.438,1.53,5.01993,7.999078,21.5371390758505,31.5645520059024,39.0290196078431,29.6608047465006,0,30.9050103335618,99.1199955646593,11.7213333333333,12.0373333333333,3.585
"1590",2026-02-23 02:29:00,1.535,2.4465,1.535,5.036335,8.0269665,21.4499441808066,30.1694336851995,38.4674509803922,29.6596235470707,0,30.8948879041482,99.1599955628694,11.7371666666667,12.0531666666667,3.5725
"1591",2026-02-23 02:30:00,1.54,2.455,1.54,5.05274,8.054855,21.3627492857627,28.7743153644966,37.9058823529412,29.6584423476408,0,30.8847654747346,99.1999955610795,11.753,12.069,3.56
"1592",2026-02-23 02:31:00,1.545,2.4635,1.545,5.069145,8.0827435,21.7987237609823,30.0822387901556,37.3443137254902,29.6566705484959,0,30.8948879041482,99.2199955601846,11.7676666666667,12.0783333333333,3.54183333333333
"1593",2026-02-23 02:32:00,1.55,2.472,1.55,5.08555,8.110632,22.2346982362019,31.3901622158145,36.7827450980392,29.654898749351,0,30.9050103335618,99.2399955592897,11.7823333333333,12.0876666666667,3.52366666666667
"1594",2026-02-23 02:33:00,1.555,2.4805,1.555,5.101955,8.1385205,22.6706727114216,32.6980856414734,36.2211764705882,29.6531269502062,0,30.9151327629754,99.2599955583947,11.797,12.097,3.5055
"1595",2026-02-23 02:34:00,1.56,2.489,1.56,5.11836,8.166409,23.1066471866412,34.0060090671324,35.6596078431373,29.6513551510613,0,30.925255192389,99.2799955574998,11.8116666666667,12.1063333333333,3.48733333333333
"1596",2026-02-23 02:35:00,1.565,2.4975,1.565,5.134765,8.1942975,23.5426216618609,35.3139324927913,35.0980392156863,29.6495833519164,0,30.9353776218025,99.2999955566048,11.8263333333333,12.1156666666667,3.46916666666667
"1597",2026-02-23 02:36:00,1.57,2.506,1.57,5.15117,8.222186,23.0194522915973,35.662712072967,35.6596078431373,29.6478115527715,0,30.9454950114602,99.2799955574998,11.841,12.125,3.451
"1598",2026-02-23 02:37:00,1.575,2.5145,1.575,5.167575,8.2500745,22.4962829213337,36.0114916531428,36.2211764705882,29.6460397536266,0,30.9556124011179,99.2599955583947,11.8465,12.1441666666667,3.4275
"1599",2026-02-23 02:38:00,1.58,2.523,1.58,5.18398,8.277963,21.9731135510702,36.3602712333185,36.7827450980392,29.6442679544818,0,30.9657297907756,99.2399955592897,11.852,12.1633333333333,3.404
"1600",2026-02-23 02:39:00,1.585,2.5315,1.585,5.200385,8.3058515,21.4499441808066,36.7090508134942,37.3443137254902,29.6424961553369,0,30.9758471804333,99.2199955601846,11.8575,12.1825,3.3805
"1601",2026-02-23 02:40:00,1.59,2.54,1.59,5.21679,8.33374,20.926774810543,37.0578303936699,37.9058823529412,29.640724356192,0,30.985964570091,99.1999955610795,11.863,12.2016666666667,3.357
"1602",2026-02-23 02:41:00,1.5975,2.5515,1.5975,5.2413975,8.3714715,21.1883594956748,36.1858814432306,38.4674509803922,29.6419055556219,0,30.9657247510197,99.1799955619745,11.8685,12.2208333333333,3.3335
"1603",2026-02-23 02:42:00,1.605,2.563,1.605,5.266005,8.409203,21.4499441808066,35.3139324927913,39.0290196078431,29.6430867550519,0,30.9454849319484,99.1599955628694,11.874,12.24,3.31
"1604",2026-02-23 02:43:00,1.6125,2.5745,1.6125,5.2906125,8.4469345,21.7115288659384,34.441983542352,39.5905882352941,29.6442679544818,0,30.9252451128771,99.1399955637644,11.8901666666667,12.2546666666667,3.29533333333333
"1605",2026-02-23 02:44:00,1.62,2.586,1.62,5.31522,8.484666,21.9731135510702,33.5700345919127,40.1521568627451,29.6454491539117,0,30.9050052938058,99.1199955646593,11.9063333333333,12.2693333333333,3.28066666666667
"1606",2026-02-23 02:45:00,1.6275,2.5975,1.6275,5.3398275,8.5223975,22.234698236202,32.6980856414735,40.7137254901961,29.6466303533416,0,30.8847654747346,99.0999955655543,11.9225,12.284,3.266
"1607",2026-02-23 02:46:00,1.635,2.609,1.635,5.364435,8.560129,22.0603084461141,33.4828396968688,41.5560784313725,29.6436773547668,0,30.8543678229639,99.1199955646593,11.9386666666667,12.2986666666667,3.25133333333333
"1608",2026-02-23 02:47:00,1.6425,2.6205,1.6425,5.3890425,8.5978605,21.8859186560262,34.2675937522642,42.398431372549,29.640724356192,0,30.8239701711932,99.1399955637644,11.9548333333333,12.3133333333333,3.23666666666667
"1609",2026-02-23 02:48:00,1.65,2.632,1.65,5.41365,8.635592,21.7115288659384,35.0523478076595,43.2407843137255,29.6377713576172,0,30.7935725194225,99.1599955628694,11.971,12.328,3.222
"1610",2026-02-23 02:49:00,1.6575,2.6435,1.6575,5.4382575,8.6733235,21.5371390758505,35.8371018630549,44.083137254902,29.6348183590424,0,30.7631748676518,99.1799955619745,11.9661666666667,12.34,3.20833333333333
"1611",2026-02-23 02:50:00,1.665,2.655,1.665,5.462865,8.711055,21.3627492857627,36.6218559184503,44.9254901960784,29.6318653604676,0,30.7327772158811,99.1999955610795,11.9613333333333,12.352,3.19466666666667
"1612",2026-02-23 02:51:00,1.6725,2.6665,1.6725,5.4874725,8.7487865,21.9731135510702,36.5346610234063,46.6101960784314,29.6324559601826,0,30.7429148395919,99.1999955610795,11.9565,12.364,3.181
"1613",2026-02-23 02:52:00,1.68,2.678,1.68,5.51208,8.786518,22.5834778163777,36.4474661283624,48.2949019607843,29.6330465598975,0,30.7530524633028,99.1999955610795,11.9516666666667,12.376,3.16733333333333
"1614",2026-02-23 02:53:00,1.6875,2.6895,1.6875,5.5366875,8.8242495,23.1938420816852,36.3602712333185,49.9796078431373,29.6336371596125,0,30.7631900870136,99.1999955610795,11.9468333333333,12.388,3.15366666666667
"1615",2026-02-23 02:54:00,1.695,2.701,1.695,5.561295,8.861981,23.8042063469927,36.2730763382745,51.6643137254902,29.6342277593275,0,30.7733277107245,99.1999955610795,11.942,12.4,3.14
"1616",2026-02-23 02:55:00,1.7025,2.7125,1.7025,5.5859025,8.8997125,24.4145706123002,36.1858814432306,53.3490196078431,29.6348183590424,0,30.7834653344354,99.1999955610795,11.946,12.4115,3.11816666666667
"1617",2026-02-23 02:56:00,1.71,2.724,1.71,5.61051,8.937444,25.0249348776077,36.6218559184503,53.0682352941176,29.6354089587574,0,30.8037253624952,99.2399955592897,11.95,12.423,3.09633333333333
"1618",2026-02-23 02:57:00,1.7175,2.7355,1.7175,5.6351175,8.9751755,25.6352991429152,37.0578303936699,52.7874509803922,29.6359995584723,0,30.823985390555,99.2799955574998,11.954,12.4345,3.0745
"1619",2026-02-23 02:58:00,1.725,2.747,1.725,5.659725,9.012907,26.2456634082227,37.4938048688896,52.5066666666667,29.6365901581873,0,30.8442454186149,99.3199955557099,11.958,12.446,3.05266666666667
"1620",2026-02-23 02:59:00,1.7325,2.7585,1.7325,5.6843325,9.0506385,26.8560276735302,37.9297793441092,52.2258823529412,29.6371807579023,0,30.8645054466747,99.35999555392,11.962,12.4575,3.03083333333333
"1621",2026-02-23 03:00:00,1.74,2.77,1.74,5.70894,9.08837,27.4663919388377,38.3657538193289,51.9450980392157,29.6377713576172,0,30.8847654747346,99.3999955521301,11.966,12.469,3.009
"1622",2026-02-23 03:01:00,1.736,2.7635,1.736,5.695816,9.0670435,26.5944429883984,37.8425844490653,51.1027450980392,29.6377713576172,0,30.8543678229639,99.3999955521301,11.9646666666667,12.475,2.98766666666667
"1623",2026-02-23 03:02:00,1.732,2.757,1.732,5.682692,9.045717,25.7224940379591,37.3194150788017,50.2603921568627,29.6377713576172,0,30.8239701711932,99.3999955521301,11.9633333333333,12.481,2.96633333333333
"1624",2026-02-23 03:03:00,1.728,2.7505,1.728,5.669568,9.0243905,24.8505450875198,36.7962457085381,49.4180392156863,29.6377713576172,0,30.7935725194225,99.3999955521301,11.962,12.487,2.945
"1625",2026-02-23 03:04:00,1.724,2.744,1.724,5.656444,9.003064,23.9785961370805,36.2730763382745,48.5756862745098,29.6377713576172,0,30.7631748676518,99.3999955521301,11.9606666666667,12.493,2.92366666666667
"1626",2026-02-23 03:05:00,1.72,2.7375,1.72,5.64332,8.9817375,23.1066471866412,35.749906968011,47.7333333333333,29.6377713576172,0,30.7327772158811,99.3999955521301,11.9593333333333,12.499,2.90233333333333
"1627",2026-02-23 03:06:00,1.716,2.731,1.716,5.630196,8.960411,23.6298165569048,35.749906968011,49.1372549019608,29.6336371596125,0.00200048822961132,30.7226345022854,99.3999955521301,11.958,12.505,2.881
"1628",2026-02-23 03:07:00,1.712,2.7245,1.712,5.617072,8.9390845,24.1529859271684,35.749906968011,50.5411764705882,29.6295029616078,0.00400097645922265,30.7124917886897,99.3999955521301,11.975,12.4958333333333,2.87166666666667
"1629",2026-02-23 03:08:00,1.708,2.718,1.708,5.603948,8.917758,24.676155297432,35.749906968011,51.9450980392157,29.6253687636031,0.00600146468883397,30.702349075094,99.3999955521301,11.992,12.4866666666667,2.86233333333333
"1630",2026-02-23 03:09:00,1.704,2.7115,1.704,5.590824,8.8964315,25.1993246676955,35.749906968011,53.3490196078431,29.6212345655984,0.00800195291844529,30.6922063614983,99.3999955521301,12.009,12.4775,2.853
"1631",2026-02-23 03:10:00,1.7,2.705,1.7,5.5777,8.875105,25.7224940379591,35.749906968011,54.7529411764706,29.6171003675937,0.0100024411480566,30.6820636479026,99.3999955521301,12.026,12.4683333333333,2.84366666666667
"1632",2026-02-23 03:11:00,1.696,2.6985,1.696,5.564576,8.8537785,24.9377399825638,35.4883222828792,53.0682352941176,29.6153285684488,0.00800195291844529,30.6922063614983,99.4199955512352,12.043,12.4591666666667,2.83433333333333
"1633",2026-02-23 03:12:00,1.692,2.692,1.692,5.551452,8.832452,24.1529859271684,35.2267375977474,51.3835294117647,29.6135567693039,0.00600146468883397,30.702349075094,99.4399955503402,12.06,12.45,2.825
"1634",2026-02-23 03:13:00,1.688,2.6855,1.688,5.538328,8.8111255,23.368231871773,34.9651529126156,49.6988235294118,29.611784970159,0.00400097645922265,30.7124917886897,99.4599955494453,12.0413333333333,12.4401666666667,2.81233333333333
"1635",2026-02-23 03:14:00,1.684,2.679,1.684,5.525204,8.789799,22.5834778163777,34.7035682274838,48.0141176470588,29.6100131710141,0.00200048822961132,30.7226345022854,99.4799955485503,12.0226666666667,12.4303333333333,2.79966666666667
"1636",2026-02-23 03:15:00,1.68,2.6725,1.68,5.51208,8.7684725,21.7987237609823,34.441983542352,46.3294117647059,29.6082413718693,0,30.7327772158811,99.4999955476554,12.004,12.4205,2.787
"1637",2026-02-23 03:16:00,1.676,2.666,1.676,5.498956,8.747146,21.9731135510702,34.9651529126156,45.2062745098039,29.6052883732945,0,30.7327772158811,99.5199955467604,11.9853333333333,12.4106666666667,2.77433333333333
"1638",2026-02-23 03:17:00,1.672,2.6595,1.672,5.485832,8.7258195,22.147503341158,35.4883222828792,44.083137254902,29.6023353747197,0,30.7327772158811,99.5399955458655,11.9666666666667,12.4008333333333,2.76166666666667
"1639",2026-02-23 03:18:00,1.668,2.653,1.668,5.472708,8.704493,22.3218931312459,36.0114916531428,42.96,29.5993823761449,0,30.7327772158811,99.5599955449706,11.948,12.391,2.749
"1640",2026-02-23 03:19:00,1.664,2.6465,1.664,5.459584,8.6831665,22.4962829213337,36.5346610234063,41.836862745098,29.5964293775701,0,30.7327772158811,99.5799955440756,11.9523333333333,12.3855,2.7305
"1641",2026-02-23 03:20:00,1.66,2.64,1.66,5.44646,8.66184,22.6706727114216,37.0578303936699,40.7137254901961,29.5934763789953,0,30.7327772158811,99.5999955431807,11.9566666666667,12.38,2.712
"1642",2026-02-23 03:21:00,1.6765,2.6665,1.6765,5.5005965,8.7487865,23.368231871773,37.8425844490653,39.8713725490196,29.5922951795654,0,30.7327772158811,99.5999955431807,11.961,12.3745,2.6935
"1643",2026-02-23 03:22:00,1.693,2.693,1.693,5.554733,8.835733,24.0657910321245,38.6273385044606,39.0290196078431,29.5911139801355,0,30.7327772158811,99.5999955431807,11.9653333333333,12.369,2.675
"1644",2026-02-23 03:23:00,1.7095,2.7195,1.7095,5.6088695,8.9226795,24.7633501924759,39.412092559856,38.1866666666667,29.5899327807055,0,30.7327772158811,99.5999955431807,11.9696666666667,12.3635,2.6565
"1645",2026-02-23 03:24:00,1.726,2.746,1.726,5.663006,9.009626,25.4609093528273,40.1968466152514,37.3443137254902,29.5887515812756,0,30.7327772158811,99.5999955431807,11.974,12.358,2.638
"1646",2026-02-23 03:25:00,1.7425,2.7725,1.7425,5.7171425,9.0965725,26.1584685131788,40.9816006706467,36.5019607843137,29.5875703818457,0,30.7327772158811,99.5999955431807,11.9668333333333,12.3448333333333,2.62366666666667
"1647",2026-02-23 03:26:00,1.759,2.799,1.759,5.771279,9.183519,26.6816378834423,41.9407445161299,36.2211764705882,29.5846173832709,0,30.7124866861902,99.5999955431807,11.9596666666667,12.3316666666667,2.60933333333333
"1648",2026-02-23 03:27:00,1.7755,2.8255,1.7755,5.8254155,9.2704655,27.2048072537059,42.8998883616132,35.9403921568627,29.5816643846961,0,30.6921961564993,99.5999955431807,11.9525,12.3185,2.595
"1649",2026-02-23 03:28:00,1.792,2.852,1.792,5.879552,9.357412,27.7279766239695,43.8590322070964,35.6596078431373,29.5787113861213,0,30.6719056268084,99.5999955431807,11.9453333333333,12.3053333333333,2.58066666666667
"1650",2026-02-23 03:29:00,1.8085,2.8785,1.8085,5.9336885,9.4443585,28.2511459942331,44.8181760525796,35.3788235294118,29.5757583875465,0,30.6516150971175,99.5999955431807,11.9381666666667,12.2921666666667,2.56633333333333
"1651",2026-02-23 03:30:00,1.825,2.905,1.825,5.987825,9.531305,28.7743153644966,45.7773198980628,35.0980392156863,29.5728053889717,0,30.6313245674266,99.5999955431807,11.931,12.279,2.552
"1652",2026-02-23 03:31:00,1.8415,2.9315,1.8415,6.0419615,9.6182515,28.338340889277,43.8590322070964,35.0980392156863,29.5775301866914,0,30.6414723835218,99.6199955422857,11.9285,12.2703333333333,2.54166666666667
"1653",2026-02-23 03:32:00,1.858,2.958,1.858,6.096098,9.705198,27.9023664140573,41.9407445161299,35.0980392156863,29.5822549844111,0,30.651620199617,99.6399955413908,11.926,12.2616666666667,2.53133333333333
"1654",2026-02-23 03:33:00,1.8745,2.9845,1.8745,6.1502345,9.7921445,27.4663919388377,40.0224568251635,35.0980392156863,29.5869797821307,0,30.6617680157122,99.6599955404958,11.9235,12.253,2.521
"1655",2026-02-23 03:34:00,1.891,3.011,1.891,6.204371,9.879091,27.0304174636181,38.1041691341971,35.0980392156863,29.5917045798504,0,30.6719158318074,99.6799955396009,11.921,12.2443333333333,2.51066666666667
"1656",2026-02-23 03:35:00,1.9075,3.0375,1.9075,6.2585075,9.9660375,26.5944429883984,36.1858814432306,35.0980392156863,29.5964293775701,0,30.6820636479026,99.699995538706,11.9185,12.2356666666667,2.50033333333333
"1657",2026-02-23 03:36:00,1.924,3.064,1.924,6.312644,10.052984,27.0304174636181,37.8425844490653,35.3788235294118,29.5934763789953,0,30.6820636479026,99.719995537811,11.916,12.227,2.49
"1658",2026-02-23 03:37:00,1.9405,3.0905,1.9405,6.3667805,10.1399305,27.4663919388377,39.4992874548999,35.6596078431373,29.5905233804205,0,30.6820636479026,99.7399955369161,11.9128333333333,12.2088333333333,2.4775
"1659",2026-02-23 03:38:00,1.957,3.117,1.957,6.420917,10.226877,27.9023664140573,41.1559904607346,35.9403921568627,29.5875703818457,0,30.6820636479026,99.7599955360211,11.9096666666667,12.1906666666667,2.465
"1660",2026-02-23 03:39:00,1.9735,3.1435,1.9735,6.4750535,10.3138235,28.338340889277,42.8126934665692,36.2211764705882,29.5846173832709,0,30.6820636479026,99.7799955351262,11.9065,12.1725,2.4525
"1661",2026-02-23 03:40:00,1.99,3.17,1.99,6.52919,10.40077,28.7743153644966,44.4693964724039,36.5019607843137,29.5816643846961,0,30.6820636479026,99.7999955342312,11.9033333333333,12.1543333333333,2.44
"1662",2026-02-23 03:41:00,1.9865,3.163,1.9865,6.5177065,10.377803,29.2102898397163,43.7718373120525,36.2211764705882,29.5793019858363,0.00200048822961132,30.6820636479026,99.7999955342312,11.9001666666667,12.1361666666667,2.4275
"1663",2026-02-23 03:42:00,1.983,3.156,1.983,6.506223,10.354836,29.6462643149359,43.074278151701,35.9403921568627,29.5769395869764,0.00400097645922265,30.6820636479026,99.7999955342312,11.897,12.118,2.415
"1664",2026-02-23 03:43:00,1.9795,3.149,1.9795,6.4947395,10.331869,30.0822387901556,42.3767189913496,35.6596078431373,29.5745771881166,0.00600146468883397,30.6820636479026,99.7999955342312,11.8802777777778,12.1163333333333,2.4035
"1665",2026-02-23 03:44:00,1.976,3.142,1.976,6.483256,10.308902,30.5182132653752,41.6791598309982,35.3788235294118,29.5722147892568,0.00800195291844529,30.6820636479026,99.7999955342312,11.8635555555556,12.1146666666667,2.392
"1666",2026-02-23 03:45:00,1.9725,3.135,1.9725,6.4717725,10.285935,30.9541877405949,40.9816006706467,35.0980392156863,29.5698523903969,0.0100024411480566,30.6820636479026,99.7999955342312,11.8468333333333,12.113,2.3805
"1667",2026-02-23 03:46:00,1.969,3.128,1.969,6.460289,10.262968,30.1694336851995,40.1968466152514,35.0980392156863,29.5657181923922,0.00800195291844529,30.722604013269,99.7999955342312,11.8301111111111,12.1113333333333,2.369
"1668",2026-02-23 03:47:00,1.9655,3.121,1.9655,6.4488055,10.240001,29.3846796298041,39.412092559856,35.0980392156863,29.5615839943875,0.00600146468883397,30.7631443786354,99.7999955342312,11.8133888888889,12.1096666666667,2.3575
"1669",2026-02-23 03:48:00,1.962,3.114,1.962,6.437322,10.217034,28.5999255744088,38.6273385044606,35.0980392156863,29.5574497963828,0.00400097645922265,30.8036847440018,99.7999955342312,11.7966666666667,12.108,2.346
"1670",2026-02-23 03:49:00,1.9585,3.107,1.9585,6.4258385,10.194067,27.8151715190134,37.8425844490653,35.0980392156863,29.5533155983781,0.00200048822961132,30.8442251093682,99.7999955342312,11.7799444444444,12.1096666666667,2.3345
"1671",2026-02-23 03:50:00,1.955,3.1,1.955,6.414355,10.1711,27.0304174636181,37.0578303936699,35.0980392156863,29.5491814003734,0,30.8847654747346,99.7999955342312,11.7632222222222,12.1113333333333,2.323
"1672",2026-02-23 03:51:00,1.9515,3.093,1.9515,6.4028715,10.148133,28.338340889277,38.2785589242849,35.0980392156863,29.5474096012285,0.00200048822961132,30.8746379930821,99.8199955333363,11.7465,12.113,2.3115
"1673",2026-02-23 03:52:00,1.948,3.086,1.948,6.391388,10.125166,29.6462643149359,39.4992874548999,35.0980392156863,29.5456378020836,0.00400097645922265,30.8645105114297,99.8399955324413,11.7297777777778,12.1146666666667,2.3
"1674",2026-02-23 03:53:00,1.9445,3.079,1.9445,6.3799045,10.102199,30.9541877405949,40.7200159855149,35.0980392156863,29.5438660029387,0.00600146468883397,30.8543830297772,99.8599955315464,11.7130555555556,12.1163333333333,2.2885
"1675",2026-02-23 03:54:00,1.941,3.072,1.941,6.368421,10.079232,32.2621111662538,41.94074451613,35.0980392156863,29.5420942037938,0.00800195291844529,30.8442555481248,99.8799955306515,11.6963333333333,12.118,2.277
"1676",2026-02-23 03:55:00,1.9375,3.065,1.9375,6.3569375,10.056265,33.5700345919127,43.161473046745,35.0980392156863,29.540322404649,0.0100024411480566,30.8341280664723,99.8999955297565,11.6796111111111,12.1038333333333,2.26766666666667
"1677",2026-02-23 03:56:00,1.934,3.058,1.934,6.345454,10.033298,33.0468652216492,43.6846424170085,34.8172549019608,29.5385506055041,0.00800195291844529,30.8341280664723,99.8799955306515,11.6628888888889,12.0896666666667,2.25833333333333
"1678",2026-02-23 03:57:00,1.9305,3.051,1.9305,6.3339705,10.010331,32.5236958513856,44.2078117872721,34.5364705882353,29.5367788063592,0.00600146468883397,30.8341280664723,99.8599955315464,11.6461666666667,12.0755,2.249
"1679",2026-02-23 03:58:00,1.927,3.044,1.927,6.322487,9.987364,32.000526481122,44.7309811575357,34.2556862745098,29.5350070072143,0.00400097645922265,30.8341280664723,99.8399955324413,11.6294444444444,12.0613333333333,2.23966666666667
"1680",2026-02-23 03:59:00,1.9235,3.037,1.9235,6.3110035,9.964397,31.4773571108584,45.2541505277993,33.9749019607843,29.5332352080695,0.00200048822961132,30.8341280664723,99.8199955333363,11.6127222222222,12.0471666666667,2.23033333333333
"1681",2026-02-23 04:00:00,1.92,3.03,1.92,6.29952,9.94143,30.9541877405949,45.7773198980628,33.6941176470588,29.5314634089246,0,30.8341280664723,99.7999955342312,11.596,12.033,2.221
"1682",2026-02-23 04:01:00,1.9225,3.037,1.9225,6.3077225,9.964397,30.8669928455509,45.2541505277993,33.4133333333333,29.5350070072143,0,30.8644953671961,99.8199955333363,11.5845,12.0215,2.21383333333333
"1683",2026-02-23 04:02:00,1.925,3.044,1.925,6.315925,9.987364,30.779797950507,44.7309811575357,33.1325490196078,29.5385506055041,0,30.8948626679198,99.8399955324413,11.573,12.01,2.20666666666667
"1684",2026-02-23 04:03:00,1.9275,3.051,1.9275,6.3241275,10.010331,30.6926030554631,44.2078117872721,32.8517647058824,29.5420942037938,0,30.9252299686435,99.8599955315464,11.5615,11.9985,2.1995
"1685",2026-02-23 04:04:00,1.93,3.058,1.93,6.33233,10.033298,30.6054081604192,43.6846424170085,32.5709803921569,29.5456378020836,0,30.9555972693672,99.8799955306515,11.55,11.987,2.19233333333333
"1686",2026-02-23 04:05:00,1.9325,3.065,1.9325,6.3405325,10.056265,30.5182132653752,43.161473046745,32.2901960784314,29.5491814003734,0,30.985964570091,99.8999955297565,11.5385,11.9755,2.18516666666667
"1687",2026-02-23 04:06:00,1.935,3.072,1.935,6.348735,10.079232,30.0822387901556,42.3767189913496,32.8517647058824,29.5462284017986,0,30.9758471804333,99.8999955297565,11.527,11.964,2.178
"1688",2026-02-23 04:07:00,1.9375,3.079,1.9375,6.3569375,10.102199,29.6462643149359,41.5919649359542,33.4133333333333,29.5432754032238,0,30.9657297907756,99.8999955297565,11.4786666666667,11.9448333333333,2.16716666666667
"1689",2026-02-23 04:08:00,1.94,3.086,1.94,6.36514,10.125166,29.2102898397163,40.8072108805589,33.9749019607843,29.540322404649,0,30.9556124011179,99.8999955297565,11.4303333333333,11.9256666666667,2.15633333333333
"1690",2026-02-23 04:09:00,1.9425,3.093,1.9425,6.3733425,10.148133,28.7743153644966,40.0224568251635,34.5364705882353,29.5373694060742,0,30.9454950114602,99.8999955297565,11.382,11.9065,2.1455
"1691",2026-02-23 04:10:00,1.945,3.1,1.945,6.381545,10.1711,28.338340889277,39.2377027697681,35.0980392156863,29.5344164074994,0,30.9353776218025,99.8999955297565,11.3336666666667,11.8873333333333,2.13466666666667
"1692",2026-02-23 04:11:00,1.9475,3.107,1.9475,6.3897475,10.194067,28.6871204694527,40.4584313003832,35.3788235294118,29.5314634089246,0.00200048822961132,30.9353776218025,99.9199955288616,11.2853333333333,11.8681666666667,2.12383333333333
"1693",2026-02-23 04:12:00,1.95,3.114,1.95,6.39795,10.217034,29.0359000496284,41.6791598309982,35.6596078431373,29.5285104103498,0.00400097645922265,30.9353776218025,99.9399955279666,11.237,11.849,2.113
"1694",2026-02-23 04:13:00,1.9525,3.121,1.9525,6.4061525,10.240001,29.3846796298041,42.8998883616132,35.9403921568627,29.525557411775,0.00600146468883397,30.9353776218025,99.9599955270717,11.2551666666667,11.8238333333333,2.102
"1695",2026-02-23 04:14:00,1.955,3.128,1.955,6.414355,10.262968,29.7334592099799,44.1206168922282,36.2211764705882,29.5226044132002,0.00800195291844529,30.9353776218025,99.9799955261768,11.2733333333333,11.7986666666667,2.091
"1696",2026-02-23 04:15:00,1.9575,3.135,1.9575,6.4225575,10.285935,30.0822387901556,45.3413454228432,36.5019607843137,29.5196514146254,0.0100024411480566,30.9353776218025,99.9999955252818,11.2915,11.7735,2.08
"1697",2026-02-23 04:16:00,1.96,3.142,1.96,6.43076,10.308902,29.9950438951116,45.6901250030189,36.2211764705882,29.5237856126301,0.00800195291844529,30.9151277107365,99.9999955252818,11.3096666666667,11.7483333333333,2.069
"1698",2026-02-23 04:17:00,1.9625,3.149,1.9625,6.4389625,10.331869,29.9078490000677,46.0389045831946,35.9403921568627,29.5279198106348,0.00600146468883397,30.8948777996705,99.9999955252818,11.3278333333333,11.7231666666667,2.058
"1699",2026-02-23 04:18:00,1.965,3.156,1.965,6.447165,10.354836,29.8206541050238,46.3876841633703,35.6596078431373,29.5320540086395,0.00400097645922265,30.8746278886044,99.9999955252818,11.346,11.698,2.047
"1700",2026-02-23 04:19:00,1.9675,3.163,1.9675,6.4553675,10.377803,29.7334592099799,46.7364637435461,35.3788235294118,29.5361882066443,0.00200048822961132,30.8543779775384,99.9999955252818,11.3325,11.6751666666667,2.04266666666667
"1701",2026-02-23 04:20:00,1.97,3.17,1.97,6.46357,10.40077,29.6462643149359,47.0852433237218,35.0980392156863,29.540322404649,0,30.8341280664723,99.9999955252818,11.319,11.6523333333333,2.03833333333333
"1702",2026-02-23 04:21:00,1.979,3.182,1.979,6.493099,10.440142,29.4718745248481,46.3004892683264,35.6596078431373,29.5361882066443,0,30.8442555481248,99.9999955252818,11.3055,11.6295,2.034
"1703",2026-02-23 04:22:00,1.988,3.194,1.988,6.522628,10.479514,29.2974847347602,45.515735212931,36.2211764705882,29.5320540086395,0,30.8543830297772,99.9999955252818,11.292,11.6066666666667,2.02966666666667
"1704",2026-02-23 04:23:00,1.997,3.206,1.997,6.552157,10.518886,29.1230949446724,44.7309811575357,36.7827450980392,29.5279198106348,0,30.8645105114297,99.9999955252818,11.2785,11.5838333333333,2.02533333333333
"1705",2026-02-23 04:24:00,2.006,3.218,2.006,6.581686,10.558258,28.9487051545845,43.9462271021403,37.3443137254902,29.5237856126301,0,30.8746379930821,99.9999955252818,11.265,11.561,2.021
"1706",2026-02-23 04:25:00,2.015,3.23,2.015,6.611215,10.59763,28.7743153644966,43.161473046745,37.9058823529412,29.5196514146254,0,30.8847654747346,99.9999955252818,11.2556666666667,11.5363333333333,2.0155
"1707",2026-02-23 04:26:00,2.024,3.242,2.024,6.640744,10.637002,28.7743153644966,43.4230577318768,37.0635294117647,29.5202420143404,0,30.8746379930821,99.9999955252818,11.2463333333333,11.5116666666667,2.01
"1708",2026-02-23 04:27:00,2.033,3.254,2.033,6.670273,10.676374,28.7743153644966,43.6846424170085,36.2211764705882,29.5208326140553,0,30.8645105114297,99.9999955252818,11.237,11.487,2.0045
"1709",2026-02-23 04:28:00,2.042,3.266,2.042,6.699802,10.715746,28.7743153644966,43.9462271021403,35.3788235294118,29.5214232137703,0,30.8543830297772,99.9999955252818,11.2276666666667,11.4623333333333,1.999
"1710",2026-02-23 04:29:00,2.051,3.278,2.051,6.729331,10.755118,28.7743153644966,44.2078117872721,34.5364705882353,29.5220138134852,0,30.8442555481248,99.9999955252818,11.2183333333333,11.4376666666667,1.9935
"1711",2026-02-23 04:30:00,2.06,3.29,2.06,6.75886,10.79449,28.7743153644966,44.4693964724039,33.6941176470588,29.5226044132002,0,30.8341280664723,99.9999955252818,11.209,11.413,1.988
"1712",2026-02-23 04:31:00,2.069,3.302,2.069,6.788389,10.833862,29.9950438951116,44.9053709476235,33.6941176470588,29.5184702151955,0,30.7935673666632,99.9999955252818,11.1748333333333,11.3993333333333,1.97166666666667
"1713",2026-02-23 04:32:00,2.078,3.314,2.078,6.817918,10.873234,31.2157724257267,45.3413454228432,33.6941176470588,29.5143360171908,0,30.753006666854,99.9999955252818,11.1406666666667,11.3856666666667,1.95533333333333
"1714",2026-02-23 04:33:00,2.087,3.326,2.087,6.847447,10.912606,32.4365009563417,45.7773198980628,33.6941176470588,29.5102018191861,0,30.7124459670449,99.9999955252818,11.1065,11.372,1.939
"1715",2026-02-23 04:34:00,2.096,3.338,2.096,6.876976,10.951978,33.6572294869567,46.2132943732825,33.6941176470588,29.5060676211813,0,30.6718852672357,99.9999955252818,11.0723333333333,11.3583333333333,1.92266666666667
"1716",2026-02-23 04:35:00,2.105,3.35,2.105,6.906505,10.99135,34.8779580175717,46.6492688485021,33.6941176470588,29.5019334231766,0,30.6313245674266,99.9999955252818,11.0381666666667,11.3446666666667,1.90633333333333
"1717",2026-02-23 04:36:00,2.114,3.362,2.114,6.936034,11.030722,34.7907631225278,47.0852433237218,33.6941176470588,29.5001616240318,0,30.6414723835218,99.9999955252818,11.004,11.331,1.89
"1718",2026-02-23 04:37:00,2.123,3.374,2.123,6.965563,11.070094,34.7035682274838,47.5212177989414,33.6941176470588,29.4983898248869,0,30.651620199617,99.9999955252818,10.9736666666667,11.3031666666667,1.89266666666667
"1719",2026-02-23 04:38:00,2.132,3.386,2.132,6.995092,11.109466,34.6163733324399,47.9571922741611,33.6941176470588,29.496618025742,0,30.6617680157122,99.9999955252818,10.9433333333333,11.2753333333333,1.89533333333333
"1720",2026-02-23 04:39:00,2.141,3.398,2.141,7.024621,11.148838,34.529178437396,48.3931667493807,33.6941176470588,29.4948462265971,0,30.6719158318074,99.9999955252818,10.913,11.2475,1.898
"1721",2026-02-23 04:40:00,2.15,3.41,2.15,7.05415,11.18821,34.441983542352,48.8291412246004,33.6941176470588,29.4930744274522,0,30.6820636479026,99.9999955252818,10.8826666666667,11.2196666666667,1.90066666666667
"1722",2026-02-23 04:41:00,2.1525,3.4125,2.1525,7.0623525,11.1964125,34.8779580175717,49.1779208047761,33.6941176470588,29.4889402294475,0.00400097645922265,30.6617629005651,99.9999955252818,10.8523333333333,11.1918333333333,1.90333333333333
"1723",2026-02-23 04:42:00,2.155,3.415,2.155,7.070555,11.204615,35.3139324927913,49.5267003849518,33.6941176470588,29.4848060314428,0.00800195291844529,30.6414621532276,99.9999955252818,10.822,11.164,1.906
"1724",2026-02-23 04:43:00,2.1575,3.4175,2.1575,7.0787575,11.2128175,35.749906968011,49.8754799651275,33.6941176470588,29.4806718334381,0.0120029293776679,30.6211614058901,99.9999955252818,10.7928333333333,11.153,1.911
"1725",2026-02-23 04:44:00,2.16,3.42,2.16,7.08696,11.22102,36.1858814432306,50.2242595453032,33.6941176470588,29.4765376354334,0.0160039058368906,30.6008606585526,99.9999955252818,10.7636666666667,11.142,1.916
"1726",2026-02-23 04:45:00,2.1625,3.4225,2.1625,7.0951625,11.2292225,36.6218559184503,50.5730391254789,33.6941176470588,29.4724034374287,0.0200048822961132,30.5805599112152,99.9999955252818,10.7345,11.131,1.921
"1727",2026-02-23 04:46:00,2.165,3.425,2.165,7.103365,11.237425,36.3602712333185,49.5267003849518,33.4133333333333,29.4747658362885,0.0160039058368906,30.5907128424574,99.9999955252818,10.7053333333333,11.12,1.926
"1728",2026-02-23 04:47:00,2.1675,3.4275,2.1675,7.1115675,11.2456275,36.0986865481867,48.4803616444246,33.1325490196078,29.4771282351483,0.0120029293776679,30.6008657736997,99.9999955252818,10.6761666666667,11.109,1.931
"1729",2026-02-23 04:48:00,2.17,3.43,2.17,7.11977,11.25383,35.8371018630549,47.4340229038975,32.8517647058824,29.4794906340082,0.00800195291844529,30.611018704942,99.9999955252818,10.647,11.098,1.936
"1730",2026-02-23 04:49:00,2.1725,3.4325,2.1725,7.1279725,11.2620325,35.5755171779231,46.3876841633703,32.5709803921569,29.481853032868,0.00400097645922264,30.6211716361843,99.9999955252818,10.6281666666667,11.0761666666667,1.937
"1731",2026-02-23 04:50:00,2.175,3.435,2.175,7.136175,11.270235,35.3139324927913,45.3413454228432,32.2901960784314,29.4842154317279,0,30.6313245674266,99.9999955252818,10.6093333333333,11.0543333333333,1.938
"1732",2026-02-23 04:51:00,2.1775,3.4375,2.1775,7.1443775,11.2784375,35.3139324927913,45.602930107975,32.8517647058824,29.4865778305877,0,30.6313245674266,99.9999955252818,10.5905,11.0325,1.939
"1733",2026-02-23 04:52:00,2.18,3.44,2.18,7.15258,11.28664,35.3139324927913,45.8645147931068,33.4133333333333,29.4889402294475,0,30.6313245674266,99.9999955252818,10.5716666666667,11.0106666666667,1.94
"1734",2026-02-23 04:53:00,2.1825,3.4425,2.1825,7.1607825,11.2948425,35.3139324927913,46.1260994782386,33.9749019607843,29.4913026283074,0,30.6313245674266,99.9999955252818,10.5528333333333,10.9888333333333,1.941
"1735",2026-02-23 04:54:00,2.185,3.445,2.185,7.168985,11.303045,35.3139324927913,46.3876841633703,34.5364705882353,29.4936650271672,0,30.6313245674266,99.9999955252818,10.534,10.967,1.942
"1736",2026-02-23 04:55:00,2.1875,3.4475,2.1875,7.1771875,11.3112475,35.3139324927913,46.6492688485021,35.0980392156863,29.496027426027,0,30.6313245674266,99.9999955252818,10.5153333333333,10.9588333333333,1.93433333333333
"1737",2026-02-23 04:56:00,2.19,3.45,2.19,7.18539,11.31945,35.0523478076595,47.2596331138096,34.5364705882353,29.496027426027,0,30.6516150971175,99.9999955252818,10.4966666666667,10.9506666666667,1.92666666666667
"1738",2026-02-23 04:57:00,2.1925,3.4525,2.1925,7.1935925,11.3276525,34.7907631225277,47.8699973791171,33.9749019607843,29.496027426027,0,30.6719056268084,99.9999955252818,10.478,10.9425,1.919
"1739",2026-02-23 04:58:00,2.195,3.455,2.195,7.201795,11.335855,34.529178437396,48.4803616444246,33.4133333333333,29.496027426027,0,30.6921961564993,99.9999955252818,10.4593333333333,10.9343333333333,1.91133333333333
"1740",2026-02-23 04:59:00,2.1975,3.4575,2.1975,7.2099975,11.3440575,34.2675937522642,49.0907259097322,32.8517647058824,29.496027426027,0,30.7124866861902,99.9999955252818,10.4406666666667,10.9261666666667,1.90366666666667
"1741",2026-02-23 05:00:00,2.2,3.46,2.2,7.2182,11.35226,34.0060090671324,49.7010901750397,32.2901960784314,29.496027426027,0,30.7327772158811,99.9999955252818,10.422,10.918,1.896
"1742",2026-02-23 05:01:00,2.201,3.462,2.201,7.221481,11.358822,33.7444243820006,48.5675565394686,32.2901960784314,29.497208625457,0,30.7429148395919,99.9799955261768,10.4091666666667,10.8916666666667,1.90483333333333
"1743",2026-02-23 05:02:00,2.202,3.464,2.202,7.224762,11.365384,33.4828396968688,47.4340229038975,32.2901960784314,29.4983898248869,0,30.7530524633028,99.9599955270717,10.3963333333333,10.8653333333333,1.91366666666667
"1744",2026-02-23 05:03:00,2.203,3.466,2.203,7.228043,11.371946,33.221255011737,46.3004892683264,32.2901960784314,29.4995710243168,0,30.7631900870136,99.9399955279666,10.3835,10.839,1.9225
"1745",2026-02-23 05:04:00,2.204,3.468,2.204,7.231324,11.378508,32.9596703266052,45.1669556327553,32.2901960784314,29.5007522237467,0,30.7733277107245,99.9199955288616,10.3706666666667,10.8126666666667,1.93133333333333
"1746",2026-02-23 05:05:00,2.205,3.47,2.205,7.234605,11.38507,32.6980856414735,44.0334219971842,32.2901960784314,29.5019334231766,0,30.7834653344354,99.8999955297565,10.3578333333333,10.7863333333333,1.94016666666667
"1747",2026-02-23 05:06:00,2.206,3.472,2.206,7.237886,11.391632,33.1340601166931,44.295006682316,32.0094117647059,29.5042958220365,0,30.7631849971288,99.8999955297565,10.345,10.76,1.949
"1748",2026-02-23 05:07:00,2.207,3.474,2.207,7.241167,11.398194,33.5700345919127,44.5565913674478,31.7286274509804,29.5066582208963,0,30.7429046598222,99.8999955297565,10.3075,10.7293333333333,1.94616666666667
"1749",2026-02-23 05:08:00,2.208,3.476,2.208,7.244448,11.404756,34.0060090671324,44.8181760525796,31.4478431372549,29.5090206197561,0,30.7226243225157,99.8999955297565,10.27,10.6986666666667,1.94333333333333
"1750",2026-02-23 05:09:00,2.209,3.478,2.209,7.247729,11.411318,34.441983542352,45.0797607377114,31.1670588235294,29.511383018616,0,30.7023439852091,99.8999955297565,10.2325,10.668,1.9405
"1751",2026-02-23 05:10:00,2.21,3.48,2.21,7.25101,11.41788,34.8779580175717,45.3413454228432,30.8862745098039,29.5137454174758,0,30.6820636479026,99.8999955297565,10.195,10.6373333333333,1.93766666666667
"1752",2026-02-23 05:11:00,2.211,3.482,2.211,7.254291,11.424442,34.7907631225278,45.4285403178871,31.1670588235294,29.5137454174758,0,30.6617629005651,99.9199955288616,10.1575,10.6066666666667,1.93483333333333
"1753",2026-02-23 05:12:00,2.212,3.484,2.212,7.257572,11.431004,34.7035682274838,45.515735212931,31.4478431372549,29.5137454174758,0,30.6414621532276,99.9399955279666,10.12,10.576,1.932
"1754",2026-02-23 05:13:00,2.213,3.486,2.213,7.260853,11.437566,34.6163733324399,45.602930107975,31.7286274509804,29.5137454174758,0,30.6211614058901,99.9599955270717,10.0701666666667,10.5371666666667,1.93433333333333
"1755",2026-02-23 05:14:00,2.214,3.488,2.214,7.264134,11.444128,34.529178437396,45.6901250030189,32.0094117647059,29.5137454174758,0,30.6008606585526,99.9799955261768,10.0203333333333,10.4983333333333,1.93666666666667
"1756",2026-02-23 05:15:00,2.215,3.49,2.215,7.267415,11.45069,34.441983542352,45.7773198980628,32.2901960784314,29.5137454174758,0,30.5805599112152,99.9999955252818,9.9705,10.4595,1.939
"1757",2026-02-23 05:16:00,2.216,3.492,2.216,7.270696,11.457252,34.0060090671324,45.1669556327553,32.0094117647059,29.5178796154805,0,30.5704018521451,99.9999955252818,9.92066666666667,10.4206666666667,1.94133333333333
"1758",2026-02-23 05:17:00,2.217,3.494,2.217,7.273977,11.463814,33.5700345919128,44.5565913674478,31.7286274509804,29.5220138134852,0,30.560243793075,99.9999955252818,9.87083333333333,10.3818333333333,1.94366666666667
"1759",2026-02-23 05:18:00,2.218,3.496,2.218,7.277258,11.470376,33.1340601166931,43.9462271021403,31.4478431372549,29.52614801149,0,30.5500857340049,99.9999955252818,9.821,10.343,1.946
"1760",2026-02-23 05:19:00,2.219,3.498,2.219,7.280539,11.476938,32.6980856414735,43.3358628368328,31.1670588235294,29.5302822094947,0,30.5399276749348,99.9999955252818,9.793,10.3048333333333,1.96066666666667
"1761",2026-02-23 05:20:00,2.22,3.5,2.22,7.28382,11.4835,32.2621111662538,42.7254985715253,30.8862745098039,29.5344164074994,0,30.5297696158647,99.9999955252818,9.765,10.2666666666667,1.97533333333333
"1762",2026-02-23 05:21:00,2.2195,3.499,2.2195,7.2821795,11.480219,33.5700345919127,45.0797607377114,30.6054901960784,29.5326446083545,0,30.4789019569184,99.9999955252818,9.737,10.2285,1.99
"1763",2026-02-23 05:22:00,2.219,3.498,2.219,7.280539,11.476938,34.8779580175717,47.4340229038975,30.3247058823529,29.5308728092096,0,30.4280342979721,99.9999955252818,9.709,10.1903333333333,2.00466666666667
"1764",2026-02-23 05:23:00,2.2185,3.497,2.2185,7.2788985,11.473657,36.1858814432306,49.7882850700836,30.0439215686275,29.5291010100647,0,30.3771666390258,99.9999955252818,9.681,10.1521666666667,2.01933333333333
"1765",2026-02-23 05:24:00,2.218,3.496,2.218,7.277258,11.470376,37.4938048688896,52.1425472362697,29.763137254902,29.5273292109199,0,30.3262989800794,99.9999955252818,9.653,10.114,2.034
"1766",2026-02-23 05:25:00,2.2175,3.495,2.2175,7.2756175,11.467095,38.8017282945485,54.4968094024558,29.4823529411765,29.525557411775,0,30.2754313211331,99.9999955252818,9.61375,10.0646666666667,2.04216666666667
"1767",2026-02-23 05:26:00,2.217,3.494,2.217,7.273977,11.463814,38.2785589242849,53.4504706619286,29.763137254902,29.52496681206,0,30.28561521073,99.9999955252818,9.5745,10.0153333333333,2.05033333333333
"1768",2026-02-23 05:27:00,2.2165,3.493,2.2165,7.2723365,11.460533,37.7553895540213,52.4041319214015,30.0439215686275,29.5243762123451,0,30.2957991003268,99.9999955252818,9.53525,9.966,2.0585
"1769",2026-02-23 05:28:00,2.216,3.492,2.216,7.270696,11.457252,37.2322201837578,51.3577931808743,30.3247058823529,29.5237856126301,0,30.3059829899236,99.9999955252818,9.496,9.91666666666667,2.06666666666667
"1770",2026-02-23 05:29:00,2.2155,3.491,2.2155,7.2690555,11.453971,36.7090508134942,50.3114544403471,30.6054901960784,29.5231950129152,0,30.3161668795204,99.9999955252818,9.45675,9.86733333333333,2.07483333333333
"1771",2026-02-23 05:30:00,2.215,3.49,2.215,7.267415,11.45069,36.1858814432306,49.26511569982,30.8862745098039,29.5226044132002,0,30.3263507691172,99.9999955252818,9.4175,9.818,2.083
"1772",2026-02-23 05:31:00,2.2145,3.489,2.2145,7.2657745,11.447409,36.1858814432306,48.5675565394686,30.6054901960784,29.5208326140553,0,30.3161668795204,99.9999955252818,9.37825,9.77216666666667,2.09133333333333
"1773",2026-02-23 05:32:00,2.214,3.488,2.214,7.264134,11.444128,36.1858814432306,47.8699973791171,30.3247058823529,29.5190608149104,0,30.3059829899236,99.9999955252818,9.339,9.72633333333333,2.09966666666667
"1774",2026-02-23 05:33:00,2.2135,3.487,2.2135,7.2624935,11.440847,36.1858814432306,47.1724382187657,30.0439215686275,29.5172890157656,0,30.2957991003268,99.9999955252818,9.29975,9.6805,2.108
"1775",2026-02-23 05:34:00,2.213,3.486,2.213,7.260853,11.437566,36.1858814432306,46.4748790584143,29.763137254902,29.5155172166207,0,30.28561521073,99.9999955252818,9.2605,9.63466666666667,2.11633333333333
"1776",2026-02-23 05:35:00,2.2125,3.485,2.2125,7.2592125,11.434285,36.1858814432306,45.7773198980628,29.4823529411765,29.5137454174758,0,30.2754313211331,99.9999955252818,9.22125,9.58883333333333,2.12466666666667
"1777",2026-02-23 05:36:00,2.212,3.484,2.212,7.257572,11.431004,36.6218559184503,47.0852433237218,29.763137254902,29.5137454174758,0,30.265242226917,99.9999955252818,9.182,9.543,2.133
"1778",2026-02-23 05:37:00,2.2115,3.483,2.2115,7.2559315,11.427723,37.0578303936699,48.3931667493807,30.0439215686275,29.5137454174758,0,30.2550531327008,99.9999955252818,9.15433333333333,9.496,2.13616666666667
"1779",2026-02-23 05:38:00,2.211,3.482,2.211,7.254291,11.424442,37.4938048688896,49.7010901750396,30.3247058823529,29.5137454174758,0,30.2448640384847,99.9999955252818,9.12666666666667,9.449,2.13933333333333
"1780",2026-02-23 05:39:00,2.2105,3.481,2.2105,7.2526505,11.421161,37.9297793441092,51.0090136006986,30.6054901960784,29.5137454174758,0,30.2346749442685,99.9999955252818,9.099,9.402,2.1425
"1781",2026-02-23 05:40:00,2.21,3.48,2.21,7.25101,11.41788,38.3657538193289,52.3169370263575,30.8862745098039,29.5137454174758,0,30.2244858500523,99.9999955252818,9.07133333333333,9.355,2.14566666666667
"1782",2026-02-23 05:41:00,2.198,3.4605,2.198,7.211638,11.3539005,38.0169742391531,52.2297421313136,30.0439215686275,29.5090206197561,0,30.2346749442685,99.9999955252818,9.04366666666667,9.308,2.14883333333333
"1783",2026-02-23 05:42:00,2.186,3.441,2.186,7.172266,11.289921,37.6681946589774,52.1425472362697,29.201568627451,29.5042958220365,0,30.2448640384847,99.9999955252818,9.016,9.261,2.152
"1784",2026-02-23 05:43:00,2.174,3.4215,2.174,7.132894,11.2259415,37.3194150788017,52.0553523412257,28.3592156862745,29.4995710243168,0,30.2550531327008,99.9999955252818,8.9745,9.22,2.15483333333333
"1785",2026-02-23 05:44:00,2.162,3.402,2.162,7.093522,11.161962,36.970635498626,51.9681574461818,27.516862745098,29.4948462265971,0,30.265242226917,99.9999955252818,8.933,9.179,2.15766666666667
"1786",2026-02-23 05:45:00,2.15,3.3825,2.15,7.05415,11.0979825,36.6218559184503,51.8809625511379,26.6745098039216,29.4901214288774,0,30.2754313211331,99.9999955252818,8.8915,9.138,2.1605
"1787",2026-02-23 05:46:00,2.138,3.363,2.138,7.014778,11.034003,35.9242967580988,50.8346238106107,27.516862745098,29.4918932280223,0,30.2754313211331,99.9999955252818,8.85,9.097,2.16333333333333
"1788",2026-02-23 05:47:00,2.126,3.3435,2.126,6.975406,10.9700235,35.2267375977474,49.7882850700836,28.3592156862745,29.4936650271672,0,30.2754313211331,99.9999955252818,8.8085,9.056,2.16616666666667
"1789",2026-02-23 05:48:00,2.114,3.324,2.114,6.936034,10.906044,34.529178437396,48.7419463295564,29.201568627451,29.4954368263121,0,30.2754313211331,99.9999955252818,8.767,9.015,2.169
"1790",2026-02-23 05:49:00,2.102,3.3045,2.102,6.896662,10.8420645,33.8316192770445,47.6956075890293,30.0439215686275,29.497208625457,0,30.2754313211331,99.9999955252818,8.7275,8.97666666666667,2.176
"1791",2026-02-23 05:50:00,2.09,3.285,2.09,6.85729,10.778085,33.1340601166931,46.6492688485021,30.8862745098039,29.4989804246018,0,30.2754313211331,99.9999955252818,8.688,8.93833333333333,2.183
"1792",2026-02-23 05:51:00,2.078,3.2655,2.078,6.817918,10.7141055,33.6572294869567,46.9108535336339,30.0439215686275,29.4977992251719,0,30.2448483729223,99.9999955252818,8.6485,8.9,2.19
"1793",2026-02-23 05:52:00,2.066,3.246,2.066,6.778546,10.650126,34.1803988572202,47.1724382187657,29.201568627451,29.496618025742,0,30.2142654247114,99.9999955252818,8.609,8.86166666666667,2.197
"1794",2026-02-23 05:53:00,2.054,3.2265,2.054,6.739174,10.5861465,34.7035682274838,47.4340229038975,28.3592156862745,29.4954368263121,0,30.1836824765005,99.9999955252818,8.5695,8.82333333333333,2.204
"1795",2026-02-23 05:54:00,2.042,3.207,2.042,6.699802,10.522167,35.2267375977474,47.6956075890293,27.516862745098,29.4942556268822,0,30.1530995282896,99.9999955252818,8.53,8.785,2.211
"1796",2026-02-23 05:55:00,2.03,3.1875,2.03,6.66043,10.4581875,35.749906968011,47.9571922741611,26.6745098039216,29.4930744274522,0,30.1225165800787,99.9999955252818,8.4965,8.7555,2.216
"1797",2026-02-23 05:56:00,2.018,3.168,2.018,6.621058,10.394208,35.9242967580988,47.6956075890293,26.3937254901961,29.4859872308727,0,30.1123117943619,99.9999955252818,8.463,8.726,2.221
"1798",2026-02-23 05:57:00,2.006,3.1485,2.006,6.581686,10.3302285,36.0986865481867,47.4340229038975,26.1129411764706,29.4789000342932,0,30.1021070086451,99.9999955252818,8.4295,8.6965,2.226
"1799",2026-02-23 05:58:00,1.994,3.129,1.994,6.542314,10.266249,36.2730763382745,47.1724382187657,25.8321568627451,29.4718128377137,0,30.0919022229283,99.9999955252818,8.396,8.667,2.231
"1800",2026-02-23 05:59:00,1.982,3.1095,1.982,6.502942,10.2022695,36.4474661283624,46.9108535336339,25.5513725490196,29.4647256411342,0,30.0816974372116,99.9999955252818,8.3625,8.6375,2.236
"1801",2026-02-23 06:00:00,1.97,3.09,1.97,6.46357,10.13829,36.6218559184503,46.6492688485021,25.2705882352941,29.4576384445547,0,30.0714926514948,99.9999955252818,8.329,8.608,2.241
"1802",2026-02-23 06:01:00,1.964,3.0815,1.964,6.443884,10.1104015,37.2322201837578,47.6084126939853,24.7090196078431,29.4588196439846,0,30.0510672975174,99.9999955252818,8.2975,8.574,2.241
"1803",2026-02-23 06:02:00,1.958,3.073,1.958,6.424198,10.082513,37.8425844490653,48.5675565394686,24.1474509803922,29.4600008434145,0,30.03064194354,99.9999955252818,8.266,8.54,2.241
"1804",2026-02-23 06:03:00,1.952,3.0645,1.952,6.404512,10.0546245,38.4529487143728,49.5267003849518,23.5858823529412,29.4611820428444,0,30.0102165895626,99.9999955252818,8.2345,8.506,2.241
"1805",2026-02-23 06:04:00,1.946,3.056,1.946,6.384826,10.026736,39.0633129796803,50.485844230435,23.0243137254902,29.4623632422744,0,29.9897912355852,99.9999955252818,8.203,8.472,2.241
"1806",2026-02-23 06:05:00,1.94,3.0475,1.94,6.36514,9.9988475,39.6736772449878,51.4449880759182,22.4627450980392,29.4635444417043,0,29.9693658816078,99.9999955252818,8.1715,8.438,2.241
"1807",2026-02-23 06:06:00,1.934,3.039,1.934,6.345454,9.970959,38.8889231895924,50.485844230435,23.0243137254902,29.4617726425594,0,29.9897912355852,99.9999955252818,8.14,8.404,2.241
"1808",2026-02-23 06:07:00,1.928,3.0305,1.928,6.325768,9.9430705,38.1041691341971,49.5267003849518,23.5858823529412,29.4600008434145,0,30.0102165895626,99.9999955252818,8.09383333333333,8.36683333333333,2.241
"1809",2026-02-23 06:08:00,1.922,3.022,1.922,6.306082,9.915182,37.3194150788017,48.5675565394686,24.1474509803922,29.4582290442697,0,30.03064194354,99.9999955252818,8.04766666666667,8.32966666666667,2.241
"1810",2026-02-23 06:09:00,1.916,3.0135,1.916,6.286396,9.8872935,36.5346610234063,47.6084126939853,24.7090196078431,29.4564572451248,0,30.0510672975174,99.9999955252818,8.0015,8.2925,2.241
"1811",2026-02-23 06:10:00,1.91,3.005,1.91,6.26671,9.859405,35.749906968011,46.6492688485021,25.2705882352941,29.4546854459799,0,30.0714926514948,99.9999955252818,7.95533333333333,8.25533333333333,2.241
"1812",2026-02-23 06:11:00,1.904,2.9965,1.904,6.247024,9.8315165,36.4474661283624,47.7828024840732,24.7090196078431,29.4564572451248,0,30.0306208129352,99.9999955252818,7.90916666666667,8.21816666666667,2.241
"1813",2026-02-23 06:12:00,1.898,2.988,1.898,6.227338,9.803628,37.1450252887138,48.9163361196443,24.1474509803922,29.4582290442697,0,29.9897489743757,99.9999955252818,7.863,8.181,2.241
"1814",2026-02-23 06:13:00,1.892,2.9795,1.892,6.207652,9.7757395,37.8425844490653,50.0498697552154,23.5858823529412,29.4600008434145,0,29.9488771358162,99.9999955252818,7.82133333333333,8.157,2.241
"1815",2026-02-23 06:14:00,1.886,2.971,1.886,6.187966,9.747851,38.5401436094167,51.1834033907864,23.0243137254902,29.4617726425594,0,29.9080052972567,99.9999955252818,7.77966666666667,8.133,2.241
"1816",2026-02-23 06:15:00,1.88,2.9625,1.88,6.16828,9.7199625,39.2377027697681,52.3169370263575,22.4627450980392,29.4635444417043,0,29.8671334586971,99.9999955252818,7.738,8.109,2.241
"1817",2026-02-23 06:16:00,1.874,2.954,1.874,6.148594,9.692074,39.1505078747242,52.5785217114893,23.0243137254902,29.4611820428444,0,29.856902259593,99.9999955252818,7.69633333333333,8.085,2.241
"1818",2026-02-23 06:17:00,1.868,2.9455,1.868,6.128908,9.6641855,39.0633129796803,52.8401063966211,23.5858823529412,29.4588196439846,0,29.8466710604888,99.9999955252818,7.65466666666667,8.061,2.241
"1819",2026-02-23 06:18:00,1.862,2.937,1.862,6.109222,9.636297,38.9761180846364,53.1016910817529,24.1474509803922,29.4564572451248,0,29.8364398613846,99.9999955252818,7.613,8.037,2.241
"1820",2026-02-23 06:19:00,1.856,2.9285,1.856,6.089536,9.6084085,38.8889231895924,53.3632757668847,24.7090196078431,29.4540948462649,0,29.8262086622805,99.9999955252818,7.59116666666667,8.00033333333333,2.23883333333333
"1821",2026-02-23 06:20:00,1.85,2.92,1.85,6.06985,9.58052,38.8017282945485,53.6248604520165,25.2705882352941,29.4517324474051,0,29.8159774631763,99.9999955252818,7.56933333333333,7.96366666666667,2.23666666666667
"1822",2026-02-23 06:21:00,1.848,2.9155,1.848,6.063288,9.5657555,38.7145333995046,52.4913268164454,24.4282352941176,29.4493700485453,0,29.8159774631763,99.9999955252818,7.5475,7.927,2.2345
"1823",2026-02-23 06:22:00,1.846,2.911,1.846,6.056726,9.550991,38.6273385044606,51.3577931808743,23.5858823529412,29.4470076496854,0,29.8159774631763,99.9999955252818,7.52566666666667,7.89033333333333,2.23233333333333
"1824",2026-02-23 06:23:00,1.844,2.9065,1.844,6.050164,9.5362265,38.5401436094167,50.2242595453032,22.7435294117647,29.4446452508256,0,29.8159774631763,99.9999955252818,7.50383333333333,7.85366666666667,2.23016666666667
"1825",2026-02-23 06:24:00,1.842,2.902,1.842,6.043602,9.521462,38.4529487143728,49.0907259097322,21.9011764705882,29.4422828519658,0,29.8159774631763,99.9999955252818,7.482,7.817,2.228
"1826",2026-02-23 06:25:00,1.84,2.8975,1.84,6.03704,9.5066975,38.3657538193289,47.9571922741611,21.0588235294118,29.4399204531059,0,29.8159774631763,99.9999955252818,7.44808333333333,7.77866666666667,2.22466666666667
"1827",2026-02-23 06:26:00,1.838,2.893,1.838,6.030478,9.491933,38.3657538193289,48.6547514345125,21.6203921568627,29.4428734516807,0,29.8159774631763,99.9999955252818,7.41416666666667,7.74033333333333,2.22133333333333
"1828",2026-02-23 06:27:00,1.836,2.8885,1.836,6.023916,9.4771685,38.3657538193289,49.3523105948639,22.1819607843137,29.4458264502555,0,29.8159774631763,99.9999955252818,7.38025,7.702,2.218
"1829",2026-02-23 06:28:00,1.834,2.884,1.834,6.017354,9.462404,38.3657538193289,50.0498697552154,22.7435294117647,29.4487794488303,0,29.8159774631763,99.9999955252818,7.34633333333333,7.66366666666667,2.21466666666667
"1830",2026-02-23 06:29:00,1.832,2.8795,1.832,6.010792,9.4476395,38.3657538193289,50.7474289155668,23.3050980392157,29.4517324474051,0,29.8159774631763,99.9999955252818,7.31241666666667,7.62533333333333,2.21133333333333
"1831",2026-02-23 06:30:00,1.83,2.875,1.83,6.00423,9.432875,38.3657538193289,51.4449880759182,23.8666666666667,29.4546854459799,0,29.8159774631763,99.9999955252818,7.2785,7.587,2.208
"1832",2026-02-23 06:31:00,1.828,2.8705,1.828,5.997668,9.4181105,38.8017282945485,51.1834033907864,24.4282352941176,29.4493700485453,0,29.7749993130134,99.9999955252818,7.24458333333333,7.5575,2.21516666666667
"1833",2026-02-23 06:32:00,1.826,2.866,1.826,5.991106,9.403346,39.2377027697681,50.9218187056547,24.9898039215686,29.4440546511106,0,29.7340211628504,99.9999955252818,7.21066666666667,7.528,2.22233333333333
"1834",2026-02-23 06:33:00,1.824,2.8615,1.824,5.984544,9.3885815,39.6736772449878,50.6602340205229,25.5513725490196,29.438739253676,0,29.6930430126875,99.9999955252818,7.17675,7.4985,2.2295
"1835",2026-02-23 06:34:00,1.822,2.857,1.822,5.977982,9.373817,40.1096517202074,50.3986493353911,26.1129411764706,29.4334238562414,0,29.6520648625246,99.9999955252818,7.14283333333333,7.469,2.23666666666667
"1836",2026-02-23 06:35:00,1.82,2.8525,1.82,5.97142,9.3590525,40.5456261954271,50.1370646502593,26.6745098039216,29.4281084588067,0,29.6110867123616,99.9999955252818,7.10891666666667,7.4395,2.24383333333333
"1837",2026-02-23 06:36:00,1.818,2.848,1.818,5.964858,9.344288,40.5456261954271,51.0090136006986,26.3937254901961,29.4304708576666,0,29.621339279499,99.9999955252818,7.075,7.41,2.251
"1838",2026-02-23 06:37:00,1.816,2.8435,1.816,5.958296,9.3295235,40.5456261954271,51.8809625511379,26.1129411764706,29.4328332565264,0,29.6315918466365,99.9999955252818,6.99716666666667,7.37066666666667,2.25033333333333
"1839",2026-02-23 06:38:00,1.814,2.839,1.814,5.951734,9.314759,40.5456261954271,52.7529115015772,25.8321568627451,29.4351956553862,0,29.6418444137739,99.9999955252818,6.91933333333333,7.33133333333333,2.24966666666667
"1840",2026-02-23 06:39:00,1.812,2.8345,1.812,5.945172,9.2999945,40.5456261954271,53.6248604520165,25.5513725490196,29.4375580542461,0,29.6520969809113,99.9999955252818,6.8415,7.292,2.249
"1841",2026-02-23 06:40:00,1.81,2.83,1.81,5.93861,9.28523,40.5456261954271,54.4968094024558,25.2705882352941,29.4399204531059,0,29.6623495480488,99.9999955252818,6.76366666666667,7.25266666666667,2.24833333333333
"1842",2026-02-23 06:41:00,1.8085,2.8275,1.8085,5.9336885,9.2770275,40.7200159855149,54.14802982228,24.1474509803922,29.4351956553862,0,29.6418390385079,99.9999955252818,6.68583333333333,7.21333333333333,2.24766666666667
"1843",2026-02-23 06:42:00,1.807,2.825,1.807,5.928767,9.268825,40.8944057756028,53.7992502421043,23.0243137254902,29.4304708576666,0,29.621328528967,99.9999955252818,6.608,7.174,2.247
"1844",2026-02-23 06:43:00,1.8055,2.8225,1.8055,5.9238455,9.2606225,41.0687955656907,53.4504706619286,21.9011764705882,29.4257460599469,0,29.600818019426,99.9999955252818,6.59466666666667,7.11816666666667,2.23883333333333
"1845",2026-02-23 06:44:00,1.804,2.82,1.804,5.918924,9.25242,41.2431853557785,53.1016910817529,20.7780392156863,29.4210212622272,0,29.5803075098851,99.9999955252818,6.58133333333333,7.06233333333333,2.23066666666667
"1846",2026-02-23 06:45:00,1.8025,2.8175,1.8025,5.9140025,9.2442175,41.4175751458664,52.7529115015772,19.6549019607843,29.4162964645076,0,29.5597970003442,99.9999955252818,6.568,7.0065,2.2225
"1847",2026-02-23 06:46:00,1.801,2.815,1.801,5.909081,9.236015,42.2023292012617,54.235224717324,20.2164705882353,29.4180682636524,0,29.5289907876057,99.9999955252818,6.55466666666667,6.95066666666667,2.21433333333333
"1848",2026-02-23 06:47:00,1.7995,2.8125,1.7995,5.9041595,9.2278125,42.9870832566571,55.7175379330708,20.7780392156863,29.4198400627973,0,29.4981845748671,99.9999955252818,6.54133333333333,6.89483333333333,2.20616666666667
"1849",2026-02-23 06:48:00,1.798,2.81,1.798,5.899238,9.21961,43.7718373120525,57.1998511488176,21.3396078431373,29.4216118619422,0,29.4673783621285,99.9999955252818,6.528,6.839,2.198
"1850",2026-02-23 06:49:00,1.7965,2.8075,1.7965,5.8943165,9.2114075,44.5565913674478,58.6821643645644,21.9011764705882,29.4233836610871,0,29.43657214939,99.9999955252818,6.49966666666667,6.8025,2.1985
"1851",2026-02-23 06:50:00,1.795,2.805,1.795,5.889395,9.203205,45.3413454228432,60.1644775803112,22.4627450980392,29.4251554602319,0,29.4057659366514,99.9999955252818,6.47133333333333,6.766,2.199
"1852",2026-02-23 06:51:00,1.7935,2.8025,1.7935,5.8844735,9.1950025,44.295006682316,58.5949694695204,22.7435294117647,29.4216118619422,0,29.43657214939,99.9999955252818,6.443,6.7295,2.1995
"1853",2026-02-23 06:52:00,1.792,2.8,1.792,5.879552,9.1868,43.2486679417889,57.0254613587297,23.0243137254902,29.4180682636524,0,29.4673783621285,99.9999955252818,6.41466666666667,6.693,2.2
"1854",2026-02-23 06:53:00,1.7905,2.7975,1.7905,5.8746305,9.1785975,42.2023292012617,55.455953247939,23.3050980392157,29.4145246653627,0,29.4981845748671,99.9999955252818,6.38633333333333,6.6565,2.2005
"1855",2026-02-23 06:54:00,1.789,2.795,1.789,5.869709,9.170395,41.1559904607346,53.8864451371483,23.5858823529412,29.4109810670729,0,29.5289907876057,99.9999955252818,6.358,6.62,2.201
"1856",2026-02-23 06:55:00,1.7875,2.7925,1.7875,5.8647875,9.1621925,40.1096517202074,52.3169370263575,23.8666666666667,29.4074374687832,0,29.5597970003442,99.9999955252818,6.32233333333333,6.56966666666667,2.20766666666667
"1857",2026-02-23 06:56:00,1.786,2.79,1.786,5.859866,9.15399,40.3712364053392,52.4913268164454,23.5858823529412,29.4115716667879,0,29.5289907876057,99.9999955252818,6.28666666666667,6.51933333333333,2.21433333333333
"1858",2026-02-23 06:57:00,1.7845,2.7875,1.7845,5.8549445,9.1457875,40.632821090471,52.6657166065332,23.3050980392157,29.4157058647926,0,29.4981845748671,99.9999955252818,6.251,6.469,2.221
"1859",2026-02-23 06:58:00,1.783,2.785,1.783,5.850023,9.137585,40.8944057756028,52.8401063966211,23.0243137254902,29.4198400627973,0,29.4673783621285,99.9999955252818,6.21533333333333,6.41866666666667,2.22766666666667
"1860",2026-02-23 06:59:00,1.7815,2.7825,1.7815,5.8451015,9.1293825,41.1559904607346,53.014496186709,22.7435294117647,29.423974260802,0,29.43657214939,99.9999955252818,6.17966666666667,6.36833333333333,2.23433333333333
"1861",2026-02-23 07:00:00,1.78,2.78,1.78,5.84018,9.12118,41.4175751458664,53.1888859767968,22.4627450980392,29.4281084588067,0,29.4057659366514,99.9999955252818,6.144,6.318,2.241
"1862",2026-02-23 07:01:00,1.771,2.7725,1.771,5.810651,9.0965725,41.3303802508224,53.2760808718407,23.0243137254902,29.4281084588067,0,29.3954863590704,99.9999955252818,6.10833333333333,6.277,2.24416666666667
"1863",2026-02-23 07:02:00,1.762,2.765,1.762,5.781122,9.071965,41.2431853557785,53.3632757668847,23.5858823529412,29.4281084588067,0,29.3852067814895,99.9999955252818,6.07266666666667,6.236,2.24733333333333
"1864",2026-02-23 07:03:00,1.753,2.7575,1.753,5.751593,9.0473575,41.1559904607346,53.4504706619286,24.1474509803922,29.4281084588067,0,29.3749272039085,99.9999955252818,6.037,6.195,2.2505
"1865",2026-02-23 07:04:00,1.744,2.75,1.744,5.722064,9.02275,41.0687955656907,53.5376655569725,24.7090196078431,29.4281084588067,0,29.3646476263276,99.9999955252818,6.00133333333333,6.154,2.25366666666667
"1866",2026-02-23 07:05:00,1.735,2.7425,1.735,5.692535,8.9981425,40.9816006706467,53.6248604520165,25.2705882352941,29.4281084588067,0,29.3543680487466,99.9999955252818,5.96566666666667,6.113,2.25683333333333
"1867",2026-02-23 07:06:00,1.726,2.735,1.726,5.663006,8.973535,40.5456261954271,52.6657166065332,24.4282352941176,29.423974260802,0,29.3749217749243,99.9999955252818,5.93,6.072,2.26
"1868",2026-02-23 07:07:00,1.717,2.7275,1.717,5.633477,8.9489275,40.1096517202074,51.70657276105,23.5858823529412,29.4198400627973,0,29.3954755011021,99.9999955252818,5.89233333333333,6.0195,2.26233333333333
"1869",2026-02-23 07:08:00,1.708,2.72,1.708,5.603948,8.92432,39.6736772449878,50.7474289155668,22.7435294117647,29.4157058647926,0,29.4160292272798,99.9999955252818,5.85466666666667,5.967,2.26466666666667
"1870",2026-02-23 07:09:00,1.699,2.7125,1.699,5.574419,8.8997125,39.2377027697681,49.7882850700836,21.9011764705882,29.4115716667879,0,29.4365829534576,99.9999955252818,5.817,5.9145,2.267
"1871",2026-02-23 07:10:00,1.69,2.705,1.69,5.54489,8.875105,38.8017282945485,48.8291412246004,21.0588235294118,29.4074374687832,0,29.4571366796353,99.9999955252818,5.77933333333333,5.862,2.26933333333333
"1872",2026-02-23 07:11:00,1.681,2.6975,1.681,5.515361,8.8504975,39.1505078747242,49.8754799651275,22.1819607843137,29.4080280684981,0,29.405711511421,99.9999955252818,5.74166666666667,5.8095,2.27166666666667
"1873",2026-02-23 07:12:00,1.672,2.69,1.672,5.485832,8.82589,39.4992874548999,50.9218187056547,23.3050980392157,29.4086186682131,0,29.3542863432066,99.9999955252818,5.704,5.757,2.274
"1874",2026-02-23 07:13:00,1.663,2.6825,1.663,5.456303,8.8012825,39.8480670350756,51.9681574461818,24.4282352941176,29.409209267928,0,29.3028611749923,99.9999955252818,5.68058333333333,5.71533333333333,2.274
"1875",2026-02-23 07:14:00,1.654,2.675,1.654,5.426774,8.776675,40.1968466152514,53.014496186709,25.5513725490196,29.409799867643,0,29.251436006778,99.9999955252818,5.65716666666667,5.67366666666667,2.274
"1876",2026-02-23 07:15:00,1.645,2.6675,1.645,5.397245,8.7520675,40.5456261954271,54.0608349272361,26.6745098039216,29.410390467358,0,29.2000108385637,99.9999955252818,5.63375,5.632,2.274
"1877",2026-02-23 07:16:00,1.636,2.66,1.636,5.367716,8.72746,39.4992874548999,53.1888859767968,26.3937254901961,29.4151152650776,0,29.251436006778,99.9999955252818,5.61033333333333,5.59033333333333,2.274
"1878",2026-02-23 07:17:00,1.627,2.6525,1.627,5.338187,8.7028525,38.4529487143728,52.3169370263575,26.1129411764706,29.4198400627973,0,29.3028611749923,99.9999955252818,5.58691666666667,5.54866666666667,2.274
"1879",2026-02-23 07:18:00,1.618,2.645,1.618,5.308658,8.678245,37.4066099738456,51.4449880759182,25.8321568627451,29.424564860517,0,29.3542863432066,99.9999955252818,5.5635,5.507,2.274
"1880",2026-02-23 07:19:00,1.609,2.6375,1.609,5.279129,8.6536375,36.3602712333185,50.5730391254789,25.5513725490196,29.4292896582367,0,29.405711511421,99.9999955252818,5.54008333333333,5.45833333333333,2.27166666666667
"1881",2026-02-23 07:20:00,1.6,2.63,1.6,5.2496,8.62903,35.3139324927913,49.7010901750397,25.2705882352941,29.4340144559563,0,29.4571366796353,99.9999955252818,5.51666666666667,5.40966666666667,2.26933333333333
"1882",2026-02-23 07:21:00,1.6115,2.641,1.6115,5.2873315,8.665121,35.8371018630549,50.1370646502593,24.9898039215686,29.4286990585217,0,29.4571366796353,99.9999955252818,5.49325,5.361,2.267
"1883",2026-02-23 07:22:00,1.623,2.652,1.623,5.325063,8.701212,36.3602712333185,50.5730391254789,24.7090196078431,29.4233836610871,0,29.4571366796353,99.9999955252818,5.46983333333333,5.31233333333333,2.26466666666667
"1884",2026-02-23 07:23:00,1.6345,2.663,1.6345,5.3627945,8.737303,36.883440603582,51.0090136006986,24.4282352941176,29.4180682636524,0,29.4571366796353,99.9999955252818,5.44641666666667,5.26366666666667,2.26233333333333
"1885",2026-02-23 07:24:00,1.646,2.674,1.646,5.400526,8.773394,37.4066099738456,51.4449880759182,24.1474509803922,29.4127528662178,0,29.4571366796353,99.9999955252818,5.423,5.215,2.26
"1886",2026-02-23 07:25:00,1.6575,2.685,1.6575,5.4382575,8.809485,37.9297793441092,51.8809625511379,23.8666666666667,29.4074374687832,0,29.4571366796353,99.9999955252818,5.38016666666667,5.18666666666667,2.26616666666667
"1887",2026-02-23 07:26:00,1.669,2.696,1.669,5.475989,8.845576,38.0169742391531,51.0962084957425,22.7435294117647,29.409209267928,0,29.4776687437771,99.9999955252818,5.33733333333333,5.15833333333333,2.27233333333333
"1888",2026-02-23 07:27:00,1.6805,2.707,1.6805,5.5137205,8.881667,38.1041691341971,50.3114544403472,21.6203921568627,29.4109810670729,0,29.4982008079189,99.9999955252818,5.2945,5.13,2.2785
"1889",2026-02-23 07:28:00,1.692,2.718,1.692,5.551452,8.917758,38.191364029241,49.5267003849518,20.4972549019608,29.4127528662178,0,29.5187328720607,99.9999955252818,5.25166666666667,5.10166666666667,2.28466666666667
"1890",2026-02-23 07:29:00,1.7035,2.729,1.7035,5.5891835,8.953849,38.2785589242849,48.7419463295564,19.3741176470588,29.4145246653627,0,29.5392649362024,99.9999955252818,5.20883333333333,5.07333333333333,2.29083333333333
"1891",2026-02-23 07:30:00,1.715,2.74,1.715,5.626915,8.98994,38.3657538193289,47.9571922741611,18.2509803921569,29.4162964645076,0,29.5597970003442,99.9999955252818,5.166,5.045,2.297
"1892",2026-02-23 07:31:00,1.7265,2.751,1.7265,5.6646465,9.026031,38.8889231895924,49.0035310146882,17.9701960784314,29.4151152650776,0,29.5392649362024,99.9999955252818,5.1325,5.02033333333333,2.297
"1893",2026-02-23 07:32:00,1.738,2.762,1.738,5.702378,9.062122,39.412092559856,50.0498697552154,17.6894117647059,29.4139340656477,0,29.5187328720607,99.9999955252818,5.099,4.99566666666667,2.297
"1894",2026-02-23 07:33:00,1.7495,2.773,1.7495,5.7401095,9.098213,39.9352619301196,51.0962084957425,17.4086274509804,29.4127528662178,0,29.4982008079189,99.9999955252818,5.0655,4.971,2.297
"1895",2026-02-23 07:34:00,1.761,2.784,1.761,5.777841,9.134304,40.4584313003832,52.1425472362697,17.1278431372549,29.4115716667879,0,29.4776687437771,99.9999955252818,5.032,4.94633333333333,2.297
"1896",2026-02-23 07:35:00,1.7725,2.795,1.7725,5.8155725,9.170395,40.9816006706467,53.1888859767968,16.8470588235294,29.410390467358,0,29.4571366796353,99.9999955252818,4.9985,4.92166666666667,2.297
"1897",2026-02-23 07:36:00,1.784,2.806,1.784,5.853304,9.206486,41.4175751458664,53.1888859767968,17.1278431372549,29.4121622665028,0,29.4468625310385,99.9999955252818,4.965,4.897,2.297
"1898",2026-02-23 07:37:00,1.7955,2.817,1.7955,5.8910355,9.242577,41.853549621086,53.1888859767968,17.4086274509804,29.4139340656477,0,29.4365883824417,99.9999955252818,4.9405,4.87516666666667,2.28766666666667
"1899",2026-02-23 07:38:00,1.807,2.828,1.807,5.928767,9.278668,42.2895240963057,53.1888859767968,17.6894117647059,29.4157058647926,0,29.426314233845,99.9999955252818,4.916,4.85333333333333,2.27833333333333
"1900",2026-02-23 07:39:00,1.8185,2.839,1.8185,5.9664985,9.314759,42.7254985715253,53.1888859767968,17.9701960784314,29.4174776639375,0,29.4160400852482,99.9999955252818,4.8915,4.8315,2.269
"1901",2026-02-23 07:40:00,1.83,2.85,1.83,6.00423,9.35085,43.161473046745,53.1888859767968,18.2509803921569,29.4192494630824,0,29.4057659366514,99.9999955252818,4.867,4.80966666666667,2.25966666666667
"1902",2026-02-23 07:41:00,1.837,2.8615,1.837,6.027197,9.3885815,43.074278151701,53.3632757668847,18.5317647058824,29.4162964645076,0,29.3954863590704,99.9999955252818,4.8425,4.78783333333333,2.25033333333333
"1903",2026-02-23 07:42:00,1.844,2.873,1.844,6.050164,9.426313,42.9870832566571,53.5376655569725,18.8125490196078,29.4133434659328,0,29.3852067814895,99.9999955252818,4.818,4.766,2.241
"1904",2026-02-23 07:43:00,1.851,2.8845,1.851,6.073131,9.4640445,42.8998883616132,53.7120553470604,19.0933333333333,29.410390467358,0,29.3749272039085,99.9999955252818,4.778,4.73266666666667,2.236
"1905",2026-02-23 07:44:00,1.858,2.896,1.858,6.096098,9.501776,42.8126934665692,53.8864451371483,19.3741176470588,29.4074374687832,0,29.3646476263276,99.9999955252818,4.738,4.69933333333333,2.231
"1906",2026-02-23 07:45:00,1.865,2.9075,1.865,6.119065,9.5395075,42.7254985715253,54.0608349272361,19.6549019607843,29.4044844702084,0,29.3543680487466,99.9999955252818,4.698,4.666,2.226
"1907",2026-02-23 07:46:00,1.872,2.919,1.872,6.142032,9.577239,41.5919649359542,52.1425472362697,19.6549019607843,29.4062562693533,0,29.3749217749243,99.9999955252818,4.658,4.63266666666667,2.221
"1908",2026-02-23 07:47:00,1.879,2.9305,1.879,6.164999,9.6149705,40.4584313003832,50.2242595453032,19.6549019607843,29.4080280684981,0,29.3954755011021,99.9999955252818,4.618,4.59933333333333,2.216
"1909",2026-02-23 07:48:00,1.886,2.942,1.886,6.187966,9.652702,39.3248976648121,48.3059718543368,19.6549019607843,29.409799867643,0,29.4160292272798,99.9999955252818,4.578,4.566,2.211
"1910",2026-02-23 07:49:00,1.893,2.9535,1.893,6.210933,9.6904335,38.191364029241,46.3876841633703,19.6549019607843,29.4115716667879,0,29.4365829534576,99.9999955252818,4.5495,4.47683333333333,2.205
"1911",2026-02-23 07:50:00,1.9,2.965,1.9,6.2339,9.728165,37.0578303936699,44.4693964724039,19.6549019607843,29.4133434659328,0,29.4571366796353,99.9999955252818,4.521,4.38766666666667,2.199
"1912",2026-02-23 07:51:00,1.907,2.9765,1.907,6.256867,9.7658965,38.191364029241,46.6492688485021,18.8125490196078,29.4021220713485,0,29.405711511421,99.9999955252818,4.4925,4.2985,2.193
"1913",2026-02-23 07:52:00,1.914,2.988,1.914,6.279834,9.803628,39.3248976648121,48.8291412246004,17.9701960784314,29.3909006767643,0,29.3542863432066,99.9999955252818,4.464,4.20933333333333,2.187
"1914",2026-02-23 07:53:00,1.921,2.9995,1.921,6.302801,9.8413595,40.4584313003832,51.0090136006986,17.1278431372549,29.3796792821801,0,29.3028611749923,99.9999955252818,4.4355,4.12016666666667,2.181
"1915",2026-02-23 07:54:00,1.928,3.011,1.928,6.325768,9.879091,41.5919649359542,53.1888859767968,16.2854901960784,29.3684578875959,0,29.251436006778,99.9999955252818,4.407,4.031,2.175
"1916",2026-02-23 07:55:00,1.935,3.0225,1.935,6.348735,9.9168225,42.7254985715253,55.368758352895,15.443137254902,29.3572364930116,0,29.2000108385637,99.9999955252818,4.383,4.00316666666667,2.1745
"1917",2026-02-23 07:56:00,1.942,3.034,1.942,6.371702,9.954554,42.6383036764814,55.368758352895,16.0047058823529,29.3643236895912,0,29.2000108385637,99.9999955252818,4.359,3.97533333333333,2.174
"1918",2026-02-23 07:57:00,1.949,3.0455,1.949,6.394669,9.9922855,42.5511087814375,55.368758352895,16.5662745098039,29.3714108861707,0,29.2000108385637,99.9999955252818,4.335,3.9475,2.1735
"1919",2026-02-23 07:58:00,1.956,3.057,1.956,6.417636,10.030017,42.4639138863935,55.368758352895,17.1278431372549,29.3784980827502,0,29.2000108385637,99.9999955252818,4.311,3.91966666666667,2.173
"1920",2026-02-23 07:59:00,1.963,3.0685,1.963,6.440603,10.0677485,42.3767189913496,55.368758352895,17.6894117647059,29.3855852793297,0,29.2000108385637,99.9999955252818,4.287,3.89183333333333,2.1725
"1921",2026-02-23 08:00:00,1.97,3.08,1.97,6.46357,10.10548,42.2895240963057,55.368758352895,18.2509803921569,29.3926724759092,0,29.2000108385637,99.9999955252818,4.263,3.864,2.172
"1922",2026-02-23 08:01:00,1.9705,3.078,1.9705,6.4652105,10.098918,41.6791598309982,54.4968094024558,17.9701960784314,29.3944442750541,0,29.2205972605149,99.9999955252818,4.23516666666667,3.83166666666667,2.17633333333333
"1923",2026-02-23 08:02:00,1.971,3.076,1.971,6.466851,10.092356,41.0687955656907,53.6248604520165,17.6894117647059,29.3962160741989,0,29.2411836824662,99.9999955252818,4.20733333333333,3.79933333333333,2.18066666666667
"1924",2026-02-23 08:03:00,1.9715,3.074,1.9715,6.4684915,10.085794,40.4584313003832,52.7529115015772,17.4086274509804,29.3979878733438,0,29.2617701044175,99.9999955252818,4.1795,3.767,2.185
"1925",2026-02-23 08:04:00,1.972,3.072,1.972,6.470132,10.079232,39.8480670350757,51.8809625511379,17.1278431372549,29.3997596724887,0,29.2823565263687,99.9999955252818,4.15166666666667,3.73466666666667,2.18933333333333
"1926",2026-02-23 08:05:00,1.9725,3.07,1.9725,6.4717725,10.07267,39.2377027697681,51.0090136006986,16.8470588235294,29.4015314716336,0,29.30294294832,99.9999955252818,4.12383333333333,3.70233333333333,2.19366666666667
"1927",2026-02-23 08:06:00,1.973,3.068,1.973,6.473413,10.066108,39.412092559856,51.793767656094,15.7239215686275,29.3968066739139,0,29.2307942740937,99.9999955252818,4.096,3.67,2.198
"1928",2026-02-23 08:07:00,1.9735,3.066,1.9735,6.4750535,10.059546,39.5864823499439,52.5785217114893,14.6007843137255,29.3920818761942,0,29.1586455998675,99.9999955252818,4.08833333333333,3.63933333333333,2.19466666666667
"1929",2026-02-23 08:08:00,1.974,3.064,1.974,6.476694,10.052984,39.7608721400317,53.3632757668847,13.4776470588235,29.3873570784746,0,29.0864969256413,99.9999955252818,4.08066666666667,3.60866666666667,2.19133333333333
"1930",2026-02-23 08:09:00,1.9745,3.062,1.9745,6.4783345,10.046422,39.9352619301196,54.14802982228,12.3545098039216,29.3826322807549,0,29.014348251415,99.9999955252818,4.073,3.578,2.188
"1931",2026-02-23 08:10:00,1.975,3.06,1.975,6.479975,10.03986,40.1096517202074,54.9327838776754,11.2313725490196,29.3779074830352,0,28.9421995771888,99.9999955252818,4.06533333333333,3.54733333333333,2.18466666666667
"1932",2026-02-23 08:11:00,1.9755,3.058,1.9755,6.4816155,10.033298,40.1096517202074,54.5840042974997,11.7929411764706,29.3784980827502,0,28.9421995771888,99.9999955252818,4.05766666666667,3.51666666666667,2.18133333333333
"1933",2026-02-23 08:12:00,1.976,3.056,1.976,6.483256,10.026736,40.1096517202074,54.235224717324,12.3545098039216,29.3790886824651,0,28.9421995771888,99.9999955252818,4.05,3.486,2.178
"1934",2026-02-23 08:13:00,1.9765,3.054,1.9765,6.4848965,10.020174,40.1096517202074,53.8864451371483,12.9160784313725,29.3796792821801,0,28.9421995771888,99.9999955252818,4.01766666666667,3.468,2.18183333333333
"1935",2026-02-23 08:14:00,1.977,3.052,1.977,6.486537,10.013612,40.1096517202074,53.5376655569725,13.4776470588235,29.3802698818951,0,28.9421995771888,99.9999955252818,3.98533333333333,3.45,2.18566666666667
"1936",2026-02-23 08:15:00,1.9775,3.05,1.9775,6.4881775,10.00705,40.1096517202074,53.1888859767968,14.0392156862745,29.38086048161,0,28.9421995771888,99.9999955252818,3.953,3.432,2.1895
"1937",2026-02-23 08:16:00,1.978,3.048,1.978,6.489818,10.000488,40.1968466152514,53.7992502421043,12.6352941176471,29.3767262836053,0,28.8697788471659,99.9999955252818,3.92066666666667,3.414,2.19333333333333
"1938",2026-02-23 08:17:00,1.9785,3.046,1.9785,6.4914585,9.993926,40.2840415102953,54.4096145074118,11.2313725490196,29.3725920856006,0,28.7973581171429,99.9999955252818,3.88833333333333,3.396,2.19716666666667
"1939",2026-02-23 08:18:00,1.979,3.044,1.979,6.493099,9.987364,40.3712364053392,55.0199787727193,9.82745098039216,29.3684578875959,0,28.72493738712,99.9999955252818,3.856,3.378,2.201
"1940",2026-02-23 08:19:00,1.9795,3.042,1.9795,6.4947395,9.980802,40.4584313003831,55.6303430380268,8.42352941176471,29.3643236895912,0,28.6525166570971,99.9999955252818,3.8355,3.38466666666667,2.19833333333333
"1941",2026-02-23 08:20:00,1.98,3.04,1.98,6.49638,9.97424,40.5456261954271,56.2407073033343,7.01960784313725,29.3601894915864,0,28.5800959270741,99.9999955252818,3.815,3.39133333333333,2.19566666666667
"1942",2026-02-23 08:21:00,1.9635,3.0235,1.9635,6.4422435,9.9201035,41.5919649359542,56.1535124082904,7.86196078431372,29.3607800913014,0.00200048822961132,28.569727621561,99.9999955252818,3.7945,3.398,2.193
"1943",2026-02-23 08:22:00,1.947,3.007,1.947,6.388107,9.865967,42.6383036764814,56.0663175132465,8.7043137254902,29.3613706910164,0.00400097645922265,28.5593593160478,99.9999955252818,3.774,3.40466666666667,2.19033333333333
"1944",2026-02-23 08:23:00,1.9305,2.9905,1.9305,6.3339705,9.8118305,43.6846424170085,55.9791226182026,9.54666666666667,29.3619612907313,0.00600146468883397,28.5489910105347,99.9999955252818,3.7535,3.41133333333333,2.18766666666667
"1945",2026-02-23 08:24:00,1.914,2.974,1.914,6.279834,9.757694,44.7309811575357,55.8919277231586,10.3890196078431,29.3625518904463,0.00800195291844529,28.5386227050215,99.9999955252818,3.733,3.418,2.185
"1946",2026-02-23 08:25:00,1.8975,2.9575,1.8975,6.2256975,9.7035575,45.7773198980628,55.8047328281147,11.2313725490196,29.3631424901612,0.0100024411480566,28.5282543995084,99.9999955252818,3.71733333333333,3.40433333333333,2.1905
"1947",2026-02-23 08:26:00,1.881,2.941,1.881,6.171561,9.649421,44.9053709476235,55.1943685628072,10.9505882352941,29.3631424901612,0.00800195291844529,28.5282543995084,99.9999955252818,3.70166666666667,3.39066666666667,2.196
"1948",2026-02-23 08:27:00,1.8645,2.9245,1.8645,6.1174245,9.5952845,44.0334219971842,54.5840042974997,10.6698039215686,29.3631424901612,0.00600146468883397,28.5282543995084,99.9999955252818,3.686,3.377,2.2015
"1949",2026-02-23 08:28:00,1.848,2.908,1.848,6.063288,9.541148,43.161473046745,53.9736400321922,10.3890196078431,29.3631424901612,0.00400097645922265,28.5282543995084,99.9999955252818,3.67033333333333,3.36333333333333,2.207
"1950",2026-02-23 08:29:00,1.8315,2.8915,1.8315,6.0091515,9.4870115,42.2895240963057,53.3632757668847,10.1082352941176,29.3631424901612,0.00200048822961132,28.5282543995084,99.9999955252818,3.65466666666667,3.34966666666667,2.2125
"1951",2026-02-23 08:30:00,1.815,2.875,1.815,5.955015,9.432875,41.4175751458664,52.7529115015772,9.82745098039216,29.3631424901612,0,28.5282543995084,99.9999955252818,3.639,3.336,2.218
"1952",2026-02-23 08:31:00,1.7985,2.8585,1.7985,5.9008785,9.3787385,41.0687955656907,52.1425472362697,9.82745098039216,29.3625518904463,0,28.4971154426066,99.9999955252818,3.61633333333333,3.31783333333333,2.21416666666667
"1953",2026-02-23 08:32:00,1.782,2.842,1.782,5.846742,9.324602,40.7200159855149,51.5321829709622,9.82745098039216,29.3619612907313,0,28.4659764857049,99.9999955252818,3.59366666666667,3.29966666666667,2.21033333333333
"1954",2026-02-23 08:33:00,1.7655,2.8255,1.7655,5.7926055,9.2704655,40.3712364053392,50.9218187056547,9.82745098039216,29.3613706910164,0,28.4348375288032,99.9999955252818,3.571,3.2815,2.2065
"1955",2026-02-23 08:34:00,1.749,2.809,1.749,5.738469,9.216329,40.0224568251635,50.3114544403472,9.82745098039216,29.3607800913014,0,28.4036985719015,99.9999955252818,3.54833333333333,3.26333333333333,2.20266666666667
"1956",2026-02-23 08:35:00,1.7325,2.7925,1.7325,5.6843325,9.1621925,39.6736772449878,49.7010901750397,9.82745098039216,29.3601894915864,0,28.3725596149998,99.9999955252818,3.52566666666667,3.24516666666667,2.19883333333333
"1957",2026-02-23 08:36:00,1.716,2.776,1.716,5.630196,9.108056,39.9352619301196,50.6602340205229,9.82745098039216,29.3590082921565,0,28.3621685685567,99.9999955252818,3.503,3.227,2.195
"1958",2026-02-23 08:37:00,1.6995,2.7595,1.6995,5.5760595,9.0539195,40.1968466152514,51.6193778660061,9.82745098039216,29.3578270927266,0,28.3517775221137,99.9999955252818,3.501,3.20516666666667,2.20316666666667
"1959",2026-02-23 08:38:00,1.683,2.743,1.683,5.521923,8.999783,40.4584313003832,52.5785217114893,9.82745098039216,29.3566458932967,0,28.3413864756706,99.9999955252818,3.499,3.18333333333333,2.21133333333333
"1960",2026-02-23 08:39:00,1.6665,2.7265,1.6665,5.4677865,8.9456465,40.7200159855149,53.5376655569725,9.82745098039216,29.3554646938668,0,28.3309954292275,99.9999955252818,3.497,3.1615,2.2195
"1961",2026-02-23 08:40:00,1.65,2.71,1.65,5.41365,8.89151,40.9816006706467,54.4968094024558,9.82745098039216,29.3542834944369,0,28.3206043827844,99.9999955252818,3.495,3.13966666666667,2.22766666666667
"1962",2026-02-23 08:41:00,1.655,2.7105,1.655,5.430055,8.8931505,40.632821090471,53.9736400321922,9.54666666666667,29.352511695292,0,28.3206043827844,99.9999955252818,3.493,3.11783333333333,2.23583333333333
"1963",2026-02-23 08:42:00,1.66,2.711,1.66,5.44646,8.894791,40.2840415102953,53.4504706619286,9.26588235294118,29.3507398961471,0,28.3206043827844,99.9999955252818,3.491,3.096,2.244
"1964",2026-02-23 08:43:00,1.665,2.7115,1.665,5.462865,8.8964315,39.9352619301196,52.927301291665,8.98509803921569,29.3489680970022,0,28.3206043827844,99.9999955252818,3.481,3.079,2.262
"1965",2026-02-23 08:44:00,1.67,2.712,1.67,5.47927,8.898072,39.5864823499439,52.4041319214015,8.7043137254902,29.3471962978573,0,28.3206043827844,99.9999955252818,3.471,3.062,2.28
"1966",2026-02-23 08:45:00,1.675,2.7125,1.675,5.495675,8.8997125,39.2377027697681,51.8809625511379,8.42352941176471,29.3454244987125,0,28.3206043827844,99.9999955252818,3.461,3.045,2.298
"1967",2026-02-23 08:46:00,1.68,2.713,1.68,5.51208,8.901353,40.4584313003832,52.8401063966211,8.98509803921569,29.3477868975723,0,28.2789828450765,99.9999955252818,3.451,3.028,2.316
"1968",2026-02-23 08:47:00,1.685,2.7135,1.685,5.528485,8.9029935,41.6791598309982,53.7992502421043,9.54666666666667,29.3501492964321,0,28.2373613073685,99.9999955252818,3.441,3.011,2.334
"1969",2026-02-23 08:48:00,1.69,2.714,1.69,5.54489,8.904634,42.8998883616132,54.7583940875875,10.1082352941176,29.352511695292,0,28.1957397696606,99.9999955252818,3.431,2.994,2.352
"1970",2026-02-23 08:49:00,1.695,2.7145,1.695,5.561295,8.9062745,44.1206168922282,55.7175379330708,10.6698039215686,29.3548740941518,0,28.1541182319526,99.9999955252818,3.414,2.9765,2.36133333333333
"1971",2026-02-23 08:50:00,1.7,2.715,1.7,5.5777,8.907915,45.3413454228432,56.676681778554,11.2313725490196,29.3572364930116,0,28.1124966942447,99.9999955252818,3.397,2.959,2.37066666666667
"1972",2026-02-23 08:51:00,1.705,2.7155,1.705,5.594105,8.9095555,44.5565913674478,56.5022919884661,10.6698039215686,29.3536928947219,0,28.1229107101939,99.9999955252818,3.38,2.9415,2.38
"1973",2026-02-23 08:52:00,1.71,2.716,1.71,5.61051,8.911196,43.7718373120525,56.3279021983783,10.1082352941176,29.3501492964321,0,28.133324726143,99.9999955252818,3.363,2.924,2.38933333333333
"1974",2026-02-23 08:53:00,1.715,2.7165,1.715,5.626915,8.9128365,42.9870832566571,56.1535124082904,9.54666666666667,29.3466056981424,0,28.1437387420922,99.9999955252818,3.346,2.9065,2.39866666666667
"1975",2026-02-23 08:54:00,1.72,2.717,1.72,5.64332,8.914477,42.2023292012617,55.9791226182026,8.98509803921569,29.3430620998526,0,28.1541527580414,99.9999955252818,3.329,2.889,2.408
"1976",2026-02-23 08:55:00,1.725,2.7175,1.725,5.659725,8.9161175,41.4175751458664,55.8047328281147,8.42352941176471,29.3395185015629,0,28.1645667739905,99.9999955252818,3.32933333333333,2.87316666666667,2.42333333333333
"1977",2026-02-23 08:56:00,1.73,2.718,1.73,5.67613,8.917758,40.632821090471,54.6711991925436,8.14274509803922,29.3412903007078,0,28.1333073764794,99.9999955252818,3.32966666666667,2.85733333333333,2.43866666666667
"1978",2026-02-23 08:57:00,1.735,2.7185,1.735,5.692535,8.9193985,39.8480670350757,53.5376655569725,7.86196078431373,29.3430620998526,0,28.1020479789683,99.9999955252818,3.33,2.8415,2.454
"1979",2026-02-23 08:58:00,1.74,2.719,1.74,5.70894,8.921039,39.0633129796803,52.4041319214015,7.58117647058824,29.3448338989975,0,28.0707885814572,99.9999955252818,3.33033333333333,2.82566666666667,2.46933333333333
"1980",2026-02-23 08:59:00,1.745,2.7195,1.745,5.725345,8.9226795,38.2785589242849,51.2705982858304,7.30039215686275,29.3466056981424,0,28.0395291839461,99.9999955252818,3.33066666666667,2.80983333333333,2.48466666666667
"1981",2026-02-23 09:00:00,1.75,2.72,1.75,5.74175,8.92432,37.4938048688896,50.1370646502593,7.01960784313725,29.3483774972873,0,28.008269786435,99.9999955252818,3.331,2.794,2.5
"1982",2026-02-23 09:01:00,1.751,2.73,1.751,5.745031,8.95713,36.7090508134942,49.6138952799957,6.73882352941176,29.3513304958621,0,27.9560544472288,99.9999955252818,3.33633333333333,2.79833333333333,2.5175
"1983",2026-02-23 09:02:00,1.752,2.74,1.752,5.748312,8.98994,35.9242967580988,49.0907259097321,6.45803921568627,29.3542834944368,0,27.9038391080226,99.9999955252818,3.34166666666667,2.80266666666667,2.535
"1984",2026-02-23 09:03:00,1.753,2.75,1.753,5.751593,9.02275,35.1395427027035,48.5675565394686,6.17725490196078,29.3572364930116,0,27.8516237688163,99.9999955252818,3.347,2.807,2.5525
"1985",2026-02-23 09:04:00,1.754,2.76,1.754,5.754874,9.05556,34.3547886473081,48.044387169205,5.89647058823529,29.3601894915864,0,27.7994084296101,99.9999955252818,3.35233333333333,2.81133333333333,2.57
"1986",2026-02-23 09:05:00,1.755,2.77,1.755,5.758155,9.08837,33.5700345919127,47.5212177989414,5.6156862745098,29.3631424901612,0,27.7471930904039,99.9999955252818,3.35766666666667,2.81566666666667,2.5875
"1987",2026-02-23 09:06:00,1.756,2.78,1.756,5.761436,9.12118,32.8724754315613,47.6956075890293,5.05411764705882,29.3607800913014,0,27.6738442088846,99.9799955261768,3.363,2.82,2.605
"1988",2026-02-23 09:07:00,1.757,2.79,1.757,5.764717,9.15399,32.1749162712099,47.8699973791171,4.49254901960784,29.3584176924416,0,27.6004953273652,99.9599955270717,3.36583333333333,2.81783333333333,2.622
"1989",2026-02-23 09:08:00,1.758,2.8,1.758,5.767998,9.1868,31.4773571108584,48.044387169205,3.93098039215686,29.3560552935817,0,27.5271464458459,99.9399955279666,3.36866666666667,2.81566666666667,2.639
"1990",2026-02-23 09:09:00,1.759,2.81,1.759,5.771279,9.21961,30.779797950507,48.2187769592929,3.36941176470588,29.3536928947219,0,27.4537975643265,99.9199955288616,3.3715,2.8135,2.656
"1991",2026-02-23 09:10:00,1.76,2.82,1.76,5.77456,9.25242,30.0822387901556,48.3931667493807,2.8078431372549,29.3513304958621,0,27.3804486828072,99.8999955297565,3.37433333333333,2.81133333333333,2.673
"1992",2026-02-23 09:11:00,1.761,2.83,1.761,5.777841,9.28523,29.1230949446724,46.7364637435461,73.5654901960784,29.3513304958621,0,27.2540225503065,99.8799955306515,3.37716666666667,2.80916666666667,2.69
"1993",2026-02-23 09:12:00,1.762,2.84,1.762,5.781122,9.31804,28.1639510991891,45.0797607377114,144.323137254902,29.3513304958621,0,27.1275964178058,99.8599955315464,3.38,2.807,2.707
"1994",2026-02-23 09:13:00,1.763,2.85,1.763,5.784403,9.35085,27.2048072537059,43.4230577318768,215.080784313726,29.3513304958621,0,27.0011702853051,99.8399955324413,3.36583333333333,2.78466666666667,2.72616666666667
"1995",2026-02-23 09:14:00,1.764,2.86,1.764,5.787684,9.38366,26.2456634082227,41.7663547260421,285.838431372549,29.3513304958621,0,26.8747441528044,99.8199955333363,3.35166666666667,2.76233333333333,2.74533333333333
"1996",2026-02-23 09:15:00,1.765,2.87,1.765,5.790965,9.41647,25.2865195627395,40.1096517202074,356.596078431373,29.3513304958621,0,26.7483180203037,99.7999955342312,3.3375,2.74,2.7645
"1997",2026-02-23 09:16:00,1.766,2.88,1.766,5.794246,9.44928,25.5481042478713,40.4584313003832,356.876862745098,29.3536928947219,0,26.652916904033,99.7799955351262,3.32333333333333,2.71766666666667,2.78366666666667
"1998",2026-02-23 09:17:00,1.767,2.89,1.767,5.797527,9.48209,25.809688933003,40.8072108805589,357.157647058824,29.3560552935817,0,26.5575157877623,99.7599955360211,3.30916666666667,2.69533333333333,2.80283333333333
"1999",2026-02-23 09:18:00,1.768,2.9,1.768,5.800808,9.5149,26.0712736181348,41.1559904607346,357.438431372549,29.3584176924416,0,26.4621146714916,99.7399955369161,3.295,2.673,2.822
"2000",2026-02-23 09:19:00,1.769,2.91,1.769,5.804089,9.54771,26.3328583032666,41.5047700409103,357.719215686275,29.3607800913014,0,26.3667135552209,99.719995537811,3.304,2.65433333333333,2.83933333333333
"2001",2026-02-23 09:20:00,1.77,2.92,1.77,5.80737,9.58052,26.5944429883984,41.853549621086,358,29.3631424901612,0,26.2713124389502,99.699995538706,3.313,2.63566666666667,2.85666666666667
"2002",2026-02-23 09:21:00,1.7745,2.927,1.7745,5.8221345,9.603487,26.8560276735302,41.853549621086,358,29.3607800913014,0,26.1967587453018,99.6799955396009,3.322,2.617,2.874
"2003",2026-02-23 09:22:00,1.779,2.934,1.779,5.836899,9.626454,27.117612358662,41.853549621086,358,29.3584176924416,0,26.1222050516533,99.6599955404958,3.331,2.59833333333333,2.89133333333333
"2004",2026-02-23 09:23:00,1.7835,2.941,1.7835,5.8516635,9.649421,27.3791970437938,41.853549621086,358,29.3560552935817,0,26.0476513580049,99.6399955413908,3.34,2.57966666666667,2.90866666666667
"2005",2026-02-23 09:24:00,1.788,2.948,1.788,5.866428,9.672388,27.6407817289256,41.853549621086,358,29.3536928947219,0,25.9730976643565,99.6199955422857,3.349,2.561,2.926
"2006",2026-02-23 09:25:00,1.7925,2.955,1.7925,5.8811925,9.695355,27.9023664140573,41.853549621086,358,29.3513304958621,0,25.898543970708,99.5999955431807,3.35583333333333,2.55233333333333,2.94366666666667
"2007",2026-02-23 09:26:00,1.797,2.962,1.797,5.895957,9.718322,27.8151715190134,41.853549621086,286.4,29.352511695292,0,25.8771853428996,99.5999955431807,3.36266666666667,2.54366666666667,2.96133333333333
"2008",2026-02-23 09:27:00,1.8015,2.969,1.8015,5.9107215,9.741289,27.7279766239695,41.853549621086,214.8,29.3536928947219,0,25.8558267150913,99.5999955431807,3.3695,2.535,2.979
"2009",2026-02-23 09:28:00,1.806,2.976,1.806,5.925486,9.764256,27.6407817289256,41.853549621086,143.2,29.3548740941518,0,25.8344680872829,99.5999955431807,3.37633333333333,2.52633333333333,2.99666666666667
"2010",2026-02-23 09:29:00,1.8105,2.983,1.8105,5.9402505,9.787223,27.5535868338816,41.853549621086,71.6,29.3560552935817,0,25.8131094594745,99.5999955431807,3.38316666666667,2.51766666666667,3.01433333333333
"2011",2026-02-23 09:30:00,1.815,2.99,1.815,5.955015,9.81019,27.4663919388377,41.853549621086,0,29.3572364930116,0,25.7917508316661,99.5999955431807,3.39,2.509,3.032
"2012",2026-02-23 09:31:00,1.8195,2.997,1.8195,5.9697795,9.833157,27.9023664140573,43.161473046745,0,29.3531022950069,0,25.7060567268395,99.5399955458655,3.379,2.5325,3.05166666666667
"2013",2026-02-23 09:32:00,1.824,3.004,1.824,5.984544,9.856124,28.338340889277,44.4693964724039,0,29.3489680970022,0,25.6203626220128,99.4799955485503,3.368,2.556,3.07133333333333
"2014",2026-02-23 09:33:00,1.8285,3.011,1.8285,5.9993085,9.879091,28.7743153644966,45.7773198980628,0,29.3448338989975,0,25.5346685171862,99.4199955512352,3.357,2.5795,3.091
"2015",2026-02-23 09:34:00,1.833,3.018,1.833,6.014073,9.902058,29.2102898397163,47.0852433237218,0,29.3406997009928,0,25.4489744123595,99.35999555392,3.346,2.603,3.11066666666667
"2016",2026-02-23 09:35:00,1.8375,3.025,1.8375,6.0288375,9.925025,29.6462643149359,48.3931667493807,0,29.3365655029881,0,25.3632803075329,99.2999955566048,3.335,2.6265,3.13033333333333
"2017",2026-02-23 09:36:00,1.842,3.032,1.842,6.043602,9.947992,29.2102898397163,47.0852433237218,0.28078431372549,29.3330219046983,0,25.3632803075329,99.2799955574998,3.324,2.65,3.15
"2018",2026-02-23 09:37:00,1.8465,3.039,1.8465,6.0583665,9.970959,28.7743153644966,45.7773198980628,0.56156862745098,29.3294783064086,0,25.3632803075329,99.2599955583947,3.3285,2.6735,3.17616666666667
"2019",2026-02-23 09:38:00,1.851,3.046,1.851,6.073131,9.993926,28.338340889277,44.4693964724039,0.84235294117647,29.3259347081188,0,25.3632803075329,99.2399955592897,3.333,2.697,3.20233333333333
"2020",2026-02-23 09:39:00,1.8555,3.053,1.8555,6.0878955,10.016893,27.9023664140573,43.161473046745,1.12313725490196,29.3223911098291,0,25.3632803075329,99.2199955601846,3.3375,2.7205,3.2285
"2021",2026-02-23 09:40:00,1.86,3.06,1.86,6.10266,10.03986,27.4663919388377,41.853549621086,1.40392156862745,29.3188475115393,0,25.3632803075329,99.1999955610795,3.342,2.744,3.25466666666667
"2022",2026-02-23 09:41:00,1.858,3.056,1.858,6.096098,10.026736,27.3791970437938,42.2023292012617,1.40392156862745,29.322981709544,0,25.2879522838328,99.1999955610795,3.3465,2.7675,3.28083333333333
"2023",2026-02-23 09:42:00,1.856,3.052,1.856,6.089536,10.013612,27.2920021487498,42.5511087814374,1.40392156862745,29.3271159075487,0,25.2126242601327,99.1999955610795,3.351,2.791,3.307
"2024",2026-02-23 09:43:00,1.854,3.048,1.854,6.082974,10.000488,27.2048072537059,42.8998883616132,1.40392156862745,29.3312501055534,0,25.1372962364326,99.1999955610795,3.378,2.814,3.33333333333333
"2025",2026-02-23 09:44:00,1.852,3.044,1.852,6.076412,9.987364,27.117612358662,43.2486679417889,1.40392156862745,29.3353843035582,0,25.0619682127325,99.1999955610795,3.405,2.837,3.35966666666667
"2026",2026-02-23 09:45:00,1.85,3.04,1.85,6.06985,9.97424,27.0304174636181,43.5974475219646,1.40392156862745,29.3395185015629,0,24.9866401890324,99.1999955610795,3.432,2.86,3.386
"2027",2026-02-23 09:46:00,1.848,3.036,1.848,6.063288,9.961116,27.2920021487498,44.38220157736,1.12313725490196,29.3342031041282,0,24.9650577733183,99.1599955628694,3.459,2.883,3.41233333333333
"2028",2026-02-23 09:47:00,1.846,3.032,1.846,6.056726,9.947992,27.5535868338816,45.1669556327553,0.84235294117647,29.3288877066936,0,24.9434753576042,99.1199955646593,3.486,2.906,3.43866666666667
"2029",2026-02-23 09:48:00,1.844,3.028,1.844,6.050164,9.934868,27.8151715190134,45.9517096881507,0.56156862745098,29.323572309259,0,24.9218929418901,99.0799955664492,3.513,2.929,3.465
"2030",2026-02-23 09:49:00,1.842,3.024,1.842,6.043602,9.921744,28.0767562041452,46.7364637435461,0.28078431372549,29.3182569118243,0,24.900310526176,99.0399955682391,3.52816666666667,2.93066666666667,3.48083333333333
"2031",2026-02-23 09:50:00,1.84,3.02,1.84,6.03704,9.90862,28.338340889277,47.5212177989414,0,29.3129415143897,0,24.8787281104619,98.999995570029,3.54333333333333,2.93233333333333,3.49666666666667
"2032",2026-02-23 09:51:00,1.838,3.016,1.838,6.030478,9.895496,28.2511459942331,47.2596331138096,71.3192156862745,29.3164851126795,0,24.8787281104619,98.999995570029,3.5585,2.934,3.5125
"2033",2026-02-23 09:52:00,1.836,3.012,1.836,6.023916,9.882372,28.1639510991891,46.9980484286778,142.638431372549,29.3200287109692,0,24.8787281104619,98.999995570029,3.57366666666667,2.93566666666667,3.52833333333333
"2034",2026-02-23 09:53:00,1.834,3.008,1.834,6.017354,9.869248,28.0767562041452,46.7364637435461,213.957647058824,29.323572309259,0,24.8787281104619,98.999995570029,3.58883333333333,2.93733333333333,3.54416666666667
"2035",2026-02-23 09:54:00,1.832,3.004,1.832,6.010792,9.856124,27.9895613091013,46.4748790584143,285.276862745098,29.3271159075487,0,24.8787281104619,98.999995570029,3.604,2.939,3.56
"2036",2026-02-23 09:55:00,1.83,3,1.83,6.00423,9.843,27.9023664140573,46.2132943732825,356.596078431373,29.3306595058385,0,24.8787281104619,98.999995570029,3.60833333333333,2.93733333333333,3.57633333333333
"2037",2026-02-23 09:56:00,1.828,2.996,1.828,5.997668,9.829876,28.4255357843209,45.8645147931068,285.276862745098,29.3306595058385,0,24.8029763276675,98.9799955709239,3.61266666666667,2.93566666666667,3.59266666666667
"2038",2026-02-23 09:57:00,1.826,2.992,1.826,5.991106,9.816752,28.9487051545845,45.515735212931,213.957647058824,29.3306595058385,0,24.7272245448732,98.9599955718189,3.617,2.934,3.609
"2039",2026-02-23 09:58:00,1.824,2.988,1.824,5.984544,9.803628,29.4718745248481,45.1669556327553,142.638431372549,29.3306595058385,0,24.6514727620788,98.9399955727138,3.62133333333333,2.93233333333333,3.62533333333333
"2040",2026-02-23 09:59:00,1.822,2.984,1.822,5.977982,9.790504,29.9950438951116,44.8181760525796,71.3192156862745,29.3306595058385,0,24.5757209792844,98.9199955736088,3.62566666666667,2.93066666666667,3.64166666666667
"2041",2026-02-23 10:00:00,1.82,2.98,1.82,5.97142,9.77738,30.5182132653752,44.4693964724039,0,29.3306595058385,0,24.49996919649,98.8999955745037,3.63,2.929,3.658
"2042",2026-02-23 10:01:00,1.823,2.987,1.823,5.981263,9.800347,30.4310183703313,45.7773198980628,0.28078431372549,29.3294783064086,0,24.5108113361914,98.8999955745037,3.63783333333333,2.93,3.68266666666667
"2043",2026-02-23 10:02:00,1.826,2.994,1.826,5.991106,9.823314,30.3438234752874,47.0852433237218,0.56156862745098,29.3282971069786,0,24.5216534758927,98.8999955745037,3.64566666666667,2.931,3.70733333333333
"2044",2026-02-23 10:03:00,1.829,3.001,1.829,6.000949,9.846281,30.2566285802434,48.3931667493807,0.84235294117647,29.3271159075487,0,24.5324956155941,98.8999955745037,3.6535,2.932,3.732
"2045",2026-02-23 10:04:00,1.832,3.008,1.832,6.010792,9.869248,30.1694336851995,49.7010901750396,1.12313725490196,29.3259347081188,0,24.5433377552955,98.8999955745037,3.66133333333333,2.933,3.75666666666667
"2046",2026-02-23 10:05:00,1.835,3.015,1.835,6.020635,9.892215,30.0822387901556,51.0090136006986,1.40392156862745,29.3247535086889,0,24.5541798949968,98.8999955745037,3.66916666666667,2.934,3.78133333333333
"2047",2026-02-23 10:06:00,1.838,3.022,1.838,6.030478,9.915182,29.9078490000677,50.2242595453032,1.40392156862745,29.3259347081188,0,24.575843647878,98.8799955753987,3.677,2.935,3.806
"2048",2026-02-23 10:07:00,1.841,3.029,1.841,6.040321,9.938149,29.7334592099799,49.4395054899079,1.40392156862745,29.3271159075487,0,24.5975074007592,98.8599955762936,3.70516666666667,2.9635,3.83766666666667
"2049",2026-02-23 10:08:00,1.844,3.036,1.844,6.050164,9.961116,29.559069419892,48.6547514345125,1.40392156862745,29.3282971069786,0,24.6191711536404,98.8399955771885,3.73333333333333,2.992,3.86933333333333
"2050",2026-02-23 10:09:00,1.847,3.043,1.847,6.060007,9.984083,29.3846796298041,47.8699973791171,1.40392156862745,29.3294783064086,0,24.6408349065215,98.8199955780835,3.7615,3.0205,3.901
"2051",2026-02-23 10:10:00,1.85,3.05,1.85,6.06985,10.00705,29.2102898397163,47.0852433237218,1.40392156862745,29.3306595058385,0,24.6624986594027,98.7999955789784,3.78966666666667,3.049,3.93266666666667
"2052",2026-02-23 10:11:00,1.853,3.057,1.853,6.079693,10.030017,29.2102898397163,47.4340229038975,1.12313725490196,29.3282971069786,0,24.6299927668202,98.8199955780835,3.81783333333333,3.0775,3.96433333333333
"2053",2026-02-23 10:12:00,1.856,3.064,1.856,6.089536,10.052984,29.2102898397163,47.7828024840732,0.84235294117647,29.3259347081188,0,24.5974868742376,98.8399955771885,3.846,3.106,3.996
"2054",2026-02-23 10:13:00,1.859,3.071,1.859,6.099379,10.075951,29.2102898397163,48.1315820642489,0.56156862745098,29.323572309259,0,24.5649809816551,98.8599955762936,3.86233333333333,3.14433333333333,4.00483333333333
"2055",2026-02-23 10:14:00,1.862,3.078,1.862,6.109222,10.098918,29.2102898397163,48.4803616444246,0.28078431372549,29.3212099103991,0,24.5324750890726,98.8799955753987,3.87866666666667,3.18266666666667,4.01366666666667
"2056",2026-02-23 10:15:00,1.865,3.085,1.865,6.119065,10.121885,29.2102898397163,48.8291412246004,0,29.3188475115393,0,24.49996919649,98.8999955745037,3.895,3.221,4.0225
"2057",2026-02-23 10:16:00,1.868,3.092,1.868,6.128908,10.144852,29.4718745248481,48.7419463295564,71.6,29.3188475115393,0,24.4456551581235,98.8599955762936,3.91133333333333,3.25933333333333,4.03133333333333
"2058",2026-02-23 10:17:00,1.871,3.099,1.871,6.138751,10.167819,29.7334592099799,48.6547514345125,143.2,29.3188475115393,0,24.391341119757,98.8199955780835,3.92766666666667,3.29766666666667,4.04016666666667
"2059",2026-02-23 10:18:00,1.874,3.106,1.874,6.148594,10.190786,29.9950438951116,48.5675565394686,214.8,29.3188475115393,0,24.3370270813905,98.7799955798734,3.944,3.336,4.049
"2060",2026-02-23 10:19:00,1.877,3.113,1.877,6.158437,10.213753,30.2566285802434,48.4803616444246,286.4,29.3188475115393,0,24.282713043024,98.7399955816633,3.968,3.34966666666667,4.05933333333333
"2061",2026-02-23 10:20:00,1.88,3.12,1.88,6.16828,10.23672,30.5182132653752,48.3931667493807,358,29.3188475115393,0,24.2283990046575,98.6999955834531,3.992,3.36333333333333,4.06966666666667
"2062",2026-02-23 10:21:00,1.8815,3.1195,1.8815,6.1732015,10.2350795,30.0822387901556,47.1724382187657,357.719215686275,29.3200287109692,0,24.2066248314372,98.7199955825582,4.016,3.377,4.08
"2063",2026-02-23 10:22:00,1.883,3.119,1.883,6.178123,10.233439,29.6462643149359,45.9517096881507,357.438431372549,29.3212099103991,0,24.1848506582169,98.7399955816633,4.04,3.39066666666667,4.09033333333333
"2064",2026-02-23 10:23:00,1.8845,3.1185,1.8845,6.1830445,10.2317985,29.2102898397163,44.7309811575357,357.157647058824,29.3223911098291,0,24.1630764849966,98.7599955807683,4.064,3.40433333333333,4.10066666666667
"2065",2026-02-23 10:24:00,1.886,3.118,1.886,6.187966,10.230158,28.7743153644966,43.5102526269207,356.876862745098,29.323572309259,0,24.1413023117763,98.7799955798734,4.088,3.418,4.111
"2066",2026-02-23 10:25:00,1.8875,3.1175,1.8875,6.1928875,10.2285175,28.338340889277,42.2895240963057,356.596078431373,29.3247535086889,0,24.1195281385559,98.7999955789784,4.09933333333333,3.42933333333333,4.12733333333333
"2067",2026-02-23 10:26:00,1.889,3.117,1.889,6.197809,10.226877,27.9023664140573,41.5919649359542,356.876862745098,29.3241629089739,0,24.1304187115004,98.7999955789784,4.11066666666667,3.44066666666667,4.14366666666667
"2068",2026-02-23 10:27:00,1.8905,3.1165,1.8905,6.2027305,10.2252365,27.4663919388377,40.8944057756028,357.157647058824,29.323572309259,0,24.1413092844448,98.7999955789784,4.122,3.452,4.16
"2069",2026-02-23 10:28:00,1.892,3.116,1.892,6.207652,10.223596,27.030417463618,40.1968466152514,357.438431372549,29.322981709544,0,24.1521998573892,98.7999955789784,4.13333333333333,3.46333333333333,4.17633333333333
"2070",2026-02-23 10:29:00,1.8935,3.1155,1.8935,6.2125735,10.2219555,26.5944429883984,39.4992874548999,357.719215686275,29.3223911098291,0,24.1630904303336,98.7999955789784,4.14466666666667,3.47466666666667,4.19266666666667
"2071",2026-02-23 10:30:00,1.895,3.115,1.895,6.217495,10.220315,26.1584685131788,38.8017282945485,358,29.3218005101141,0,24.1739810032781,98.7999955789784,4.156,3.486,4.209
"2072",2026-02-23 10:31:00,1.8965,3.1145,1.8965,6.2224165,10.2186745,26.5944429883984,39.9352619301196,358,29.3206193106842,0,24.1194580505092,98.7799955798734,4.18633333333333,3.51233333333333,4.226
"2073",2026-02-23 10:32:00,1.898,3.114,1.898,6.227338,10.217034,27.030417463618,41.0687955656907,358,29.3194381112543,0,24.0649350977403,98.7599955807683,4.21666666666667,3.53866666666667,4.243
"2074",2026-02-23 10:33:00,1.8995,3.1135,1.8995,6.2322595,10.2153935,27.4663919388377,42.2023292012617,358,29.3182569118243,0,24.0104121449714,98.7399955816633,4.247,3.565,4.26
"2075",2026-02-23 10:34:00,1.901,3.113,1.901,6.237181,10.213753,27.9023664140573,43.3358628368328,358,29.3170757123944,0,23.9558891922025,98.7199955825582,4.27733333333333,3.59133333333333,4.277
"2076",2026-02-23 10:35:00,1.9025,3.1125,1.9025,6.2421025,10.2121125,28.338340889277,44.4693964724039,358,29.3158945129645,0,23.9013662394336,98.6999955834531,4.30766666666667,3.61766666666667,4.294
"2077",2026-02-23 10:36:00,1.904,3.112,1.904,6.247024,10.210472,28.4255357843209,44.4693964724039,358,29.3182569118243,0,23.9122848838736,98.6799955843481,4.338,3.644,4.311
"2078",2026-02-23 10:37:00,1.9055,3.1115,1.9055,6.2519455,10.2088315,28.5127306793649,44.4693964724039,358,29.3206193106842,0,23.9232035283137,98.659995585243,4.36066666666667,3.68166666666667,4.33116666666667
"2079",2026-02-23 10:38:00,1.907,3.111,1.907,6.256867,10.207191,28.5999255744088,44.4693964724039,358,29.322981709544,0,23.9341221727537,98.639995586138,4.38333333333333,3.71933333333333,4.35133333333333
"2080",2026-02-23 10:39:00,1.9085,3.1105,1.9085,6.2617885,10.2055505,28.6871204694527,44.4693964724039,358,29.3253441084039,0,23.9450408171938,98.6199955870329,4.406,3.757,4.3715
"2081",2026-02-23 10:40:00,1.91,3.11,1.91,6.26671,10.20391,28.7743153644966,44.4693964724039,358,29.3277065072637,0,23.9559594616338,98.5999955879279,4.42866666666667,3.79466666666667,4.39166666666667
"2082",2026-02-23 10:41:00,1.904,3.1035,1.904,6.247024,10.1825835,29.1230949446724,44.7309811575357,286.680784313725,29.3265253078338,0,23.934115109392,98.5999955879279,4.45133333333333,3.83233333333333,4.41183333333333
"2083",2026-02-23 10:42:00,1.898,3.097,1.898,6.227338,10.161257,29.4718745248481,44.9925658426675,215.361568627451,29.3253441084039,0,23.9122707571502,98.5999955879279,4.474,3.87,4.432
"2084",2026-02-23 10:43:00,1.892,3.0905,1.892,6.207652,10.1399305,29.8206541050238,45.2541505277993,144.042352941176,29.3241629089739,0,23.8904264049084,98.5999955879279,4.5005,3.898,4.44633333333333
"2085",2026-02-23 10:44:00,1.886,3.084,1.886,6.187966,10.118604,30.1694336851995,45.515735212931,72.7231372549019,29.322981709544,0,23.8685820526667,98.5999955879279,4.527,3.926,4.46066666666667
"2086",2026-02-23 10:45:00,1.88,3.0775,1.88,6.16828,10.0972775,30.5182132653752,45.7773198980628,1.40392156862745,29.3218005101141,0,23.8467377004249,98.5999955879279,4.5535,3.954,4.475
"2087",2026-02-23 10:46:00,1.874,3.071,1.874,6.148594,10.075951,30.2566285802434,44.9925658426675,72.723137254902,29.3212099103991,0,23.8029638685639,98.5999955879279,4.58,3.982,4.48933333333333
"2088",2026-02-23 10:47:00,1.868,3.0645,1.868,6.128908,10.0546245,29.9950438951116,44.2078117872721,144.042352941176,29.3206193106842,0,23.7591900367029,98.5999955879279,4.6065,4.01,4.50366666666667
"2089",2026-02-23 10:48:00,1.862,3.058,1.862,6.109222,10.033298,29.7334592099799,43.4230577318767,215.361568627451,29.3200287109692,0,23.715416204842,98.5999955879279,4.633,4.038,4.518
"2090",2026-02-23 10:49:00,1.856,3.0515,1.856,6.089536,10.0119715,29.4718745248481,42.6383036764814,286.680784313726,29.3194381112543,0,23.671642372981,98.5999955879279,4.648,4.0615,4.5365
"2091",2026-02-23 10:50:00,1.85,3.045,1.85,6.06985,9.990645,29.2102898397163,41.853549621086,358,29.3188475115393,0,23.62786854112,98.5999955879279,4.663,4.085,4.555
"2092",2026-02-23 10:51:00,1.844,3.0385,1.844,6.050164,9.9693185,28.9487051545845,42.2895240963057,357.438431372549,29.3170757123944,0,23.6825680807827,98.5999955879279,4.678,4.1085,4.5735
"2093",2026-02-23 10:52:00,1.838,3.032,1.838,6.030478,9.947992,28.6871204694527,42.7254985715253,356.876862745098,29.3153039132496,0,23.7372676204455,98.5999955879279,4.693,4.132,4.592
"2094",2026-02-23 10:53:00,1.832,3.0255,1.832,6.010792,9.9266655,28.4255357843209,43.161473046745,356.315294117647,29.3135321141047,0,23.7919671601082,98.5999955879279,4.708,4.1555,4.6105
"2095",2026-02-23 10:54:00,1.826,3.019,1.826,5.991106,9.905339,28.1639510991891,43.5974475219646,355.753725490196,29.3117603149598,0,23.8466666997709,98.5999955879279,4.723,4.179,4.629
"2096",2026-02-23 10:55:00,1.82,3.0125,1.82,5.97142,9.8840125,27.9023664140573,44.0334219971842,355.192156862745,29.3099885158149,0,23.9013662394336,98.5999955879279,4.76266666666667,4.19916666666667,4.6515
"2097",2026-02-23 10:56:00,1.814,3.006,1.814,5.951734,9.862686,28.1639510991891,43.3358628368328,355.753725490196,29.3046731183803,0,23.8795077421597,98.5999955879279,4.80233333333333,4.21933333333333,4.674
"2098",2026-02-23 10:57:00,1.808,2.9995,1.808,5.932048,9.8413595,28.4255357843209,42.6383036764814,356.315294117647,29.2993577209457,0,23.8576492448859,98.5999955879279,4.842,4.2395,4.6965
"2099",2026-02-23 10:58:00,1.802,2.993,1.802,5.912362,9.820033,28.6871204694527,41.9407445161299,356.876862745098,29.294042323511,0,23.835790747612,98.5999955879279,4.88166666666667,4.25966666666667,4.719
"2100",2026-02-23 10:59:00,1.796,2.9865,1.796,5.892676,9.7987065,28.9487051545845,41.2431853557785,357.438431372549,29.2887269260764,0,23.8139322503381,98.5999955879279,4.92133333333333,4.27983333333333,4.7415
"2101",2026-02-23 11:00:00,1.79,2.98,1.79,5.87299,9.77738,29.2102898397163,40.5456261954271,358,29.2834115286418,0,23.7920737530643,98.5999955879279,4.961,4.3,4.764
"2102",2026-02-23 11:01:00,1.786,2.971,1.786,5.859866,9.747851,29.2102898397163,41.5919649359542,358,29.2863645272166,0,23.8030065425364,98.5999955879279,4.99833333333333,4.31533333333333,4.78366666666667
"2103",2026-02-23 11:02:00,1.782,2.962,1.782,5.846742,9.718322,29.2102898397163,42.6383036764814,358,29.2893175257914,0,23.8139393320085,98.5999955879279,5.03566666666667,4.33066666666667,4.80333333333333
"2104",2026-02-23 11:03:00,1.778,2.953,1.778,5.833618,9.688793,29.2102898397163,43.6846424170085,358,29.2922705243661,0,23.8248721214806,98.5999955879279,5.073,4.346,4.823
"2105",2026-02-23 11:04:00,1.774,2.944,1.774,5.820494,9.659264,29.2102898397163,44.7309811575357,358,29.2952235229409,0,23.8358049109528,98.5999955879279,5.11033333333333,4.36133333333333,4.84266666666667
"2106",2026-02-23 11:05:00,1.77,2.935,1.77,5.80737,9.629735,29.2102898397163,45.7773198980628,358,29.2981765215157,0,23.8467377004249,98.5999955879279,5.14766666666667,4.37666666666667,4.86233333333333
"2107",2026-02-23 11:06:00,1.766,2.926,1.766,5.794246,9.600206,28.7743153644966,44.9053709476235,357.438431372549,29.3011295200905,0,23.8467377004249,98.5999955879279,5.185,4.392,4.882
"2108",2026-02-23 11:07:00,1.762,2.917,1.762,5.781122,9.570677,28.338340889277,44.0334219971842,356.876862745098,29.3040825186653,0,23.8467377004249,98.5999955879279,5.20866666666667,4.41216666666667,4.90216666666667
"2109",2026-02-23 11:08:00,1.758,2.908,1.758,5.767998,9.541148,27.9023664140573,43.161473046745,356.315294117647,29.3070355172401,0,23.8467377004249,98.5999955879279,5.23233333333333,4.43233333333333,4.92233333333333
"2110",2026-02-23 11:09:00,1.754,2.899,1.754,5.754874,9.511619,27.4663919388377,42.2895240963057,355.753725490196,29.3099885158149,0,23.8467377004249,98.5999955879279,5.256,4.4525,4.9425
"2111",2026-02-23 11:10:00,1.75,2.89,1.75,5.74175,9.48209,27.0304174636181,41.4175751458664,355.192156862745,29.3129415143897,0,23.8467377004249,98.5999955879279,5.27966666666667,4.47266666666667,4.96266666666667
"2112",2026-02-23 11:11:00,1.746,2.881,1.746,5.728626,9.452561,27.8151715190134,42.7254985715253,355.192156862745,29.3105791155299,0,23.792002568171,98.5799955888228,5.30333333333333,4.49283333333333,4.98283333333333
"2113",2026-02-23 11:12:00,1.742,2.872,1.742,5.715502,9.423032,28.5999255744088,44.0334219971842,355.192156862745,29.30821671667,0,23.7372674359171,98.5599955897177,5.327,4.513,5.003
"2114",2026-02-23 11:13:00,1.738,2.863,1.738,5.702378,9.393503,29.3846796298041,45.3413454228432,355.192156862745,29.3058543178102,0,23.6825323036633,98.5399955906127,5.36633333333333,4.54533333333333,5.02983333333333
"2115",2026-02-23 11:14:00,1.734,2.854,1.734,5.689254,9.363974,30.1694336851995,46.6492688485021,355.192156862745,29.3034919189504,0,23.6277971714094,98.5199955915076,5.40566666666667,4.57766666666667,5.05666666666667
"2116",2026-02-23 11:15:00,1.73,2.845,1.73,5.67613,9.334445,30.9541877405949,47.9571922741611,355.192156862745,29.3011295200905,0,23.5730620391555,98.4999955924026,5.445,4.61,5.0835
"2117",2026-02-23 11:16:00,1.726,2.836,1.726,5.663006,9.304916,30.3438234752874,46.9980484286778,355.472941176471,29.3017201198055,0,23.6059244924285,98.5199955915076,5.48433333333333,4.64233333333333,5.11033333333333
"2118",2026-02-23 11:17:00,1.722,2.827,1.722,5.649882,9.275387,29.7334592099799,46.0389045831946,355.753725490196,29.3023107195205,0,23.6387869457015,98.5399955906127,5.52366666666667,4.67466666666667,5.13716666666667
"2119",2026-02-23 11:18:00,1.718,2.818,1.718,5.636758,9.245858,29.1230949446724,45.0797607377114,356.034509803922,29.3029013192354,0,23.6716493989746,98.5599955897177,5.563,4.707,5.164
"2120",2026-02-23 11:19:00,1.714,2.809,1.714,5.623634,9.216329,28.5127306793649,44.1206168922282,356.315294117647,29.3034919189504,0,23.7045118522476,98.5799955888228,5.59133333333333,4.7425,5.18916666666667
"2121",2026-02-23 11:20:00,1.71,2.8,1.71,5.61051,9.1868,27.9023664140573,43.161473046745,356.596078431373,29.3040825186653,0,23.7373743055206,98.5999955879279,5.61966666666667,4.778,5.21433333333333
"2122",2026-02-23 11:21:00,1.714,2.807,1.714,5.623634,9.209767,27.9895613091013,42.3767189913496,356.315294117647,29.3058543178102,0,23.6825677105653,98.5599955897177,5.648,4.8135,5.2395
"2123",2026-02-23 11:22:00,1.718,2.814,1.718,5.636758,9.232734,28.0767562041452,41.5919649359542,356.034509803922,29.3076261169551,0,23.62776111561,98.5199955915076,5.67633333333333,4.849,5.26466666666667
"2124",2026-02-23 11:23:00,1.722,2.821,1.722,5.649882,9.255701,28.1639510991891,40.8072108805589,355.753725490196,29.3093979161,0,23.5729545206548,98.4799955932975,5.70466666666667,4.8845,5.28983333333333
"2125",2026-02-23 11:24:00,1.726,2.828,1.726,5.663006,9.278668,28.2511459942331,40.0224568251635,355.472941176471,29.3111697152448,0,23.5181479256995,98.4399955950874,5.733,4.92,5.315
"2126",2026-02-23 11:25:00,1.73,2.835,1.73,5.67613,9.301635,28.338340889277,39.2377027697681,355.192156862745,29.3129415143897,0,23.4633413307442,98.3999955968773,5.74366666666667,4.94566666666667,5.33133333333333
"2127",2026-02-23 11:26:00,1.734,2.842,1.734,5.689254,9.324602,28.2511459942331,39.8480670350757,355.472941176471,29.3129415143897,0,23.4523584520823,98.3999955968773,5.75433333333333,4.97133333333333,5.34766666666667
"2128",2026-02-23 11:27:00,1.738,2.849,1.738,5.702378,9.347569,28.1639510991891,40.4584313003832,355.753725490196,29.3129415143897,0,23.4413755734204,98.3999955968773,5.765,4.997,5.364
"2129",2026-02-23 11:28:00,1.742,2.856,1.742,5.715502,9.370536,28.0767562041452,41.0687955656907,356.034509803922,29.3129415143897,0,23.4303926947584,98.3999955968773,5.77566666666667,5.02266666666667,5.38033333333333
"2130",2026-02-23 11:29:00,1.746,2.863,1.746,5.728626,9.393503,27.9895613091013,41.6791598309982,356.315294117647,29.3129415143897,0,23.4194098160965,98.3999955968773,5.78633333333333,5.04833333333333,5.39666666666667
"2131",2026-02-23 11:30:00,1.75,2.87,1.75,5.74175,9.41647,27.9023664140573,42.2895240963057,356.596078431373,29.3129415143897,0,23.4084269374345,98.3999955968773,5.797,5.074,5.413
"2132",2026-02-23 11:31:00,1.754,2.877,1.754,5.754874,9.439437,28.0767562041452,43.6846424170085,356.315294117647,29.3099885158149,0,23.3864394705949,98.3999955968773,5.83716666666667,5.08166666666667,5.4245
"2133",2026-02-23 11:32:00,1.758,2.884,1.758,5.767998,9.462404,28.2511459942331,45.0797607377114,356.034509803922,29.3070355172401,0,23.3644520037553,98.3999955968773,5.87733333333333,5.08933333333333,5.436
"2134",2026-02-23 11:33:00,1.762,2.891,1.762,5.781122,9.485371,28.4255357843209,46.4748790584143,355.753725490196,29.3040825186653,0,23.3424645369157,98.3999955968773,5.9175,5.097,5.4475
"2135",2026-02-23 11:34:00,1.766,2.898,1.766,5.794246,9.508338,28.5999255744088,47.8699973791171,355.472941176471,29.3011295200905,0,23.3204770700761,98.3999955968773,5.95766666666667,5.10466666666667,5.459
"2136",2026-02-23 11:35:00,1.77,2.905,1.77,5.80737,9.531305,28.7743153644966,49.26511569982,355.192156862745,29.2981765215157,0,23.2984896032365,98.3999955968773,5.99783333333333,5.11233333333333,5.4705
"2137",2026-02-23 11:36:00,1.774,2.912,1.774,5.820494,9.554272,28.6871204694527,47.8699973791171,354.91137254902,29.2999483206606,0,23.3204770700761,98.4199955959823,6.038,5.12,5.482
"2138",2026-02-23 11:37:00,1.778,2.919,1.778,5.833618,9.577239,28.5999255744088,46.4748790584143,354.630588235294,29.3017201198055,0,23.3424645369157,98.4399955950874,6.08316666666667,5.13583333333333,5.49633333333333
"2139",2026-02-23 11:38:00,1.782,2.926,1.782,5.846742,9.600206,28.5127306793649,45.0797607377114,354.349803921569,29.3034919189504,0,23.3644520037553,98.4599955941925,6.12833333333333,5.15166666666667,5.51066666666667
"2140",2026-02-23 11:39:00,1.786,2.933,1.786,5.859866,9.623173,28.4255357843209,43.6846424170085,354.069019607843,29.3052637180952,0,23.3864394705949,98.4799955932975,6.1735,5.1675,5.525
"2141",2026-02-23 11:40:00,1.79,2.94,1.79,5.87299,9.64614,28.338340889277,42.2895240963057,353.788235294118,29.3070355172401,0,23.4084269374345,98.4999955924026,6.21866666666667,5.18333333333333,5.53933333333333
"2142",2026-02-23 11:41:00,1.802,2.949,1.802,5.912362,9.675669,27.9023664140573,42.4639138863935,354.069019607843,29.3076261169551,0,23.4084269374345,98.4799955932975,6.26383333333333,5.19916666666667,5.55366666666667
"2143",2026-02-23 11:42:00,1.814,2.958,1.814,5.951734,9.705198,27.4663919388377,42.6383036764814,354.349803921569,29.30821671667,0,23.4084269374345,98.4599955941925,6.309,5.215,5.568
"2144",2026-02-23 11:43:00,1.826,2.967,1.826,5.991106,9.734727,27.030417463618,42.8126934665692,354.630588235294,29.308807316385,0,23.4084269374345,98.4399955950874,6.3425,5.26366666666667,5.58166666666667
"2145",2026-02-23 11:44:00,1.838,2.976,1.838,6.030478,9.764256,26.5944429883984,42.9870832566571,354.91137254902,29.3093979161,0,23.4084269374345,98.4199955959823,6.376,5.31233333333333,5.59533333333333
"2146",2026-02-23 11:45:00,1.85,2.985,1.85,6.06985,9.793785,26.1584685131788,43.161473046745,355.192156862745,29.3099885158149,0,23.4084269374345,98.3999955968773,6.4095,5.361,5.609
"2147",2026-02-23 11:46:00,1.862,2.994,1.862,6.109222,9.823314,26.5072480933545,42.8998883616132,354.91137254902,29.3111697152448,0,23.3423771693953,98.3999955968773,6.443,5.40966666666667,5.62266666666667
"2148",2026-02-23 11:47:00,1.874,3.003,1.874,6.148594,9.852843,26.8560276735302,42.6383036764814,354.630588235294,29.3123509146748,0,23.2763274013561,98.3999955968773,6.4765,5.45833333333333,5.63633333333333
"2149",2026-02-23 11:48:00,1.886,3.012,1.886,6.187966,9.882372,27.2048072537059,42.3767189913496,354.349803921569,29.3135321141047,0,23.2102776333169,98.3999955968773,6.51,5.507,5.65
"2150",2026-02-23 11:49:00,1.898,3.021,1.898,6.227338,9.911901,27.5535868338816,42.1151343062178,354.069019607843,29.3147133135346,0,23.1442278652777,98.3999955968773,6.524,5.55083333333333,5.66133333333333
"2151",2026-02-23 11:50:00,1.91,3.03,1.91,6.26671,9.94143,27.9023664140573,41.853549621086,353.788235294118,29.3158945129645,0,23.0781780972385,98.3999955968773,6.538,5.59466666666667,5.67266666666667
"2152",2026-02-23 11:51:00,1.922,3.039,1.922,6.306082,9.970959,27.8151715190134,41.4175751458664,353.788235294118,29.3135321141047,0,23.0892046409767,98.3999955968773,6.552,5.6385,5.684
"2153",2026-02-23 11:52:00,1.934,3.048,1.934,6.345454,10.000488,27.7279766239695,40.9816006706467,353.788235294118,29.3111697152448,0,23.1002311847149,98.3999955968773,6.566,5.68233333333333,5.69533333333333
"2154",2026-02-23 11:53:00,1.946,3.057,1.946,6.384826,10.030017,27.6407817289256,40.5456261954271,353.788235294118,29.308807316385,0,23.1112577284531,98.3999955968773,6.58,5.72616666666667,5.70666666666667
"2155",2026-02-23 11:54:00,1.958,3.066,1.958,6.424198,10.059546,27.5535868338816,40.1096517202074,353.788235294118,29.3064449175252,0,23.1222842721913,98.3999955968773,6.594,5.77,5.718
"2156",2026-02-23 11:55:00,1.97,3.075,1.97,6.46357,10.089075,27.4663919388377,39.6736772449878,353.788235294118,29.3040825186653,0,23.1333108159295,98.3999955968773,6.612,5.79566666666667,5.72683333333333
"2157",2026-02-23 11:56:00,1.982,3.084,1.982,6.502942,10.118604,27.4663919388377,40.1968466152514,353.507450980392,29.3040825186653,0,23.1333108159295,98.3999955968773,6.63,5.82133333333333,5.73566666666667
"2158",2026-02-23 11:57:00,1.994,3.093,1.994,6.542314,10.148133,27.4663919388377,40.7200159855149,353.226666666667,29.3040825186653,0,23.1333108159295,98.3999955968773,6.648,5.847,5.7445
"2159",2026-02-23 11:58:00,2.006,3.102,2.006,6.581686,10.177662,27.4663919388377,41.2431853557785,352.945882352941,29.3040825186653,0,23.1333108159295,98.3999955968773,6.666,5.87266666666667,5.75333333333333
"2160",2026-02-23 11:59:00,2.018,3.111,2.018,6.621058,10.207191,27.4663919388377,41.7663547260421,352.665098039216,29.3040825186653,0,23.1333108159295,98.3999955968773,6.684,5.89833333333333,5.76216666666667
"2161",2026-02-23 12:00:00,2.03,3.12,2.03,6.66043,10.23672,27.4663919388377,42.2895240963057,352.38431372549,29.3040825186653,0,23.1333108159295,98.3999955968773,6.702,5.924,5.771
"2162",2026-02-23 12:01:00,2.025,3.1115,2.025,6.644025,10.2088315,27.3791970437938,41.9407445161299,352.945882352941,29.3052637180952,0,23.1222842721913,98.3799955977722,6.732,5.9645,5.78633333333333
"2163",2026-02-23 12:02:00,2.02,3.103,2.02,6.62762,10.180943,27.2920021487498,41.5919649359542,353.507450980392,29.3064449175252,0,23.1112577284531,98.3599955986672,6.762,6.005,5.80166666666667
"2164",2026-02-23 12:03:00,2.015,3.0945,2.015,6.611215,10.1530545,27.2048072537059,41.2431853557785,354.069019607843,29.3076261169551,0,23.1002311847149,98.3399955995621,6.792,6.0455,5.817
"2165",2026-02-23 12:04:00,2.01,3.086,2.01,6.59481,10.125166,27.117612358662,40.8944057756028,354.630588235294,29.308807316385,0,23.0892046409767,98.3199956004571,6.822,6.086,5.83233333333333
"2166",2026-02-23 12:05:00,2.005,3.0775,2.005,6.578405,10.0972775,27.0304174636181,40.5456261954271,355.192156862745,29.3099885158149,0,23.0781780972385,98.299995601352,6.852,6.1265,5.84766666666667
"2167",2026-02-23 12:06:00,2,3.069,2,6.562,10.069389,27.117612358662,40.632821090471,354.349803921569,29.3052637180952,0,23.0229348316789,98.299995601352,6.882,6.167,5.863
"2168",2026-02-23 12:07:00,1.995,3.0605,1.995,6.545595,10.0415005,27.2048072537059,40.7200159855149,353.507450980392,29.3005389203756,0,22.9676915661193,98.299995601352,6.8985,6.19316666666667,5.86016666666667
"2169",2026-02-23 12:08:00,1.99,3.052,1.99,6.52919,10.013612,27.2920021487498,40.8072108805589,352.665098039216,29.2958141226559,0,22.9124483005598,98.299995601352,6.915,6.21933333333333,5.85733333333333
"2170",2026-02-23 12:09:00,1.985,3.0435,1.985,6.512785,9.9857235,27.3791970437938,40.8944057756028,351.822745098039,29.2910893249362,0,22.8572050350002,98.299995601352,6.9315,6.2455,5.8545
"2171",2026-02-23 12:10:00,1.98,3.035,1.98,6.49638,9.957835,27.4663919388377,40.9816006706467,350.980392156863,29.2863645272166,0,22.8019617694406,98.299995601352,6.948,6.27166666666667,5.85166666666667
"2172",2026-02-23 12:11:00,1.975,3.0265,1.975,6.479975,9.9299465,27.6407817289256,40.3712364053392,350.980392156863,29.2899081255063,0,22.8130252264317,98.299995601352,6.9645,6.29783333333333,5.84883333333333
"2173",2026-02-23 12:12:00,1.97,3.018,1.97,6.46357,9.902058,27.8151715190134,39.7608721400317,350.980392156863,29.2934517237961,0,22.8240886834227,98.299995601352,6.981,6.324,5.846
"2174",2026-02-23 12:13:00,1.965,3.0095,1.965,6.447165,9.8741695,27.9895613091013,39.1505078747242,350.980392156863,29.2969953220858,0,22.8351521404138,98.299995601352,6.98466666666667,6.3475,5.85266666666667
"2175",2026-02-23 12:14:00,1.96,3.001,1.96,6.43076,9.846281,28.1639510991891,38.5401436094167,350.980392156863,29.3005389203756,0,22.8462155974049,98.299995601352,6.98833333333333,6.371,5.85933333333333
"2176",2026-02-23 12:15:00,1.955,2.9925,1.955,6.414355,9.8183925,28.338340889277,37.9297793441092,350.980392156863,29.3040825186653,0,22.857279054396,98.299995601352,6.992,6.3945,5.866
"2177",2026-02-23 12:16:00,1.95,2.984,1.95,6.39795,9.790504,28.2511459942331,38.9761180846364,350.980392156863,29.3034919189504,0,22.8462155974049,98.279995602247,6.99566666666667,6.418,5.87266666666667
"2178",2026-02-23 12:17:00,1.945,2.9755,1.945,6.381545,9.7626155,28.1639510991891,40.0224568251635,350.980392156863,29.3029013192354,0,22.8351521404138,98.2599956031419,6.99933333333333,6.4415,5.87933333333333
"2179",2026-02-23 12:18:00,1.94,2.967,1.94,6.36514,9.734727,28.0767562041452,41.0687955656907,350.980392156863,29.3023107195205,0,22.8240886834227,98.2399956040368,7.003,6.465,5.886
"2180",2026-02-23 12:19:00,1.935,2.9585,1.935,6.348735,9.7068385,27.9895613091013,42.1151343062178,350.980392156863,29.3017201198055,0,22.8130252264317,98.2199956049318,7.0495,6.4995,5.892
"2181",2026-02-23 12:20:00,1.93,2.95,1.93,6.33233,9.67895,27.9023664140573,43.161473046745,350.980392156863,29.3011295200905,0,22.8019617694406,98.1999956058267,7.096,6.534,5.898
"2182",2026-02-23 12:21:00,1.9195,2.941,1.9195,6.2978795,9.649421,27.5535868338816,42.1151343062178,351.541960784314,29.3011295200905,0,22.8240812621324,98.2199956049318,7.1425,6.5685,5.904
"2183",2026-02-23 12:22:00,1.909,2.932,1.909,6.263429,9.619892,27.2048072537059,41.0687955656907,352.103529411765,29.3011295200905,0,22.8462007548243,98.2399956040368,7.189,6.603,5.91
"2184",2026-02-23 12:23:00,1.8985,2.923,1.8985,6.2289785,9.590363,26.8560276735302,40.0224568251635,352.665098039216,29.3011295200905,0,22.8683202475161,98.2599956031419,7.2355,6.6375,5.916
"2185",2026-02-23 12:24:00,1.888,2.914,1.888,6.194528,9.560834,26.5072480933545,38.9761180846364,353.226666666667,29.3011295200905,0,22.890439740208,98.279995602247,7.282,6.672,5.922
"2186",2026-02-23 12:25:00,1.8775,2.905,1.8775,6.1600775,9.531305,26.1584685131788,37.9297793441092,353.788235294118,29.3011295200905,0,22.9125592328998,98.299995601352,7.31033333333333,6.71683333333333,5.92366666666667
"2187",2026-02-23 12:26:00,1.867,2.896,1.867,6.125627,9.501776,26.5944429883984,38.8889231895924,352.945882352941,29.2993577209457,0,22.8682904845172,98.2599956031419,7.33866666666667,6.76166666666667,5.92533333333333
"2188",2026-02-23 12:27:00,1.8565,2.887,1.8565,6.0911765,9.472247,27.030417463618,39.8480670350756,352.103529411765,29.2975859218008,0,22.8240217361346,98.2199956049318,7.367,6.8065,5.927
"2189",2026-02-23 12:28:00,1.846,2.878,1.846,6.056726,9.442718,27.4663919388377,40.8072108805589,351.261176470588,29.2958141226559,0,22.779752987752,98.1799956067217,7.39533333333333,6.85133333333333,5.92866666666667
"2190",2026-02-23 12:29:00,1.8355,2.869,1.8355,6.0222755,9.413189,27.9023664140573,41.7663547260421,350.418823529412,29.294042323511,0,22.7354842393694,98.1399956085116,7.42366666666667,6.89616666666667,5.93033333333333
"2191",2026-02-23 12:30:00,1.825,2.86,1.825,5.987825,9.38366,28.338340889277,42.7254985715253,349.576470588235,29.2922705243661,0,22.6912154909868,98.0999956103014,7.452,6.941,5.932
"2192",2026-02-23 12:31:00,1.8145,2.851,1.8145,5.9533745,9.354131,27.9895613091013,41.5919649359542,349.857254901961,29.294042323511,0,22.6912154909868,98.0999956103014,7.45716666666667,6.994,5.92916666666667
"2193",2026-02-23 12:32:00,1.804,2.842,1.804,5.918924,9.324602,27.6407817289256,40.4584313003832,350.138039215686,29.2958141226559,0,22.6912154909868,98.0999956103014,7.46233333333333,7.047,5.92633333333333
"2194",2026-02-23 12:33:00,1.7935,2.833,1.7935,5.8844735,9.295073,27.2920021487498,39.3248976648121,350.418823529412,29.2975859218008,0,22.6912154909868,98.0999956103014,7.4675,7.1,5.9235
"2195",2026-02-23 12:34:00,1.783,2.824,1.783,5.850023,9.265544,26.9432225685741,38.191364029241,350.699607843137,29.2993577209457,0,22.6912154909868,98.0999956103014,7.47266666666667,7.153,5.92066666666667
"2196",2026-02-23 12:35:00,1.7725,2.815,1.7725,5.8155725,9.236015,26.5944429883984,37.0578303936699,350.980392156863,29.3011295200905,0,22.6912154909868,98.0999956103014,7.47783333333333,7.206,5.91783333333333
"2197",2026-02-23 12:36:00,1.762,2.806,1.762,5.781122,9.206486,27.117612358662,38.5401436094167,351.261176470588,29.3023107195205,0,22.6801296532116,98.1199956094065,7.483,7.259,5.915
"2198",2026-02-23 12:37:00,1.7515,2.797,1.7515,5.7466715,9.176957,27.6407817289256,40.0224568251635,351.541960784314,29.3034919189504,0,22.6690438154364,98.1399956085116,7.524,7.30766666666667,5.91283333333333
"2199",2026-02-23 12:38:00,1.741,2.788,1.741,5.712221,9.147428,28.1639510991891,41.5047700409103,351.822745098039,29.3046731183803,0,22.6579579776613,98.1599956076166,7.565,7.35633333333333,5.91066666666667
"2200",2026-02-23 12:39:00,1.7305,2.779,1.7305,5.6777705,9.117899,28.6871204694527,42.9870832566571,352.103529411765,29.3058543178102,0,22.6468721398861,98.1799956067217,7.606,7.405,5.9085
"2201",2026-02-23 12:40:00,1.72,2.77,1.72,5.64332,9.08837,29.2102898397163,44.4693964724039,352.38431372549,29.3070355172401,0,22.6357863021109,98.1999956058267,7.647,7.45366666666667,5.90633333333333
"2202",2026-02-23 12:41:00,1.732,2.792,1.732,5.682692,9.160552,28.4255357843209,43.5974475219646,352.103529411765,29.3046731183803,0,22.6800848525679,98.1999956058267,7.688,7.50233333333333,5.90416666666667
"2203",2026-02-23 12:42:00,1.744,2.814,1.744,5.722064,9.232734,27.6407817289256,42.7254985715253,351.822745098039,29.3023107195204,0,22.7243834030249,98.1999956058267,7.729,7.551,5.902
"2204",2026-02-23 12:43:00,1.756,2.836,1.756,5.761436,9.304916,26.8560276735302,41.853549621086,351.541960784314,29.2999483206606,0,22.768681953482,98.1999956058267,7.74583333333333,7.59266666666667,5.89983333333333
"2205",2026-02-23 12:44:00,1.768,2.858,1.768,5.800808,9.377098,26.0712736181348,40.9816006706467,351.261176470588,29.2975859218008,0,22.812980503939,98.1999956058267,7.76266666666667,7.63433333333333,5.89766666666667
"2206",2026-02-23 12:45:00,1.78,2.88,1.78,5.84018,9.44928,25.2865195627395,40.1096517202074,350.980392156863,29.2952235229409,0,22.857279054396,98.1999956058267,7.7795,7.676,5.8955
"2207",2026-02-23 12:46:00,1.792,2.902,1.792,5.879552,9.521462,25.9840787230909,40.632821090471,350.699607843137,29.2958141226559,0,22.8462155974049,98.1799956067217,7.79633333333333,7.71766666666667,5.89333333333333
"2208",2026-02-23 12:47:00,1.804,2.924,1.804,5.918924,9.593644,26.6816378834423,41.1559904607346,350.418823529412,29.2964047223709,0,22.8351521404138,98.1599956076166,7.81316666666667,7.75933333333333,5.89116666666667
"2209",2026-02-23 12:48:00,1.816,2.946,1.816,5.958296,9.665826,27.3791970437938,41.6791598309982,350.138039215686,29.2969953220858,0,22.8240886834227,98.1399956085116,7.83,7.801,5.889
"2210",2026-02-23 12:49:00,1.828,2.968,1.828,5.997668,9.738008,28.0767562041452,42.2023292012617,349.857254901961,29.2975859218008,0,22.8130252264317,98.1199956094065,7.866,7.83916666666667,5.88083333333333
"2211",2026-02-23 12:50:00,1.84,2.99,1.84,6.03704,9.81019,28.7743153644966,42.7254985715253,349.576470588235,29.2981765215157,0,22.8019617694406,98.0999956103014,7.902,7.87733333333333,5.87266666666667
"2212",2026-02-23 12:51:00,1.852,3.012,1.852,6.076412,9.882372,28.7743153644966,42.7254985715253,349.857254901961,29.2952235229409,0,22.7908908717154,98.0999956103014,7.938,7.9155,5.8645
"2213",2026-02-23 12:52:00,1.864,3.034,1.864,6.115784,9.954554,28.7743153644966,42.7254985715253,350.138039215686,29.2922705243661,0,22.7798199739902,98.0999956103014,7.974,7.95366666666667,5.85633333333333
"2214",2026-02-23 12:53:00,1.876,3.056,1.876,6.155156,10.026736,28.7743153644966,42.7254985715253,350.418823529412,29.2893175257914,0,22.768749076265,98.0999956103014,8.01,7.99183333333333,5.84816666666667
"2215",2026-02-23 12:54:00,1.888,3.078,1.888,6.194528,10.098918,28.7743153644966,42.7254985715253,350.699607843137,29.2863645272166,0,22.7576781785398,98.0999956103014,8.046,8.03,5.84
"2216",2026-02-23 12:55:00,1.9,3.1,1.9,6.2339,10.1711,28.7743153644966,42.7254985715253,350.980392156863,29.2834115286418,0,22.7466072808146,98.0999956103014,8.09383333333333,8.07166666666667,5.83283333333333
"2217",2026-02-23 12:56:00,1.912,3.122,1.912,6.273272,10.243282,28.8615102595406,42.6383036764814,350.980392156863,29.2851833277866,0,22.7797976712317,98.1199956094065,8.14166666666667,8.11333333333333,5.82566666666667
"2218",2026-02-23 12:57:00,1.924,3.144,1.924,6.312644,10.315464,28.9487051545845,42.5511087814375,350.980392156863,29.2869551269315,0,22.8129880616487,98.1399956085116,8.1895,8.155,5.8185
"2219",2026-02-23 12:58:00,1.936,3.166,1.936,6.352016,10.387646,29.0359000496284,42.4639138863935,350.980392156863,29.2887269260764,0,22.8461784520658,98.1599956076166,8.23733333333333,8.19666666666667,5.81133333333333
"2220",2026-02-23 12:59:00,1.948,3.188,1.948,6.391388,10.459828,29.1230949446724,42.3767189913496,350.980392156863,29.2904987252213,0,22.8793688424828,98.1799956067217,8.28516666666667,8.23833333333333,5.80416666666667
"2221",2026-02-23 13:00:00,1.96,3.21,1.96,6.43076,10.53201,29.2102898397163,42.2895240963057,350.980392156863,29.2922705243661,0,22.9125592328998,98.1999956058267,8.333,8.28,5.797
"2222",2026-02-23 13:01:00,1.963,3.204,1.963,6.440603,10.512324,29.559069419892,42.8998883616132,350.980392156863,29.2922705243661,0,22.890439740208,98.1799956067217,8.36833333333333,8.31116666666667,5.78883333333333
"2223",2026-02-23 13:02:00,1.966,3.198,1.966,6.450446,10.492638,29.9078490000677,43.5102526269207,350.980392156863,29.2922705243661,0,22.8683202475161,98.1599956076166,8.40366666666667,8.34233333333333,5.78066666666667
"2224",2026-02-23 13:03:00,1.969,3.192,1.969,6.460289,10.472952,30.2566285802434,44.1206168922282,350.980392156863,29.2922705243661,0,22.8462007548243,98.1399956085116,8.439,8.3735,5.7725
"2225",2026-02-23 13:04:00,1.972,3.186,1.972,6.470132,10.453266,30.6054081604192,44.7309811575357,350.980392156863,29.2922705243661,0,22.8240812621324,98.1199956094065,8.47433333333333,8.40466666666667,5.76433333333333
"2226",2026-02-23 13:05:00,1.975,3.18,1.975,6.479975,10.43358,30.9541877405949,45.3413454228432,350.980392156863,29.2922705243661,0,22.8019617694406,98.0999956103014,8.50966666666667,8.43583333333333,5.75616666666667
"2227",2026-02-23 13:06:00,1.978,3.174,1.978,6.489818,10.413894,29.9950438951116,44.0334219971842,351.261176470588,29.2904987252213,0,22.8572050350002,98.1199956094065,8.545,8.467,5.748
"2228",2026-02-23 13:07:00,1.981,3.168,1.981,6.499661,10.394208,29.0359000496284,42.7254985715253,351.541960784314,29.2887269260764,0,22.9124483005598,98.1399956085116,8.58533333333333,8.4965,5.72716666666667
"2229",2026-02-23 13:08:00,1.984,3.162,1.984,6.509504,10.374522,28.0767562041452,41.4175751458664,351.822745098039,29.2869551269315,0,22.9676915661193,98.1599956076166,8.62566666666667,8.526,5.70633333333333
"2230",2026-02-23 13:09:00,1.987,3.156,1.987,6.519347,10.354836,27.117612358662,40.1096517202074,352.103529411765,29.2851833277866,0,23.0229348316789,98.1799956067217,8.666,8.5555,5.6855
"2231",2026-02-23 13:10:00,1.99,3.15,1.99,6.52919,10.33515,26.1584685131788,38.8017282945485,352.38431372549,29.2834115286418,0,23.0781780972385,98.1999956058267,8.70633333333333,8.585,5.66466666666667
"2232",2026-02-23 13:11:00,1.993,3.144,1.993,6.539033,10.315464,26.3328583032666,40.0224568251635,351.822745098039,29.2834115286418,0,23.0671442093663,98.1999956058267,8.74666666666667,8.6145,5.64383333333333
"2233",2026-02-23 13:12:00,1.996,3.138,1.996,6.548876,10.295778,26.5072480933545,41.2431853557785,351.261176470588,29.2834115286418,0,23.056110321494,98.1999956058267,8.787,8.644,5.623
"2234",2026-02-23 13:13:00,1.999,3.132,1.999,6.558719,10.276092,26.6816378834423,42.4639138863935,350.699607843137,29.2834115286418,0,23.0450764336218,98.1999956058267,8.80283333333333,8.66966666666667,5.6105
"2235",2026-02-23 13:14:00,2.002,3.126,2.002,6.568562,10.256406,26.8560276735302,43.6846424170085,350.138039215686,29.2834115286418,0,23.0340425457496,98.1999956058267,8.81866666666667,8.69533333333333,5.598
"2236",2026-02-23 13:15:00,2.005,3.12,2.005,6.578405,10.23672,27.0304174636181,44.9053709476235,349.576470588235,29.2834115286418,0,23.0230086578773,98.1999956058267,8.8345,8.721,5.5855
"2237",2026-02-23 13:16:00,2.008,3.114,2.008,6.588248,10.217034,27.0304174636181,43.5102526269207,349.576470588235,29.2863645272166,0,23.0340425457496,98.1999956058267,8.85033333333333,8.74666666666667,5.573
"2238",2026-02-23 13:17:00,2.011,3.108,2.011,6.598091,10.197348,27.0304174636181,42.1151343062178,349.576470588235,29.2893175257914,0,23.0450764336218,98.1999956058267,8.86616666666667,8.77233333333333,5.5605
"2239",2026-02-23 13:18:00,2.014,3.102,2.014,6.607934,10.177662,27.0304174636181,40.7200159855149,349.576470588235,29.2922705243661,0,23.056110321494,98.1999956058267,8.882,8.798,5.548
"2240",2026-02-23 13:19:00,2.017,3.096,2.017,6.617777,10.157976,27.0304174636181,39.3248976648121,349.576470588235,29.2952235229409,0,23.0671442093663,98.1999956058267,8.93533333333333,8.82483333333333,5.53483333333333
"2241",2026-02-23 13:20:00,2.02,3.09,2.02,6.62762,10.13829,27.0304174636181,37.9297793441092,349.576470588235,29.2981765215157,0,23.0781780972385,98.1999956058267,8.98866666666667,8.85166666666667,5.52166666666667
"2242",2026-02-23 13:21:00,2.0325,3.11,2.0325,6.6686325,10.20391,27.3791970437938,37.9297793441092,349.29568627451,29.2964047223709,0,23.1332377563887,98.2199956049318,9.042,8.8785,5.5085
"2243",2026-02-23 13:22:00,2.045,3.13,2.045,6.709645,10.26953,27.7279766239695,37.9297793441092,349.014901960784,29.294632923226,0,23.1882974155388,98.2399956040368,9.09533333333333,8.90533333333333,5.49533333333333
"2244",2026-02-23 13:23:00,2.0575,3.15,2.0575,6.7506575,10.33515,28.0767562041452,37.9297793441092,348.734117647059,29.2928611240811,0,23.243357074689,98.2599956031419,9.14866666666667,8.93216666666667,5.48216666666667
"2245",2026-02-23 13:24:00,2.07,3.17,2.07,6.79167,10.40077,28.4255357843209,37.9297793441092,348.453333333333,29.2910893249362,0,23.2984167338392,98.279995602247,9.202,8.959,5.469
"2246",2026-02-23 13:25:00,2.0825,3.19,2.0825,6.8326825,10.46639,28.7743153644966,37.9297793441092,348.172549019608,29.2893175257914,0,23.3534763929893,98.299995601352,9.22416666666667,8.99616666666667,5.44983333333333
"2247",2026-02-23 13:26:00,2.095,3.21,2.095,6.873695,10.53201,28.5999255744088,38.3657538193288,347.610980392157,29.2893175257914,0,23.3644665018784,98.3199956004571,9.24633333333333,9.03333333333333,5.43066666666667
"2248",2026-02-23 13:27:00,2.1075,3.23,2.1075,6.9147075,10.59763,28.4255357843209,38.8017282945485,347.049411764706,29.2893175257914,0,23.3754566107674,98.3399955995621,9.2685,9.0705,5.4115
"2249",2026-02-23 13:28:00,2.12,3.25,2.12,6.95572,10.66325,28.2511459942331,39.2377027697681,346.487843137255,29.2893175257914,0,23.3864467196564,98.3599955986672,9.29066666666667,9.10766666666667,5.39233333333333
"2250",2026-02-23 13:29:00,2.1325,3.27,2.1325,6.9967325,10.72887,28.0767562041452,39.6736772449878,345.926274509804,29.2893175257914,0,23.3974368285455,98.3799955977722,9.31283333333333,9.14483333333333,5.37316666666667
"2251",2026-02-23 13:30:00,2.145,3.29,2.145,7.037745,10.79449,27.9023664140573,40.1096517202074,345.364705882353,29.2893175257914,0,23.4084269374345,98.3999955968773,9.335,9.182,5.354
"2252",2026-02-23 13:31:00,2.1575,3.31,2.1575,7.0787575,10.86011,28.2511459942331,40.7200159855149,345.645490196078,29.2869551269315,0,23.4194098160965,98.3999955968773,9.37266666666667,9.22083333333333,5.335
"2253",2026-02-23 13:32:00,2.17,3.33,2.17,7.11977,10.92573,28.5999255744088,41.3303802508225,345.926274509804,29.2845927280717,0,23.4303926947584,98.3999955968773,9.41033333333333,9.25966666666667,5.316
"2254",2026-02-23 13:33:00,2.1825,3.35,2.1825,7.1607825,10.99135,28.9487051545845,41.94074451613,346.207058823529,29.2822303292118,0,23.4413755734204,98.3999955968773,9.448,9.2985,5.297
"2255",2026-02-23 13:34:00,2.195,3.37,2.195,7.201795,11.05697,29.2974847347602,42.5511087814375,346.487843137255,29.279867930352,0,23.4523584520823,98.3999955968773,9.48566666666667,9.33733333333333,5.278
"2256",2026-02-23 13:35:00,2.2075,3.39,2.2075,7.2428075,11.12259,29.6462643149359,43.161473046745,346.76862745098,29.2775055314922,0,23.4633413307442,98.3999955968773,9.52333333333333,9.37616666666667,5.259
"2257",2026-02-23 13:36:00,2.22,3.41,2.22,7.28382,11.18821,29.9078490000677,43.161473046745,346.207058823529,29.279277330637,0,23.4303709852427,98.3999955968773,9.561,9.415,5.24
"2258",2026-02-23 13:37:00,2.2325,3.43,2.2325,7.3248325,11.25383,30.1694336851995,43.161473046745,345.645490196078,29.2810491297819,0,23.3974006397411,98.3999955968773,9.61166666666667,9.45266666666667,5.22183333333333
"2259",2026-02-23 13:38:00,2.245,3.45,2.245,7.365845,11.31945,30.4310183703313,43.161473046745,345.083921568627,29.2828209289268,0,23.3644302942396,98.3999955968773,9.66233333333333,9.49033333333333,5.20366666666667
"2260",2026-02-23 13:39:00,2.2575,3.47,2.2575,7.4068575,11.38507,30.6926030554631,43.161473046745,344.522352941177,29.2845927280717,0,23.331459948738,98.3999955968773,9.713,9.528,5.1855
"2261",2026-02-23 13:40:00,2.27,3.49,2.27,7.44787,11.45069,30.9541877405949,43.161473046745,343.960784313726,29.2863645272166,0,23.2984896032365,98.3999955968773,9.76366666666667,9.56566666666667,5.16733333333333
"2262",2026-02-23 13:41:00,2.2585,3.4815,2.2585,7.4101385,11.4228015,29.9078490000677,41.6791598309982,343.118431372549,29.2875457266465,0,23.3643653908132,98.4199955959823,9.81433333333333,9.60333333333333,5.14916666666667
"2263",2026-02-23 13:42:00,2.247,3.473,2.247,7.372407,11.394913,28.8615102595406,40.1968466152514,342.276078431373,29.2887269260764,0,23.4302411783899,98.4399955950874,9.865,9.641,5.131
"2264",2026-02-23 13:43:00,2.2355,3.4645,2.2355,7.3346755,11.3670245,27.8151715190134,38.7145333995046,341.433725490196,29.2899081255063,0,23.4961169659666,98.4599955941925,9.888,9.67433333333333,5.11083333333333
"2265",2026-02-23 13:44:00,2.224,3.456,2.224,7.296944,11.339136,26.7688327784863,37.2322201837578,340.59137254902,29.2910893249362,0,23.5619927535433,98.4799955932975,9.911,9.70766666666667,5.09066666666667
"2266",2026-02-23 13:45:00,2.2125,3.4475,2.2125,7.2592125,11.3112475,25.7224940379591,35.749906968011,339.749019607843,29.2922705243661,0,23.62786854112,98.4999955924026,9.934,9.741,5.0705
"2267",2026-02-23 13:46:00,2.201,3.439,2.201,7.221481,11.283359,26.2456634082227,36.883440603582,340.029803921569,29.2916799246512,0,23.5729901114939,98.4799955932975,9.957,9.77433333333333,5.05033333333333
"2268",2026-02-23 13:47:00,2.1895,3.4305,2.1895,7.1837495,11.2554705,26.7688327784863,38.0169742391531,340.310588235294,29.2910893249362,0,23.5181116818677,98.4599955941925,9.98,9.80766666666667,5.03016666666667
"2269",2026-02-23 13:48:00,2.178,3.422,2.178,7.146018,11.227582,27.2920021487498,39.1505078747242,340.59137254902,29.2904987252213,0,23.4632332522416,98.4399955950874,10.003,9.841,5.01
"2270",2026-02-23 13:49:00,2.1665,3.4135,2.1665,7.1082865,11.1996935,27.8151715190134,40.2840415102953,340.872156862745,29.2899081255063,0,23.4083548226155,98.4199955959823,10.0468333333333,9.86016666666667,4.98316666666667
"2271",2026-02-23 13:50:00,2.155,3.405,2.155,7.070555,11.171805,28.338340889277,41.4175751458664,341.152941176471,29.2893175257914,0,23.3534763929893,98.3999955968773,10.0906666666667,9.87933333333333,4.95633333333333
"2272",2026-02-23 13:51:00,2.1435,3.3965,2.1435,7.0328235,11.1439165,27.8151715190134,40.3712364053392,341.152941176471,29.2893175257914,0,23.4083548226155,98.3999955968773,10.1345,9.8985,4.9295
"2273",2026-02-23 13:52:00,2.132,3.388,2.132,6.995092,11.116028,27.2920021487498,39.3248976648121,341.152941176471,29.2893175257914,0,23.4632332522416,98.3999955968773,10.1783333333333,9.91766666666667,4.90266666666667
"2274",2026-02-23 13:53:00,2.1205,3.3795,2.1205,6.9573605,11.0881395,26.7688327784863,38.2785589242849,341.152941176471,29.2893175257914,0,23.5181116818677,98.3999955968773,10.2221666666667,9.93683333333333,4.87583333333333
"2275",2026-02-23 13:54:00,2.109,3.371,2.109,6.919629,11.060251,26.2456634082227,37.2322201837578,341.152941176471,29.2893175257914,0,23.5729901114939,98.3999955968773,10.266,9.956,4.849
"2276",2026-02-23 13:55:00,2.0975,3.3625,2.0975,6.8818975,11.0323625,25.7224940379591,36.1858814432306,341.152941176471,29.2893175257914,0,23.62786854112,98.3999955968773,10.2921666666667,9.97516666666667,4.82433333333333
"2277",2026-02-23 13:56:00,2.086,3.354,2.086,6.844166,11.004474,26.1584685131788,36.7962457085381,341.995294117647,29.2904987252213,0,23.6825680807827,98.4199955959823,10.3183333333333,9.99433333333333,4.79966666666667
"2278",2026-02-23 13:57:00,2.0745,3.3455,2.0745,6.8064345,10.9765855,26.5944429883984,37.4066099738456,342.837647058824,29.2916799246512,0,23.7372676204455,98.4399955950874,10.3445,10.0135,4.775
"2279",2026-02-23 13:58:00,2.063,3.337,2.063,6.768703,10.948697,27.0304174636181,38.0169742391531,343.68,29.2928611240811,0,23.7919671601082,98.4599955941925,10.3706666666667,10.0326666666667,4.75033333333333
"2280",2026-02-23 13:59:00,2.0515,3.3285,2.0515,6.7309715,10.9208085,27.4663919388377,38.6273385044606,344.522352941176,29.294042323511,0,23.8466666997709,98.4799955932975,10.3968333333333,10.0518333333333,4.72566666666667
"2281",2026-02-23 14:00:00,2.04,3.32,2.04,6.69324,10.89292,27.9023664140573,39.2377027697681,345.364705882353,29.2952235229409,0,23.9013662394336,98.4999955924026,10.423,10.071,4.701
"2282",2026-02-23 14:01:00,2.0505,3.3255,2.0505,6.7276905,10.9109655,27.5535868338816,38.9761180846364,344.803137254902,29.2952235229409,0,23.8904405316319,98.4999955924026,10.447,10.0995,4.67816666666667
"2283",2026-02-23 14:02:00,2.061,3.331,2.061,6.762141,10.929011,27.2048072537059,38.7145333995046,344.241568627451,29.2952235229409,0,23.8795148238301,98.4999955924026,10.471,10.128,4.65533333333333
"2284",2026-02-23 14:03:00,2.0715,3.3365,2.0715,6.7965915,10.9470565,26.8560276735302,38.4529487143728,343.68,29.2952235229409,0,23.8685891160284,98.4999955924026,10.495,10.1565,4.6325
"2285",2026-02-23 14:04:00,2.082,3.342,2.082,6.831042,10.965102,26.5072480933545,38.191364029241,343.118431372549,29.2952235229409,0,23.8576634082266,98.4999955924026,10.519,10.185,4.60966666666667
"2286",2026-02-23 14:05:00,2.0925,3.3475,2.0925,6.8654925,10.9831475,26.1584685131788,37.9297793441092,342.556862745098,29.2952235229409,0,23.8467377004249,98.4999955924026,10.543,10.2135,4.58683333333333
"2287",2026-02-23 14:06:00,2.103,3.353,2.103,6.899943,11.001193,26.1584685131788,39.1505078747242,343.118431372549,29.294042323511,0,23.8685820526667,98.4999955924026,10.567,10.242,4.564
"2288",2026-02-23 14:07:00,2.1135,3.3585,2.1135,6.9343935,11.0192385,26.1584685131788,40.3712364053392,343.68,29.2928611240811,0,23.8904264049084,98.4999955924026,10.6098333333333,10.272,4.53933333333333
"2289",2026-02-23 14:08:00,2.124,3.364,2.124,6.968844,11.037284,26.1584685131788,41.5919649359542,344.241568627451,29.2916799246512,0,23.9122707571502,98.4999955924026,10.6526666666667,10.302,4.51466666666667
"2290",2026-02-23 14:09:00,2.1345,3.3695,2.1345,7.0032945,11.0553295,26.1584685131788,42.8126934665692,344.803137254902,29.2904987252213,0,23.934115109392,98.4999955924026,10.6955,10.332,4.49
"2291",2026-02-23 14:10:00,2.145,3.375,2.145,7.037745,11.073375,26.1584685131788,44.0334219971842,345.364705882353,29.2893175257914,0,23.9559594616338,98.4999955924026,10.7383333333333,10.362,4.46533333333333
"2292",2026-02-23 14:11:00,2.1555,3.3805,2.1555,7.0721955,11.0914205,26.4200531983105,42.5511087814374,345.364705882353,29.2893175257914,0,23.9559594616338,98.4999955924026,10.7811666666667,10.392,4.44066666666667
"2293",2026-02-23 14:12:00,2.166,3.386,2.166,7.106646,11.109466,26.6816378834423,41.0687955656907,345.364705882353,29.2893175257914,0,23.9559594616338,98.4999955924026,10.824,10.422,4.416
"2294",2026-02-23 14:13:00,2.1765,3.3915,2.1765,7.1410965,11.1275115,26.9432225685741,39.5864823499439,345.364705882353,29.2893175257914,0,23.9559594616338,98.4999955924026,10.8265,10.4433333333333,4.39516666666667
"2295",2026-02-23 14:14:00,2.187,3.397,2.187,7.175547,11.145557,27.2048072537059,38.1041691341971,345.364705882353,29.2893175257914,0,23.9559594616338,98.4999955924026,10.829,10.4646666666667,4.37433333333333
"2296",2026-02-23 14:15:00,2.1975,3.4025,2.1975,7.2099975,11.1636025,27.4663919388377,36.6218559184503,345.364705882353,29.2893175257914,0,23.9559594616338,98.4999955924026,10.8315,10.486,4.3535
"2297",2026-02-23 14:16:00,2.208,3.408,2.208,7.244448,11.181648,27.3791970437938,36.883440603582,344.522352941176,29.2904987252213,0,23.9559594616338,98.4999955924026,10.834,10.5073333333333,4.33266666666667
"2298",2026-02-23 14:17:00,2.2185,3.4135,2.2185,7.2788985,11.1996935,27.2920021487498,37.1450252887138,343.68,29.2916799246512,0,23.9559594616338,98.4999955924026,10.8365,10.5286666666667,4.31183333333333
"2299",2026-02-23 14:18:00,2.229,3.419,2.229,7.313349,11.217739,27.2048072537059,37.4066099738456,342.837647058824,29.2928611240811,0,23.9559594616338,98.4999955924026,10.839,10.55,4.291
"2300",2026-02-23 14:19:00,2.2395,3.4245,2.2395,7.3477995,11.2357845,27.117612358662,37.6681946589774,341.995294117647,29.294042323511,0,23.9559594616338,98.4999955924026,10.8615,10.5708333333333,4.26866666666667
"2301",2026-02-23 14:20:00,2.25,3.43,2.25,7.38225,11.25383,27.0304174636181,37.9297793441092,341.152941176471,29.2952235229409,0,23.9559594616338,98.4999955924026,10.884,10.5916666666667,4.24633333333333
"2302",2026-02-23 14:21:00,2.2585,3.4425,2.2585,7.4101385,11.2948425,26.9432225685741,37.5809997639335,340.310588235294,29.2952235229409,0,23.9450408171938,98.4999955924026,10.9065,10.6125,4.224
"2303",2026-02-23 14:22:00,2.267,3.455,2.267,7.438027,11.335855,26.8560276735302,37.2322201837578,339.468235294118,29.2952235229409,0,23.9341221727537,98.4999955924026,10.929,10.6333333333333,4.20166666666667
"2304",2026-02-23 14:23:00,2.2755,3.4675,2.2755,7.4659155,11.3768675,26.7688327784863,36.883440603582,338.625882352941,29.2952235229409,0,23.9232035283137,98.4999955924026,10.9515,10.6541666666667,4.17933333333333
"2305",2026-02-23 14:24:00,2.284,3.48,2.284,7.493804,11.41788,26.6816378834423,36.5346610234063,337.783529411765,29.2952235229409,0,23.9122848838736,98.4999955924026,10.974,10.675,4.157
"2306",2026-02-23 14:25:00,2.2925,3.4925,2.2925,7.5216925,11.4588925,26.5944429883984,36.1858814432306,336.941176470588,29.2952235229409,0,23.9013662394336,98.4999955924026,10.9926666666667,10.6896666666667,4.13183333333333
"2307",2026-02-23 14:26:00,2.301,3.505,2.301,7.549581,11.499905,26.5944429883984,37.2322201837578,337.502745098039,29.2975859218008,0,23.8795077421597,98.4799955932975,11.0113333333333,10.7043333333333,4.10666666666667
"2308",2026-02-23 14:27:00,2.3095,3.5175,2.3095,7.5774695,11.5409175,26.5944429883984,38.2785589242849,338.06431372549,29.2999483206606,0,23.8576492448859,98.4599955941925,11.03,10.719,4.0815
"2309",2026-02-23 14:28:00,2.318,3.53,2.318,7.605358,11.58193,26.5944429883984,39.3248976648121,338.625882352941,29.3023107195204,0,23.835790747612,98.4399955950874,11.0486666666667,10.7336666666667,4.05633333333333
"2310",2026-02-23 14:29:00,2.3265,3.5425,2.3265,7.6332465,11.6229425,26.5944429883984,40.3712364053392,339.187450980392,29.3046731183803,0,23.8139322503381,98.4199955959823,11.0673333333333,10.7483333333333,4.03116666666667
"2311",2026-02-23 14:30:00,2.335,3.555,2.335,7.661135,11.663955,26.5944429883984,41.4175751458664,339.749019607843,29.3070355172401,0,23.7920737530643,98.3999955968773,11.086,10.763,4.006
"2312",2026-02-23 14:31:00,2.3435,3.5675,2.3435,7.6890235,11.7049675,26.7688327784863,41.2431853557785,340.310588235294,29.3076261169551,0,23.8793388033829,98.4599955941925,11.1056666666667,10.769,3.9765
"2313",2026-02-23 14:32:00,2.352,3.58,2.352,7.716912,11.74598,26.9432225685741,41.0687955656907,340.872156862745,29.30821671667,0,23.9666038537016,98.5199955915076,11.1253333333333,10.775,3.947
"2314",2026-02-23 14:33:00,2.3605,3.5925,2.3605,7.7448005,11.7869925,27.117612358662,40.8944057756028,341.433725490196,29.308807316385,0,24.0538689040202,98.5799955888228,11.145,10.781,3.9175
"2315",2026-02-23 14:34:00,2.369,3.605,2.369,7.772689,11.828005,27.2920021487498,40.7200159855149,341.995294117647,29.3093979161,0,24.1411339543388,98.639995586138,11.1646666666667,10.787,3.888
"2316",2026-02-23 14:35:00,2.3775,3.6175,2.3775,7.8005775,11.8690175,27.4663919388377,40.5456261954271,342.556862745098,29.3099885158149,0,24.2283990046575,98.6999955834531,11.1843333333333,10.793,3.8585
"2317",2026-02-23 14:36:00,2.386,3.63,2.386,7.828466,11.91003,27.2048072537059,39.4992874548999,341.995294117647,29.3099885158149,0,24.2283990046575,98.6799955843481,11.204,10.799,3.829
"2318",2026-02-23 14:37:00,2.3945,3.6425,2.3945,7.8563545,11.9510425,26.9432225685741,38.4529487143728,341.433725490196,29.3099885158149,0,24.2283990046575,98.659995585243,11.2123333333333,10.8258333333333,3.8065
"2319",2026-02-23 14:38:00,2.403,3.655,2.403,7.884243,11.992055,26.6816378834423,37.4066099738456,340.872156862745,29.3099885158149,0,24.2283990046575,98.639995586138,11.2206666666667,10.8526666666667,3.784
"2320",2026-02-23 14:39:00,2.4115,3.6675,2.4115,7.9121315,12.0330675,26.4200531983105,36.3602712333185,340.310588235294,29.3099885158149,0,24.2283990046575,98.6199955870329,11.229,10.8795,3.7615
"2321",2026-02-23 14:40:00,2.42,3.68,2.42,7.94002,12.07408,26.1584685131788,35.3139324927913,339.749019607843,29.3099885158149,0,24.2283990046575,98.5999955879279,11.2373333333333,10.9063333333333,3.739
"2322",2026-02-23 14:41:00,2.4045,3.657,2.4045,7.8891645,11.998617,26.3328583032666,35.9242967580988,339.749019607843,29.3093979161,0,24.2610081488976,98.5999955879279,11.2456666666667,10.9331666666667,3.7165
"2323",2026-02-23 14:42:00,2.389,3.634,2.389,7.838309,11.923154,26.5072480933545,36.5346610234063,339.749019607843,29.308807316385,0,24.2936172931377,98.5999955879279,11.254,10.96,3.694
"2324",2026-02-23 14:43:00,2.3735,3.611,2.3735,7.7874535,11.847691,26.6816378834423,37.1450252887138,339.749019607843,29.30821671667,0,24.3262264373778,98.5999955879279,11.2693333333333,10.9873333333333,3.67166666666667
"2325",2026-02-23 14:44:00,2.358,3.588,2.358,7.736598,11.772228,26.8560276735302,37.7553895540213,339.749019607843,29.3076261169551,0,24.3588355816179,98.5999955879279,11.2846666666667,11.0146666666667,3.64933333333333
"2326",2026-02-23 14:45:00,2.3425,3.565,2.3425,7.6857425,11.696765,27.0304174636181,38.3657538193289,339.749019607843,29.3070355172401,0,24.391444725858,98.5999955879279,11.3,11.042,3.627
"2327",2026-02-23 14:46:00,2.327,3.542,2.327,7.634887,11.621302,26.8560276735302,38.5401436094167,339.749019607843,29.30821671667,0,24.4023006146068,98.5999955879279,11.3153333333333,11.0693333333333,3.60466666666667
"2328",2026-02-23 14:47:00,2.3115,3.519,2.3115,7.5840315,11.545839,26.6816378834423,38.7145333995046,339.749019607843,29.3093979161,0,24.4131565033555,98.5999955879279,11.3306666666667,11.0966666666667,3.58233333333333
"2329",2026-02-23 14:48:00,2.296,3.496,2.296,7.533176,11.470376,26.5072480933545,38.8889231895924,339.749019607843,29.3105791155299,0,24.4240123921043,98.5999955879279,11.346,11.124,3.56
"2330",2026-02-23 14:49:00,2.2805,3.473,2.2805,7.4823205,11.394913,26.3328583032666,39.0633129796803,339.749019607843,29.3117603149598,0,24.4348682808531,98.5999955879279,11.3493333333333,11.1415,3.53533333333333
"2331",2026-02-23 14:50:00,2.265,3.45,2.265,7.431465,11.31945,26.1584685131788,39.2377027697681,339.749019607843,29.3129415143897,0,24.4457241696018,98.5999955879279,11.3526666666667,11.159,3.51066666666667
"2332",2026-02-23 14:51:00,2.2495,3.427,2.2495,7.3806095,11.243987,25.9840787230909,38.7145333995046,340.029803921569,29.3153039132496,0,24.4999007158606,98.6199955870329,11.356,11.1765,3.486
"2333",2026-02-23 14:52:00,2.234,3.404,2.234,7.329754,11.168524,25.809688933003,38.191364029241,340.310588235294,29.3176663121094,0,24.5540772621193,98.639995586138,11.3593333333333,11.194,3.46133333333333
"2334",2026-02-23 14:53:00,2.2185,3.381,2.2185,7.2788985,11.093061,25.6352991429152,37.6681946589774,340.59137254902,29.3200287109692,0,24.6082538083781,98.659995585243,11.3626666666667,11.2115,3.43666666666667
"2335",2026-02-23 14:54:00,2.203,3.358,2.203,7.228043,11.017598,25.4609093528273,37.1450252887138,340.872156862745,29.3223911098291,0,24.6624303546368,98.6799955843481,11.366,11.229,3.412
"2336",2026-02-23 14:55:00,2.1875,3.335,2.1875,7.1771875,10.942135,25.2865195627395,36.6218559184503,341.152941176471,29.3247535086889,0,24.7166069008956,98.6999955834531,11.379,11.241,3.388
"2337",2026-02-23 14:56:00,2.172,3.312,2.172,7.126332,10.866672,25.0249348776077,36.2730763382745,340.310588235294,29.323572309259,0,24.7274217537556,98.6999955834531,11.392,11.253,3.364
"2338",2026-02-23 14:57:00,2.1565,3.289,2.1565,7.0754765,10.791209,24.7633501924759,35.9242967580988,339.468235294118,29.3223911098291,0,24.7382366066157,98.6999955834531,11.405,11.265,3.34
"2339",2026-02-23 14:58:00,2.141,3.266,2.141,7.024621,10.715746,24.5017655073441,35.5755171779231,338.625882352941,29.3212099103991,0,24.7490514594758,98.6999955834531,11.418,11.277,3.316
"2340",2026-02-23 14:59:00,2.1255,3.243,2.1255,6.9737655,10.640283,24.2401808222123,35.2267375977474,337.783529411765,29.3200287109692,0,24.7598663123359,98.6999955834531,11.431,11.289,3.292
"2341",2026-02-23 15:00:00,2.11,3.22,2.11,6.92291,10.56482,23.9785961370805,34.8779580175717,336.941176470588,29.3188475115393,0,24.770681165196,98.6999955834531,11.444,11.301,3.268
"2342",2026-02-23 15:01:00,2.1035,3.2205,2.1035,6.9015835,10.5664605,24.1529859271684,34.529178437396,337.221960784314,29.3182569118243,0,24.7273809111561,98.6999955834531,11.4593333333333,11.3098333333333,3.24666666666667
"2343",2026-02-23 15:02:00,2.097,3.221,2.097,6.880257,10.568101,24.3273757172562,34.1803988572203,337.502745098039,29.3176663121094,0,24.6840806571163,98.6999955834531,11.4746666666667,11.3186666666667,3.22533333333333
"2344",2026-02-23 15:03:00,2.0905,3.2215,2.0905,6.8589305,10.5697415,24.5017655073441,33.8316192770445,337.783529411765,29.3170757123944,0,24.6407804030765,98.6999955834531,11.49,11.3275,3.204
"2345",2026-02-23 15:04:00,2.084,3.222,2.084,6.837604,10.571382,24.676155297432,33.4828396968688,338.06431372549,29.3164851126795,0,24.5974801490366,98.6999955834531,11.5053333333333,11.3363333333333,3.18266666666667
"2346",2026-02-23 15:05:00,2.0775,3.2225,2.0775,6.8162775,10.5730225,24.8505450875198,33.1340601166931,338.345098039216,29.3158945129645,0,24.5541798949968,98.6999955834531,11.5206666666667,11.3451666666667,3.16133333333333
"2347",2026-02-23 15:06:00,2.071,3.223,2.071,6.794951,10.574663,24.2401808222123,32.4365009563417,337.502745098039,29.3176663121094,0,24.5541798949968,98.7199955825582,11.536,11.354,3.14
"2348",2026-02-23 15:07:00,2.0645,3.2235,2.0645,6.7736245,10.5763035,23.6298165569048,31.7389417959902,336.660392156863,29.3194381112543,0,24.5541798949968,98.7399955816633,11.5491666666667,11.3616666666667,3.12133333333333
"2349",2026-02-23 15:08:00,2.058,3.224,2.058,6.752298,10.577944,23.0194522915973,31.0413826356388,335.818039215686,29.3212099103991,0,24.5541798949968,98.7599955807683,11.5623333333333,11.3693333333333,3.10266666666667
"2350",2026-02-23 15:09:00,2.0515,3.2245,2.0515,6.7309715,10.5795845,22.4090880262898,30.3438234752874,334.97568627451,29.322981709544,0,24.5541798949968,98.7799955798734,11.5755,11.377,3.084
"2351",2026-02-23 15:10:00,2.045,3.225,2.045,6.709645,10.581225,21.7987237609823,29.6462643149359,334.133333333333,29.3247535086889,0,24.5541798949968,98.7999955789784,11.5886666666667,11.3846666666667,3.06533333333333
"2352",2026-02-23 15:11:00,2.0385,3.2255,2.0385,6.6883185,10.5828655,21.5371390758505,29.2974847347602,333.852549019608,29.3259347081188,0,24.6082882238837,98.8199955780835,11.6018333333333,11.3923333333333,3.04666666666667
"2353",2026-02-23 15:12:00,2.032,3.226,2.032,6.666992,10.584506,21.2755543907187,28.9487051545845,333.571764705882,29.3271159075487,0,24.6623965527705,98.8399955771885,11.615,11.4,3.028
"2354",2026-02-23 15:13:00,2.0255,3.2265,2.0255,6.6456655,10.5861465,21.0139697055869,28.5999255744088,333.290980392157,29.3282971069786,0,24.7165048816574,98.8599955762936,11.5916666666667,11.4048333333333,3.00233333333333
"2355",2026-02-23 15:14:00,2.019,3.227,2.019,6.624339,10.587787,20.7523850204552,28.2511459942331,333.010196078431,29.3294783064086,0,24.7706132105442,98.8799955753987,11.5683333333333,11.4096666666667,2.97666666666667
"2356",2026-02-23 15:15:00,2.0125,3.2275,2.0125,6.6030125,10.5894275,20.4908003353234,27.9023664140573,332.729411764706,29.3306595058385,0,24.8247215394311,98.8999955745037,11.545,11.4145,2.951
"2357",2026-02-23 15:16:00,2.006,3.228,2.006,6.581686,10.591068,21.1011646006309,29.2102898397163,333.290980392157,29.3288877066936,0,24.803098611724,98.8799955753987,11.5216666666667,11.4193333333333,2.92533333333333
"2358",2026-02-23 15:17:00,1.9995,3.2285,1.9995,6.5603595,10.5927085,21.7115288659384,30.5182132653752,333.852549019608,29.3271159075487,0,24.7814756840169,98.8599955762936,11.4983333333333,11.4241666666667,2.89966666666667
"2359",2026-02-23 15:18:00,1.993,3.229,1.993,6.539033,10.594349,22.3218931312459,31.8261366910342,334.414117647059,29.3253441084039,0,24.7598527563098,98.8399955771885,11.475,11.429,2.874
"2360",2026-02-23 15:19:00,1.9865,3.2295,1.9865,6.5177065,10.5959895,22.9322573965534,33.1340601166931,334.97568627451,29.323572309259,0,24.7382298286027,98.8199955780835,11.4658333333333,11.4345,2.85383333333333
"2361",2026-02-23 15:20:00,1.98,3.23,1.98,6.49638,10.59763,23.5426216618609,34.441983542352,335.537254901961,29.3218005101141,0,24.7166069008956,98.7999955789784,11.4566666666667,11.44,2.83366666666667
"2362",2026-02-23 15:21:00,1.9695,3.212,1.9695,6.4619295,10.538572,24.1529859271684,35.749906968011,336.660392156863,29.323572309259,0,24.7274217537556,98.8199955780835,11.4475,11.4455,2.8135
"2363",2026-02-23 15:22:00,1.959,3.194,1.959,6.427479,10.479514,24.7633501924759,37.0578303936699,337.783529411765,29.3253441084039,0,24.7382366066157,98.8399955771885,11.4383333333333,11.451,2.79333333333333
"2364",2026-02-23 15:23:00,1.9485,3.176,1.9485,6.3930285,10.420456,25.3737144577834,38.3657538193289,338.906666666667,29.3271159075487,0,24.7490514594758,98.8599955762936,11.4291666666667,11.4565,2.77316666666667
"2365",2026-02-23 15:24:00,1.938,3.158,1.938,6.358578,10.361398,25.9840787230909,39.6736772449878,340.029803921569,29.3288877066936,0,24.7598663123359,98.8799955753987,11.42,11.462,2.753
"2366",2026-02-23 15:25:00,1.9275,3.14,1.9275,6.3241275,10.30234,26.5944429883984,40.9816006706467,341.152941176471,29.3306595058385,0,24.770681165196,98.8999955745037,11.397,11.461,2.7365
"2367",2026-02-23 15:26:00,1.917,3.122,1.917,6.289677,10.243282,25.9840787230909,39.2377027697681,340.029803921569,29.3312501055534,0,24.781489240043,98.8799955753987,11.374,11.46,2.72
"2368",2026-02-23 15:27:00,1.9065,3.104,1.9065,6.2552265,10.184224,25.3737144577834,37.4938048688896,338.906666666667,29.3318407052684,0,24.79229731489,98.8599955762936,11.351,11.459,2.7035
"2369",2026-02-23 15:28:00,1.896,3.086,1.896,6.220776,10.125166,24.7633501924759,35.749906968011,337.783529411765,29.3324313049834,0,24.803105389737,98.8399955771885,11.328,11.458,2.687
"2370",2026-02-23 15:29:00,1.8855,3.068,1.8855,6.1863255,10.066108,24.1529859271684,34.0060090671324,336.660392156863,29.3330219046983,0,24.8139134645841,98.8199955780835,11.305,11.457,2.6705
"2371",2026-02-23 15:30:00,1.875,3.05,1.875,6.151875,10.00705,23.5426216618609,32.2621111662538,335.537254901961,29.3336125044133,0,24.8247215394311,98.7999955789784,11.282,11.456,2.654
"2372",2026-02-23 15:31:00,1.8645,3.032,1.8645,6.1174245,9.947992,23.368231871773,31.9133315860781,336.098823529412,29.3330219046983,0,24.8571052693513,98.8199955780835,11.2675,11.4531666666667,2.63816666666667
"2373",2026-02-23 15:32:00,1.854,3.014,1.854,6.082974,9.888934,23.1938420816852,31.5645520059024,336.660392156863,29.3324313049834,0,24.8894889992716,98.8399955771885,11.253,11.4503333333333,2.62233333333333
"2374",2026-02-23 15:33:00,1.8435,2.996,1.8435,6.0485235,9.829876,23.0194522915973,31.2157724257267,337.221960784314,29.3318407052684,0,24.9218727291919,98.8599955762936,11.2385,11.4475,2.6065
"2375",2026-02-23 15:34:00,1.833,2.978,1.833,6.014073,9.770818,22.8450625015095,30.8669928455509,337.783529411765,29.3312501055534,0,24.9542564591121,98.8799955753987,11.224,11.4446666666667,2.59066666666667
"2376",2026-02-23 15:35:00,1.8225,2.96,1.8225,5.9796225,9.71176,22.6706727114216,30.5182132653752,338.345098039216,29.3306595058385,0,24.9866401890324,98.8999955745037,11.2095,11.4418333333333,2.57483333333333
"2377",2026-02-23 15:36:00,1.812,2.942,1.812,5.945172,9.652702,22.8450625015095,31.6517469009463,338.06431372549,29.3312501055534,0,24.9758523442028,98.8999955745037,11.195,11.439,2.559
"2378",2026-02-23 15:37:00,1.8015,2.924,1.8015,5.9107215,9.593644,23.0194522915973,32.7852805365174,337.783529411765,29.3318407052684,0,24.9650644993732,98.8999955745037,11.2308333333333,11.4373333333333,2.53883333333333
"2379",2026-02-23 15:38:00,1.791,2.906,1.791,5.876271,9.534586,23.1938420816852,33.9188141720885,337.502745098039,29.3324313049834,0,24.9542766545435,98.8999955745037,11.2666666666667,11.4356666666667,2.51866666666667
"2380",2026-02-23 15:39:00,1.7805,2.888,1.7805,5.8418205,9.475528,23.368231871773,35.0523478076595,337.221960784314,29.3330219046983,0,24.9434888097139,98.8999955745037,11.3025,11.434,2.4985
"2381",2026-02-23 15:40:00,1.77,2.87,1.77,5.80737,9.41647,23.5426216618609,36.1858814432306,336.941176470588,29.3336125044133,0,24.9327009648843,98.8999955745037,11.3383333333333,11.4323333333333,2.47833333333333
"2382",2026-02-23 15:41:00,1.772,2.876,1.772,5.813932,9.436156,23.7170114519487,35.749906968011,336.098823529412,29.3336125044133,0,24.9111050797937,98.8799955753987,11.3741666666667,11.4306666666667,2.45816666666667
"2383",2026-02-23 15:42:00,1.774,2.882,1.774,5.820494,9.455842,23.8914012420366,35.3139324927913,335.256470588235,29.3336125044133,0,24.889509194703,98.8599955762936,11.41,11.429,2.438
"2384",2026-02-23 15:43:00,1.776,2.888,1.776,5.827056,9.475528,24.0657910321245,34.8779580175717,334.414117647059,29.3336125044133,0,24.8679133096124,98.8399955771885,11.3946666666667,11.4285,2.4275
"2385",2026-02-23 15:44:00,1.778,2.894,1.778,5.833618,9.495214,24.2401808222123,34.441983542352,333.571764705882,29.3336125044133,0,24.8463174245217,98.8199955780835,11.3793333333333,11.428,2.417
"2386",2026-02-23 15:45:00,1.78,2.9,1.78,5.84018,9.5149,24.4145706123002,34.0060090671324,332.729411764706,29.3336125044133,0,24.8247215394311,98.7999955789784,11.364,11.4275,2.4065
"2387",2026-02-23 15:46:00,1.782,2.906,1.782,5.846742,9.534586,23.7170114519487,33.3956448018249,333.290980392157,29.3342031041282,0,24.9001897316198,98.8199955780835,11.3486666666667,11.427,2.396
"2388",2026-02-23 15:47:00,1.784,2.912,1.784,5.853304,9.554272,23.0194522915973,32.7852805365174,333.852549019608,29.3347937038432,0,24.9756579238084,98.8399955771885,11.3333333333333,11.4265,2.3855
"2389",2026-02-23 15:48:00,1.786,2.918,1.786,5.859866,9.573958,22.3218931312459,32.1749162712099,334.414117647059,29.3353843035582,0,25.0511261159971,98.8599955762936,11.318,11.426,2.375
"2390",2026-02-23 15:49:00,1.788,2.924,1.788,5.866428,9.593644,21.6243339708944,31.5645520059024,334.97568627451,29.3359749032731,0,25.1265943081857,98.8799955753987,11.3136666666667,11.4233333333333,2.36683333333333
"2391",2026-02-23 15:50:00,1.79,2.93,1.79,5.87299,9.61333,20.926774810543,30.9541877405949,335.537254901961,29.3365655029881,0,25.2020625003744,98.8999955745037,11.3093333333333,11.4206666666667,2.35866666666667
"2392",2026-02-23 15:51:00,1.792,2.936,1.792,5.879552,9.633016,21.5371390758505,32.1749162712099,335.818039215686,29.337156102703,0,25.2020625003744,98.8999955745037,11.305,11.418,2.3505
"2393",2026-02-23 15:52:00,1.794,2.942,1.794,5.886114,9.652702,22.147503341158,33.3956448018249,336.098823529412,29.337746702418,0,25.2020625003744,98.8999955745037,11.3006666666667,11.4153333333333,2.34233333333333
"2394",2026-02-23 15:53:00,1.796,2.948,1.796,5.892676,9.672388,22.7578676064655,34.6163733324399,336.379607843137,29.338337302133,0,25.2020625003744,98.8999955745037,11.2963333333333,11.4126666666667,2.33416666666667
"2395",2026-02-23 15:54:00,1.798,2.954,1.798,5.899238,9.692074,23.368231871773,35.8371018630549,336.660392156863,29.3389279018479,0,25.2020625003744,98.8999955745037,11.292,11.41,2.326
"2396",2026-02-23 15:55:00,1.8,2.96,1.8,5.9058,9.71176,23.9785961370805,37.0578303936699,336.941176470588,29.3395185015629,0,25.2020625003744,98.8999955745037,11.3073333333333,11.4071666666667,2.31666666666667
"2397",2026-02-23 15:56:00,1.802,2.966,1.802,5.912362,9.731446,23.8042063469927,36.4474661283624,336.660392156863,29.3401091012778,0,25.2343060618061,98.8999955745037,11.3226666666667,11.4043333333333,2.30733333333333
"2398",2026-02-23 15:57:00,1.804,2.972,1.804,5.918924,9.751132,23.6298165569048,35.8371018630549,336.379607843137,29.3406997009928,0,25.2665496232378,98.8999955745037,11.338,11.4015,2.298
"2399",2026-02-23 15:58:00,1.806,2.978,1.806,5.925486,9.770818,23.455426766817,35.2267375977474,336.098823529412,29.3412903007078,0,25.2987931846695,98.8999955745037,11.3533333333333,11.3986666666667,2.28866666666667
"2400",2026-02-23 15:59:00,1.808,2.984,1.808,5.932048,9.790504,23.2810369767291,34.6163733324399,335.818039215686,29.3418809004227,0,25.3310367461012,98.8999955745037,11.3686666666667,11.3958333333333,2.27933333333333
"2401",2026-02-23 16:00:00,1.81,2.99,1.81,5.93861,9.81019,23.1066471866412,34.0060090671324,335.537254901961,29.3424715001377,0,25.3632803075329,98.8999955745037,11.384,11.393,2.27
"2402",2026-02-23 16:01:00,1.8135,2.983,1.8135,5.9500935,9.787223,22.8450625015095,33.308449906781,336.379607843137,29.3442432992825,0,25.4061795435106,98.9199955736088,11.321,11.3766666666667,2.25916666666667
"2403",2026-02-23 16:02:00,1.817,2.976,1.817,5.961577,9.764256,22.5834778163777,32.6108907464295,337.221960784314,29.3460150984274,0,25.4490787794884,98.9399955727138,11.258,11.3603333333333,2.24833333333333
"2404",2026-02-23 16:03:00,1.8205,2.969,1.8205,5.9730605,9.741289,22.3218931312459,31.9133315860781,338.06431372549,29.3477868975723,0,25.4919780154662,98.9599955718189,11.195,11.344,2.2375
"2405",2026-02-23 16:04:00,1.824,2.962,1.824,5.984544,9.718322,22.0603084461141,31.2157724257267,338.906666666667,29.3495586967172,0,25.534877251444,98.9799955709239,11.132,11.3276666666667,2.22666666666667
"2406",2026-02-23 16:05:00,1.8275,2.955,1.8275,5.9960275,9.695355,21.7987237609823,30.5182132653752,339.749019607843,29.3513304958621,0,25.5777764874217,98.999995570029,11.069,11.3113333333333,2.21583333333333
"2407",2026-02-23 16:06:00,1.831,2.948,1.831,6.007511,9.672388,21.6243339708944,30.6926030554631,339.187450980392,29.351921095577,0,25.5991869013281,99.019995569134,11.006,11.295,2.205
"2408",2026-02-23 16:07:00,1.8345,2.941,1.8345,6.0189945,9.649421,21.4499441808066,30.8669928455509,338.625882352941,29.352511695292,0,25.6205973152345,99.0399955682391,11.0258333333333,11.2883333333333,2.19616666666667
"2409",2026-02-23 16:08:00,1.838,2.934,1.838,6.030478,9.626454,21.2755543907187,31.0413826356388,338.06431372549,29.3531022950069,0,25.6420077291409,99.0599955673442,11.0456666666667,11.2816666666667,2.18733333333333
"2410",2026-02-23 16:09:00,1.8415,2.927,1.8415,6.0419615,9.603487,21.1011646006309,31.2157724257267,337.502745098039,29.3536928947219,0,25.6634181430473,99.0799955664492,11.0655,11.275,2.1785
"2411",2026-02-23 16:10:00,1.845,2.92,1.845,6.053445,9.58052,20.926774810543,31.3901622158145,336.941176470588,29.3542834944369,0,25.6848285569537,99.0999955655543,11.0853333333333,11.2683333333333,2.16966666666667
"2412",2026-02-23 16:11:00,1.8485,2.913,1.8485,6.0649285,9.557553,20.6651901254112,30.6054081604192,336.941176470588,29.3566458932967,0,25.7168955459834,99.0999955655543,11.1051666666667,11.2616666666667,2.16083333333333
"2413",2026-02-23 16:12:00,1.852,2.906,1.852,6.076412,9.534586,20.4036054402794,29.8206541050238,336.941176470588,29.3590082921565,0,25.7489625350131,99.0999955655543,11.125,11.255,2.152
"2414",2026-02-23 16:13:00,1.8555,2.899,1.8555,6.0878955,9.511619,20.1420207551476,29.0359000496284,336.941176470588,29.3613706910164,0,25.7810295240429,99.0999955655543,11.1041666666667,11.2408333333333,2.146
"2415",2026-02-23 16:14:00,1.859,2.892,1.859,6.099379,9.488652,19.8804360700159,28.2511459942331,336.941176470588,29.3637330898762,0,25.8130965130726,99.0999955655543,11.0833333333333,11.2266666666667,2.14
"2416",2026-02-23 16:15:00,1.8625,2.885,1.8625,6.1108625,9.465685,19.6188513848841,27.4663919388377,336.941176470588,29.366095488736,0,25.8451635021023,99.0999955655543,11.0625,11.2125,2.134
"2417",2026-02-23 16:16:00,1.866,2.878,1.866,6.122346,9.442718,19.4444615947962,27.2048072537059,337.783529411765,29.366686088451,0,25.8558395958234,99.0799955664492,11.0416666666667,11.1983333333333,2.128
"2418",2026-02-23 16:17:00,1.8695,2.871,1.8695,6.1338295,9.419751,19.2700718047084,26.9432225685741,338.625882352941,29.367276688166,0,25.8665156895446,99.0599955673442,11.0208333333333,11.1841666666667,2.122
"2419",2026-02-23 16:18:00,1.873,2.864,1.873,6.145313,9.396784,19.0956820146205,26.6816378834423,339.468235294118,29.3678672878809,0,25.8771917832657,99.0399955682391,11,11.17,2.116
"2420",2026-02-23 16:19:00,1.8765,2.857,1.8765,6.1567965,9.373817,18.9212922245326,26.4200531983105,340.310588235294,29.3684578875959,0,25.8878678769869,99.019995569134,10.9916666666667,11.1563333333333,2.1095
"2421",2026-02-23 16:20:00,1.88,2.85,1.88,6.16828,9.35085,18.7469024344448,26.1584685131788,341.152941176471,29.3690484873108,0,25.898543970708,98.999995570029,10.9833333333333,11.1426666666667,2.103
"2422",2026-02-23 16:21:00,1.887,2.8605,1.887,6.191247,9.3853005,18.7469024344448,26.6816378834423,340.029803921569,29.3696390870258,0,25.8771853428996,99.019995569134,10.975,11.129,2.0965
"2423",2026-02-23 16:22:00,1.894,2.871,1.894,6.214214,9.419751,18.7469024344448,27.2048072537059,338.906666666667,29.3702296867407,0,25.8558267150913,99.0399955682391,10.9666666666667,11.1153333333333,2.09
"2424",2026-02-23 16:23:00,1.901,2.8815,1.901,6.237181,9.4542015,18.7469024344448,27.7279766239695,337.783529411765,29.3708202864557,0,25.8344680872829,99.0599955673442,10.9583333333333,11.1016666666667,2.0835
"2425",2026-02-23 16:24:00,1.908,2.892,1.908,6.260148,9.488652,18.7469024344448,28.2511459942331,336.660392156863,29.3714108861707,0,25.8131094594745,99.0799955664492,10.95,11.088,2.077
"2426",2026-02-23 16:25:00,1.915,2.9025,1.915,6.283115,9.5231025,18.7469024344448,28.7743153644966,335.537254901961,29.3720014858856,0,25.7917508316661,99.0999955655543,10.9395,11.07,2.0715
"2427",2026-02-23 16:26:00,1.922,2.913,1.922,6.306082,9.557553,19.0956820146205,28.5127306793649,336.379607843137,29.3725920856006,0,25.8131094594745,99.0999955655543,10.929,11.052,2.066
"2428",2026-02-23 16:27:00,1.929,2.9235,1.929,6.329049,9.5920035,19.4444615947962,28.2511459942331,337.221960784314,29.3731826853155,0,25.8344680872829,99.0999955655543,10.9185,11.034,2.0605
"2429",2026-02-23 16:28:00,1.936,2.934,1.936,6.352016,9.626454,19.7932411749719,27.9895613091013,338.06431372549,29.3737732850305,0,25.8558267150913,99.0999955655543,10.908,11.016,2.055
"2430",2026-02-23 16:29:00,1.943,2.9445,1.943,6.374983,9.6609045,20.1420207551476,27.7279766239695,338.906666666667,29.3743638847455,0,25.8771853428996,99.0999955655543,10.8975,10.998,2.0495
"2431",2026-02-23 16:30:00,1.95,2.955,1.95,6.39795,9.695355,20.4908003353234,27.4663919388377,339.749019607843,29.3749544844604,0,25.898543970708,99.0999955655543,10.887,10.98,2.044
"2432",2026-02-23 16:31:00,1.957,2.9655,1.957,6.420917,9.7298055,20.2292156501916,27.117612358662,339.468235294118,29.3749544844604,0,25.898543970708,99.0999955655543,10.8626666666667,10.9646666666667,2.04016666666667
"2433",2026-02-23 16:32:00,1.964,2.976,1.964,6.443884,9.764256,19.9676309650598,26.7688327784863,339.187450980392,29.3749544844604,0,25.898543970708,99.0999955655543,10.8383333333333,10.9493333333333,2.03633333333333
"2434",2026-02-23 16:33:00,1.971,2.9865,1.971,6.466851,9.7987065,19.706046279928,26.4200531983106,338.906666666667,29.3749544844604,0,25.898543970708,99.0999955655543,10.814,10.934,2.0325
"2435",2026-02-23 16:34:00,1.978,2.997,1.978,6.489818,9.833157,19.4444615947962,26.0712736181348,338.625882352941,29.3749544844604,0,25.898543970708,99.0999955655543,10.7896666666667,10.9186666666667,2.02866666666667
"2436",2026-02-23 16:35:00,1.985,3.0075,1.985,6.512785,9.8676075,19.1828769096644,25.7224940379591,338.345098039216,29.3749544844604,0,25.898543970708,99.0999955655543,10.7653333333333,10.9033333333333,2.02483333333333
"2437",2026-02-23 16:36:00,1.992,3.018,1.992,6.535752,9.902058,19.0956820146205,25.5481042478713,338.625882352941,29.3761356838903,0,25.9518284046021,99.1199955646593,10.741,10.888,2.021
"2438",2026-02-23 16:37:00,1.999,3.0285,1.999,6.558719,9.9365085,19.0084871195766,25.3737144577834,338.906666666667,29.3773168833203,0,26.0051128384962,99.1399955637644,10.7393333333333,10.8671666666667,2.01766666666667
"2439",2026-02-23 16:38:00,2.006,3.039,2.006,6.581686,9.970959,18.9212922245326,25.1993246676955,339.187450980392,29.3784980827502,0,26.0583972723902,99.1599955628694,10.7376666666667,10.8463333333333,2.01433333333333
"2440",2026-02-23 16:39:00,2.013,3.0495,2.013,6.604653,10.0054095,18.8340973294887,25.0249348776077,339.468235294118,29.3796792821801,0,26.1116817062843,99.1799955619745,10.736,10.8255,2.011
"2441",2026-02-23 16:40:00,2.02,3.06,2.02,6.62762,10.03986,18.7469024344448,24.8505450875198,339.749019607843,29.38086048161,0,26.1649661401784,99.1999955610795,10.7343333333333,10.8046666666667,2.00766666666667
"2442",2026-02-23 16:41:00,2.026,3.068,2.026,6.647306,10.066108,18.6597075394009,24.8505450875198,339.749019607843,29.381451081325,0,26.1543220039088,99.1999955610795,10.7326666666667,10.7838333333333,2.00433333333333
"2443",2026-02-23 16:42:00,2.032,3.076,2.032,6.666992,10.092356,18.5725126443569,24.8505450875198,339.749019607843,29.3820416810399,0,26.1436778676391,99.1999955610795,10.731,10.763,2.001
"2444",2026-02-23 16:43:00,2.038,3.084,2.038,6.686678,10.118604,18.485317749313,24.8505450875198,339.749019607843,29.3826322807549,0,26.1330337313695,99.1999955610795,10.6988333333333,10.7406666666667,1.99616666666667
"2445",2026-02-23 16:44:00,2.044,3.092,2.044,6.706364,10.144852,18.3981228542691,24.8505450875198,339.749019607843,29.3832228804698,0,26.1223895950999,99.1999955610795,10.6666666666667,10.7183333333333,1.99133333333333
"2446",2026-02-23 16:45:00,2.05,3.1,2.05,6.72605,10.1711,18.3109279592251,24.8505450875198,339.749019607843,29.3838134801848,0,26.1117454588303,99.1999955610795,10.6345,10.696,1.9865
"2447",2026-02-23 16:46:00,2.056,3.108,2.056,6.745736,10.197348,18.2237330641812,25.3737144577834,339.749019607843,29.3861758790446,0,26.1330273884184,99.2199955601846,10.6023333333333,10.6736666666667,1.98166666666667
"2448",2026-02-23 16:47:00,2.062,3.116,2.062,6.765422,10.223596,18.1365381691373,25.896883828047,339.749019607843,29.3885382779045,0,26.1543093180064,99.2399955592897,10.5701666666667,10.6513333333333,1.97683333333333
"2449",2026-02-23 16:48:00,2.068,3.124,2.068,6.785108,10.249844,18.0493432740933,26.4200531983106,339.749019607843,29.3909006767643,0,26.1755912475945,99.2599955583947,10.538,10.629,1.972
"2450",2026-02-23 16:49:00,2.074,3.132,2.074,6.804794,10.276092,17.9621483790494,26.9432225685741,339.749019607843,29.3932630756242,0,26.1968731771826,99.2799955574998,10.525,10.6038333333333,1.96483333333333
"2451",2026-02-23 16:50:00,2.08,3.14,2.08,6.82448,10.30234,17.8749534840055,27.4663919388377,339.749019607843,29.395625474484,0,26.2181551067707,99.2999955566048,10.512,10.5786666666667,1.95766666666667
"2452",2026-02-23 16:51:00,2.086,3.148,2.086,6.844166,10.328588,17.5261739038298,26.3328583032666,339.749019607843,29.395625474484,0,26.2075173134523,99.2999955566048,10.499,10.5535,1.9505
"2453",2026-02-23 16:52:00,2.092,3.156,2.092,6.863852,10.354836,17.1773943236541,25.1993246676955,339.749019607843,29.395625474484,0,26.1968795201338,99.2999955566048,10.486,10.5283333333333,1.94333333333333
"2454",2026-02-23 16:53:00,2.098,3.164,2.098,6.883538,10.381084,16.8286147434783,24.0657910321245,339.749019607843,29.395625474484,0,26.1862417268153,99.2999955566048,10.473,10.5031666666667,1.93616666666667
"2455",2026-02-23 16:54:00,2.104,3.172,2.104,6.903224,10.407332,16.4798351633026,22.9322573965534,339.749019607843,29.395625474484,0,26.1756039334969,99.2999955566048,10.46,10.478,1.929
"2456",2026-02-23 16:55:00,2.11,3.18,2.11,6.92291,10.43358,16.1310555831269,21.7987237609823,339.749019607843,29.395625474484,0,26.1649661401784,99.2999955566048,10.4245,10.455,1.92083333333333
"2457",2026-02-23 16:56:00,2.116,3.188,2.116,6.942596,10.459828,16.5670300583465,22.8450625015095,340.310588235294,29.3968066739139,0,26.1968605555072,99.3199955557099,10.389,10.432,1.91266666666667
"2458",2026-02-23 16:57:00,2.122,3.196,2.122,6.962282,10.486076,17.0030045335662,23.8914012420366,340.872156862745,29.3979878733438,0,26.228754970836,99.3399955548149,10.3535,10.409,1.9045
"2459",2026-02-23 16:58:00,2.128,3.204,2.128,6.981968,10.512324,17.4389790087858,24.9377399825638,341.433725490196,29.3991690727737,0,26.2606493861649,99.35999555392,10.318,10.386,1.89633333333333
"2460",2026-02-23 16:59:00,2.134,3.212,2.134,7.001654,10.538572,17.8749534840055,25.9840787230909,341.995294117647,29.4003502722037,0,26.2925438014937,99.379995553025,10.2825,10.363,1.88816666666667
"2461",2026-02-23 17:00:00,2.14,3.22,2.14,7.02134,10.56482,18.3109279592251,27.0304174636181,342.556862745098,29.4015314716336,0,26.3244382168225,99.3999955521301,10.247,10.34,1.88
"2462",2026-02-23 17:01:00,2.132,3.209,2.132,6.995092,10.528729,17.7877585889616,26.1584685131788,341.152941176471,29.4021220713485,0,26.33505707751,99.3999955521301,10.2088333333333,10.3181666666667,1.874
"2463",2026-02-23 17:02:00,2.124,3.198,2.124,6.968844,10.492638,17.264589218698,25.2865195627395,339.749019607843,29.4027126710635,0,26.3456759381974,99.3999955521301,10.1706666666667,10.2963333333333,1.868
"2464",2026-02-23 17:03:00,2.116,3.187,2.116,6.942596,10.456547,16.7414198484344,24.4145706123002,338.345098039216,29.4033032707785,0,26.3562947988849,99.3999955521301,10.1325,10.2745,1.862
"2465",2026-02-23 17:04:00,2.108,3.176,2.108,6.916348,10.420456,16.2182504781708,23.5426216618609,336.941176470588,29.4038938704934,0,26.3669136595723,99.3999955521301,10.0943333333333,10.2526666666667,1.856
"2466",2026-02-23 17:05:00,2.1,3.165,2.1,6.8901,10.384365,15.6950811079073,22.6706727114216,335.537254901961,29.4044844702084,0,26.3775325202597,99.3999955521301,10.0561666666667,10.2308333333333,1.85
"2467",2026-02-23 17:06:00,2.092,3.154,2.092,6.863852,10.348274,15.956665793039,23.7170114519487,336.379607843137,29.4044844702084,0,26.3881451019873,99.3999955521301,10.018,10.209,1.844
"2468",2026-02-23 17:07:00,2.084,3.143,2.084,6.837604,10.312183,16.2182504781708,24.7633501924759,337.221960784314,29.4044844702084,0,26.3987576837148,99.3999955521301,9.97966666666667,10.1838333333333,1.8385
"2469",2026-02-23 17:08:00,2.076,3.132,2.076,6.811356,10.276092,16.4798351633026,25.809688933003,338.06431372549,29.4044844702084,0,26.4093702654423,99.3999955521301,9.94133333333333,10.1586666666667,1.833
"2470",2026-02-23 17:09:00,2.068,3.121,2.068,6.785108,10.240001,16.7414198484344,26.8560276735302,338.906666666667,29.4044844702084,0,26.4199828471699,99.3999955521301,9.903,10.1335,1.8275
"2471",2026-02-23 17:10:00,2.06,3.11,2.06,6.75886,10.20391,17.0030045335662,27.9023664140573,339.749019607843,29.4044844702084,0,26.4305954288974,99.3999955521301,9.86466666666667,10.1083333333333,1.822
"2472",2026-02-23 17:11:00,2.052,3.099,2.052,6.732612,10.167819,17.0901994286101,27.2920021487498,339.468235294118,29.4056656696383,0,26.4518018189487,99.3999955521301,9.82633333333333,10.0831666666667,1.8165
"2473",2026-02-23 17:12:00,2.044,3.088,2.044,6.706364,10.131728,17.1773943236541,26.6816378834423,339.187450980392,29.4068468690682,0,26.473008209,99.3999955521301,9.788,10.058,1.811
"2474",2026-02-23 17:13:00,2.036,3.077,2.036,6.680116,10.095637,17.264589218698,26.0712736181348,338.906666666667,29.4080280684981,0,26.4942145990513,99.3999955521301,9.76216666666667,10.0416666666667,1.805
"2475",2026-02-23 17:14:00,2.028,3.066,2.028,6.653868,10.059546,17.3517841137419,25.4609093528273,338.625882352941,29.409209267928,0,26.5154209891027,99.3999955521301,9.73633333333333,10.0253333333333,1.799
"2476",2026-02-23 17:15:00,2.02,3.055,2.02,6.62762,10.023455,17.4389790087858,24.8505450875198,338.345098039216,29.410390467358,0,26.536627379154,99.3999955521301,9.7105,10.009,1.793
"2477",2026-02-23 17:16:00,2.012,3.044,2.012,6.601372,9.987364,18.1365381691373,25.5481042478713,338.625882352941,29.4115716667879,0,26.5260273077508,99.3999955521301,9.68466666666667,9.99266666666667,1.787
"2478",2026-02-23 17:17:00,2.004,3.033,2.004,6.575124,9.951273,18.8340973294887,26.2456634082227,338.906666666667,29.4127528662178,0,26.5154272363476,99.3999955521301,9.65883333333333,9.97633333333333,1.781
"2479",2026-02-23 17:18:00,1.996,3.022,1.996,6.548876,9.915182,19.5316564898401,26.9432225685741,339.187450980392,29.4139340656477,0,26.5048271649444,99.3999955521301,9.633,9.96,1.775
"2480",2026-02-23 17:19:00,1.988,3.011,1.988,6.522628,9.879091,20.2292156501916,27.6407817289256,339.468235294118,29.4151152650776,0,26.4942270935412,99.3999955521301,9.60416666666667,9.93533333333333,1.76733333333333
"2481",2026-02-23 17:20:00,1.98,3,1.98,6.49638,9.843,20.926774810543,28.338340889277,339.749019607843,29.4162964645076,0,26.483627022138,99.3999955521301,9.57533333333333,9.91066666666667,1.75966666666667
"2482",2026-02-23 17:21:00,1.976,2.9945,1.976,6.483256,9.8249545,20.5779952303673,27.9895613091013,340.310588235294,29.4162964645076,0,26.5154085577178,99.379995553025,9.5465,9.886,1.752
"2483",2026-02-23 17:22:00,1.972,2.989,1.972,6.470132,9.806909,20.2292156501916,27.6407817289256,340.872156862745,29.4162964645076,0,26.5471900932977,99.35999555392,9.51766666666667,9.86133333333333,1.74433333333333
"2484",2026-02-23 17:23:00,1.968,2.9835,1.968,6.457008,9.7888635,19.8804360700159,27.2920021487498,341.433725490196,29.4162964645076,0,26.5789716288775,99.3399955548149,9.48883333333333,9.83666666666667,1.73666666666667
"2485",2026-02-23 17:24:00,1.964,2.978,1.964,6.443884,9.770818,19.5316564898401,26.9432225685741,341.995294117647,29.4162964645076,0,26.6107531644574,99.3199955557099,9.46,9.812,1.729
"2486",2026-02-23 17:25:00,1.96,2.9725,1.96,6.43076,9.7527725,19.1828769096644,26.5944429883984,342.556862745098,29.4162964645076,0,26.6425347000372,99.2999955566048,9.41266666666667,9.78733333333333,1.72083333333333
"2487",2026-02-23 17:26:00,1.956,2.967,1.956,6.417636,9.734727,19.0956820146205,26.7688327784863,341.714509803922,29.4157058647926,0,26.6425347000372,99.2999955566048,9.36533333333333,9.76266666666667,1.71266666666667
"2488",2026-02-23 17:27:00,1.952,2.9615,1.952,6.404512,9.7166815,19.0084871195766,26.9432225685741,340.872156862745,29.4151152650776,0,26.6425347000372,99.2999955566048,9.318,9.738,1.7045
"2489",2026-02-23 17:28:00,1.948,2.956,1.948,6.391388,9.698636,18.9212922245326,27.117612358662,340.029803921569,29.4145246653627,0,26.6425347000372,99.2999955566048,9.27066666666667,9.71333333333333,1.69633333333333
"2490",2026-02-23 17:29:00,1.944,2.9505,1.944,6.378264,9.6805905,18.8340973294887,27.2920021487498,339.187450980392,29.4139340656477,0,26.6425347000372,99.2999955566048,9.22333333333333,9.68866666666667,1.68816666666667
"2491",2026-02-23 17:30:00,1.94,2.945,1.94,6.36514,9.662545,18.7469024344448,27.4663919388377,338.345098039216,29.4133434659328,0,26.6425347000372,99.2999955566048,9.176,9.664,1.68
"2492",2026-02-23 17:31:00,1.936,2.9395,1.936,6.352016,9.6444995,18.3109279592251,26.9432225685741,338.345098039216,29.4157058647926,0,26.6742604351683,99.2999955566048,9.1485,9.6335,1.6745
"2493",2026-02-23 17:32:00,1.932,2.934,1.932,6.338892,9.626454,17.8749534840055,26.4200531983106,338.345098039216,29.4180682636524,0,26.7059861702994,99.2999955566048,9.121,9.603,1.669
"2494",2026-02-23 17:33:00,1.928,2.9285,1.928,6.325768,9.6084085,17.4389790087858,25.896883828047,338.345098039216,29.4204306625123,0,26.7377119054304,99.2999955566048,9.0935,9.5725,1.6635
"2495",2026-02-23 17:34:00,1.924,2.923,1.924,6.312644,9.590363,17.0030045335662,25.3737144577834,338.345098039216,29.4227930613721,0,26.7694376405615,99.2999955566048,9.066,9.542,1.658
"2496",2026-02-23 17:35:00,1.92,2.9175,1.92,6.29952,9.5723175,16.5670300583465,24.8505450875198,338.345098039216,29.4251554602319,0,26.8011633756925,99.2999955566048,9.0385,9.5115,1.6525
"2497",2026-02-23 17:36:00,1.916,2.912,1.916,6.286396,9.554272,17.3517841137419,25.4609093528273,338.906666666667,29.424564860517,0,26.8222830737479,99.2799955574998,9.011,9.481,1.647
"2498",2026-02-23 17:37:00,1.912,2.9065,1.912,6.273272,9.5362265,18.1365381691373,26.0712736181348,339.468235294118,29.423974260802,0,26.8434027718032,99.2599955583947,8.973,9.44216666666667,1.642
"2499",2026-02-23 17:38:00,1.908,2.901,1.908,6.260148,9.518181,18.9212922245326,26.6816378834423,340.029803921569,29.4233836610871,0,26.8645224698586,99.2399955592897,8.935,9.40333333333333,1.637
"2500",2026-02-23 17:39:00,1.904,2.8955,1.904,6.247024,9.5001355,19.706046279928,27.2920021487498,340.59137254902,29.4227930613721,0,26.8856421679139,99.2199955601846,8.897,9.3645,1.632
"2501",2026-02-23 17:40:00,1.9,2.89,1.9,6.2339,9.48209,20.4908003353234,27.9023664140573,341.152941176471,29.4222024616572,0,26.9067618659693,99.1999955610795,8.859,9.32566666666667,1.627
"2502",2026-02-23 17:41:00,1.8835,2.8635,1.8835,6.1797635,9.3951435,19.6188513848841,27.2920021487498,339.187450980392,29.4227930613721,0,26.8856421679139,99.1999955610795,8.821,9.28683333333333,1.622
"2503",2026-02-23 17:42:00,1.867,2.837,1.867,6.125627,9.308197,18.7469024344448,26.6816378834423,337.221960784314,29.4233836610871,0,26.8645224698586,99.1999955610795,8.783,9.248,1.617
"2504",2026-02-23 17:43:00,1.8505,2.8105,1.8505,6.0714905,9.2212505,17.8749534840055,26.0712736181348,335.256470588235,29.423974260802,0,26.8434027718032,99.1999955610795,8.76133333333333,9.214,1.61766666666667
"2505",2026-02-23 17:44:00,1.834,2.784,1.834,6.017354,9.134304,17.0030045335662,25.4609093528273,333.290980392157,29.424564860517,0,26.8222830737479,99.1999955610795,8.73966666666667,9.18,1.61833333333333
"2506",2026-02-23 17:45:00,1.8175,2.7575,1.8175,5.9632175,9.0473575,16.1310555831269,24.8505450875198,331.325490196078,29.4251554602319,0,26.8011633756925,99.1999955610795,8.718,9.146,1.619
"2507",2026-02-23 17:46:00,1.801,2.731,1.801,5.909081,8.960411,15.6078862128633,23.7170114519487,329.36,29.4263366596619,0,26.7270497863335,99.1799955619745,8.69633333333333,9.112,1.61966666666667
"2508",2026-02-23 17:47:00,1.7845,2.7045,1.7845,5.8549445,8.8734645,15.0847168425998,22.5834778163777,327.394509803922,29.4275178590918,0,26.6529361969745,99.1599955628694,8.67466666666667,9.078,1.62033333333333
"2509",2026-02-23 17:48:00,1.768,2.678,1.768,5.800808,8.786518,14.5615474723362,21.4499441808066,325.429019607843,29.4286990585217,0,26.5788226076155,99.1399955637644,8.653,9.044,1.621
"2510",2026-02-23 17:49:00,1.7515,2.6515,1.7515,5.7466715,8.6995715,14.0383781020726,20.3164105452355,323.463529411765,29.4298802579516,0,26.5047090182564,99.1199955646593,8.61733333333333,9.0095,1.622
"2511",2026-02-23 17:50:00,1.735,2.625,1.735,5.692535,8.612625,13.515208731809,19.1828769096644,321.498039215686,29.4310614573815,0,26.4305954288974,99.0999955655543,8.58166666666667,8.975,1.623
"2512",2026-02-23 17:51:00,1.7185,2.5985,1.7185,5.6383985,8.5256785,13.8639883119847,19.7932411749719,322.059607843137,29.4322426568115,0,26.398738830908,99.0799955664492,8.546,8.9405,1.624
"2513",2026-02-23 17:52:00,1.702,2.572,1.702,5.584262,8.438732,14.2127678921605,20.4036054402794,322.621176470588,29.4334238562414,0,26.3668822329185,99.0599955673442,8.51033333333333,8.906,1.625
"2514",2026-02-23 17:53:00,1.6855,2.5455,1.6855,5.5301255,8.3517855,14.5615474723362,21.0139697055869,323.182745098039,29.4346050556713,0,26.3350256349291,99.0399955682391,8.47466666666667,8.8715,1.626
"2515",2026-02-23 17:54:00,1.669,2.519,1.669,5.475989,8.264839,14.9103270525119,21.6243339708944,323.74431372549,29.4357862551012,0,26.3031690369397,99.019995569134,8.439,8.837,1.627
"2516",2026-02-23 17:55:00,1.6525,2.4925,1.6525,5.4218525,8.1778925,15.2591066326876,22.234698236202,324.305882352941,29.4369674545311,0,26.2713124389502,98.999995570029,8.38233333333333,8.79666666666667,1.6265
"2517",2026-02-23 17:56:00,1.636,2.466,1.636,5.367716,8.090946,15.4334964227755,22.0603084461141,324.586666666667,29.4363768548162,0,26.2925564552121,98.9799955709239,8.32566666666667,8.75633333333333,1.626
"2518",2026-02-23 17:57:00,1.6195,2.4395,1.6195,5.3135795,8.0039995,15.6078862128633,21.8859186560262,324.867450980392,29.4357862551012,0,26.313800471474,98.9599955718189,8.269,8.716,1.6255
"2519",2026-02-23 17:58:00,1.603,2.413,1.603,5.259443,7.917053,15.7822760029512,21.7115288659384,325.148235294118,29.4351956553862,0,26.3350444877359,98.9399955727138,8.21233333333333,8.67566666666667,1.625
"2520",2026-02-23 17:59:00,1.5865,2.3865,1.5865,5.2053065,7.8301065,15.956665793039,21.5371390758505,325.429019607843,29.4346050556713,0,26.3562885039978,98.9199955736088,8.15566666666667,8.63533333333333,1.6245
"2521",2026-02-23 18:00:00,1.57,2.36,1.57,5.15117,7.74316,16.1310555831269,21.3627492857627,325.709803921569,29.4340144559563,0,26.3775325202597,98.8999955745037,8.099,8.595,1.624
"2522",2026-02-23 18:01:00,1.563,2.3505,1.563,5.128203,7.7119905,16.1310555831269,21.6243339708944,325.990588235294,29.4357862551012,0,26.3669136595723,98.8799955753987,8.06666666666667,8.555,1.62833333333333
"2523",2026-02-23 18:02:00,1.556,2.341,1.556,5.105236,7.680821,16.1310555831269,21.8859186560262,326.27137254902,29.4375580542461,0,26.3562947988849,98.8599955762936,8.03433333333333,8.515,1.63266666666667
"2524",2026-02-23 18:03:00,1.549,2.3315,1.549,5.082269,7.6496515,16.1310555831269,22.147503341158,326.552156862745,29.439329853391,0,26.3456759381974,98.8399955771885,8.002,8.475,1.637
"2525",2026-02-23 18:04:00,1.542,2.322,1.542,5.059302,7.618482,16.1310555831269,22.4090880262898,326.832941176471,29.4411016525358,0,26.33505707751,98.8199955780835,7.96966666666667,8.435,1.64133333333333
"2526",2026-02-23 18:05:00,1.535,2.3125,1.535,5.036335,7.5873125,16.1310555831269,22.6706727114216,327.113725490196,29.4428734516807,0,26.3244382168225,98.7999955789784,7.93733333333333,8.395,1.64566666666667
"2527",2026-02-23 18:06:00,1.528,2.303,1.528,5.013368,7.556143,16.5670300583465,23.1938420816852,327.675294117647,29.4428734516807,0,26.3031815948122,98.7999955789784,7.905,8.355,1.65
"2528",2026-02-23 18:07:00,1.521,2.2935,1.521,4.990401,7.5249735,17.0030045335662,23.7170114519487,328.236862745098,29.4428734516807,0,26.2819249728018,98.7999955789784,7.87183333333333,8.308,1.65983333333333
"2529",2026-02-23 18:08:00,1.514,2.284,1.514,4.967434,7.493804,17.4389790087858,24.2401808222123,328.798431372549,29.4428734516807,0,26.2606683507914,98.7999955789784,7.83866666666667,8.261,1.66966666666667
"2530",2026-02-23 18:09:00,1.507,2.2745,1.507,4.944467,7.4626345,17.8749534840055,24.7633501924759,329.36,29.4428734516807,0,26.2394117287811,98.7999955789784,7.8055,8.214,1.6795
"2531",2026-02-23 18:10:00,1.5,2.265,1.5,4.9215,7.431465,18.3109279592251,25.2865195627395,329.921568627451,29.4428734516807,0,26.2181551067707,98.7999955789784,7.77233333333333,8.167,1.68933333333333
"2532",2026-02-23 18:11:00,1.493,2.2555,1.493,4.898533,7.4002955,18.2237330641812,25.5481042478713,329.640784313725,29.4428734516807,0,26.2075173134523,98.7999955789784,7.73916666666667,8.12,1.69916666666667
"2533",2026-02-23 18:12:00,1.486,2.246,1.486,4.875566,7.369126,18.1365381691373,25.809688933003,329.36,29.4428734516807,0,26.1968795201338,98.7999955789784,7.706,8.073,1.709
"2534",2026-02-23 18:13:00,1.479,2.2365,1.479,4.852599,7.3379565,18.0493432740933,26.0712736181348,329.079215686274,29.4428734516807,0,26.1862417268153,98.7999955789784,7.66133333333333,8.02866666666667,1.71783333333333
"2535",2026-02-23 18:14:00,1.472,2.227,1.472,4.829632,7.306787,17.9621483790494,26.3328583032666,328.798431372549,29.4428734516807,0,26.1756039334969,98.7999955789784,7.61666666666667,7.98433333333333,1.72666666666667
"2536",2026-02-23 18:15:00,1.465,2.2175,1.465,4.806665,7.2756175,17.8749534840055,26.5944429883984,328.517647058824,29.4428734516807,0,26.1649661401784,98.7999955789784,7.572,7.94,1.7355
"2537",2026-02-23 18:16:00,1.458,2.208,1.458,4.783698,7.244448,17.7005636939176,26.0712736181348,327.956078431373,29.4452358505406,0,26.133014638005,98.7999955789784,7.52733333333333,7.89566666666667,1.74433333333333
"2538",2026-02-23 18:17:00,1.451,2.1985,1.451,4.760731,7.2132785,17.5261739038298,25.5481042478713,327.394509803922,29.4475982494004,0,26.1010631358315,98.7999955789784,7.48266666666667,7.85133333333333,1.75316666666667
"2539",2026-02-23 18:18:00,1.444,2.189,1.444,4.737764,7.182109,17.3517841137419,25.0249348776077,326.832941176471,29.4499606482602,0,26.0691116336581,98.7999955789784,7.438,7.807,1.762
"2540",2026-02-23 18:19:00,1.437,2.1795,1.437,4.714797,7.1509395,17.1773943236541,24.5017655073441,326.27137254902,29.4523230471201,0,26.0371601314846,98.7999955789784,7.4135,7.76166666666667,1.7685
"2541",2026-02-23 18:20:00,1.43,2.17,1.43,4.69183,7.11977,17.0030045335662,23.9785961370805,325.709803921569,29.4546854459799,0,26.0052086293112,98.7999955789784,7.389,7.71633333333333,1.775
"2542",2026-02-23 18:21:00,1.4445,2.191,1.4445,4.7394045,7.188671,16.8286147434783,23.6298165569048,325.148235294118,29.4546854459799,0,25.9838756975906,98.7999955789784,7.3645,7.671,1.7815
"2543",2026-02-23 18:22:00,1.459,2.212,1.459,4.786979,7.257572,16.6542249533905,23.2810369767291,324.586666666667,29.4546854459799,0,25.9625427658699,98.7999955789784,7.34,7.62566666666667,1.788
"2544",2026-02-23 18:23:00,1.4735,2.233,1.4735,4.8345535,7.326473,16.4798351633026,22.9322573965534,324.025098039216,29.4546854459799,0,25.9412098341493,98.7999955789784,7.3155,7.58033333333333,1.7945
"2545",2026-02-23 18:24:00,1.488,2.254,1.488,4.882128,7.395374,16.3054453732148,22.5834778163777,323.463529411765,29.4546854459799,0,25.9198769024287,98.7999955789784,7.291,7.535,1.801
"2546",2026-02-23 18:25:00,1.5025,2.275,1.5025,4.9297025,7.464275,16.1310555831269,22.234698236202,322.901960784314,29.4546854459799,0,25.898543970708,98.7999955789784,7.23566666666667,7.482,1.80916666666667
"2547",2026-02-23 18:26:00,1.517,2.296,1.517,4.977277,7.533176,16.1310555831269,21.7987237609823,322.901960784314,29.4552760456949,0,25.8771853428996,98.7999955789784,7.18033333333333,7.429,1.81733333333333
"2548",2026-02-23 18:27:00,1.5315,2.317,1.5315,5.0248515,7.602077,16.1310555831269,21.3627492857627,322.901960784314,29.4558666454098,0,25.8558267150913,98.7999955789784,7.125,7.376,1.8255
"2549",2026-02-23 18:28:00,1.546,2.338,1.546,5.072426,7.670978,16.1310555831269,20.926774810543,322.901960784314,29.4564572451248,0,25.8344680872829,98.7999955789784,7.06966666666667,7.323,1.83366666666667
"2550",2026-02-23 18:29:00,1.5605,2.359,1.5605,5.1200005,7.739879,16.1310555831269,20.4908003353234,322.901960784314,29.4570478448397,0,25.8131094594745,98.7999955789784,7.01433333333333,7.27,1.84183333333333
"2551",2026-02-23 18:30:00,1.575,2.38,1.575,5.167575,7.80878,16.1310555831269,20.0548258601037,322.901960784314,29.4576384445547,0,25.7917508316661,98.7999955789784,6.959,7.217,1.85
"2552",2026-02-23 18:31:00,1.5895,2.401,1.5895,5.2151495,7.877681,15.956665793039,20.5779952303673,322.901960784314,29.4582290442697,0,25.7703663767236,98.7999955789784,6.94933333333333,7.17383333333333,1.8605
"2553",2026-02-23 18:32:00,1.604,2.422,1.604,5.262724,7.946582,15.7822760029512,21.1011646006309,322.901960784314,29.4588196439846,0,25.7489819217812,98.7999955789784,6.93966666666667,7.13066666666667,1.871
"2554",2026-02-23 18:33:00,1.6185,2.443,1.6185,5.3102985,8.015483,15.6078862128633,21.6243339708944,322.901960784314,29.4594102436996,0,25.7275974668387,98.7999955789784,6.93,7.0875,1.8815
"2555",2026-02-23 18:34:00,1.633,2.464,1.633,5.357873,8.084384,15.4334964227755,22.147503341158,322.901960784314,29.4600008434145,0,25.7062130118962,98.7999955789784,6.92033333333333,7.04433333333333,1.892
"2556",2026-02-23 18:35:00,1.6475,2.485,1.6475,5.4054475,8.153285,15.2591066326876,22.6706727114216,322.901960784314,29.4605914431295,0,25.6848285569537,98.7999955789784,6.91066666666667,7.00116666666667,1.9025
"2557",2026-02-23 18:36:00,1.662,2.506,1.662,5.453022,8.222186,15.8694708979951,23.455426766817,324.025098039216,29.4605914431295,0,25.6741266031411,98.7999955789784,6.901,6.958,1.913
"2558",2026-02-23 18:37:00,1.6765,2.527,1.6765,5.5005965,8.291087,16.4798351633026,24.2401808222123,325.148235294118,29.4605914431295,0,25.6634246493285,98.7999955789784,6.85016666666667,6.9175,1.92216666666667
"2559",2026-02-23 18:38:00,1.691,2.548,1.691,5.548171,8.359988,17.0901994286101,25.0249348776077,326.27137254902,29.4605914431295,0,25.6527226955159,98.7999955789784,6.79933333333333,6.877,1.93133333333333
"2560",2026-02-23 18:39:00,1.7055,2.569,1.7055,5.5957455,8.428889,17.7005636939176,25.809688933003,327.394509803922,29.4605914431295,0,25.6420207417034,98.7999955789784,6.7485,6.8365,1.9405
"2561",2026-02-23 18:40:00,1.72,2.59,1.72,5.64332,8.49779,18.3109279592251,26.5944429883984,328.517647058824,29.4605914431295,0,25.6313187878908,98.7999955789784,6.69766666666667,6.796,1.94966666666667
"2562",2026-02-23 18:41:00,1.7065,2.57,1.7065,5.5990265,8.43217,17.8749534840055,25.809688933003,328.517647058824,29.4611820428444,0,25.6098953448197,98.7799955798734,6.64683333333333,6.7555,1.95883333333333
"2563",2026-02-23 18:42:00,1.693,2.55,1.693,5.554733,8.36655,17.4389790087858,25.0249348776077,328.517647058824,29.4617726425594,0,25.5884719017487,98.7599955807683,6.596,6.715,1.968
"2564",2026-02-23 18:43:00,1.6795,2.53,1.6795,5.5104395,8.30093,17.0030045335662,24.2401808222123,328.517647058824,29.4623632422744,0,25.5670484586777,98.7399955816633,6.55966666666667,6.67833333333333,1.97683333333333
"2565",2026-02-23 18:44:00,1.666,2.51,1.666,5.466146,8.23531,16.5670300583465,23.455426766817,328.517647058824,29.4629538419893,0,25.5456250156066,98.7199955825582,6.52333333333333,6.64166666666667,1.98566666666667
"2566",2026-02-23 18:45:00,1.6525,2.49,1.6525,5.4218525,8.16969,16.1310555831269,22.6706727114216,328.517647058824,29.4635444417043,0,25.5242015725356,98.6999955834531,6.487,6.605,1.9945
"2567",2026-02-23 18:46:00,1.639,2.47,1.639,5.377559,8.10407,15.7822760029512,22.0603084461141,328.517647058824,29.4641350414192,0,25.5349165555128,98.7199955825582,6.45066666666667,6.56833333333333,2.00333333333333
"2568",2026-02-23 18:47:00,1.6255,2.45,1.6255,5.3332655,8.03845,15.4334964227755,21.4499441808066,328.517647058824,29.4647256411342,0,25.5456315384901,98.7399955816633,6.41433333333333,6.53166666666667,2.01216666666667
"2569",2026-02-23 18:48:00,1.612,2.43,1.612,5.288972,7.97283,15.0847168425998,20.8395799154991,328.517647058824,29.4653162408492,0,25.5563465214673,98.7599955807683,6.378,6.495,2.021
"2570",2026-02-23 18:49:00,1.5985,2.41,1.5985,5.2446785,7.90721,14.735937262424,20.2292156501916,328.517647058824,29.4659068405641,0,25.5670615044445,98.7799955798734,6.33983333333333,6.45883333333333,2.0265
"2571",2026-02-23 18:50:00,1.585,2.39,1.585,5.200385,7.84159,14.3871576822483,19.6188513848841,328.517647058824,29.4664974402791,0,25.5777764874217,98.7999955789784,6.30166666666667,6.42266666666667,2.032
"2572",2026-02-23 18:51:00,1.5715,2.37,1.5715,5.1560915,7.77597,14.3871576822483,19.706046279928,328.236862745098,29.467088039994,0,25.5777764874217,98.7999955789784,6.2635,6.3865,2.0375
"2573",2026-02-23 18:52:00,1.558,2.35,1.558,5.111798,7.71035,14.3871576822483,19.7932411749719,327.956078431373,29.467678639709,0,25.5777764874217,98.7999955789784,6.22533333333333,6.35033333333333,2.043
"2574",2026-02-23 18:53:00,1.5445,2.33,1.5445,5.0675045,7.64473,14.3871576822483,19.8804360700159,327.675294117647,29.468269239424,0,25.5777764874217,98.7999955789784,6.18716666666667,6.31416666666667,2.0485
"2575",2026-02-23 18:54:00,1.531,2.31,1.531,5.023211,7.57911,14.3871576822483,19.9676309650598,327.394509803922,29.4688598391389,0,25.5777764874217,98.7999955789784,6.149,6.278,2.054
"2576",2026-02-23 18:55:00,1.5175,2.29,1.5175,4.9789175,7.51349,14.3871576822483,20.0548258601037,327.113725490196,29.4694504388539,0,25.5777764874217,98.7999955789784,6.1045,6.2365,2.06166666666667
"2577",2026-02-23 18:56:00,1.504,2.27,1.504,4.934624,7.44787,13.8639883119847,19.706046279928,325.990588235294,29.4700410385688,0,25.5777764874217,98.7999955789784,6.06,6.195,2.06933333333333
"2578",2026-02-23 18:57:00,1.4905,2.25,1.4905,4.8903305,7.38225,13.3408189417212,19.3572666997523,324.867450980392,29.4706316382838,0,25.5777764874217,98.7999955789784,6.0155,6.1535,2.077
"2579",2026-02-23 18:58:00,1.477,2.23,1.477,4.846037,7.31663,12.8176495714576,19.0084871195766,323.74431372549,29.4712222379988,0,25.5777764874217,98.7999955789784,5.971,6.112,2.08466666666667
"2580",2026-02-23 18:59:00,1.4635,2.21,1.4635,4.8017435,7.25101,12.294480201194,18.6597075394008,322.621176470588,29.4718128377137,0,25.5777764874217,98.7999955789784,5.9265,6.0705,2.09233333333333
"2581",2026-02-23 19:00:00,1.45,2.19,1.45,4.75745,7.18539,11.7713108309304,18.3109279592251,321.498039215686,29.4724034374287,0,25.5777764874217,98.7999955789784,5.882,6.029,2.1
"2582",2026-02-23 19:01:00,1.4415,2.1845,1.4415,4.7295615,7.1673445,11.9457006210183,18.3109279592251,322.340392156863,29.4724034374287,0,25.5777764874217,98.7999955789784,5.8575,5.99733333333333,2.10866666666667
"2583",2026-02-23 19:02:00,1.433,2.179,1.433,4.701673,7.149299,12.1200904111062,18.3109279592251,323.182745098039,29.4724034374287,0,25.5777764874217,98.7999955789784,5.833,5.96566666666667,2.11733333333333
"2584",2026-02-23 19:03:00,1.4245,2.1735,1.4245,4.6737845,7.1312535,12.294480201194,18.3109279592251,324.025098039216,29.4724034374287,0,25.5777764874217,98.7999955789784,5.8085,5.934,2.126
"2585",2026-02-23 19:04:00,1.416,2.168,1.416,4.645896,7.113208,12.4688699912819,18.3109279592251,324.867450980392,29.4724034374287,0,25.5777764874217,98.7999955789784,5.784,5.90233333333333,2.13466666666667
"2586",2026-02-23 19:05:00,1.4075,2.1625,1.4075,4.6180075,7.0951625,12.6432597813697,18.3109279592251,325.709803921569,29.4724034374287,0,25.5777764874217,98.7999955789784,5.7595,5.87066666666667,2.14333333333333
"2587",2026-02-23 19:06:00,1.399,2.157,1.399,4.590119,7.077117,12.2072853061501,17.7005636939176,324.025098039216,29.4729940371436,0,25.5884849475155,98.7799955798734,5.735,5.839,2.152
"2588",2026-02-23 19:07:00,1.3905,2.1515,1.3905,4.5622305,7.0590715,11.7713108309304,17.0901994286101,322.340392156863,29.4735846368586,0,25.5991934076093,98.7599955807683,5.68816666666667,5.80183333333333,2.15916666666667
"2589",2026-02-23 19:08:00,1.382,2.146,1.382,4.534342,7.041026,11.3353363557108,16.4798351633026,320.65568627451,29.4741752365736,0,25.6099018677031,98.7399955816633,5.64133333333333,5.76466666666667,2.16633333333333
"2590",2026-02-23 19:09:00,1.3735,2.1405,1.3735,4.5064535,7.0229805,10.8993618804912,15.8694708979951,318.970980392157,29.4747658362885,0,25.620610327797,98.7199955825582,5.5945,5.7275,2.1735
"2591",2026-02-23 19:10:00,1.365,2.135,1.365,4.478565,7.004935,10.4633874052715,15.2591066326876,317.286274509804,29.4753564360035,0,25.6313187878908,98.6999955834531,5.54766666666667,5.69033333333333,2.18066666666667
"2592",2026-02-23 19:11:00,1.3565,2.1295,1.3565,4.4506765,6.9868895,10.6377771953594,15.956665793039,317.286274509804,29.4765376354334,0,25.6420207417034,98.6999955834531,5.50083333333333,5.65316666666667,2.18783333333333
"2593",2026-02-23 19:12:00,1.348,2.124,1.348,4.422788,6.968844,10.8121669854472,16.6542249533905,317.286274509804,29.4777188348633,0,25.6527226955159,98.6999955834531,5.454,5.616,2.195
"2594",2026-02-23 19:13:00,1.3395,2.1185,1.3395,4.3948995,6.9507985,10.9865567755351,17.3517841137419,317.286274509804,29.4789000342932,0,25.6634246493285,98.6999955834531,5.40933333333333,5.5765,2.19883333333333
"2595",2026-02-23 19:14:00,1.331,2.113,1.331,4.367011,6.932753,11.1609465656229,18.0493432740933,317.286274509804,29.4800812337231,0,25.6741266031411,98.6999955834531,5.36466666666667,5.537,2.20266666666667
"2596",2026-02-23 19:15:00,1.3225,2.1075,1.3225,4.3391225,6.9147075,11.3353363557108,18.7469024344448,317.286274509804,29.4812624331531,0,25.6848285569537,98.6999955834531,5.32,5.4975,2.2065
"2597",2026-02-23 19:16:00,1.314,2.102,1.314,4.311234,6.896662,11.4225312507547,18.7469024344448,317.567058823529,29.4812624331531,0,25.6848285569537,98.6999955834531,5.27533333333333,5.458,2.21033333333333
"2598",2026-02-23 19:17:00,1.3055,2.0965,1.3055,4.2833455,6.8786165,11.5097261457987,18.7469024344448,317.847843137255,29.4812624331531,0,25.6848285569537,98.6999955834531,5.23066666666667,5.4185,2.21416666666667
"2599",2026-02-23 19:18:00,1.297,2.091,1.297,4.255457,6.860571,11.5969210408426,18.7469024344448,318.12862745098,29.4812624331531,0,25.6848285569537,98.6999955834531,5.186,5.379,2.218
"2600",2026-02-23 19:19:00,1.2885,2.0855,1.2885,4.2275685,6.8425255,11.6841159358865,18.7469024344448,318.409411764706,29.4812624331531,0,25.6848285569537,98.6999955834531,5.16316666666667,5.34133333333333,2.225
"2601",2026-02-23 19:20:00,1.28,2.08,1.28,4.19968,6.82448,11.7713108309304,18.7469024344448,318.690196078431,29.4812624331531,0,25.6848285569537,98.6999955834531,5.14033333333333,5.30366666666667,2.232
"2602",2026-02-23 19:21:00,1.2815,2.075,1.2815,4.2046015,6.808075,11.6841159358865,18.3981228542691,318.409411764706,29.481853032868,0,25.6634181430473,98.6999955834531,5.1175,5.266,2.239
"2603",2026-02-23 19:22:00,1.283,2.07,1.283,4.209523,6.79167,11.5969210408426,18.0493432740933,318.12862745098,29.482443632583,0,25.6420077291409,98.6999955834531,5.09466666666667,5.22833333333333,2.246
"2604",2026-02-23 19:23:00,1.2845,2.065,1.2845,4.2144445,6.775265,11.5097261457987,17.7005636939176,317.847843137255,29.4830342322979,0,25.6205973152345,98.6999955834531,5.07183333333333,5.19066666666667,2.253
"2605",2026-02-23 19:24:00,1.286,2.06,1.286,4.219366,6.75886,11.4225312507547,17.3517841137419,317.567058823529,29.4836248320129,0,25.5991869013281,98.6999955834531,5.049,5.153,2.26
"2606",2026-02-23 19:25:00,1.2875,2.055,1.2875,4.2242875,6.742455,11.3353363557108,17.0030045335662,317.286274509804,29.4842154317279,0,25.5777764874217,98.6999955834531,5.00516666666667,5.117,2.26716666666667
"2607",2026-02-23 19:26:00,1.289,2.05,1.289,4.229209,6.72605,11.2481414606669,16.3926402682587,316.443921568627,29.4848060314428,0,25.5884849475155,98.6999955834531,4.96133333333333,5.081,2.27433333333333
"2608",2026-02-23 19:27:00,1.2905,2.045,1.2905,4.2341305,6.709645,11.1609465656229,15.7822760029512,315.601568627451,29.4853966311578,0,25.5991934076093,98.6999955834531,4.9175,5.045,2.2815
"2609",2026-02-23 19:28:00,1.292,2.04,1.292,4.239052,6.69324,11.073751670579,15.1719117376437,314.759215686275,29.4859872308727,0,25.6099018677031,98.6999955834531,4.87366666666667,5.009,2.28866666666667
"2610",2026-02-23 19:29:00,1.2935,2.035,1.2935,4.2439735,6.676835,10.9865567755351,14.5615474723362,313.916862745098,29.4865778305877,0,25.620610327797,98.6999955834531,4.82983333333333,4.973,2.29583333333333
"2611",2026-02-23 19:30:00,1.295,2.03,1.295,4.248895,6.66043,10.8993618804912,13.9511832070287,313.074509803922,29.4871684303026,0,25.6313187878908,98.6999955834531,4.786,4.937,2.303
"2612",2026-02-23 19:31:00,1.2965,2.025,1.2965,4.2538165,6.644025,11.1609465656229,14.6487423673801,312.793725490196,29.4871684303026,0,25.620610327797,98.6999955834531,4.748,4.908,2.30516666666667
"2613",2026-02-23 19:32:00,1.298,2.02,1.298,4.258738,6.62762,11.4225312507547,15.3463015277315,312.512941176471,29.4871684303026,0,25.6099018677031,98.6999955834531,4.71,4.879,2.30733333333333
"2614",2026-02-23 19:33:00,1.2995,2.015,1.2995,4.2636595,6.611215,11.6841159358865,16.043860688083,312.232156862745,29.4871684303026,0,25.5991934076093,98.6999955834531,4.672,4.85,2.3095
"2615",2026-02-23 19:34:00,1.301,2.01,1.301,4.268581,6.59481,11.9457006210183,16.7414198484344,311.95137254902,29.4871684303026,0,25.5884849475155,98.6999955834531,4.634,4.821,2.31166666666667
"2616",2026-02-23 19:35:00,1.3025,2.005,1.3025,4.2735025,6.578405,12.2072853061501,17.4389790087858,311.670588235294,29.4871684303026,0,25.5777764874217,98.6999955834531,4.596,4.792,2.31383333333333
"2617",2026-02-23 19:36:00,1.304,2,1.304,4.278424,6.562,12.4688699912819,17.9621483790494,311.670588235294,29.4871684303026,0,25.534877251444,98.6999955834531,4.558,4.763,2.316
"2618",2026-02-23 19:37:00,1.3055,1.995,1.3055,4.2833455,6.545595,12.7304546764137,18.485317749313,311.670588235294,29.4871684303026,0,25.4919780154662,98.6999955834531,4.5505,4.73233333333333,2.31666666666667
"2619",2026-02-23 19:38:00,1.307,1.99,1.307,4.288267,6.52919,12.9920393615455,19.0084871195766,311.670588235294,29.4871684303026,0,25.4490787794884,98.6999955834531,4.543,4.70166666666667,2.31733333333333
"2620",2026-02-23 19:39:00,1.3085,1.985,1.3085,4.2931885,6.512785,13.2536240466772,19.5316564898401,311.670588235294,29.4871684303026,0,25.4061795435106,98.6999955834531,4.5355,4.671,2.318
"2621",2026-02-23 19:40:00,1.31,1.98,1.31,4.29811,6.49638,13.515208731809,20.0548258601037,311.670588235294,29.4871684303026,0,25.3632803075329,98.6999955834531,4.528,4.64033333333333,2.31866666666667
"2622",2026-02-23 19:41:00,1.31,1.9795,1.31,4.29811,6.4947395,13.1664291516333,19.6188513848841,311.389803921569,29.4883496297326,0,25.3740149592716,98.7199955825582,4.5205,4.60966666666667,2.31933333333333
"2623",2026-02-23 19:42:00,1.31,1.979,1.31,4.29811,6.493099,12.8176495714576,19.1828769096644,311.109019607843,29.4895308291625,0,25.3847496110104,98.7399955816633,4.513,4.579,2.32
"2624",2026-02-23 19:43:00,1.31,1.9785,1.31,4.29811,6.4914585,12.4688699912819,18.7469024344448,310.828235294118,29.4907120285924,0,25.3954842627491,98.7599955807683,4.42866666666667,4.54233333333333,2.32266666666667
"2625",2026-02-23 19:44:00,1.31,1.978,1.31,4.29811,6.489818,12.1200904111062,18.3109279592251,310.547450980392,29.4918932280223,0,25.4062189144879,98.7799955798734,4.34433333333333,4.50566666666667,2.32533333333333
"2626",2026-02-23 19:45:00,1.31,1.9775,1.31,4.29811,6.4881775,11.7713108309304,17.8749534840055,310.266666666667,29.4930744274522,0,25.4169535662267,98.7999955789784,4.26,4.469,2.328
"2627",2026-02-23 19:46:00,1.31,1.977,1.31,4.29811,6.486537,11.6841159358865,17.6133687988737,311.389803921569,29.4942556268822,0,25.4062189144879,98.7999955789784,4.17566666666667,4.43233333333333,2.33066666666667
"2628",2026-02-23 19:47:00,1.31,1.9765,1.31,4.29811,6.4848965,11.5969210408426,17.3517841137419,312.512941176471,29.4954368263121,0,25.3954842627491,98.7999955789784,4.09133333333333,4.39566666666667,2.33333333333333
"2629",2026-02-23 19:48:00,1.31,1.976,1.31,4.29811,6.483256,11.5097261457987,17.0901994286101,313.636078431373,29.496618025742,0,25.3847496110104,98.7999955789784,4.007,4.359,2.336
"2630",2026-02-23 19:49:00,1.31,1.9755,1.31,4.29811,6.4816155,11.4225312507547,16.8286147434783,314.759215686275,29.4977992251719,0,25.3740149592716,98.7999955789784,3.97833333333333,4.32566666666667,2.34033333333333
"2631",2026-02-23 19:50:00,1.31,1.975,1.31,4.29811,6.479975,11.3353363557108,16.5670300583465,315.882352941176,29.4989804246018,0,25.3632803075329,98.7999955789784,3.94966666666667,4.29233333333333,2.34466666666667
"2632",2026-02-23 19:51:00,1.31,1.9745,1.31,4.29811,6.4783345,11.1609465656229,16.5670300583465,314.759215686275,29.4983898248869,0,25.3525390660022,98.7999955789784,3.921,4.259,2.349
"2633",2026-02-23 19:52:00,1.31,1.974,1.31,4.29811,6.476694,10.9865567755351,16.5670300583465,313.636078431373,29.4977992251719,0,25.3417978244715,98.7999955789784,3.89233333333333,4.22566666666667,2.35333333333333
"2634",2026-02-23 19:53:00,1.31,1.9735,1.31,4.29811,6.4750535,10.8121669854472,16.5670300583465,312.512941176471,29.497208625457,0,25.3310565829408,98.7999955789784,3.86366666666667,4.19233333333333,2.35766666666667
"2635",2026-02-23 19:54:00,1.31,1.973,1.31,4.29811,6.473413,10.6377771953594,16.5670300583465,311.389803921569,29.496618025742,0,25.32031534141,98.7999955789784,3.835,4.159,2.362
"2636",2026-02-23 19:55:00,1.31,1.9725,1.31,4.29811,6.4717725,10.4633874052715,16.5670300583465,310.266666666667,29.496027426027,0,25.3095740998793,98.7999955789784,3.82966666666667,4.124,2.3625
"2637",2026-02-23 19:56:00,1.31,1.972,1.31,4.29811,6.470132,10.3761925102276,16.4798351633026,310.266666666667,29.496618025742,0,25.2988262517035,98.7799955798734,3.82433333333333,4.089,2.363
"2638",2026-02-23 19:57:00,1.31,1.9715,1.31,4.29811,6.4684915,10.2889976151836,16.3926402682587,310.266666666667,29.497208625457,0,25.2880784035276,98.7599955807683,3.819,4.054,2.3635
"2639",2026-02-23 19:58:00,1.31,1.971,1.31,4.29811,6.466851,10.2018027201397,16.3054453732148,310.266666666667,29.4977992251719,0,25.2773305553518,98.7399955816633,3.81366666666667,4.019,2.364
"2640",2026-02-23 19:59:00,1.31,1.9705,1.31,4.29811,6.4652105,10.1146078250958,16.2182504781708,310.266666666667,29.4983898248869,0,25.2665827071759,98.7199955825582,3.80833333333333,3.984,2.3645
"2641",2026-02-23 20:00:00,1.31,1.97,1.31,4.29811,6.46357,10.0274129300519,16.1310555831269,310.266666666667,29.4989804246018,0,25.255834859,98.6999955834531,3.803,3.949,2.365
"2642",2026-02-23 20:01:00,1.3115,1.9735,1.3115,4.3030315,6.4750535,9.94021803500793,16.043860688083,311.109019607843,29.5001616240318,0,25.2880586004454,98.6999955834531,3.75966666666667,3.89866666666667,2.36666666666667
"2643",2026-02-23 20:02:00,1.313,1.977,1.313,4.307953,6.486537,9.853023139964,15.956665793039,311.95137254902,29.5013428234617,0,25.3202823418907,98.6999955834531,3.71633333333333,3.84833333333333,2.36833333333333
"2644",2026-02-23 20:03:00,1.3145,1.9805,1.3145,4.3128745,6.4980205,9.76582824492007,15.8694708979951,312.793725490196,29.5025240228916,0,25.352506083336,98.6999955834531,3.673,3.798,2.37
"2645",2026-02-23 20:04:00,1.316,1.984,1.316,4.317796,6.509504,9.67863334987614,15.7822760029512,313.636078431373,29.5037052223215,0,25.3847298247813,98.6999955834531,3.62966666666667,3.74766666666667,2.37166666666667
"2646",2026-02-23 20:05:00,1.3175,1.9875,1.3175,4.3227175,6.5209875,9.59143845483221,15.6950811079073,314.478431372549,29.5048864217514,0,25.4169535662267,98.6999955834531,3.58633333333333,3.69733333333333,2.37333333333333
"2647",2026-02-23 20:06:00,1.319,1.991,1.319,4.327639,6.532471,9.67863334987614,15.4334964227755,314.197647058824,29.5048864217514,0,25.4276816449762,98.6999955834531,3.543,3.647,2.375
"2648",2026-02-23 20:07:00,1.3205,1.9945,1.3205,4.3325605,6.5439545,9.76582824492007,15.1719117376437,313.916862745098,29.5048864217514,0,25.4384097237258,98.6999955834531,3.4955,3.62183333333333,2.38216666666667
"2649",2026-02-23 20:08:00,1.322,1.998,1.322,4.337482,6.555438,9.853023139964,14.9103270525119,313.636078431373,29.5048864217514,0,25.4491378024753,98.6999955834531,3.448,3.59666666666667,2.38933333333333
"2650",2026-02-23 20:09:00,1.3235,2.0015,1.3235,4.3424035,6.5669215,9.94021803500793,14.6487423673801,313.355294117647,29.5048864217514,0,25.4598658812249,98.6999955834531,3.4005,3.5715,2.3965
"2651",2026-02-23 20:10:00,1.325,2.005,1.325,4.347325,6.578405,10.0274129300519,14.3871576822483,313.074509803922,29.5048864217514,0,25.4705939599744,98.6999955834531,3.353,3.54633333333333,2.40366666666667
"2652",2026-02-23 20:11:00,1.3265,2.0085,1.3265,4.3522465,6.5898885,10.2018027201397,14.5615474723362,312.232156862745,29.5042958220365,0,25.5134408793703,98.659995585243,3.3055,3.52116666666667,2.41083333333333
"2653",2026-02-23 20:12:00,1.328,2.012,1.328,4.357168,6.601372,10.3761925102276,14.735937262424,311.389803921569,29.5037052223215,0,25.5562877987662,98.6199955870329,3.258,3.496,2.418
"2654",2026-02-23 20:13:00,1.3295,2.0155,1.3295,4.3620895,6.6128555,10.5505823003154,14.9103270525119,310.547450980392,29.5031146226065,0,25.599134718162,98.5799955888228,3.244,3.46483333333333,2.42566666666667
"2655",2026-02-23 20:14:00,1.331,2.019,1.331,4.367011,6.624339,10.7249720904033,15.0847168425998,309.705098039216,29.5025240228916,0,25.6419816375579,98.5399955906127,3.23,3.43366666666667,2.43333333333333
"2656",2026-02-23 20:15:00,1.3325,2.0225,1.3325,4.3719325,6.6358225,10.8993618804912,15.2591066326876,308.862745098039,29.5019334231766,0,25.6848285569537,98.4999955924026,3.216,3.4025,2.441
"2657",2026-02-23 20:16:00,1.334,2.026,1.334,4.376854,6.647306,11.073751670579,15.4334964227755,309.42431372549,29.5025240228916,0,25.6848285569537,98.4999955924026,3.202,3.37133333333333,2.44866666666667
"2658",2026-02-23 20:17:00,1.3355,2.0295,1.3355,4.3817755,6.6587895,11.2481414606669,15.6078862128633,309.985882352941,29.5031146226065,0,25.6848285569537,98.4999955924026,3.188,3.34016666666667,2.45633333333333
"2659",2026-02-23 20:18:00,1.337,2.033,1.337,4.386697,6.670273,11.4225312507547,15.7822760029512,310.547450980392,29.5037052223215,0,25.6848285569537,98.4999955924026,3.174,3.309,2.464
"2660",2026-02-23 20:19:00,1.3385,2.0365,1.3385,4.3916185,6.6817565,11.5969210408426,15.956665793039,311.109019607843,29.5042958220365,0,25.6848285569537,98.4999955924026,3.12683333333333,3.27566666666667,2.46833333333333
"2661",2026-02-23 20:20:00,1.34,2.04,1.34,4.39654,6.69324,11.7713108309304,16.1310555831269,311.670588235294,29.5048864217514,0,25.6848285569537,98.4999955924026,3.07966666666667,3.24233333333333,2.47266666666667
"2662",2026-02-23 20:21:00,1.325,2.021,1.325,4.347325,6.630901,11.8585057259744,16.5670300583465,310.547450980392,29.5054770214664,0,25.6634181430473,98.4999955924026,3.0325,3.209,2.477
"2663",2026-02-23 20:22:00,1.31,2.002,1.31,4.29811,6.568562,11.9457006210183,17.0030045335662,309.42431372549,29.5060676211813,0,25.6420077291409,98.4999955924026,2.98533333333333,3.17566666666667,2.48133333333333
"2664",2026-02-23 20:23:00,1.295,1.983,1.295,4.248895,6.506223,12.0328955160622,17.4389790087858,308.301176470588,29.5066582208963,0,25.6205973152345,98.4999955924026,2.93816666666667,3.14233333333333,2.48566666666667
"2665",2026-02-23 20:24:00,1.28,1.964,1.28,4.19968,6.443884,12.1200904111062,17.8749534840055,307.178039215686,29.5072488206113,0,25.5991869013281,98.4999955924026,2.891,3.109,2.49
"2666",2026-02-23 20:25:00,1.265,1.945,1.265,4.150465,6.381545,12.2072853061501,18.3109279592251,306.054901960784,29.5078394203262,0,25.5777764874217,98.4999955924026,2.88266666666667,3.07016666666667,2.495
"2667",2026-02-23 20:26:00,1.25,1.926,1.25,4.10125,6.319206,12.3816750962379,18.7469024344448,306.616470588235,29.5066582208963,0,25.5777764874217,98.4799955932975,2.87433333333333,3.03133333333333,2.5
"2668",2026-02-23 20:27:00,1.235,1.907,1.235,4.052035,6.256867,12.5560648863258,19.1828769096644,307.178039215686,29.5054770214664,0,25.5777764874217,98.4599955941925,2.866,2.9925,2.505
"2669",2026-02-23 20:28:00,1.22,1.888,1.22,4.00282,6.194528,12.7304546764137,19.6188513848841,307.739607843137,29.5042958220365,0,25.5777764874217,98.4399955950874,2.85766666666667,2.95366666666667,2.51
"2670",2026-02-23 20:29:00,1.205,1.869,1.205,3.953605,6.132189,12.9048444665015,20.0548258601037,308.301176470588,29.5031146226065,0,25.5777764874217,98.4199955959823,2.84933333333333,2.91483333333333,2.515
"2671",2026-02-23 20:30:00,1.19,1.85,1.19,3.90439,6.06985,13.0792342565894,20.4908003353234,308.862745098039,29.5019334231766,0,25.5777764874217,98.3999955968773,2.841,2.876,2.52
"2672",2026-02-23 20:31:00,1.175,1.831,1.175,3.855175,6.007511,13.602403626853,20.7523850204552,309.42431372549,29.5031146226065,0,25.5777764874217,98.3799955977722,2.82933333333333,2.85466666666667,2.52816666666667
"2673",2026-02-23 20:32:00,1.16,1.812,1.16,3.80596,5.945172,14.1255729971165,21.0139697055869,309.985882352941,29.5042958220365,0,25.5777764874217,98.3599955986672,2.81766666666667,2.83333333333333,2.53633333333333
"2674",2026-02-23 20:33:00,1.145,1.793,1.145,3.756745,5.882833,14.6487423673801,21.2755543907187,310.547450980392,29.5054770214664,0,25.5777764874217,98.3399955995621,2.806,2.812,2.5445
"2675",2026-02-23 20:34:00,1.13,1.774,1.13,3.70753,5.820494,15.1719117376437,21.5371390758505,311.109019607843,29.5066582208963,0,25.5777764874217,98.3199956004571,2.79433333333333,2.79066666666667,2.55266666666667
"2676",2026-02-23 20:35:00,1.115,1.755,1.115,3.658315,5.758155,15.6950811079073,21.7987237609823,311.670588235294,29.5078394203262,0,25.5777764874217,98.299995601352,2.78266666666667,2.76933333333333,2.56083333333333
"2677",2026-02-23 20:36:00,1.1,1.736,1.1,3.6091,5.695816,15.5206913178194,21.7987237609823,311.109019607843,29.5090206197561,0,25.5777764874217,98.299995601352,2.771,2.748,2.569
"2678",2026-02-23 20:37:00,1.085,1.717,1.085,3.559885,5.633477,15.3463015277315,21.7987237609823,310.547450980392,29.5102018191861,0,25.5777764874217,98.299995601352,2.723,2.72233333333333,2.57933333333333
"2679",2026-02-23 20:38:00,1.07,1.698,1.07,3.51067,5.571138,15.1719117376437,21.7987237609823,309.985882352941,29.511383018616,0,25.5777764874217,98.299995601352,2.675,2.69666666666667,2.58966666666667
"2680",2026-02-23 20:39:00,1.055,1.679,1.055,3.461455,5.508799,14.9975219475558,21.7987237609823,309.42431372549,29.5125642180459,0,25.5777764874217,98.299995601352,2.627,2.671,2.6
"2681",2026-02-23 20:40:00,1.04,1.66,1.04,3.41224,5.44646,14.823132157468,21.7987237609823,308.862745098039,29.5137454174758,0,25.5777764874217,98.299995601352,2.579,2.64533333333333,2.61033333333333
"2682",2026-02-23 20:41:00,1.048,1.6735,1.048,3.438488,5.4907535,14.6487423673801,21.7115288659384,308.581960784314,29.5137454174758,0,25.5563399819323,98.279995602247,2.531,2.61966666666667,2.62066666666667
"2683",2026-02-23 20:42:00,1.056,1.687,1.056,3.464736,5.535047,14.4743525772922,21.6243339708944,308.301176470588,29.5137454174758,0,25.5349034764428,98.2599956031419,2.483,2.594,2.631
"2684",2026-02-23 20:43:00,1.064,1.7005,1.064,3.490984,5.5793405,14.2999627872044,21.5371390758505,308.020392156863,29.5137454174758,0,25.5134669709534,98.2399956040368,2.461,2.56283333333333,2.6415
"2685",2026-02-23 20:44:00,1.072,1.714,1.072,3.517232,5.623634,14.1255729971165,21.4499441808066,307.739607843137,29.5137454174758,0,25.4920304654639,98.2199956049318,2.439,2.53166666666667,2.652
"2686",2026-02-23 20:45:00,1.08,1.7275,1.08,3.54348,5.6679275,13.9511832070287,21.3627492857627,307.458823529412,29.5137454174758,0,25.4705939599744,98.1999956058267,2.417,2.5005,2.6625
"2687",2026-02-23 20:46:00,1.088,1.741,1.088,3.569728,5.712221,14.2127678921605,21.2755543907187,308.020392156863,29.5131548177609,0,25.4920304654639,98.1999956058267,2.395,2.46933333333333,2.673
"2688",2026-02-23 20:47:00,1.096,1.7545,1.096,3.595976,5.7565145,14.4743525772922,21.1883594956748,308.581960784314,29.5125642180459,0,25.5134669709534,98.1999956058267,2.373,2.43816666666667,2.6835
"2689",2026-02-23 20:48:00,1.104,1.768,1.104,3.622224,5.800808,14.735937262424,21.1011646006309,309.143529411765,29.5119736183309,0,25.5349034764428,98.1999956058267,2.351,2.407,2.694
"2690",2026-02-23 20:49:00,1.112,1.7815,1.112,3.648472,5.8451015,14.9975219475558,21.0139697055869,309.705098039216,29.511383018616,0,25.5563399819323,98.1999956058267,2.34166666666667,2.39383333333333,2.706
"2691",2026-02-23 20:50:00,1.12,1.795,1.12,3.67472,5.889395,15.2591066326876,20.926774810543,310.266666666667,29.510792418901,0,25.5777764874217,98.1999956058267,2.33233333333333,2.38066666666667,2.718
"2692",2026-02-23 20:51:00,1.128,1.8085,1.128,3.700968,5.9336885,15.0847168425998,20.8395799154991,310.266666666667,29.5119736183309,0,25.5670615044445,98.2199956049318,2.323,2.3675,2.73
"2693",2026-02-23 20:52:00,1.136,1.822,1.136,3.727216,5.977982,14.9103270525119,20.7523850204552,310.266666666667,29.5131548177609,0,25.5563465214673,98.2399956040368,2.31366666666667,2.35433333333333,2.742
"2694",2026-02-23 20:53:00,1.144,1.8355,1.144,3.753464,6.0222755,14.735937262424,20.6651901254112,310.266666666667,29.5143360171908,0,25.5456315384901,98.2599956031419,2.30433333333333,2.34116666666667,2.754
"2695",2026-02-23 20:54:00,1.152,1.849,1.152,3.779712,6.066569,14.5615474723362,20.5779952303673,310.266666666667,29.5155172166207,0,25.5349165555128,98.279995602247,2.295,2.328,2.766
"2696",2026-02-23 20:55:00,1.16,1.8625,1.16,3.80596,6.1108625,14.3871576822483,20.4908003353234,310.266666666667,29.5166984160506,0,25.5242015725356,98.299995601352,2.264,2.31216666666667,2.78133333333333
"2697",2026-02-23 20:56:00,1.168,1.876,1.168,3.832208,6.155156,14.6487423673801,21.1011646006309,310.828235294118,29.5161078163356,0,25.4812760780044,98.299995601352,2.233,2.29633333333333,2.79666666666667
"2698",2026-02-23 20:57:00,1.176,1.8895,1.176,3.858456,6.1994495,14.9103270525119,21.7115288659384,311.389803921569,29.5155172166207,0,25.4383505834731,98.299995601352,2.202,2.2805,2.812
"2699",2026-02-23 20:58:00,1.184,1.903,1.184,3.884704,6.243743,15.1719117376437,22.3218931312459,311.95137254902,29.5149266169057,0,25.3954250889419,98.299995601352,2.171,2.26466666666667,2.82733333333333
"2700",2026-02-23 20:59:00,1.192,1.9165,1.192,3.910952,6.2880365,15.4334964227755,22.9322573965534,312.512941176471,29.5143360171908,0,25.3524995944106,98.299995601352,2.14,2.24883333333333,2.84266666666667
"2701",2026-02-23 21:00:00,1.2,1.93,1.2,3.9372,6.33233,15.6950811079073,23.5426216618609,313.074509803922,29.5137454174758,0,25.3095740998793,98.299995601352,2.109,2.233,2.858
"2702",2026-02-23 21:01:00,1.192,1.917,1.192,3.910952,6.289677,15.4334964227755,23.368231871773,313.355294117647,29.5149266169057,0,25.3095740998793,98.299995601352,2.10583333333333,2.21933333333333,2.871
"2703",2026-02-23 21:02:00,1.184,1.904,1.184,3.884704,6.247024,15.1719117376437,23.1938420816852,313.636078431373,29.5161078163356,0,25.3095740998793,98.299995601352,2.10266666666667,2.20566666666667,2.884
"2704",2026-02-23 21:03:00,1.176,1.891,1.176,3.858456,6.204371,14.9103270525119,23.0194522915973,313.916862745098,29.5172890157656,0,25.3095740998793,98.299995601352,2.0995,2.192,2.897
"2705",2026-02-23 21:04:00,1.168,1.878,1.168,3.832208,6.161718,14.6487423673801,22.8450625015095,314.197647058824,29.5184702151955,0,25.3095740998793,98.299995601352,2.09633333333333,2.17833333333333,2.91
"2706",2026-02-23 21:05:00,1.16,1.865,1.16,3.80596,6.119065,14.3871576822483,22.6706727114216,314.478431372549,29.5196514146254,0,25.3095740998793,98.299995601352,2.09316666666667,2.16466666666667,2.923
"2707",2026-02-23 21:06:00,1.152,1.852,1.152,3.779712,6.076412,14.0383781020726,21.7987237609823,313.355294117647,29.5202420143404,0,25.2773106677488,98.3199956004571,2.09,2.151,2.936
"2708",2026-02-23 21:07:00,1.144,1.839,1.144,3.753464,6.033759,13.6895985218969,20.926774810543,312.232156862745,29.5208326140553,0,25.2450472356183,98.3399955995621,2.086,2.13566666666667,2.94916666666667
"2709",2026-02-23 21:08:00,1.136,1.826,1.136,3.727216,5.991106,13.3408189417212,20.0548258601037,311.109019607843,29.5214232137703,0,25.2127838034877,98.3599955986672,2.082,2.12033333333333,2.96233333333333
"2710",2026-02-23 21:09:00,1.128,1.813,1.128,3.700968,5.948453,12.9920393615455,19.1828769096644,309.985882352941,29.5220138134852,0,25.1805203713572,98.3799955977722,2.078,2.105,2.9755
"2711",2026-02-23 21:10:00,1.12,1.8,1.12,3.67472,5.9058,12.6432597813697,18.3109279592251,308.862745098039,29.5226044132002,0,25.1482569392266,98.3999955968773,2.074,2.08966666666667,2.98866666666667
"2712",2026-02-23 21:11:00,1.112,1.787,1.112,3.648472,5.863147,12.9048444665015,18.6597075394008,308.020392156863,29.5231950129152,0,25.1051457443582,98.3599955986672,2.07,2.07433333333333,3.00183333333333
"2713",2026-02-23 21:12:00,1.104,1.774,1.104,3.622224,5.820494,13.1664291516333,19.0084871195766,307.178039215686,29.5237856126301,0,25.0620345494897,98.3199956004571,2.066,2.059,3.015
"2714",2026-02-23 21:13:00,1.096,1.761,1.096,3.595976,5.777841,13.4280138367651,19.3572666997523,306.33568627451,29.5243762123451,0,25.0189233546212,98.279995602247,2.04416666666667,2.04316666666667,3.02533333333333
"2715",2026-02-23 21:14:00,1.088,1.748,1.088,3.569728,5.735188,13.6895985218969,19.706046279928,305.493333333333,29.52496681206,0,24.9758121597528,98.2399956040368,2.02233333333333,2.02733333333333,3.03566666666667
"2716",2026-02-23 21:15:00,1.08,1.735,1.08,3.54348,5.692535,13.9511832070287,20.0548258601037,304.650980392157,29.525557411775,0,24.9327009648843,98.1999956058267,2.0005,2.0115,3.046
"2717",2026-02-23 21:16:00,1.072,1.722,1.072,3.517232,5.649882,13.602403626853,19.5316564898401,305.212549019608,29.525557411775,0,24.9327009648843,98.2199956049318,1.97866666666667,1.99566666666667,3.05633333333333
"2718",2026-02-23 21:17:00,1.064,1.709,1.064,3.490984,5.607229,13.2536240466772,19.0084871195766,305.774117647059,29.525557411775,0,24.9327009648843,98.2399956040368,1.95683333333333,1.97983333333333,3.06666666666667
"2719",2026-02-23 21:18:00,1.056,1.696,1.056,3.464736,5.564576,12.9048444665015,18.485317749313,306.33568627451,29.525557411775,0,24.9327009648843,98.2599956031419,1.935,1.964,3.077
"2720",2026-02-23 21:19:00,1.048,1.683,1.048,3.438488,5.521923,12.5560648863258,17.9621483790494,306.897254901961,29.525557411775,0,24.9327009648843,98.279995602247,1.92816666666667,1.963,3.08633333333333
"2721",2026-02-23 21:20:00,1.04,1.67,1.04,3.41224,5.47927,12.2072853061501,17.4389790087858,307.458823529412,29.525557411775,0,24.9327009648843,98.299995601352,1.92133333333333,1.962,3.09566666666667
"2722",2026-02-23 21:21:00,1.0475,1.676,1.0475,3.4368475,5.498956,12.7304546764137,18.2237330641812,307.458823529412,29.525557411775,0,24.9219063939998,98.299995601352,1.9145,1.961,3.105
"2723",2026-02-23 21:22:00,1.055,1.682,1.055,3.461455,5.518642,13.2536240466772,19.0084871195766,307.458823529412,29.525557411775,0,24.9111118231154,98.299995601352,1.90766666666667,1.96,3.11433333333333
"2724",2026-02-23 21:23:00,1.0625,1.688,1.0625,3.4860625,5.538328,13.7767934169408,19.7932411749719,307.458823529412,29.525557411775,0,24.9003172522309,98.299995601352,1.90083333333333,1.959,3.12366666666667
"2725",2026-02-23 21:24:00,1.07,1.694,1.07,3.51067,5.558014,14.2999627872044,20.5779952303673,307.458823529412,29.525557411775,0,24.8895226813464,98.299995601352,1.894,1.958,3.133
"2726",2026-02-23 21:25:00,1.0775,1.7,1.0775,3.5352775,5.5777,14.823132157468,21.3627492857627,307.458823529412,29.525557411775,0,24.8787281104619,98.299995601352,1.8875,1.94916666666667,3.14016666666667
"2727",2026-02-23 21:26:00,1.085,1.706,1.085,3.559885,5.597386,14.735937262424,21.4499441808066,307.458823529412,29.52614801149,0,24.8138184673689,98.299995601352,1.881,1.94033333333333,3.14733333333333
"2728",2026-02-23 21:27:00,1.0925,1.712,1.0925,3.5844925,5.617072,14.6487423673801,21.5371390758505,307.458823529412,29.5267386112049,0,24.7489088242759,98.299995601352,1.8745,1.9315,3.1545
"2729",2026-02-23 21:28:00,1.1,1.718,1.1,3.6091,5.636758,14.5615474723362,21.6243339708944,307.458823529412,29.5273292109199,0,24.6839991811829,98.299995601352,1.868,1.92266666666667,3.16166666666667
"2730",2026-02-23 21:29:00,1.1075,1.724,1.1075,3.6337075,5.656444,14.4743525772922,21.7115288659384,307.458823529412,29.5279198106348,0,24.6190895380898,98.299995601352,1.8615,1.91383333333333,3.16883333333333
"2731",2026-02-23 21:30:00,1.115,1.73,1.115,3.658315,5.67613,14.3871576822483,21.7987237609823,307.458823529412,29.5285104103498,0,24.5541798949968,98.299995601352,1.855,1.905,3.176
"2732",2026-02-23 21:31:00,1.1225,1.736,1.1225,3.6829225,5.695816,14.2127678921605,21.6243339708944,306.616470588235,29.5285104103498,0,24.5650151866622,98.299995601352,1.82766666666667,1.8935,3.18416666666667
"2733",2026-02-23 21:32:00,1.13,1.742,1.13,3.70753,5.715502,14.0383781020726,21.4499441808066,305.774117647059,29.5285104103498,0,24.5758504783275,98.299995601352,1.80033333333333,1.882,3.19233333333333
"2734",2026-02-23 21:33:00,1.1375,1.748,1.1375,3.7321375,5.735188,13.8639883119847,21.2755543907187,304.931764705882,29.5285104103498,0,24.5866857699929,98.299995601352,1.773,1.8705,3.2005
"2735",2026-02-23 21:34:00,1.145,1.754,1.145,3.756745,5.754874,13.6895985218969,21.1011646006309,304.089411764706,29.5285104103498,0,24.5975210616582,98.299995601352,1.74566666666667,1.859,3.20866666666667
"2736",2026-02-23 21:35:00,1.1525,1.76,1.1525,3.7813525,5.77456,13.515208731809,20.926774810543,303.247058823529,29.5285104103498,0,24.6083563533236,98.299995601352,1.71833333333333,1.8475,3.21683333333333
"2737",2026-02-23 21:36:00,1.16,1.766,1.16,3.80596,5.794246,13.3408189417212,21.1011646006309,303.247058823529,29.5291010100647,0,24.6191848145394,98.299995601352,1.691,1.836,3.225
"2738",2026-02-23 21:37:00,1.1675,1.772,1.1675,3.8305675,5.813932,13.1664291516333,21.2755543907187,303.247058823529,29.5296916097797,0,24.6300132757552,98.299995601352,1.715,1.83116666666667,3.23766666666667
"2739",2026-02-23 21:38:00,1.175,1.778,1.175,3.855175,5.833618,12.9920393615455,21.4499441808066,303.247058823529,29.5302822094947,0,24.6408417369711,98.299995601352,1.739,1.82633333333333,3.25033333333333
"2740",2026-02-23 21:39:00,1.1825,1.784,1.1825,3.8797825,5.853304,12.8176495714576,21.6243339708944,303.247058823529,29.5308728092096,0,24.6516701981869,98.299995601352,1.763,1.8215,3.263
"2741",2026-02-23 21:40:00,1.19,1.79,1.19,3.90439,5.87299,12.6432597813697,21.7987237609823,303.247058823529,29.5314634089246,0,24.6624986594027,98.299995601352,1.787,1.81666666666667,3.27566666666667
"2742",2026-02-23 21:41:00,1.198,1.8095,1.198,3.930638,5.9369695,12.7304546764137,21.0139697055869,303.527843137255,29.5320540086395,0,24.6733203077013,98.299995601352,1.811,1.81183333333333,3.28833333333333
"2743",2026-02-23 21:42:00,1.206,1.829,1.206,3.956886,6.000949,12.8176495714576,20.2292156501916,303.80862745098,29.5326446083545,0,24.6841419559999,98.299995601352,1.835,1.807,3.301
"2744",2026-02-23 21:43:00,1.214,1.8485,1.214,3.983134,6.0649285,12.9048444665015,19.4444615947962,304.089411764706,29.5332352080695,0,24.6949636042984,98.299995601352,1.84333333333333,1.808,3.313
"2745",2026-02-23 21:44:00,1.222,1.868,1.222,4.009382,6.128908,12.9920393615455,18.6597075394009,304.370196078431,29.5338258077844,0,24.705785252597,98.299995601352,1.85166666666667,1.809,3.325
"2746",2026-02-23 21:45:00,1.23,1.8875,1.23,4.03563,6.1928875,13.0792342565894,17.8749534840055,304.650980392157,29.5344164074994,0,24.7166069008956,98.299995601352,1.86,1.81,3.337
"2747",2026-02-23 21:46:00,1.238,1.907,1.238,4.061878,6.256867,13.1664291516333,17.9621483790494,304.931764705882,29.5332352080695,0,24.705785252597,98.279995602247,1.86833333333333,1.811,3.349
"2748",2026-02-23 21:47:00,1.246,1.9265,1.246,4.088126,6.3208465,13.2536240466772,18.0493432740933,305.212549019608,29.5320540086395,0,24.6949636042984,98.2599956031419,1.87666666666667,1.812,3.361
"2749",2026-02-23 21:48:00,1.254,1.946,1.254,4.114374,6.384826,13.3408189417212,18.1365381691373,305.493333333333,29.5308728092096,0,24.6841419559999,98.2399956040368,1.885,1.813,3.373
"2750",2026-02-23 21:49:00,1.262,1.9655,1.262,4.140622,6.4488055,13.4280138367651,18.2237330641812,305.774117647059,29.5296916097797,0,24.6733203077013,98.2199956049318,1.89,1.81633333333333,3.385
"2751",2026-02-23 21:50:00,1.27,1.985,1.27,4.16687,6.512785,13.515208731809,18.3109279592251,306.054901960784,29.5285104103498,0,24.6624986594027,98.1999956058267,1.895,1.81966666666667,3.397
"2752",2026-02-23 21:51:00,1.278,2.0045,1.278,4.193118,6.5767645,13.2536240466772,18.485317749313,305.493333333333,29.5291010100647,0,24.6733203077013,98.1999956058267,1.9,1.823,3.409
"2753",2026-02-23 21:52:00,1.286,2.024,1.286,4.219366,6.640744,12.9920393615455,18.6597075394008,304.931764705882,29.5296916097797,0,24.6841419559999,98.1999956058267,1.905,1.82633333333333,3.421
"2754",2026-02-23 21:53:00,1.294,2.0435,1.294,4.245614,6.7047235,12.7304546764137,18.8340973294887,304.370196078431,29.5302822094947,0,24.6949636042984,98.1999956058267,1.91,1.82966666666667,3.433
"2755",2026-02-23 21:54:00,1.302,2.063,1.302,4.271862,6.768703,12.4688699912819,19.0084871195766,303.80862745098,29.5308728092096,0,24.705785252597,98.1999956058267,1.915,1.833,3.445
"2756",2026-02-23 21:55:00,1.31,2.0825,1.31,4.29811,6.8326825,12.2072853061501,19.1828769096644,303.247058823529,29.5314634089246,0,24.7166069008956,98.1999956058267,1.911,1.845,3.4565
"2757",2026-02-23 21:56:00,1.318,2.102,1.318,4.324358,6.896662,12.2072853061501,18.7469024344448,303.247058823529,29.5326446083545,0,24.6949567913812,98.1999956058267,1.907,1.857,3.468
"2758",2026-02-23 21:57:00,1.326,2.1215,1.326,4.350606,6.9606415,12.2072853061501,18.3109279592251,303.247058823529,29.5338258077844,0,24.6733066818668,98.1999956058267,1.903,1.869,3.4795
"2759",2026-02-23 21:58:00,1.334,2.141,1.334,4.376854,7.024621,12.2072853061501,17.8749534840055,303.247058823529,29.5350070072143,0,24.6516565723524,98.1999956058267,1.899,1.881,3.491
"2760",2026-02-23 21:59:00,1.342,2.1605,1.342,4.403102,7.0886005,12.2072853061501,17.4389790087858,303.247058823529,29.5361882066443,0,24.630006462838,98.1999956058267,1.895,1.893,3.5025
"2761",2026-02-23 22:00:00,1.35,2.18,1.35,4.42935,7.15258,12.2072853061501,17.0030045335662,303.247058823529,29.5373694060742,0,24.6083563533236,98.1999956058267,1.891,1.905,3.514
"2762",2026-02-23 22:01:00,1.349,2.1785,1.349,4.426069,7.1476585,12.7304546764137,17.7877585889616,303.247058823529,29.5367788063592,0,24.5975210616582,98.1599956076166,1.9025,1.91316666666667,3.52766666666667
"2763",2026-02-23 22:02:00,1.348,2.177,1.348,4.422788,7.142737,13.2536240466772,18.5725126443569,303.247058823529,29.5361882066443,0,24.5866857699929,98.1199956094065,1.914,1.92133333333333,3.54133333333333
"2764",2026-02-23 22:03:00,1.347,2.1755,1.347,4.419507,7.1378155,13.7767934169408,19.3572666997523,303.247058823529,29.5355976069293,0,24.5758504783275,98.0799956111964,1.9255,1.9295,3.555
"2765",2026-02-23 22:04:00,1.346,2.174,1.346,4.416226,7.132894,14.2999627872044,20.1420207551476,303.247058823529,29.5350070072143,0,24.5650151866622,98.0399956129863,1.937,1.93766666666667,3.56866666666667
"2766",2026-02-23 22:05:00,1.345,2.1725,1.345,4.412945,7.1279725,14.823132157468,20.926774810543,303.247058823529,29.5344164074994,0,24.5541798949968,97.9999956147762,1.9485,1.94583333333333,3.58233333333333
"2767",2026-02-23 22:06:00,1.344,2.171,1.344,4.409664,7.123051,14.6487423673801,21.2755543907187,303.80862745098,29.5344164074994,0,24.575843647878,98.0199956138812,1.96,1.954,3.596
"2768",2026-02-23 22:07:00,1.343,2.1695,1.343,4.406383,7.1181295,14.4743525772922,21.6243339708944,304.370196078431,29.5344164074994,0,24.5975074007592,98.0399956129863,1.98083333333333,1.966,3.61066666666667
"2769",2026-02-23 22:08:00,1.342,2.168,1.342,4.403102,7.113208,14.2999627872044,21.9731135510702,304.931764705882,29.5344164074994,0,24.6191711536404,98.0599956120913,2.00166666666667,1.978,3.62533333333333
"2770",2026-02-23 22:09:00,1.341,2.1665,1.341,4.399821,7.1082865,14.1255729971165,22.3218931312459,305.493333333333,29.5344164074994,0,24.6408349065215,98.0799956111964,2.0225,1.99,3.64
"2771",2026-02-23 22:10:00,1.34,2.165,1.34,4.39654,7.103365,13.9511832070287,22.6706727114216,306.054901960784,29.5344164074994,0,24.6624986594027,98.0999956103014,2.04333333333333,2.002,3.65466666666667
"2772",2026-02-23 22:11:00,1.339,2.1635,1.339,4.393259,7.0984435,13.7767934169408,21.8859186560262,306.054901960784,29.5350070072143,0,24.6841351605614,98.0999956103014,2.06416666666667,2.014,3.66933333333333
"2773",2026-02-23 22:12:00,1.338,2.162,1.338,4.389978,7.093522,13.602403626853,21.1011646006309,306.054901960784,29.5355976069293,0,24.70577166172,98.0999956103014,2.085,2.026,3.684
"2774",2026-02-23 22:13:00,1.337,2.1605,1.337,4.386697,7.0886005,13.4280138367651,20.3164105452355,306.054901960784,29.5361882066443,0,24.7274081628787,98.0999956103014,2.091,2.04083333333333,3.701
"2775",2026-02-23 22:14:00,1.336,2.159,1.336,4.383416,7.083679,13.2536240466772,19.5316564898401,306.054901960784,29.5367788063592,0,24.7490446640373,98.0999956103014,2.097,2.05566666666667,3.718
"2776",2026-02-23 22:15:00,1.335,2.1575,1.335,4.380135,7.0787575,13.0792342565894,18.7469024344448,306.054901960784,29.5373694060742,0,24.770681165196,98.0999956103014,2.103,2.0705,3.735
"2777",2026-02-23 22:16:00,1.334,2.156,1.334,4.376854,7.073836,13.515208731809,19.3572666997523,306.33568627451,29.5361882066443,0,24.770681165196,98.0599956120913,2.109,2.08533333333333,3.752
"2778",2026-02-23 22:17:00,1.333,2.1545,1.333,4.373573,7.0689145,13.9511832070287,19.9676309650598,306.616470588235,29.5350070072143,0,24.770681165196,98.0199956138812,2.115,2.10016666666667,3.769
"2779",2026-02-23 22:18:00,1.332,2.153,1.332,4.370292,7.063993,14.3871576822483,20.5779952303673,306.897254901961,29.5338258077844,0,24.770681165196,97.9799956156711,2.121,2.115,3.786
"2780",2026-02-23 22:19:00,1.331,2.1515,1.331,4.367011,7.0590715,14.823132157468,21.1883594956748,307.178039215686,29.5326446083545,0,24.770681165196,97.939995617461,2.12816666666667,2.133,3.80516666666667
"2781",2026-02-23 22:20:00,1.33,2.15,1.33,4.36373,7.05415,15.2591066326876,21.7987237609823,307.458823529412,29.5314634089246,0,24.770681165196,97.8999956192509,2.13533333333333,2.151,3.82433333333333
"2782",2026-02-23 22:21:00,1.321,2.1355,1.321,4.334201,7.0065755,15.3463015277315,21.6243339708944,306.897254901961,29.5326446083545,0,24.7922905542491,97.8999956192509,2.1425,2.169,3.8435
"2783",2026-02-23 22:22:00,1.312,2.121,1.312,4.304672,6.959001,15.4334964227755,21.4499441808066,306.33568627451,29.5338258077844,0,24.8138999433023,97.8999956192509,2.14966666666667,2.187,3.86266666666667
"2784",2026-02-23 22:23:00,1.303,2.1065,1.303,4.275143,6.9114265,15.5206913178194,21.2755543907187,305.774117647059,29.5350070072143,0,24.8355093323555,97.8999956192509,2.15683333333333,2.205,3.88183333333333
"2785",2026-02-23 22:24:00,1.294,2.092,1.294,4.245614,6.863852,15.6078862128633,21.1011646006309,305.212549019608,29.5361882066443,0,24.8571187214087,97.8999956192509,2.164,2.223,3.901
"2786",2026-02-23 22:25:00,1.285,2.0775,1.285,4.216085,6.8162775,15.6950811079073,20.926774810543,304.650980392157,29.5373694060742,0,24.8787281104619,97.8999956192509,2.195,2.2525,3.9195
"2787",2026-02-23 22:26:00,1.276,2.063,1.276,4.186556,6.768703,15.5206913178194,20.926774810543,304.650980392157,29.5379600057891,0,24.8787281104619,97.8999956192509,2.226,2.282,3.938
"2788",2026-02-23 22:27:00,1.267,2.0485,1.267,4.157027,6.7211285,15.3463015277315,20.926774810543,304.650980392157,29.5385506055041,0,24.8787281104619,97.8999956192509,2.257,2.3115,3.9565
"2789",2026-02-23 22:28:00,1.258,2.034,1.258,4.127498,6.673554,15.1719117376437,20.926774810543,304.650980392157,29.539141205219,0,24.8787281104619,97.8999956192509,2.288,2.341,3.975
"2790",2026-02-23 22:29:00,1.249,2.0195,1.249,4.097969,6.6259795,14.9975219475558,20.926774810543,304.650980392157,29.539731804934,0,24.8787281104619,97.8999956192509,2.319,2.3705,3.9935
"2791",2026-02-23 22:30:00,1.24,2.005,1.24,4.06844,6.578405,14.823132157468,20.926774810543,304.650980392157,29.540322404649,0,24.8787281104619,97.8999956192509,2.35,2.4,4.012
"2792",2026-02-23 22:31:00,1.231,1.9905,1.231,4.038911,6.5308305,14.823132157468,21.5371390758505,304.650980392157,29.540322404649,0,24.8787281104619,97.8799956201458,2.361,2.416,4.0285
"2793",2026-02-23 22:32:00,1.222,1.976,1.222,4.009382,6.483256,14.823132157468,22.147503341158,304.650980392157,29.540322404649,0,24.8787281104619,97.8599956210408,2.372,2.432,4.045
"2794",2026-02-23 22:33:00,1.213,1.9615,1.213,3.979853,6.4356815,14.823132157468,22.7578676064655,304.650980392157,29.540322404649,0,24.8787281104619,97.8399956219357,2.383,2.448,4.0615
"2795",2026-02-23 22:34:00,1.204,1.947,1.204,3.950324,6.388107,14.823132157468,23.368231871773,304.650980392157,29.540322404649,0,24.8787281104619,97.8199956228307,2.394,2.464,4.078
"2796",2026-02-23 22:35:00,1.195,1.9325,1.195,3.920795,6.3405325,14.823132157468,23.9785961370805,304.650980392157,29.540322404649,0,24.8787281104619,97.7999956237256,2.405,2.48,4.0945
"2797",2026-02-23 22:36:00,1.186,1.918,1.186,3.891266,6.292958,14.823132157468,23.455426766817,304.931764705882,29.540322404649,0,24.8354822202501,97.7799956246206,2.416,2.496,4.111
"2798",2026-02-23 22:37:00,1.177,1.9035,1.177,3.861737,6.2453835,14.823132157468,22.9322573965534,305.212549019608,29.540322404649,0,24.7922363300382,97.7599956255155,2.45433333333333,2.51616666666667,4.13016666666667
"2799",2026-02-23 22:38:00,1.168,1.889,1.168,3.832208,6.197809,14.823132157468,22.4090880262898,305.493333333333,29.540322404649,0,24.7489904398264,97.7399956264104,2.49266666666667,2.53633333333333,4.14933333333333
"2800",2026-02-23 22:39:00,1.159,1.8745,1.159,3.802679,6.1502345,14.823132157468,21.8859186560262,305.774117647059,29.540322404649,0,24.7057445496146,97.7199956273054,2.531,2.5565,4.1685
"2801",2026-02-23 22:40:00,1.15,1.86,1.15,3.77315,6.10266,14.823132157468,21.3627492857627,306.054901960784,29.540322404649,0,24.6624986594027,97.6999956282003,2.56933333333333,2.57666666666667,4.18766666666667
"2802",2026-02-23 22:41:00,1.153,1.8655,1.153,3.782993,6.1207055,14.3871576822483,20.6651901254112,306.616470588235,29.539731804934,0,24.716539120499,97.7399956264104,2.60766666666667,2.59683333333333,4.20683333333333
"2803",2026-02-23 22:42:00,1.156,1.871,1.156,3.792836,6.138751,13.9511832070287,19.9676309650598,307.178039215686,29.539141205219,0,24.7705795815954,97.7799956246206,2.646,2.617,4.226
"2804",2026-02-23 22:43:00,1.159,1.8765,1.159,3.802679,6.1567965,13.515208731809,19.2700718047084,307.739607843137,29.5385506055041,0,24.8246200426917,97.8199956228307,2.6485,2.64316666666667,4.24566666666667
"2805",2026-02-23 22:44:00,1.162,1.882,1.162,3.812522,6.174842,13.0792342565894,18.5725126443569,308.301176470588,29.5379600057891,0,24.878660503788,97.8599956210408,2.651,2.66933333333333,4.26533333333333
"2806",2026-02-23 22:45:00,1.165,1.8875,1.165,3.822365,6.1928875,12.6432597813697,17.8749534840055,308.862745098039,29.5373694060742,0,24.9327009648843,97.8999956192509,2.6535,2.6955,4.285
"2807",2026-02-23 22:46:00,1.168,1.893,1.168,3.832208,6.210933,12.7304546764137,18.2237330641812,309.985882352941,29.5373694060742,0,24.9327009648843,97.8599956210408,2.656,2.72166666666667,4.30466666666667
"2808",2026-02-23 22:47:00,1.171,1.8985,1.171,3.842051,6.2289785,12.8176495714576,18.5725126443569,311.109019607843,29.5373694060742,0,24.9327009648843,97.8199956228307,2.6585,2.74783333333333,4.32433333333333
"2809",2026-02-23 22:48:00,1.174,1.904,1.174,3.851894,6.247024,12.9048444665015,18.9212922245326,312.232156862745,29.5373694060742,0,24.9327009648843,97.7799956246206,2.661,2.774,4.344
"2810",2026-02-23 22:49:00,1.177,1.9095,1.177,3.861737,6.2650695,12.9920393615455,19.2700718047084,313.355294117647,29.5373694060742,0,24.9327009648843,97.7399956264104,2.67383333333333,2.7965,4.36316666666667
"2811",2026-02-23 22:50:00,1.18,1.915,1.18,3.87158,6.283115,13.0792342565894,19.6188513848841,314.478431372549,29.5373694060742,0,24.9327009648843,97.6999956282003,2.68666666666667,2.819,4.38233333333333
"2812",2026-02-23 22:51:00,1.183,1.9205,1.183,3.881423,6.3011605,12.5560648863258,18.7469024344448,314.759215686275,29.5379600057891,0,24.9542699457026,97.6999956282003,2.6995,2.8415,4.4015
"2813",2026-02-23 22:52:00,1.186,1.926,1.186,3.891266,6.319206,12.0328955160622,17.8749534840055,315.04,29.5385506055041,0,24.975838926521,97.6999956282003,2.71233333333333,2.864,4.42066666666667
"2814",2026-02-23 22:53:00,1.189,1.9315,1.189,3.901109,6.3372515,11.5097261457987,17.0030045335662,315.320784313725,29.539141205219,0,24.9974079073393,97.6999956282003,2.72516666666667,2.8865,4.43983333333333
"2815",2026-02-23 22:54:00,1.192,1.937,1.192,3.910952,6.355297,10.9865567755351,16.1310555831269,315.601568627451,29.539731804934,0,25.0189768881576,97.6999956282003,2.738,2.909,4.459
"2816",2026-02-23 22:55:00,1.195,1.9425,1.195,3.920795,6.3733425,10.4633874052715,15.2591066326876,315.882352941176,29.540322404649,0,25.0405458689759,97.6999956282003,2.7775,2.93683333333333,4.4775
"2817",2026-02-23 22:56:00,1.198,1.948,1.198,3.930638,6.391388,10.1146078250958,14.823132157468,315.601568627451,29.539731804934,0,25.0405458689759,97.6999956282003,2.817,2.96466666666667,4.496
"2818",2026-02-23 22:57:00,1.201,1.9535,1.201,3.940481,6.4094335,9.76582824492007,14.3871576822483,315.320784313725,29.539141205219,0,25.0405458689759,97.6999956282003,2.8565,2.9925,4.5145
"2819",2026-02-23 22:58:00,1.204,1.959,1.204,3.950324,6.427479,9.41704866474435,13.9511832070287,315.04,29.5385506055041,0,25.0405458689759,97.6999956282003,2.896,3.02033333333333,4.533
"2820",2026-02-23 22:59:00,1.207,1.9645,1.207,3.960167,6.4455245,9.06826908456864,13.515208731809,314.759215686275,29.5379600057891,0,25.0405458689759,97.6999956282003,2.9355,3.04816666666667,4.5515
"2821",2026-02-23 23:00:00,1.21,1.97,1.21,3.97001,6.46357,8.71948950439292,13.0792342565894,314.478431372549,29.5373694060742,0,25.0405458689759,97.6999956282003,2.975,3.076,4.57
"2822",2026-02-23 23:01:00,1.2135,1.968,1.2135,3.9814935,6.457008,9.15546397961257,13.8639883119847,313.916862745098,29.5379600057891,0,25.0405458689759,97.6399956308852,2.99416666666667,3.10566666666667,4.58866666666667
"2823",2026-02-23 23:02:00,1.217,1.966,1.217,3.992977,6.450446,9.59143845483221,14.6487423673801,313.355294117647,29.5385506055041,0,25.0405458689759,97.57999563357,3.01333333333333,3.13533333333333,4.60733333333333
"2824",2026-02-23 23:03:00,1.2205,1.964,1.2205,4.0044605,6.443884,10.0274129300519,15.4334964227755,312.793725490196,29.539141205219,0,25.0405458689759,97.5199956362548,3.0325,3.165,4.626
"2825",2026-02-23 23:04:00,1.224,1.962,1.224,4.015944,6.437322,10.4633874052715,16.2182504781708,312.232156862745,29.539731804934,0,25.0405458689759,97.4599956389396,3.05166666666667,3.19466666666667,4.64466666666667
"2826",2026-02-23 23:05:00,1.2275,1.96,1.2275,4.0274275,6.43076,10.8993618804912,17.0030045335662,311.670588235294,29.540322404649,0,25.0405458689759,97.3999956416245,3.07083333333333,3.22433333333333,4.66333333333333
"2827",2026-02-23 23:06:00,1.231,1.958,1.231,4.038911,6.424198,10.7249720904033,16.4798351633026,310.828235294118,29.540322404649,0,25.0513203132856,97.3999956416245,3.09,3.254,4.682
"2828",2026-02-23 23:07:00,1.2345,1.956,1.2345,4.0503945,6.417636,10.5505823003154,15.956665793039,309.985882352941,29.540322404649,0,25.0620947575952,97.3999956416245,3.1255,3.2845,4.70116666666667
"2829",2026-02-23 23:08:00,1.238,1.954,1.238,4.061878,6.411074,10.3761925102276,15.4334964227755,309.143529411765,29.540322404649,0,25.0728692019048,97.3999956416245,3.161,3.315,4.72033333333333
"2830",2026-02-23 23:09:00,1.2415,1.952,1.2415,4.0733615,6.404512,10.2018027201397,14.9103270525119,308.301176470588,29.540322404649,0,25.0836436462144,97.3999956416245,3.1965,3.3455,4.7395
"2831",2026-02-23 23:10:00,1.245,1.95,1.245,4.084845,6.39795,10.0274129300519,14.3871576822483,307.458823529412,29.540322404649,0,25.0944180905241,97.3999956416245,3.232,3.376,4.75866666666667
"2832",2026-02-23 23:11:00,1.2485,1.948,1.2485,4.0963285,6.391388,10.1146078250958,14.4743525772922,307.458823529412,29.5409130043639,0,25.0944180905241,97.3599956434144,3.2675,3.4065,4.77783333333333
"2833",2026-02-23 23:12:00,1.252,1.946,1.252,4.107812,6.384826,10.2018027201397,14.5615474723362,307.458823529412,29.5415036040789,0,25.0944180905241,97.3199956452042,3.303,3.437,4.797
"2834",2026-02-23 23:13:00,1.2555,1.944,1.2555,4.1192955,6.378264,10.2889976151836,14.6487423673801,307.458823529412,29.5420942037938,0,25.0944180905241,97.2799956469941,3.32433333333333,3.45883333333333,4.81833333333333
"2835",2026-02-23 23:14:00,1.259,1.942,1.259,4.130779,6.371702,10.3761925102276,14.735937262424,307.458823529412,29.5426848035088,0,25.0944180905241,97.239995648784,3.34566666666667,3.48066666666667,4.83966666666667
"2836",2026-02-23 23:15:00,1.2625,1.94,1.2625,4.1422625,6.36514,10.4633874052715,14.823132157468,307.458823529412,29.5432754032238,0,25.0944180905241,97.1999956505739,3.367,3.5025,4.861
"2837",2026-02-23 23:16:00,1.266,1.938,1.266,4.153746,6.358578,10.6377771953594,15.2591066326876,306.897254901961,29.5426848035088,0,25.1159469724941,97.1799956514689,3.38833333333333,3.52433333333333,4.88233333333333
"2838",2026-02-23 23:17:00,1.2695,1.936,1.2695,4.1652295,6.352016,10.8121669854472,15.6950811079073,306.33568627451,29.5420942037938,0,25.1374758544642,97.1599956523638,3.40966666666667,3.54616666666667,4.90366666666667
"2839",2026-02-23 23:18:00,1.273,1.934,1.273,4.176713,6.345454,10.9865567755351,16.1310555831269,305.774117647059,29.5415036040789,0,25.1590047364343,97.1399956532587,3.431,3.568,4.925
"2840",2026-02-23 23:19:00,1.2765,1.932,1.2765,4.1881965,6.338892,11.1609465656229,16.5670300583466,305.212549019608,29.5409130043639,0,25.1805336184043,97.1199956541537,3.43316666666667,3.591,4.94683333333333
"2841",2026-02-23 23:20:00,1.28,1.93,1.28,4.19968,6.33233,11.3353363557108,17.0030045335662,304.650980392157,29.540322404649,0,25.2020625003744,97.0999956550486,3.43533333333333,3.614,4.96866666666667
"2842",2026-02-23 23:21:00,1.2755,1.9295,1.2755,4.1849155,6.3306895,11.3353363557108,17.3517841137419,305.493333333333,29.539731804934,0,25.2557687922944,97.0799956559436,3.4375,3.637,4.9905
"2843",2026-02-23 23:22:00,1.271,1.929,1.271,4.170151,6.329049,11.3353363557108,17.7005636939176,306.33568627451,29.539141205219,0,25.3094750842144,97.0599956568385,3.43966666666667,3.66,5.01233333333333
"2844",2026-02-23 23:23:00,1.2665,1.9285,1.2665,4.1553865,6.3274085,11.3353363557108,18.0493432740933,307.178039215686,29.5385506055041,0,25.3631813761344,97.0399956577335,3.44183333333333,3.683,5.03416666666667
"2845",2026-02-23 23:24:00,1.262,1.928,1.262,4.140622,6.325768,11.3353363557108,18.3981228542691,308.020392156863,29.5379600057891,0,25.4168876680544,97.0199956586284,3.444,3.706,5.056
"2846",2026-02-23 23:25:00,1.2575,1.9275,1.2575,4.1258575,6.3241275,11.3353363557108,18.7469024344448,308.862745098039,29.5373694060742,0,25.4705939599744,96.9999956595233,3.47483333333333,3.73016666666667,5.074
"2847",2026-02-23 23:26:00,1.253,1.927,1.253,4.111093,6.322487,11.5969210408426,18.2237330641812,308.301176470588,29.5379600057891,0,25.4383899879554,96.9799956604183,3.50566666666667,3.75433333333333,5.092
"2848",2026-02-23 23:27:00,1.2485,1.9265,1.2485,4.0963285,6.3208465,11.8585057259744,17.7005636939176,307.739607843137,29.5385506055041,0,25.4061860159364,96.9599956613132,3.5365,3.7785,5.11
"2849",2026-02-23 23:28:00,1.244,1.926,1.244,4.081564,6.319206,12.1200904111062,17.1773943236541,307.178039215686,29.539141205219,0,25.3739820439174,96.9399956622082,3.56733333333333,3.80266666666667,5.128
"2850",2026-02-23 23:29:00,1.2395,1.9255,1.2395,4.0667995,6.3175655,12.3816750962379,16.6542249533905,306.616470588235,29.539731804934,0,25.3417780718984,96.9199956631031,3.59816666666667,3.82683333333333,5.146
"2851",2026-02-23 23:30:00,1.235,1.925,1.235,4.052035,6.315925,12.6432597813697,16.1310555831269,306.054901960784,29.540322404649,0,25.3095740998793,96.8999956639981,3.629,3.851,5.164
"2852",2026-02-23 23:31:00,1.2305,1.9245,1.2305,4.0372705,6.3142845,12.294480201194,15.956665793039,305.774117647059,29.540322404649,0,25.2880717799784,96.8999956639981,3.65366666666667,3.8755,5.17716666666667
"2853",2026-02-23 23:32:00,1.226,1.924,1.226,4.022506,6.312644,11.9457006210183,15.7822760029512,305.493333333333,29.540322404649,0,25.2665694600774,96.8999956639981,3.67833333333333,3.9,5.19033333333333
"2854",2026-02-23 23:33:00,1.2215,1.9235,1.2215,4.0077415,6.3110035,11.5969210408426,15.6078862128633,305.212549019608,29.540322404649,0,25.2450671401764,96.8999956639981,3.703,3.9245,5.2035
"2855",2026-02-23 23:34:00,1.217,1.923,1.217,3.992977,6.309363,11.2481414606669,15.4334964227755,304.931764705882,29.540322404649,0,25.2235648202754,96.8999956639981,3.72766666666667,3.949,5.21666666666667
"2856",2026-02-23 23:35:00,1.2125,1.9225,1.2125,3.9782125,6.3077225,10.8993618804912,15.2591066326876,304.650980392157,29.540322404649,0,25.2020625003744,96.8999956639981,3.75233333333333,3.9735,5.22983333333333
"2857",2026-02-23 23:36:00,1.208,1.922,1.208,3.963448,6.306082,10.8993618804912,15.7822760029512,304.650980392157,29.5415036040789,0,25.2450407135449,96.9399956622082,3.777,3.998,5.243
"2858",2026-02-23 23:37:00,1.2035,1.9215,1.2035,3.9486835,6.3044415,10.8993618804912,16.3054453732148,304.650980392157,29.5426848035088,0,25.2880189267153,96.9799956604183,3.80416666666667,4.02266666666667,5.25616666666667
"2859",2026-02-23 23:38:00,1.199,1.921,1.199,3.933919,6.302801,10.8993618804912,16.8286147434783,304.650980392157,29.5438660029387,0,25.3309971398858,97.0199956586284,3.83133333333333,4.04733333333333,5.26933333333333
"2860",2026-02-23 23:39:00,1.1945,1.9205,1.1945,3.9191545,6.3011605,10.8993618804912,17.3517841137419,304.650980392157,29.5450472023686,0,25.3739753530562,97.0599956568385,3.8585,4.072,5.2825
"2861",2026-02-23 23:40:00,1.19,1.92,1.19,3.90439,6.29952,10.8993618804912,17.8749534840055,304.650980392157,29.5462284017986,0,25.4169535662267,97.0999956550486,3.88566666666667,4.09666666666667,5.29566666666667
"2862",2026-02-23 23:41:00,1.188,1.911,1.188,3.897828,6.269991,11.5969210408426,18.485317749313,304.650980392157,29.5438660029387,0,25.4276816449762,97.0199956586284,3.91283333333333,4.12133333333333,5.30883333333333
"2863",2026-02-23 23:42:00,1.186,1.902,1.186,3.891266,6.240462,12.294480201194,19.0956820146205,304.650980392157,29.5415036040789,0,25.4384097237258,96.9399956622082,3.94,4.146,5.322
"2864",2026-02-23 23:43:00,1.184,1.893,1.184,3.884704,6.210933,12.9920393615455,19.706046279928,304.650980392157,29.5391412052191,0,25.4491378024753,96.859995665788,3.97416666666667,4.14933333333333,5.3345
"2865",2026-02-23 23:44:00,1.182,1.884,1.182,3.878142,6.181404,13.6895985218969,20.3164105452355,304.650980392157,29.5367788063592,0,25.4598658812249,96.7799956693677,4.00833333333333,4.15266666666667,5.347
"2866",2026-02-23 23:45:00,1.18,1.875,1.18,3.87158,6.151875,14.3871576822483,20.926774810543,304.650980392157,29.5344164074994,0,25.4705939599744,96.6999956729475,4.0425,4.156,5.3595
"2867",2026-02-23 23:46:00,1.178,1.866,1.178,3.865018,6.122346,14.1255729971165,20.4908003353234,305.212549019608,29.5361882066443,0,25.5027389255577,96.6999956729475,4.07666666666667,4.15933333333333,5.372
"2868",2026-02-23 23:47:00,1.176,1.857,1.176,3.858456,6.092817,13.8639883119847,20.0548258601037,305.774117647059,29.5379600057891,0,25.534883891141,96.6999956729475,4.11083333333333,4.16266666666667,5.3845
"2869",2026-02-23 23:48:00,1.174,1.848,1.174,3.851894,6.063288,13.602403626853,19.6188513848841,306.33568627451,29.539731804934,0,25.5670288567242,96.6999956729475,4.145,4.166,5.397
"2870",2026-02-23 23:49:00,1.172,1.839,1.172,3.845332,6.033759,13.3408189417212,19.1828769096644,306.897254901961,29.5415036040789,0,25.5991738223075,96.6999956729475,4.16683333333333,4.20033333333333,5.4085
"2871",2026-02-23 23:50:00,1.17,1.83,1.17,3.83877,6.00423,13.0792342565894,18.7469024344448,307.458823529412,29.5432754032238,0,25.6313187878908,96.6999956729475,4.18866666666667,4.23466666666667,5.42
"2872",2026-02-23 23:51:00,1.168,1.821,1.168,3.832208,5.974701,12.9048444665015,18.6597075394009,306.33568627451,29.5426848035088,0,25.5884457435579,96.6999956729475,4.2105,4.269,5.4315
"2873",2026-02-23 23:52:00,1.166,1.812,1.166,3.825646,5.945172,12.7304546764137,18.5725126443569,305.212549019608,29.5420942037938,0,25.5455726992251,96.6999956729475,4.23233333333333,4.30333333333333,5.443
"2874",2026-02-23 23:53:00,1.164,1.803,1.164,3.819084,5.915643,12.5560648863258,18.485317749313,304.089411764706,29.5415036040789,0,25.5026996548923,96.6999956729475,4.25416666666667,4.33766666666667,5.4545
"2875",2026-02-23 23:54:00,1.162,1.794,1.162,3.812522,5.886114,12.3816750962379,18.3981228542691,302.966274509804,29.5409130043639,0,25.4598266105595,96.6999956729475,4.276,4.372,5.466
"2876",2026-02-23 23:55:00,1.16,1.785,1.16,3.80596,5.856585,12.2072853061501,18.3109279592251,301.843137254902,29.540322404649,0,25.4169535662267,96.6999956729475,4.29783333333333,4.407,5.47916666666667
"2877",2026-02-23 23:56:00,1.158,1.776,1.158,3.799398,5.827056,12.2072853061501,18.485317749313,302.685490196078,29.540322404649,0,25.4598266105595,96.6999956729475,4.31966666666667,4.442,5.49233333333333
"2878",2026-02-23 23:57:00,1.156,1.767,1.156,3.792836,5.797527,12.2072853061501,18.6597075394008,303.527843137255,29.540322404649,0,25.5026996548923,96.6999956729475,4.3415,4.477,5.5055
"2879",2026-02-23 23:58:00,1.154,1.758,1.154,3.786274,5.767998,12.2072853061501,18.8340973294887,304.370196078431,29.540322404649,0,25.5455726992251,96.6999956729475,4.36333333333333,4.512,5.51866666666667
"2880",2026-02-23 23:59:00,1.152,1.749,1.152,3.779712,5.738469,12.2072853061501,19.0084871195766,305.212549019608,29.540322404649,0,25.5884457435579,96.6999956729475,4.38516666666667,4.547,5.53183333333333
"2881",2026-02-24,1.15,1.74,1.15,3.77315,5.70894,12.2072853061501,19.1828769096644,306.054901960784,29.540322404649,0,25.6313187878908,96.6999956729475,4.407,4.582,5.545
