"","Time_ET","Harbor_Entrance_Hs_Wave_Height_m","Harbor_Entrance_Hmax_Wave_Height_m","Harbor_Entrance_Mean_Wave_Direction__Deg","Harbor_Entrance_Hs_Wave_Height_ft","Harbor_Entrance_Hmax_Wave_Height_ft","Wind.Speed_RMYoung_mph","Gust.Speed_RMYoung_mph","Wind.Direction_RMYoung_deg","Pressure_inHg","Rain_in","Temperature_degF","RH_%","Gallops_Water_Level_ft","Boston_Water_MLLW","Fall_River_Water_MLLW"
"1",2025-10-12,0.09,0.16,0.09,0.29529,0.52496,1.74389790087858,2.61584685131788,33.6941176470588,30.2608540568991,0,53.6894632473604,89.7999959817031,2.9,3.162,4.836
"2",2025-10-12 00:01:00,0.0905,0.16,0.0905,0.2969305,0.52496,1.91828769096644,2.87743153644966,36.5019607843137,30.2608540568991,0,53.6371176017281,89.8599959790182,2.93616666666667,3.19916666666667,4.83983333333333
"3",2025-10-12 00:02:00,0.091,0.16,0.091,0.298571,0.52496,2.0926774810543,3.13901622158145,39.3098039215686,30.2608540568991,0,53.5847719560958,89.9199959763334,2.97233333333333,3.23633333333333,4.84366666666667
"4",2025-10-12 00:03:00,0.0915,0.16,0.0915,0.3002115,0.52496,2.26706727114216,3.40060090671324,42.1176470588235,30.2608540568991,0,53.5324263104635,89.9799959736486,3.0085,3.2735,4.8475
"5",2025-10-12 00:04:00,0.092,0.16,0.092,0.301852,0.52496,2.44145706123002,3.66218559184503,44.9254901960784,30.2608540568991,0,53.4800806648312,90.0399959709637,3.04466666666667,3.31066666666667,4.85133333333333
"6",2025-10-12 00:05:00,0.0925,0.16,0.0925,0.3034925,0.52496,2.61584685131788,3.92377027697681,47.7333333333333,30.2608540568991,0,53.4277350191989,90.0999959682789,3.08083333333333,3.34783333333333,4.85516666666667
"7",2025-10-12 00:06:00,0.093,0.16,0.093,0.305133,0.52496,2.61584685131788,3.83657538193289,44.083137254902,30.2602634571841,0,53.506236776038,90.2199959629092,3.117,3.385,4.859
"8",2025-10-12 00:07:00,0.0935,0.16,0.0935,0.3067735,0.52496,2.61584685131788,3.74938048688896,40.4329411764706,30.2596728574692,0,53.5847385328771,90.3399959575396,3.1505,3.42266666666667,4.8645
"9",2025-10-12 00:08:00,0.094,0.16,0.094,0.308414,0.52496,2.61584685131788,3.66218559184503,36.7827450980392,30.2590822577542,0,53.6632402897162,90.4599959521699,3.184,3.46033333333333,4.87
"10",2025-10-12 00:09:00,0.0945,0.16,0.0945,0.3100545,0.52496,2.61584685131788,3.5749906968011,33.1325490196078,30.2584916580392,0,53.7417420465553,90.5799959468003,3.2175,3.498,4.8755
"11",2025-10-12 00:10:00,0.095,0.16,0.095,0.311695,0.52496,2.61584685131788,3.48779580175717,29.4823529411765,30.2579010583243,0,53.8202438033944,90.6999959414306,3.251,3.53566666666667,4.881
"12",2025-10-12 00:11:00,0.0955,0.16,0.0955,0.3133355,0.52496,2.70304174636181,3.48779580175717,29.4823529411765,30.2573104586093,0,53.8812323530461,90.6199959450104,3.2845,3.57333333333333,4.8865
"13",2025-10-12 00:12:00,0.096,0.16,0.096,0.314976,0.52496,2.79023664140573,3.48779580175717,29.4823529411765,30.2567198588944,0,53.9422209026977,90.5399959485901,3.318,3.611,4.892
"14",2025-10-12 00:13:00,0.0965,0.16,0.0965,0.3166165,0.52496,2.87743153644966,3.48779580175717,29.4823529411765,30.2561292591794,0,54.0032094523493,90.4599959521699,3.35483333333333,3.651,4.89683333333333
"15",2025-10-12 00:14:00,0.097,0.16,0.097,0.318257,0.52496,2.96462643149359,3.48779580175717,29.4823529411765,30.2555386594644,0,54.064198002001,90.3799959557497,3.39166666666667,3.691,4.90166666666667
"16",2025-10-12 00:15:00,0.0975,0.16,0.0975,0.3198975,0.52496,3.05182132653752,3.48779580175717,29.4823529411765,30.2549480597495,0,54.1251865516526,90.2999959593295,3.4285,3.731,4.9065
"17",2025-10-12 00:16:00,0.098,0.16,0.098,0.321538,0.52496,2.96462643149359,3.5749906968011,30.8862745098039,30.2549480597495,0,54.0554805225634,90.3599959566446,3.46533333333333,3.771,4.91133333333333
"18",2025-10-12 00:17:00,0.0985,0.16,0.0985,0.3231785,0.52496,2.87743153644966,3.66218559184503,32.2901960784314,30.2549480597495,0,53.9857744934742,90.4199959539598,3.50216666666667,3.811,4.91616666666667
"19",2025-10-12 00:18:00,0.099,0.16,0.099,0.324819,0.52496,2.79023664140573,3.74938048688896,33.6941176470588,30.2549480597495,0,53.916068464385,90.479995951275,3.539,3.851,4.921
"20",2025-10-12 00:19:00,0.0995,0.16,0.0995,0.3264595,0.52496,2.70304174636181,3.83657538193289,35.0980392156863,30.2549480597495,0,53.8463624352958,90.5399959485901,3.57933333333333,3.88816666666667,4.92266666666667
"21",2025-10-12 00:20:00,0.1,0.16,0.1,0.3281,0.52496,2.61584685131788,3.92377027697681,36.5019607843137,30.2549480597495,0,53.7766564062066,90.5999959459053,3.61966666666667,3.92533333333333,4.92433333333333
"22",2025-10-12 00:21:00,0.0995,0.159,0.0995,0.3264595,0.521679,2.70304174636181,3.92377027697681,38.4674509803922,30.2543574600345,0,53.7592177744373,90.6199959450104,3.66,3.9625,4.926
"23",2025-10-12 00:22:00,0.099,0.158,0.099,0.324819,0.518398,2.79023664140573,3.92377027697681,40.4329411764706,30.2537668603196,0,53.7417791426681,90.6399959441154,3.70033333333333,3.99966666666667,4.92766666666667
"24",2025-10-12 00:23:00,0.0985,0.157,0.0985,0.3231785,0.515117,2.87743153644966,3.92377027697681,42.398431372549,30.2531762606046,0,53.7243405108989,90.6599959432205,3.74066666666667,4.03683333333333,4.92933333333333
"25",2025-10-12 00:24:00,0.098,0.156,0.098,0.321538,0.511836,2.96462643149359,3.92377027697681,44.3639215686275,30.2525856608896,0,53.7069018791296,90.6799959423255,3.781,4.074,4.931
"26",2025-10-12 00:25:00,0.0975,0.155,0.0975,0.3198975,0.508555,3.05182132653752,3.92377027697681,46.3294117647059,30.2519950611747,0,53.6894632473604,90.6999959414306,3.82,4.109,4.9315
"27",2025-10-12 00:26:00,0.097,0.154,0.097,0.318257,0.505274,2.87743153644966,3.83657538193289,44.083137254902,30.2519950611747,0,53.7156193585672,90.7199959405356,3.859,4.144,4.932
"28",2025-10-12 00:27:00,0.0965,0.153,0.0965,0.3166165,0.501993,2.70304174636181,3.74938048688896,41.836862745098,30.2519950611747,0,53.741775469774,90.7399959396407,3.898,4.179,4.9325
"29",2025-10-12 00:28:00,0.096,0.152,0.096,0.314976,0.498712,2.52865195627395,3.66218559184503,39.5905882352941,30.2519950611747,0,53.7679315809808,90.7599959387458,3.937,4.214,4.933
"30",2025-10-12 00:29:00,0.0955,0.151,0.0955,0.3133355,0.495431,2.35426216618609,3.5749906968011,37.3443137254902,30.2519950611747,0,53.7940876921876,90.7799959378508,3.976,4.249,4.9335
"31",2025-10-12 00:30:00,0.095,0.15,0.095,0.311695,0.49215,2.17987237609823,3.48779580175717,35.0980392156863,30.2519950611747,0,53.8202438033944,90.7999959369559,4.015,4.284,4.934
"32",2025-10-12 00:31:00,0.0945,0.149,0.0945,0.3100545,0.488869,2.26706727114216,3.48779580175717,37.3443137254902,30.2525856608896,0,53.8028076219179,90.8199959360609,4.052,4.32166666666667,4.93183333333333
"33",2025-10-12 00:32:00,0.094,0.148,0.094,0.308414,0.485588,2.35426216618609,3.48779580175717,39.5905882352941,30.2531762606046,0,53.7853714404414,90.839995935166,4.089,4.35933333333333,4.92966666666667
"34",2025-10-12 00:33:00,0.0935,0.147,0.0935,0.3067735,0.482307,2.44145706123002,3.48779580175717,41.836862745098,30.2537668603196,0,53.7679352589649,90.859995934271,4.126,4.397,4.9275
"35",2025-10-12 00:34:00,0.093,0.146,0.093,0.305133,0.479026,2.52865195627395,3.48779580175717,44.083137254902,30.2543574600345,0,53.7504990774884,90.8799959333761,4.163,4.43466666666667,4.92533333333333
"36",2025-10-12 00:35:00,0.0925,0.145,0.0925,0.3034925,0.475745,2.61584685131788,3.48779580175717,46.3294117647059,30.2549480597495,0,53.7330628960119,90.8999959324812,4.2,4.47233333333333,4.92316666666667
"37",2025-10-12 00:36:00,0.092,0.144,0.092,0.301852,0.472464,2.44145706123002,3.31340601166931,47.1717647058824,30.2543574600345,0,53.7243429662816,90.8999959324812,4.237,4.51,4.921
"38",2025-10-12 00:37:00,0.0915,0.143,0.0915,0.3002115,0.469183,2.26706727114216,3.13901622158145,48.0141176470588,30.2537668603196,0,53.7156230365513,90.8999959324812,4.275,4.54933333333333,4.91716666666667
"39",2025-10-12 00:38:00,0.091,0.142,0.091,0.298571,0.465902,2.0926774810543,2.96462643149359,48.8564705882353,30.2531762606046,0,53.706903106821,90.8999959324812,4.313,4.58866666666667,4.91333333333333
"40",2025-10-12 00:39:00,0.0905,0.141,0.0905,0.2969305,0.462621,1.91828769096644,2.79023664140573,49.6988235294118,30.2525856608896,0,53.6981831770907,90.8999959324812,4.351,4.628,4.9095
"41",2025-10-12 00:40:00,0.09,0.14,0.09,0.29529,0.45934,1.74389790087858,2.61584685131788,50.5411764705882,30.2519950611747,0,53.6894632473604,90.8999959324812,4.389,4.66733333333333,4.90566666666667
"42",2025-10-12 00:41:00,0.091,0.1425,0.091,0.298571,0.4675425,1.83109279592251,2.70304174636181,51.3835294117647,30.2519950611747,0,53.6807420848433,90.9199959315862,4.427,4.70666666666667,4.90183333333333
"43",2025-10-12 00:42:00,0.092,0.145,0.092,0.301852,0.475745,1.91828769096644,2.79023664140573,52.2258823529412,30.2519950611747,0,53.6720209223262,90.9399959306913,4.465,4.746,4.898
"44",2025-10-12 00:43:00,0.093,0.1475,0.093,0.305133,0.4839475,2.00548258601037,2.87743153644966,53.0682352941176,30.2519950611747,0,53.6632997598091,90.9599959297963,4.5065,4.78916666666667,4.88983333333333
"45",2025-10-12 00:44:00,0.094,0.15,0.094,0.308414,0.49215,2.0926774810543,2.96462643149359,53.9105882352941,30.2519950611747,0,53.654578597292,90.9799959289014,4.548,4.83233333333333,4.88166666666667
"46",2025-10-12 00:45:00,0.095,0.1525,0.095,0.311695,0.5003525,2.17987237609823,3.05182132653752,54.7529411764706,30.2519950611747,0,53.6458574347749,90.9999959280064,4.5895,4.8755,4.8735
"47",2025-10-12 00:46:00,0.096,0.155,0.096,0.314976,0.508555,2.17987237609823,3.05182132653752,52.5066666666667,30.2514044614597,0,53.6371350343699,90.9999959280064,4.631,4.91866666666667,4.86533333333333
"48",2025-10-12 00:47:00,0.097,0.1575,0.097,0.318257,0.5167575,2.17987237609823,3.05182132653752,50.2603921568627,30.2508138617448,0,53.6284126339648,90.9999959280064,4.6725,4.96183333333333,4.85716666666667
"49",2025-10-12 00:48:00,0.098,0.16,0.098,0.321538,0.52496,2.17987237609823,3.05182132653752,48.0141176470588,30.2502232620298,0,53.6196902335598,90.9999959280064,4.714,5.005,4.849
"50",2025-10-12 00:49:00,0.099,0.1625,0.099,0.324819,0.5331625,2.17987237609823,3.05182132653752,45.7678431372549,30.2496326623148,0,53.6109678331547,90.9999959280064,4.75733333333333,5.04066666666667,4.84133333333333
"51",2025-10-12 00:50:00,0.1,0.165,0.1,0.3281,0.541365,2.17987237609823,3.05182132653752,43.521568627451,30.2490420625999,0,53.6022454327497,90.9999959280064,4.80066666666667,5.07633333333333,4.83366666666667
"52",2025-10-12 00:51:00,0.101,0.1675,0.101,0.331381,0.5495675,2.26706727114216,3.22621111662538,42.96,30.2490420625999,0,53.6371276274411,90.9799959289014,4.844,5.112,4.826
"53",2025-10-12 00:52:00,0.102,0.17,0.102,0.334662,0.55777,2.35426216618609,3.40060090671324,42.398431372549,30.2490420625999,0,53.6720098221325,90.9599959297963,4.88733333333333,5.14766666666667,4.81833333333333
"54",2025-10-12 00:53:00,0.103,0.1725,0.103,0.337943,0.5659725,2.44145706123002,3.5749906968011,41.836862745098,30.2490420625999,0,53.7068920168238,90.9399959306913,4.93066666666667,5.18333333333333,4.81066666666667
"55",2025-10-12 00:54:00,0.104,0.175,0.104,0.341224,0.574175,2.52865195627395,3.74938048688896,41.2752941176471,30.2490420625999,0,53.7417742115152,90.9199959315862,4.974,5.219,4.803
"56",2025-10-12 00:55:00,0.105,0.1775,0.105,0.344505,0.5823775,2.61584685131788,3.92377027697681,40.7137254901961,30.2490420625999,0,53.7766564062066,90.8999959324812,5.01683333333333,5.25716666666667,4.79533333333333
"57",2025-10-12 00:56:00,0.106,0.18,0.106,0.347786,0.59058,2.70304174636181,4.01096517202074,39.3098039215686,30.24786086317,0,53.8376533720008,90.9399959306913,5.05966666666667,5.29533333333333,4.78766666666667
"58",2025-10-12 00:57:00,0.107,0.1825,0.107,0.351067,0.5987825,2.79023664140573,4.09816006706467,37.9058823529412,30.2466796637401,0,53.8986503377951,90.9799959289014,5.1025,5.3335,4.78
"59",2025-10-12 00:58:00,0.108,0.185,0.108,0.354348,0.606985,2.87743153644966,4.1853549621086,36.5019607843137,30.2454984643101,0,53.9596473035894,91.0199959271115,5.14533333333333,5.37166666666667,4.77233333333333
"60",2025-10-12 00:59:00,0.109,0.1875,0.109,0.357629,0.6151875,2.96462643149359,4.27254985715253,35.0980392156863,30.2443172648802,0,54.0206442693837,91.0599959253216,5.18816666666667,5.40983333333333,4.76466666666667
"61",2025-10-12 01:00:00,0.11,0.19,0.11,0.36091,0.62339,3.05182132653752,4.35974475219646,33.6941176470588,30.2431360654503,0,54.081641235178,91.0999959235317,5.231,5.448,4.757
"62",2025-10-12 01:01:00,0.11,0.1905,0.11,0.36091,0.6250305,3.22621111662538,4.44693964724039,31.4478431372549,30.2431360654503,0,54.1338779845801,91.0399959262165,5.272,5.49133333333333,4.74716666666667
"63",2025-10-12 01:02:00,0.11,0.191,0.11,0.36091,0.626671,3.40060090671324,4.53413454228432,29.201568627451,30.2431360654503,0,54.1861147339823,90.9799959289014,5.313,5.53466666666667,4.73733333333333
"64",2025-10-12 01:03:00,0.11,0.1915,0.11,0.36091,0.6283115,3.5749906968011,4.62132943732825,26.9552941176471,30.2431360654503,0,54.2383514833845,90.9199959315862,5.354,5.578,4.7275
"65",2025-10-12 01:04:00,0.11,0.192,0.11,0.36091,0.629952,3.74938048688896,4.70852433237218,24.7090196078431,30.2431360654503,0,54.2905882327867,90.859995934271,5.395,5.62133333333333,4.71766666666667
"66",2025-10-12 01:05:00,0.11,0.1925,0.11,0.36091,0.6315925,3.92377027697681,4.79571922741611,22.4627450980392,30.2431360654503,0,54.3428249821888,90.7999959369559,5.436,5.66466666666667,4.70783333333333
"67",2025-10-12 01:06:00,0.11,0.193,0.11,0.36091,0.633233,3.92377027697681,4.79571922741611,23.0243137254902,30.2431360654503,0,54.3689276705956,90.7999959369559,5.477,5.708,4.698
"68",2025-10-12 01:07:00,0.11,0.1935,0.11,0.36091,0.6348735,3.92377027697681,4.79571922741611,23.5858823529412,30.2431360654503,0,54.3950303590023,90.7999959369559,5.51716666666667,5.75116666666667,4.6865
"69",2025-10-12 01:08:00,0.11,0.194,0.11,0.36091,0.636514,3.92377027697681,4.79571922741611,24.1474509803922,30.2431360654503,0,54.421133047409,90.7999959369559,5.55733333333333,5.79433333333333,4.675
"70",2025-10-12 01:09:00,0.11,0.1945,0.11,0.36091,0.6381545,3.92377027697681,4.79571922741611,24.7090196078431,30.2431360654503,0,54.4472357358158,90.7999959369559,5.5975,5.8375,4.6635
"71",2025-10-12 01:10:00,0.11,0.195,0.11,0.36091,0.639795,3.92377027697681,4.79571922741611,25.2705882352941,30.2431360654503,0,54.4733384242225,90.7999959369559,5.63766666666667,5.88066666666667,4.652
"72",2025-10-12 01:11:00,0.11,0.1955,0.11,0.36091,0.6414355,3.83657538193289,4.70852433237218,25.8321568627451,30.2419548660204,0,54.4994308356237,90.859995934271,5.67783333333333,5.92383333333333,4.6405
"73",2025-10-12 01:12:00,0.11,0.196,0.11,0.36091,0.643076,3.74938048688896,4.62132943732825,26.3937254901961,30.2407736665905,0,54.525523247025,90.9199959315862,5.718,5.967,4.629
"74",2025-10-12 01:13:00,0.11,0.1965,0.11,0.36091,0.6447165,3.66218559184503,4.53413454228432,26.9552941176471,30.2395924671605,0,54.5516156584263,90.9799959289014,5.7605,6.009,4.61866666666667
"75",2025-10-12 01:14:00,0.11,0.197,0.11,0.36091,0.646357,3.5749906968011,4.44693964724039,27.516862745098,30.2384112677306,0,54.5777080698276,91.0399959262165,5.803,6.051,4.60833333333333
"76",2025-10-12 01:15:00,0.11,0.1975,0.11,0.36091,0.6479975,3.48779580175717,4.35974475219646,28.078431372549,30.2372300683007,0,54.6038004812288,91.0999959235317,5.8455,6.093,4.598
"77",2025-10-12 01:16:00,0.11,0.198,0.11,0.36091,0.649638,3.5749906968011,4.62132943732825,28.078431372549,30.2372300683007,0,54.6298827504997,91.1199959226368,5.888,6.135,4.58766666666667
"78",2025-10-12 01:17:00,0.11,0.1985,0.11,0.36091,0.6512785,3.66218559184503,4.88291412246004,28.078431372549,30.2372300683007,0,54.6559650197706,91.1399959217418,5.9305,6.177,4.57733333333333
"79",2025-10-12 01:18:00,0.11,0.199,0.11,0.36091,0.652919,3.74938048688896,5.14449880759182,28.078431372549,30.2372300683007,0,54.6820472890414,91.1599959208469,5.973,6.219,4.567
"80",2025-10-12 01:19:00,0.11,0.1995,0.11,0.36091,0.6545595,3.83657538193289,5.40608349272361,28.078431372549,30.2372300683007,0,54.7081295583123,91.179995919952,6.01483333333333,6.265,4.55333333333333
"81",2025-10-12 01:20:00,0.11,0.2,0.11,0.36091,0.6562,3.92377027697681,5.6676681778554,28.078431372549,30.2372300683007,0,54.7342118275832,91.199995919057,6.05666666666667,6.311,4.53966666666667
"82",2025-10-12 01:21:00,0.1095,0.1985,0.1095,0.3592695,0.6512785,3.92377027697681,5.58047328281147,28.64,30.2366394685858,0,54.7515944389999,91.2599959163722,6.0985,6.357,4.526
"83",2025-10-12 01:22:00,0.109,0.197,0.109,0.357629,0.646357,3.92377027697681,5.49327838776754,29.201568627451,30.2360488688708,0,54.7689770504166,91.3199959136873,6.14033333333333,6.403,4.51233333333333
"84",2025-10-12 01:23:00,0.1085,0.1955,0.1085,0.3559885,0.6414355,3.92377027697681,5.40608349272361,29.763137254902,30.2354582691558,0,54.7863596618334,91.3799959110025,6.18216666666667,6.449,4.49866666666667
"85",2025-10-12 01:24:00,0.108,0.194,0.108,0.354348,0.636514,3.92377027697681,5.31888859767968,30.3247058823529,30.2348676694409,0,54.8037422732501,91.4399959083177,6.224,6.495,4.485
"86",2025-10-12 01:25:00,0.1075,0.1925,0.1075,0.3527075,0.6315925,3.92377027697681,5.23169370263575,30.8862745098039,30.2342770697259,0,54.8211248846669,91.4999959056328,6.2615,6.53433333333333,4.467
"87",2025-10-12 01:26:00,0.107,0.191,0.107,0.351067,0.626671,4.01096517202074,5.49327838776754,31.7286274509804,30.233686470011,0,54.8819295709286,91.5199959047379,6.299,6.57366666666667,4.449
"88",2025-10-12 01:27:00,0.1065,0.1895,0.1065,0.3494265,0.6217495,4.09816006706467,5.75486307289933,32.5709803921569,30.233095870296,0,54.9427342571903,91.539995903843,6.3365,6.613,4.431
"89",2025-10-12 01:28:00,0.106,0.188,0.106,0.347786,0.616828,4.1853549621086,6.01644775803111,33.4133333333333,30.232505270581,0,55.003538943452,91.559995902948,6.374,6.65233333333333,4.413
"90",2025-10-12 01:29:00,0.1055,0.1865,0.1055,0.3461455,0.6119065,4.27254985715253,6.2780324431629,34.2556862745098,30.2319146708661,0,55.0643436297137,91.5799959020531,6.4115,6.69166666666667,4.395
"91",2025-10-12 01:30:00,0.105,0.185,0.105,0.344505,0.606985,4.35974475219646,6.53961712829469,35.0980392156863,30.2313240711511,0,55.1251483159755,91.5999959011581,6.449,6.731,4.377
"92",2025-10-12 01:31:00,0.1045,0.1835,0.1045,0.3428645,0.6020635,4.27254985715253,6.36522733820683,35.0980392156863,30.232505270581,0,55.116465173934,91.559995902948,6.49016666666667,6.77366666666667,4.36
"93",2025-10-12 01:32:00,0.104,0.182,0.104,0.341224,0.597142,4.1853549621086,6.19083754811897,35.0980392156863,30.233686470011,0,55.1077820318926,91.5199959047379,6.53133333333333,6.81633333333333,4.343
"94",2025-10-12 01:33:00,0.1035,0.1805,0.1035,0.3395835,0.5922205,4.09816006706467,6.01644775803112,35.0980392156863,30.2348676694409,0,55.0990988898512,91.4799959065278,6.5725,6.859,4.326
"95",2025-10-12 01:34:00,0.103,0.179,0.103,0.337943,0.587299,4.01096517202074,5.84205796794326,35.0980392156863,30.2360488688708,0,55.0904157478098,91.4399959083177,6.61366666666667,6.90166666666667,4.309
"96",2025-10-12 01:35:00,0.1025,0.1775,0.1025,0.3363025,0.5823775,3.92377027697681,5.6676681778554,35.0980392156863,30.2372300683007,0,55.0817326057684,91.3999959101076,6.65483333333333,6.94433333333333,4.292
"97",2025-10-12 01:36:00,0.102,0.176,0.102,0.334662,0.577456,4.09816006706467,5.92925286298719,34.8172549019608,30.2366394685858,0,55.12513769117,91.4599959074227,6.696,6.987,4.275
"98",2025-10-12 01:37:00,0.1015,0.1745,0.1015,0.3330215,0.5725345,4.27254985715253,6.19083754811897,34.5364705882353,30.2360488688708,0,55.1685427765717,91.5199959047379,6.7325,7.028,4.25966666666667
"99",2025-10-12 01:38:00,0.101,0.173,0.101,0.331381,0.567613,4.44693964724039,6.45242223325076,34.2556862745098,30.2354582691558,0,55.2119478619733,91.5799959020531,6.769,7.069,4.24433333333333
"100",2025-10-12 01:39:00,0.1005,0.1715,0.1005,0.3297405,0.5626915,4.62132943732825,6.71400691838255,33.9749019607843,30.2348676694409,0,55.2553529473749,91.6399958993682,6.8055,7.11,4.229
"101",2025-10-12 01:40:00,0.1,0.17,0.1,0.3281,0.55777,4.79571922741611,6.97559160351434,33.6941176470588,30.2342770697259,0,55.2987580327766,91.6999958966834,6.842,7.151,4.21366666666667
"102",2025-10-12 01:41:00,0.0995,0.1695,0.0995,0.3264595,0.5561295,4.79571922741611,6.97559160351434,33.6941176470588,30.233686470011,0,55.3247884719186,91.6999958966834,6.8785,7.192,4.19833333333333
"103",2025-10-12 01:42:00,0.099,0.169,0.099,0.324819,0.554489,4.79571922741611,6.97559160351434,33.6941176470588,30.233095870296,0,55.3508189110607,91.6999958966834,6.915,7.233,4.183
"104",2025-10-12 01:43:00,0.0985,0.1685,0.0985,0.3231785,0.5528485,4.79571922741611,6.97559160351434,33.6941176470588,30.232505270581,0,55.3768493502027,91.6999958966834,6.95216666666667,7.2735,4.16766666666667
"105",2025-10-12 01:44:00,0.098,0.168,0.098,0.321538,0.551208,4.79571922741611,6.97559160351434,33.6941176470588,30.2319146708661,0,55.4028797893448,91.6999958966834,6.98933333333333,7.314,4.15233333333333
"106",2025-10-12 01:45:00,0.0975,0.1675,0.0975,0.3198975,0.5495675,4.79571922741611,6.97559160351434,33.6941176470588,30.2313240711511,0,55.4289102284868,91.6999958966834,7.0265,7.3545,4.137
"107",2025-10-12 01:46:00,0.097,0.167,0.097,0.318257,0.547927,4.62132943732825,6.71400691838255,33.9749019607843,30.2295522720062,0,55.437584968961,91.7199958957885,7.06366666666667,7.395,4.12166666666667
"108",2025-10-12 01:47:00,0.0965,0.1665,0.0965,0.3166165,0.5462865,4.44693964724039,6.45242223325076,34.2556862745098,30.2277804728614,0,55.4462597094352,91.7399958948935,7.10083333333333,7.4355,4.10633333333333
"109",2025-10-12 01:48:00,0.096,0.166,0.096,0.314976,0.544646,4.27254985715253,6.19083754811897,34.5364705882353,30.2260086737165,0,55.4549344499094,91.7599958939986,7.138,7.476,4.091
"110",2025-10-12 01:49:00,0.0955,0.1655,0.0955,0.3133355,0.5430055,4.09816006706467,5.92925286298719,34.8172549019608,30.2242368745716,0,55.4636091903836,91.7799958931036,7.1745,7.51433333333333,4.07566666666667
"111",2025-10-12 01:50:00,0.095,0.165,0.095,0.311695,0.541365,3.92377027697681,5.6676681778554,35.0980392156863,30.2224650754267,0,55.4722839308578,91.7999958922087,7.211,7.55266666666667,4.06033333333333
"112",2025-10-12 01:51:00,0.0945,0.1645,0.0945,0.3100545,0.5397245,4.35974475219646,6.62681202333862,37.9058823529412,30.2230556751417,0,55.5503109150439,91.6999958966834,7.2475,7.591,4.045
"113",2025-10-12 01:52:00,0.094,0.164,0.094,0.308414,0.538084,4.79571922741611,7.58595586882184,40.7137254901961,30.2236462748566,0,55.6283378992299,91.5999959011581,7.284,7.62933333333333,4.02966666666667
"114",2025-10-12 01:53:00,0.0935,0.1635,0.0935,0.3067735,0.5364435,5.23169370263575,8.54509971430506,43.521568627451,30.2242368745716,0,55.706364883416,91.4999959056328,7.3205,7.66766666666667,4.01433333333333
"115",2025-10-12 01:54:00,0.093,0.163,0.093,0.305133,0.534803,5.6676681778554,9.50424355978828,46.3294117647059,30.2248274742866,0,55.784391867602,91.3999959101076,7.357,7.706,3.999
"116",2025-10-12 01:55:00,0.0925,0.1625,0.0925,0.3034925,0.5331625,6.10364265307504,10.4633874052715,49.1372549019608,30.2254180740015,0,55.8624188517881,91.2999959145823,7.3925,7.741,3.981
"117",2025-10-12 01:56:00,0.092,0.162,0.092,0.301852,0.531522,6.45242223325076,10.3761925102276,49.9796078431373,30.2242368745716,0,55.8970717089852,91.0999959235317,7.428,7.776,3.963
"118",2025-10-12 01:57:00,0.0915,0.1615,0.0915,0.3002115,0.5298815,6.80120181342648,10.2889976151836,50.8219607843137,30.2230556751417,0,55.9317245661823,90.8999959324812,7.4635,7.811,3.945
"119",2025-10-12 01:58:00,0.091,0.161,0.091,0.298571,0.528241,7.1499813936022,10.2018027201397,51.6643137254902,30.2218744757118,0,55.9663774233794,90.6999959414306,7.499,7.846,3.927
"120",2025-10-12 01:59:00,0.0905,0.1605,0.0905,0.2969305,0.5266005,7.49876097377791,10.1146078250958,52.5066666666667,30.2206932762819,0,56.0010302805765,90.49999595038,7.5345,7.881,3.909
"121",2025-10-12 02:00:00,0.09,0.16,0.09,0.29529,0.52496,7.84754055395363,10.0274129300519,53.3490196078431,30.2195120768519,0,56.0356831377736,90.2999959593295,7.57,7.916,3.891
"122",2025-10-12 02:01:00,0.09,0.16,0.09,0.29529,0.52496,7.7603456589097,9.94021803500793,53.3490196078431,30.218921477137,0,56.0443439276496,90.3199959584345,7.60733333333333,7.94816666666667,3.87133333333333
"123",2025-10-12 02:02:00,0.09,0.16,0.09,0.29529,0.52496,7.67315076386577,9.853023139964,53.3490196078431,30.218330877422,0,56.0530047175256,90.3399959575396,7.64466666666667,7.98033333333333,3.85166666666667
"124",2025-10-12 02:03:00,0.09,0.16,0.09,0.29529,0.52496,7.58595586882184,9.76582824492007,53.3490196078431,30.2177402777071,0,56.0616655074016,90.3599959566446,7.682,8.0125,3.832
"125",2025-10-12 02:04:00,0.09,0.16,0.09,0.29529,0.52496,7.49876097377791,9.67863334987614,53.3490196078431,30.2171496779921,0,56.0703262972777,90.3799959557497,7.71933333333333,8.04466666666667,3.81233333333333
"126",2025-10-12 02:05:00,0.09,0.16,0.09,0.29529,0.52496,7.41156607873398,9.59143845483221,53.3490196078431,30.2165590782771,0,56.0789870871537,90.3999959548547,7.75666666666667,8.07683333333333,3.79266666666667
"127",2025-10-12 02:06:00,0.09,0.16,0.09,0.29529,0.52496,7.32437118369005,9.67863334987614,53.3490196078431,30.2153778788472,0,56.0876469169263,90.3399959575396,7.794,8.109,3.773
"128",2025-10-12 02:07:00,0.09,0.16,0.09,0.29529,0.52496,7.23717628864612,9.76582824492007,53.3490196078431,30.2141966794173,0,56.096306746699,90.2799959602244,7.8235,8.14016666666667,3.75383333333333
"129",2025-10-12 02:08:00,0.09,0.16,0.09,0.29529,0.52496,7.1499813936022,9.853023139964,53.3490196078431,30.2130154799874,0,56.1049665764716,90.2199959629092,7.853,8.17133333333333,3.73466666666667
"130",2025-10-12 02:09:00,0.09,0.16,0.09,0.29529,0.52496,7.06278649855827,9.94021803500793,53.3490196078431,30.2118342805575,0,56.1136264062443,90.1599959655941,7.8825,8.2025,3.7155
"131",2025-10-12 02:10:00,0.09,0.16,0.09,0.29529,0.52496,6.97559160351434,10.0274129300519,53.3490196078431,30.2106530811275,0,56.1222862360169,90.0999959682789,7.912,8.23366666666667,3.69633333333333
"132",2025-10-12 02:11:00,0.09,0.16,0.09,0.29529,0.52496,6.80120181342648,9.76582824492007,53.0682352941176,30.2100624814126,0,56.1309451105118,90.0399959709637,7.9415,8.26483333333333,3.67716666666667
"133",2025-10-12 02:12:00,0.09,0.16,0.09,0.29529,0.52496,6.62681202333862,9.50424355978828,52.7874509803922,30.2094718816976,0,56.1396039850067,89.9799959736486,7.971,8.296,3.658
"134",2025-10-12 02:13:00,0.09,0.16,0.09,0.29529,0.52496,6.45242223325076,9.2426588746565,52.5066666666667,30.2088812819827,0,56.1482628595016,89.9199959763334,7.99933333333333,8.3245,3.63666666666667
"135",2025-10-12 02:14:00,0.09,0.16,0.09,0.29529,0.52496,6.2780324431629,8.98107418952471,52.2258823529412,30.2082906822677,0,56.1569217339965,89.8599959790182,8.02766666666667,8.353,3.61533333333333
"136",2025-10-12 02:15:00,0.09,0.16,0.09,0.29529,0.52496,6.10364265307504,8.71948950439292,51.9450980392157,30.2077000825528,0,56.1655806084914,89.7999959817031,8.056,8.3815,3.594
"137",2025-10-12 02:16:00,0.09,0.16,0.09,0.29529,0.52496,5.92925286298719,8.54509971430506,51.9450980392157,30.2071094828378,0,56.1569217339965,89.8599959790182,8.08433333333333,8.41,3.57266666666667
"138",2025-10-12 02:17:00,0.09,0.16,0.09,0.29529,0.52496,5.75486307289933,8.3707099242172,51.9450980392157,30.2065188831228,0,56.1482628595016,89.9199959763334,8.11266666666667,8.4385,3.55133333333333
"139",2025-10-12 02:18:00,0.09,0.16,0.09,0.29529,0.52496,5.58047328281147,8.19632013412935,51.9450980392157,30.2059282834079,0,56.1396039850067,89.9799959736486,8.141,8.467,3.53
"140",2025-10-12 02:19:00,0.09,0.16,0.09,0.29529,0.52496,5.40608349272361,8.02193034404149,51.9450980392157,30.2053376836929,0,56.1309451105118,90.0399959709637,8.16966666666667,8.497,3.507
"141",2025-10-12 02:20:00,0.09,0.16,0.09,0.29529,0.52496,5.23169370263575,7.84754055395363,51.9450980392157,30.204747083978,0,56.1222862360169,90.0999959682789,8.19833333333333,8.527,3.484
"142",2025-10-12 02:21:00,0.091,0.161,0.091,0.298571,0.528241,5.14449880759182,8.10912523908542,50.8219607843137,30.204156484263,0,56.1222862360169,90.0599959700688,8.227,8.557,3.461
"143",2025-10-12 02:22:00,0.092,0.162,0.092,0.301852,0.531522,5.05730391254789,8.3707099242172,49.6988235294118,30.203565884548,0,56.1222862360169,90.0199959718587,8.25566666666667,8.587,3.438
"144",2025-10-12 02:23:00,0.093,0.163,0.093,0.305133,0.534803,4.97010901750396,8.63229460934899,48.5756862745098,30.2029752848331,0,56.1222862360169,89.9799959736486,8.28433333333333,8.617,3.415
"145",2025-10-12 02:24:00,0.094,0.164,0.094,0.308414,0.538084,4.88291412246004,8.89387929448078,47.4525490196079,30.2023846851181,0,56.1222862360169,89.9399959754384,8.313,8.647,3.392
"146",2025-10-12 02:25:00,0.095,0.165,0.095,0.311695,0.541365,4.79571922741611,9.15546397961257,46.3294117647059,30.2017940854032,0,56.1222862360169,89.8999959772283,8.3405,8.67333333333333,3.37066666666667
"147",2025-10-12 02:26:00,0.096,0.166,0.096,0.314976,0.544646,4.70852433237218,8.71948950439292,46.6101960784314,30.2012034856882,0,56.1136264062443,89.8799959781233,8.368,8.69966666666667,3.34933333333333
"148",2025-10-12 02:27:00,0.097,0.167,0.097,0.318257,0.547927,4.62132943732825,8.28351502917327,46.8909803921569,30.2006128859732,0,56.1049665764716,89.8599959790182,8.3955,8.726,3.328
"149",2025-10-12 02:28:00,0.098,0.168,0.098,0.321538,0.551208,4.53413454228432,7.84754055395363,47.1717647058824,30.2000222862583,0,56.096306746699,89.8399959799132,8.423,8.75233333333333,3.30666666666667
"150",2025-10-12 02:29:00,0.099,0.169,0.099,0.324819,0.554489,4.44693964724039,7.41156607873398,47.4525490196078,30.1994316865433,0,56.0876469169263,89.8199959808081,8.4505,8.77866666666667,3.28533333333333
"151",2025-10-12 02:30:00,0.1,0.17,0.1,0.3281,0.55777,4.35974475219646,6.97559160351434,47.7333333333333,30.1988410868284,0,56.0789870871537,89.7999959817031,8.478,8.805,3.264
"152",2025-10-12 02:31:00,0.101,0.171,0.101,0.331381,0.561051,4.44693964724039,7.06278649855827,48.0141176470588,30.1982504871134,0,56.0876469169263,89.6799959870727,8.49883333333333,8.83066666666667,3.24383333333333
"153",2025-10-12 02:32:00,0.102,0.172,0.102,0.334662,0.564332,4.53413454228432,7.1499813936022,48.2949019607843,30.1976598873984,0,56.096306746699,89.5599959924424,8.51966666666667,8.85633333333333,3.22366666666667
"154",2025-10-12 02:33:00,0.103,0.173,0.103,0.337943,0.567613,4.62132943732825,7.23717628864612,48.5756862745098,30.1970692876835,0,56.1049665764716,89.439995997812,8.5405,8.882,3.2035
"155",2025-10-12 02:34:00,0.104,0.174,0.104,0.341224,0.570894,4.70852433237218,7.32437118369005,48.8564705882353,30.1964786879685,0,56.1136264062443,89.3199960031817,8.56133333333333,8.90766666666667,3.18333333333333
"156",2025-10-12 02:35:00,0.105,0.175,0.105,0.344505,0.574175,4.79571922741611,7.41156607873398,49.1372549019608,30.1958880882536,0,56.1222862360169,89.1999960085514,8.58216666666667,8.93333333333333,3.16316666666667
"157",2025-10-12 02:36:00,0.106,0.176,0.106,0.347786,0.577456,5.14449880759182,7.84754055395363,49.9796078431373,30.1958880882536,0,56.1569160505173,88.9799960183958,8.603,8.959,3.143
"158",2025-10-12 02:37:00,0.107,0.177,0.107,0.351067,0.580737,5.49327838776754,8.28351502917327,50.8219607843137,30.1958880882536,0,56.1915458650176,88.7599960282401,8.62266666666667,8.98133333333333,3.12116666666667
"159",2025-10-12 02:38:00,0.108,0.178,0.108,0.354348,0.584018,5.84205796794326,8.71948950439292,51.6643137254902,30.1958880882536,0,56.226175679518,88.5399960380845,8.64233333333333,9.00366666666667,3.09933333333333
"160",2025-10-12 02:39:00,0.109,0.179,0.109,0.357629,0.587299,6.19083754811897,9.15546397961257,52.5066666666667,30.1958880882536,0,56.2608054940183,88.3199960479289,8.662,9.026,3.0775
"161",2025-10-12 02:40:00,0.11,0.18,0.11,0.36091,0.59058,6.53961712829469,9.59143845483221,53.3490196078431,30.1958880882536,0,56.2954353085187,88.0999960577733,8.68166666666667,9.04833333333333,3.05566666666667
"162",2025-10-12 02:41:00,0.111,0.183,0.111,0.364191,0.600423,7.1499813936022,10.2018027201397,53.0682352941176,30.1952974885386,0,56.3040904100685,87.9799960631429,8.70133333333333,9.07066666666667,3.03383333333333
"163",2025-10-12 02:42:00,0.112,0.186,0.112,0.367472,0.610266,7.7603456589097,10.8121669854472,52.7874509803922,30.1947068888237,0,56.3127455116183,87.8599960685126,8.721,9.093,3.012
"164",2025-10-12 02:43:00,0.113,0.189,0.113,0.370753,0.620109,8.3707099242172,11.4225312507547,52.5066666666667,30.1941162891087,0,56.321400613168,87.7399960738823,8.74033333333333,9.115,2.9885
"165",2025-10-12 02:44:00,0.114,0.192,0.114,0.374034,0.629952,8.98107418952471,12.0328955160622,52.2258823529412,30.1935256893937,0,56.3300557147178,87.6199960792519,8.75966666666667,9.137,2.965
"166",2025-10-12 02:45:00,0.115,0.195,0.115,0.377315,0.639795,9.59143845483221,12.6432597813697,51.9450980392157,30.1929350896788,0,56.3387108162676,87.4999960846216,8.779,9.159,2.9415
"167",2025-10-12 02:46:00,0.116,0.198,0.116,0.380596,0.649638,9.50424355978828,12.294480201194,52.5066666666667,30.1929350896788,0,56.347364986601,87.5199960837266,8.79833333333333,9.181,2.918
"168",2025-10-12 02:47:00,0.117,0.201,0.117,0.383877,0.659481,9.41704866474435,11.9457006210183,53.0682352941177,30.1929350896788,0,56.3560191569345,87.5399960828317,8.81766666666667,9.203,2.8945
"169",2025-10-12 02:48:00,0.118,0.204,0.118,0.387158,0.669324,9.32985376970042,11.5969210408426,53.6298039215686,30.1929350896788,0,56.3646733272679,87.5599960819367,8.837,9.225,2.871
"170",2025-10-12 02:49:00,0.119,0.207,0.119,0.390439,0.679167,9.2426588746565,11.2481414606669,54.1913725490196,30.1929350896788,0,56.3733274976013,87.5799960810418,8.85466666666667,9.23916666666667,2.84966666666667
"171",2025-10-12 02:50:00,0.12,0.21,0.12,0.39372,0.68901,9.15546397961257,10.8993618804912,54.7529411764706,30.1929350896788,0,56.3819816679348,87.5999960801469,8.87233333333333,9.25333333333333,2.82833333333333
"172",2025-10-12 02:51:00,0.121,0.213,0.121,0.397001,0.698853,8.98107418952471,10.8993618804912,54.7529411764706,30.1929350896788,0,56.3906349118513,87.5799960810418,8.89,9.2675,2.807
"173",2025-10-12 02:52:00,0.122,0.216,0.122,0.400282,0.708696,8.80668439943685,10.8993618804912,54.7529411764706,30.1929350896788,0,56.3992881557679,87.5599960819367,8.90766666666667,9.28166666666667,2.78566666666667
"174",2025-10-12 02:53:00,0.123,0.219,0.123,0.403563,0.718539,8.63229460934899,10.8993618804912,54.7529411764706,30.1929350896788,0,56.4079413996844,87.5399960828317,8.92533333333333,9.29583333333333,2.76433333333333
"175",2025-10-12 02:54:00,0.124,0.222,0.124,0.406844,0.728382,8.45790481926113,10.8993618804912,54.7529411764706,30.1929350896788,0,56.416594643601,87.5199960837266,8.943,9.31,2.743
"176",2025-10-12 02:55:00,0.125,0.225,0.125,0.410125,0.738225,8.28351502917327,10.8993618804912,54.7529411764706,30.1929350896788,0,56.4252478875175,87.4999960846216,8.96133333333333,9.321,2.72216666666667
"177",2025-10-12 02:56:00,0.126,0.228,0.126,0.413406,0.748068,8.28351502917327,11.073751670579,54.7529411764706,30.1923444899638,0,56.4252478875175,87.5199960837266,8.97966666666667,9.332,2.70133333333333
"178",2025-10-12 02:57:00,0.127,0.231,0.127,0.416687,0.757911,8.28351502917327,11.2481414606669,54.7529411764706,30.1917538902489,0,56.4252478875175,87.5399960828317,8.998,9.343,2.6805
"179",2025-10-12 02:58:00,0.128,0.234,0.128,0.419968,0.767754,8.28351502917327,11.4225312507547,54.7529411764706,30.1911632905339,0,56.4252478875175,87.5599960819367,9.01633333333333,9.354,2.65966666666667
"180",2025-10-12 02:59:00,0.129,0.237,0.129,0.423249,0.777597,8.28351502917327,11.5969210408426,54.7529411764706,30.1905726908189,0,56.4252478875175,87.5799960810418,9.03466666666667,9.365,2.63883333333333
"181",2025-10-12 03:00:00,0.13,0.24,0.13,0.42653,0.78744,8.28351502917327,11.7713108309304,54.7529411764706,30.189982091104,0,56.4252478875175,87.5999960801469,9.053,9.376,2.618
"182",2025-10-12 03:01:00,0.1325,0.244,0.1325,0.4347325,0.800564,8.19632013412935,11.7713108309304,54.7529411764706,30.1905726908189,0,56.416594643601,87.7199960747772,9.06916666666667,9.3835,2.59616666666667
"183",2025-10-12 03:02:00,0.135,0.248,0.135,0.442935,0.813688,8.10912523908542,11.7713108309304,54.7529411764706,30.1911632905339,0,56.4079413996844,87.8399960694075,9.08533333333333,9.391,2.57433333333333
"184",2025-10-12 03:03:00,0.1375,0.252,0.1375,0.4511375,0.826812,8.02193034404149,11.7713108309304,54.7529411764706,30.1917538902489,0,56.3992881557679,87.9599960640379,9.1015,9.3985,2.5525
"185",2025-10-12 03:04:00,0.14,0.256,0.14,0.45934,0.839936,7.93473544899756,11.7713108309304,54.7529411764706,30.1923444899638,0,56.3906349118513,88.0799960586682,9.11766666666667,9.406,2.53066666666667
"186",2025-10-12 03:05:00,0.1425,0.26,0.1425,0.4675425,0.85306,7.84754055395363,11.7713108309304,54.7529411764706,30.1929350896788,0,56.3819816679348,88.1999960532985,9.13383333333333,9.4135,2.50883333333333
"187",2025-10-12 03:06:00,0.145,0.264,0.145,0.475745,0.866184,7.93473544899756,12.0328955160622,54.7529411764706,30.1929350896788,0,56.3992872341462,88.1399960559834,9.15,9.421,2.487
"188",2025-10-12 03:07:00,0.1475,0.268,0.1475,0.4839475,0.879308,8.02193034404149,12.294480201194,54.7529411764706,30.1929350896788,0,56.4165928003577,88.0799960586682,9.1585,9.43533333333333,2.46516666666667
"189",2025-10-12 03:08:00,0.15,0.272,0.15,0.49215,0.892432,8.10912523908542,12.5560648863258,54.7529411764706,30.1929350896788,0,56.4338983665692,88.019996061353,9.167,9.44966666666667,2.44333333333333
"190",2025-10-12 03:09:00,0.1525,0.276,0.1525,0.5003525,0.905556,8.19632013412935,12.8176495714576,54.7529411764706,30.1929350896788,0,56.4512039327806,87.9599960640379,9.1755,9.464,2.4215
"191",2025-10-12 03:10:00,0.155,0.28,0.155,0.508555,0.91868,8.28351502917327,13.0792342565894,54.7529411764706,30.1929350896788,0,56.4685094989921,87.8999960667227,9.184,9.47833333333333,2.39966666666667
"192",2025-10-12 03:11:00,0.1575,0.284,0.1575,0.5167575,0.931804,8.10912523908542,12.5560648863258,54.4721568627451,30.1935256893937,0,56.4685094989921,88.019996061353,9.1925,9.49266666666667,2.37783333333333
"193",2025-10-12 03:12:00,0.16,0.288,0.16,0.52496,0.944928,7.93473544899756,12.0328955160622,54.1913725490196,30.1941162891087,0,56.4685094989921,88.1399960559834,9.201,9.507,2.356
"194",2025-10-12 03:13:00,0.1625,0.292,0.1625,0.5331625,0.958052,7.7603456589097,11.5097261457987,53.9105882352941,30.1947068888237,0,56.4685094989921,88.2599960506137,9.2125,9.51683333333333,2.33516666666667
"195",2025-10-12 03:14:00,0.165,0.296,0.165,0.541365,0.971176,7.58595586882184,10.9865567755351,53.6298039215686,30.1952974885386,0,56.4685094989921,88.379996045244,9.224,9.52666666666667,2.31433333333333
"196",2025-10-12 03:15:00,0.1675,0.3,0.1675,0.5495675,0.9843,7.41156607873398,10.4633874052715,53.3490196078431,30.1958880882536,0,56.4685094989921,88.4999960398744,9.2355,9.5365,2.2935
"197",2025-10-12 03:16:00,0.17,0.304,0.17,0.55777,0.997424,7.49876097377791,11.073751670579,53.3490196078431,30.1941162891087,0,56.4685094989921,88.4799960407693,9.247,9.54633333333333,2.27266666666667
"198",2025-10-12 03:17:00,0.1725,0.308,0.1725,0.5659725,1.010548,7.58595586882184,11.6841159358865,53.3490196078431,30.1923444899638,0,56.4685094989921,88.4599960416643,9.2585,9.55616666666667,2.25183333333333
"199",2025-10-12 03:18:00,0.175,0.312,0.175,0.574175,1.023672,7.67315076386577,12.294480201194,53.3490196078431,30.1905726908189,0,56.4685094989921,88.4399960425592,9.27,9.566,2.231
"200",2025-10-12 03:19:00,0.1775,0.316,0.1775,0.5823775,1.036796,7.7603456589097,12.9048444665015,53.3490196078431,30.1888008916741,0,56.4685094989921,88.4199960434542,9.2805,9.57366666666667,2.21233333333333
"201",2025-10-12 03:20:00,0.18,0.32,0.18,0.59058,1.04992,7.84754055395363,13.515208731809,53.3490196078431,30.1870290925292,0,56.4685094989921,88.3999960443491,9.291,9.58133333333333,2.19366666666667
"202",2025-10-12 03:21:00,0.181,0.322,0.181,0.593861,1.056482,8.02193034404149,13.4280138367651,53.0682352941176,30.1876196922441,0,56.485811397876,88.3999960443491,9.3015,9.589,2.175
"203",2025-10-12 03:22:00,0.182,0.324,0.182,0.597142,1.063044,8.19632013412935,13.3408189417212,52.7874509803922,30.1882102919591,0,56.50311329676,88.3999960443491,9.312,9.59666666666667,2.15633333333333
"204",2025-10-12 03:23:00,0.183,0.326,0.183,0.600423,1.069606,8.3707099242172,13.2536240466772,52.5066666666667,30.1888008916741,0,56.520415195644,88.3999960443491,9.3225,9.60433333333333,2.13766666666667
"205",2025-10-12 03:24:00,0.184,0.328,0.184,0.603704,1.076168,8.54509971430506,13.1664291516333,52.2258823529412,30.189391491389,0,56.5377170945279,88.3999960443491,9.333,9.612,2.119
"206",2025-10-12 03:25:00,0.185,0.33,0.185,0.606985,1.08273,8.71948950439292,13.0792342565894,51.9450980392157,30.189982091104,0,56.5550189934119,88.3999960443491,9.341,9.61966666666667,2.1015
"207",2025-10-12 03:26:00,0.186,0.332,0.186,0.610266,1.089292,8.63229460934899,12.9048444665015,52.5066666666667,30.1905726908189,0,56.5550189934119,88.4199960434542,9.349,9.62733333333333,2.084
"208",2025-10-12 03:27:00,0.187,0.334,0.187,0.613547,1.095854,8.54509971430506,12.7304546764137,53.0682352941177,30.1911632905339,0,56.5550189934119,88.4399960425592,9.357,9.635,2.0665
"209",2025-10-12 03:28:00,0.188,0.336,0.188,0.616828,1.102416,8.45790481926113,12.5560648863258,53.6298039215686,30.1917538902489,0,56.5550189934119,88.4599960416643,9.365,9.64266666666667,2.049
"210",2025-10-12 03:29:00,0.189,0.338,0.189,0.620109,1.108978,8.3707099242172,12.3816750962379,54.1913725490196,30.1923444899638,0,56.5550189934119,88.4799960407693,9.373,9.65033333333333,2.0315
"211",2025-10-12 03:30:00,0.19,0.34,0.19,0.62339,1.11554,8.28351502917327,12.2072853061501,54.7529411764706,30.1929350896788,0,56.5550189934119,88.4999960398744,9.381,9.658,2.014
"212",2025-10-12 03:31:00,0.191,0.342,0.191,0.626671,1.122102,8.45790481926113,12.6432597813697,54.4721568627451,30.1929350896788,0,56.5636685795702,88.4599960416643,9.38083333333333,9.66833333333333,1.99766666666667
"213",2025-10-12 03:32:00,0.192,0.344,0.192,0.629952,1.128664,8.63229460934899,13.0792342565894,54.1913725490196,30.1929350896788,0,56.5723181657284,88.4199960434542,9.38066666666667,9.67866666666667,1.98133333333333
"214",2025-10-12 03:33:00,0.193,0.346,0.193,0.633233,1.135226,8.80668439943685,13.515208731809,53.9105882352941,30.1929350896788,0,56.5809677518867,88.379996045244,9.3805,9.689,1.965
"215",2025-10-12 03:34:00,0.194,0.348,0.194,0.636514,1.141788,8.98107418952471,13.9511832070287,53.6298039215686,30.1929350896788,0,56.589617338045,88.3399960470339,9.38033333333333,9.69933333333333,1.94866666666667
"216",2025-10-12 03:35:00,0.195,0.35,0.195,0.639795,1.14835,9.15546397961257,14.3871576822483,53.3490196078431,30.1929350896788,0,56.5982669242033,88.2999960488238,9.38016666666667,9.70966666666667,1.93233333333333
"217",2025-10-12 03:36:00,0.196,0.352,0.196,0.643076,1.154912,9.06826908456864,14.2999627872044,53.0682352941176,30.1935256893937,0,56.6069156078782,88.359996046139,9.38,9.72,1.916
"218",2025-10-12 03:37:00,0.197,0.354,0.197,0.646357,1.161474,8.98107418952471,14.2127678921605,52.7874509803922,30.1941162891087,0,56.615564291553,88.4199960434542,9.3805,9.725,1.89966666666667
"219",2025-10-12 03:38:00,0.198,0.356,0.198,0.649638,1.168036,8.89387929448078,14.1255729971165,52.5066666666667,30.1947068888237,0,56.6242129752279,88.4799960407693,9.381,9.73,1.88333333333333
"220",2025-10-12 03:39:00,0.199,0.358,0.199,0.652919,1.174598,8.80668439943685,14.0383781020726,52.2258823529412,30.1952974885386,0,56.6328616589028,88.5399960380845,9.3815,9.735,1.867
"221",2025-10-12 03:40:00,0.2,0.36,0.2,0.6562,1.18116,8.71948950439292,13.9511832070287,51.9450980392157,30.1958880882536,0,56.6415103425776,88.5999960353997,9.382,9.74,1.85066666666667
"222",2025-10-12 03:41:00,0.2025,0.3645,0.2025,0.6644025,1.1959245,8.54509971430506,13.515208731809,52.2258823529412,30.1958880882536,0,56.6415103425776,88.5599960371896,9.3825,9.745,1.83433333333333
"223",2025-10-12 03:42:00,0.205,0.369,0.205,0.672605,1.210689,8.3707099242172,13.0792342565894,52.5066666666667,30.1958880882536,0,56.6415103425776,88.5199960389794,9.383,9.75,1.818
"224",2025-10-12 03:43:00,0.2075,0.3735,0.2075,0.6808075,1.2254535,8.19632013412935,12.6432597813697,52.7874509803922,30.1958880882536,0,56.6415103425776,88.4799960407693,9.38233333333333,9.7575,1.802
"225",2025-10-12 03:44:00,0.21,0.378,0.21,0.68901,1.240218,8.02193034404149,12.2072853061501,53.0682352941176,30.1958880882536,0,56.6415103425776,88.4399960425592,9.38166666666667,9.765,1.786
"226",2025-10-12 03:45:00,0.2125,0.3825,0.2125,0.6972125,1.2549825,7.84754055395363,11.7713108309304,53.3490196078431,30.1958880882536,0,56.6415103425776,88.3999960443491,9.381,9.7725,1.77
"227",2025-10-12 03:46:00,0.215,0.387,0.215,0.705415,1.269747,7.93473544899756,12.0328955160622,54.1913725490196,30.1947068888237,0,56.6415103425776,88.4599960416643,9.38033333333333,9.78,1.754
"228",2025-10-12 03:47:00,0.2175,0.3915,0.2175,0.7136175,1.2845115,8.02193034404149,12.294480201194,55.0337254901961,30.1935256893937,0,56.6415103425776,88.5199960389794,9.37966666666667,9.7875,1.738
"229",2025-10-12 03:48:00,0.22,0.396,0.22,0.72182,1.299276,8.10912523908542,12.5560648863258,55.8760784313725,30.1923444899638,0,56.6415103425776,88.5799960362946,9.379,9.795,1.722
"230",2025-10-12 03:49:00,0.2225,0.4005,0.2225,0.7300225,1.3140405,8.19632013412935,12.8176495714576,56.718431372549,30.1911632905339,0,56.6415103425776,88.6399960336098,9.3745,9.79066666666667,1.70833333333333
"231",2025-10-12 03:50:00,0.225,0.405,0.225,0.738225,1.328805,8.28351502917327,13.0792342565894,57.5607843137255,30.189982091104,0,56.6415103425776,88.699996030925,9.37,9.78633333333333,1.69466666666667
"232",2025-10-12 03:51:00,0.2275,0.4095,0.2275,0.7464275,1.3435695,8.71948950439292,13.4280138367651,56.9992156862745,30.189982091104,0,56.6588050215697,88.7399960291351,9.3655,9.782,1.681
"233",2025-10-12 03:52:00,0.23,0.414,0.23,0.75463,1.358334,9.15546397961257,13.7767934169408,56.4376470588235,30.189982091104,0,56.6760997005617,88.7799960273452,9.361,9.77766666666667,1.66733333333333
"234",2025-10-12 03:53:00,0.2325,0.4185,0.2325,0.7628325,1.3730985,9.59143845483221,14.1255729971165,55.8760784313726,30.189982091104,0,56.6933943795537,88.8199960255553,9.3565,9.77333333333333,1.65366666666667
"235",2025-10-12 03:54:00,0.235,0.423,0.235,0.771035,1.387863,10.0274129300519,14.4743525772922,55.3145098039216,30.189982091104,0,56.7106890585458,88.8599960237654,9.352,9.769,1.64
"236",2025-10-12 03:55:00,0.2375,0.4275,0.2375,0.7792375,1.4026275,10.4633874052715,14.823132157468,54.7529411764706,30.189982091104,0,56.7279837375378,88.8999960219755,9.3495,9.7635,1.62533333333333
"237",2025-10-12 03:56:00,0.24,0.432,0.24,0.78744,1.417392,10.3761925102276,14.9103270525119,55.0337254901961,30.189391491389,0,56.7279837375378,88.8799960228705,9.347,9.758,1.61066666666667
"238",2025-10-12 03:57:00,0.2425,0.4365,0.2425,0.7956425,1.4321565,10.2889976151836,14.9975219475558,55.3145098039216,30.1888008916741,0,56.7279837375378,88.8599960237654,9.3445,9.7525,1.596
"239",2025-10-12 03:58:00,0.245,0.441,0.245,0.803845,1.446921,10.2018027201397,15.0847168425998,55.5952941176471,30.1882102919591,0,56.7279837375378,88.8399960246604,9.342,9.747,1.58133333333333
"240",2025-10-12 03:59:00,0.2475,0.4455,0.2475,0.8120475,1.4616855,10.1146078250958,15.1719117376437,55.8760784313725,30.1876196922441,0,56.7279837375378,88.8199960255553,9.3395,9.7415,1.56666666666667
"241",2025-10-12 04:00:00,0.25,0.45,0.25,0.82025,1.47645,10.0274129300519,15.2591066326876,56.156862745098,30.1870290925292,0,56.7279837375378,88.7999960264502,9.337,9.736,1.552
"242",2025-10-12 04:01:00,0.2515,0.4525,0.2515,0.8251715,1.4846525,9.59143845483221,14.6487423673801,55.5952941176471,30.1876196922441,0,56.7106890585458,88.8599960237654,9.33416666666667,9.72783333333333,1.5355
"243",2025-10-12 04:02:00,0.253,0.455,0.253,0.830093,1.492855,9.15546397961257,14.0383781020726,55.0337254901961,30.1882102919591,0,56.6933943795537,88.9199960210806,9.33133333333333,9.71966666666667,1.519
"244",2025-10-12 04:03:00,0.2545,0.4575,0.2545,0.8350145,1.5010575,8.71948950439292,13.4280138367651,54.4721568627451,30.1888008916741,0,56.6760997005617,88.9799960183958,9.3285,9.7115,1.5025
"245",2025-10-12 04:04:00,0.256,0.46,0.256,0.839936,1.50926,8.28351502917327,12.8176495714576,53.9105882352941,30.189391491389,0,56.6588050215697,89.0399960157109,9.32566666666667,9.70333333333333,1.486
"246",2025-10-12 04:05:00,0.2575,0.4625,0.2575,0.8448575,1.5174625,7.84754055395363,12.2072853061501,53.3490196078431,30.189982091104,0,56.6415103425776,89.0999960130261,9.32283333333333,9.69516666666667,1.4695
"247",2025-10-12 04:06:00,0.259,0.465,0.259,0.849779,1.525665,7.84754055395363,12.294480201194,49.6988235294118,30.1905726908189,0,56.5203449016168,89.5399959933373,9.32,9.687,1.453
"248",2025-10-12 04:07:00,0.2605,0.4675,0.2605,0.8547005,1.5338675,7.84754055395363,12.3816750962379,46.0486274509804,30.1911632905339,0,56.399179460656,89.9799959736486,9.31116666666667,9.67283333333333,1.43933333333333
"249",2025-10-12 04:08:00,0.262,0.47,0.262,0.859622,1.54207,7.84754055395363,12.4688699912819,42.398431372549,30.1917538902489,0,56.2780140196952,90.4199959539598,9.30233333333333,9.65866666666667,1.42566666666667
"250",2025-10-12 04:09:00,0.2635,0.4725,0.2635,0.8645435,1.5502725,7.84754055395363,12.5560648863258,38.7482352941176,30.1923444899638,0,56.1568485787344,90.859995934271,9.2935,9.6445,1.412
"251",2025-10-12 04:10:00,0.265,0.475,0.265,0.869465,1.558475,7.84754055395363,12.6432597813697,35.0980392156863,30.1929350896788,0,56.0356831377736,91.2999959145823,9.28466666666667,9.63033333333333,1.39833333333333
"252",2025-10-12 04:11:00,0.2665,0.4775,0.2665,0.8743865,1.5666775,7.67315076386577,12.5560648863258,37.0635294117647,30.1923444899638,0,56.0962886734724,91.3399959127924,9.27583333333333,9.61616666666667,1.38466666666667
"253",2025-10-12 04:12:00,0.268,0.48,0.268,0.879308,1.57488,7.49876097377791,12.4688699912819,39.0290196078431,30.1917538902489,0,56.1568942091712,91.3799959110025,9.267,9.602,1.371
"254",2025-10-12 04:13:00,0.2695,0.4825,0.2695,0.8842295,1.5830825,7.32437118369005,12.3816750962379,40.9945098039216,30.1911632905339,0,56.21749974487,91.4199959092126,9.26666666666667,9.5905,1.36066666666667
"255",2025-10-12 04:14:00,0.271,0.485,0.271,0.889151,1.591285,7.1499813936022,12.294480201194,42.96,30.1905726908189,0,56.2781052805688,91.4599959074227,9.26633333333333,9.579,1.35033333333333
"256",2025-10-12 04:15:00,0.2725,0.4875,0.2725,0.8940725,1.5994875,6.97559160351434,12.2072853061501,44.9254901960784,30.189982091104,0,56.3387108162676,91.4999959056328,9.266,9.5675,1.34
"257",2025-10-12 04:16:00,0.274,0.49,0.274,0.898994,1.60769,7.7603456589097,12.9048444665015,46.6101960784314,30.189982091104,0,56.4165654005217,91.3199959136873,9.26566666666667,9.556,1.32966666666667
"258",2025-10-12 04:17:00,0.2755,0.4925,0.2755,0.9039155,1.6158925,8.54509971430506,13.602403626853,48.2949019607843,30.189982091104,0,56.4944199847757,91.1399959217418,9.26533333333333,9.5445,1.31933333333333
"259",2025-10-12 04:18:00,0.277,0.495,0.277,0.908837,1.624095,9.32985376970043,14.2999627872044,49.9796078431373,30.189982091104,0,56.5722745690297,90.9599959297963,9.265,9.533,1.309
"260",2025-10-12 04:19:00,0.2785,0.4975,0.2785,0.9137585,1.6322975,10.1146078250958,14.9975219475558,51.6643137254902,30.189982091104,0,56.6501291532838,90.7799959378508,9.24966666666667,9.52366666666667,1.29966666666667
"261",2025-10-12 04:20:00,0.28,0.5,0.28,0.91868,1.6405,10.8993618804912,15.6950811079073,53.3490196078431,30.189982091104,0,56.7279837375378,90.5999959459053,9.23433333333333,9.51433333333333,1.29033333333333
"262",2025-10-12 04:21:00,0.2825,0.5035,0.2825,0.9268825,1.6519835,11.2481414606669,16.1310555831269,53.3490196078431,30.1882102919591,0,56.7279837375378,90.4599959521699,9.219,9.505,1.281
"263",2025-10-12 04:22:00,0.285,0.507,0.285,0.935085,1.663467,11.5969210408426,16.5670300583465,53.3490196078431,30.1864384928142,0,56.7279837375378,90.3199959584345,9.20366666666667,9.49566666666667,1.27166666666667
"264",2025-10-12 04:23:00,0.2875,0.5105,0.2875,0.9432875,1.6749505,11.9457006210183,17.0030045335662,53.3490196078431,30.1846666936693,0,56.7279837375378,90.1799959646991,9.18833333333333,9.48633333333333,1.26233333333333
"265",2025-10-12 04:24:00,0.29,0.514,0.29,0.95149,1.686434,12.294480201194,17.4389790087858,53.3490196078431,30.1828948945245,0,56.7279837375378,90.0399959709637,9.173,9.477,1.253
"266",2025-10-12 04:25:00,0.2925,0.5175,0.2925,0.9596925,1.6979175,12.6432597813697,17.8749534840055,53.3490196078431,30.1811230953796,0,56.7279837375378,89.8999959772283,9.16133333333333,9.46333333333333,1.241
"267",2025-10-12 04:26:00,0.295,0.521,0.295,0.967895,1.709401,12.4688699912819,17.7005636939176,53.6298039215686,30.1805324956646,0,56.7193368445114,90.0199959718587,9.14966666666667,9.44966666666667,1.229
"268",2025-10-12 04:27:00,0.2975,0.5245,0.2975,0.9760975,1.7208845,12.294480201194,17.5261739038298,53.9105882352941,30.1799418959497,0,56.710689951485,90.139995966489,9.138,9.436,1.217
"269",2025-10-12 04:28:00,0.3,0.528,0.3,0.9843,1.732368,12.1200904111062,17.3517841137419,54.1913725490196,30.1793512962347,0,56.7020430584586,90.2599959611194,9.12633333333333,9.42233333333333,1.205
"270",2025-10-12 04:29:00,0.3025,0.5315,0.3025,0.9925025,1.7438515,11.9457006210183,17.1773943236541,54.4721568627451,30.1787606965198,0,56.6933961654322,90.3799959557497,9.11466666666667,9.40866666666667,1.193
"271",2025-10-12 04:30:00,0.305,0.535,0.305,1.000705,1.755335,11.7713108309304,17.0030045335662,54.7529411764706,30.1781700968048,0,56.6847492724057,90.49999595038,9.103,9.395,1.181
"272",2025-10-12 04:31:00,0.3075,0.5385,0.3075,1.0089075,1.7668185,11.4225312507547,16.7414198484344,53.9105882352941,30.1781700968048,0,56.6674528027652,90.4599959521699,9.08933333333333,9.3825,1.169
"273",2025-10-12 04:32:00,0.31,0.542,0.31,1.01711,1.778302,11.073751670579,16.4798351633026,53.0682352941176,30.1781700968048,0,56.6501563331248,90.4199959539598,9.07566666666667,9.37,1.157
"274",2025-10-12 04:33:00,0.3125,0.5455,0.3125,1.0253125,1.7897855,10.7249720904033,16.2182504781708,52.2258823529412,30.1781700968048,0,56.6328598634843,90.3799959557497,9.062,9.3575,1.145
"275",2025-10-12 04:34:00,0.315,0.549,0.315,1.033515,1.801269,10.3761925102276,15.956665793039,51.3835294117647,30.1781700968048,0,56.6155633938438,90.3399959575396,9.04833333333333,9.345,1.133
"276",2025-10-12 04:35:00,0.3175,0.5525,0.3175,1.0417175,1.8127525,10.0274129300519,15.6950811079073,50.5411764705882,30.1781700968048,0,56.5982669242033,90.2999959593295,9.03466666666667,9.3325,1.121
"277",2025-10-12 04:36:00,0.32,0.556,0.32,1.04992,1.824236,10.0274129300519,15.5206913178194,48.2949019607843,30.1787606965198,0,56.6069156078782,90.3199959584345,9.021,9.32,1.109
"278",2025-10-12 04:37:00,0.3225,0.5595,0.3225,1.0581225,1.8357195,10.0274129300519,15.3463015277315,46.0486274509804,30.1793512962347,0,56.615564291553,90.3399959575396,9.00616666666667,9.308,1.09866666666667
"279",2025-10-12 04:38:00,0.325,0.563,0.325,1.066325,1.847203,10.0274129300519,15.1719117376437,43.8023529411765,30.1799418959497,0,56.6242129752279,90.3599959566446,8.99133333333333,9.296,1.08833333333333
"280",2025-10-12 04:39:00,0.3275,0.5665,0.3275,1.0745275,1.8586865,10.0274129300519,14.9975219475558,41.5560784313725,30.1805324956646,0,56.6328616589028,90.3799959557497,8.9765,9.284,1.078
"281",2025-10-12 04:40:00,0.33,0.57,0.33,1.08273,1.87017,10.0274129300519,14.823132157468,39.3098039215686,30.1811230953796,0,56.6415103425776,90.3999959548547,8.96166666666667,9.272,1.06766666666667
"282",2025-10-12 04:41:00,0.3315,0.573,0.3315,1.0876515,1.880013,10.4633874052715,15.6950811079073,41.836862745098,30.1811230953796,0,56.6588050215697,90.1799959646991,8.94683333333333,9.26,1.05733333333333
"283",2025-10-12 04:42:00,0.333,0.576,0.333,1.092573,1.889856,10.8993618804912,16.5670300583465,44.3639215686275,30.1811230953796,0,56.6760997005617,89.9599959745435,8.932,9.248,1.047
"284",2025-10-12 04:43:00,0.3345,0.579,0.3345,1.0974945,1.899699,11.3353363557108,17.4389790087858,46.8909803921569,30.1811230953796,0,56.6933943795537,89.7399959843879,8.91383333333333,9.23583333333333,1.03816666666667
"285",2025-10-12 04:44:00,0.336,0.582,0.336,1.102416,1.909542,11.7713108309304,18.3109279592251,49.4180392156863,30.1811230953796,0,56.7106890585458,89.5199959942323,8.89566666666667,9.22366666666667,1.02933333333333
"286",2025-10-12 04:45:00,0.3375,0.585,0.3375,1.1073375,1.919385,12.2072853061501,19.1828769096644,51.9450980392157,30.1811230953796,0,56.7279837375378,89.2999960040766,8.8775,9.2115,1.0205
"287",2025-10-12 04:46:00,0.339,0.588,0.339,1.112259,1.929228,12.9048444665015,19.9676309650598,51.9450980392157,30.1805324956646,0,56.7366297423907,88.8599960237654,8.85933333333333,9.19933333333333,1.01166666666667
"288",2025-10-12 04:47:00,0.3405,0.591,0.3405,1.1171805,1.939071,13.602403626853,20.7523850204552,51.9450980392157,30.1799418959497,0,56.7452757472436,88.4199960434542,8.84116666666667,9.18716666666667,1.00283333333333
"289",2025-10-12 04:48:00,0.342,0.594,0.342,1.122102,1.948914,14.2999627872044,21.5371390758505,51.9450980392157,30.1793512962347,0,56.7539217520966,87.9799960631429,8.823,9.175,0.994
"290",2025-10-12 04:49:00,0.3435,0.597,0.3435,1.1270235,1.958757,14.9975219475558,22.3218931312459,51.9450980392157,30.1787606965198,0,56.7625677569495,87.5399960828317,8.8035,9.1625,0.986333333333333
"291",2025-10-12 04:50:00,0.345,0.6,0.345,1.131945,1.9686,15.6950811079073,23.1066471866412,51.9450980392157,30.1781700968048,0,56.7712137618024,87.0999961025204,8.784,9.15,0.978666666666667
"292",2025-10-12 04:51:00,0.3465,0.603,0.3465,1.1368665,1.978443,15.7822760029512,22.7578676064655,52.5066666666667,30.1781700968048,0,56.7798588832436,86.7399961186294,8.7645,9.1375,0.971
"293",2025-10-12 04:52:00,0.348,0.606,0.348,1.141788,1.988286,15.8694708979951,22.4090880262898,53.0682352941177,30.1781700968048,0,56.7885040046849,86.3799961347384,8.745,9.125,0.963333333333333
"294",2025-10-12 04:53:00,0.3495,0.609,0.3495,1.1467095,1.998129,15.956665793039,22.0603084461141,53.6298039215686,30.1781700968048,0,56.7971491261261,86.0199961508474,8.7255,9.1125,0.955666666666667
"295",2025-10-12 04:54:00,0.351,0.612,0.351,1.151631,2.007972,16.043860688083,21.7115288659384,54.1913725490196,30.1781700968048,0,56.8057942475674,85.6599961669564,8.706,9.1,0.948
"296",2025-10-12 04:55:00,0.3525,0.615,0.3525,1.1565525,2.017815,16.1310555831269,21.3627492857627,54.7529411764706,30.1781700968048,0,56.8144393690086,85.2999961830654,8.688,9.08033333333333,0.9425
"297",2025-10-12 04:56:00,0.354,0.618,0.354,1.161474,2.027658,16.4798351633026,21.4499441808066,54.7529411764706,30.1793512962347,0,56.8317269806826,84.8799962018592,8.67,9.06066666666667,0.937
"298",2025-10-12 04:57:00,0.3555,0.621,0.3555,1.1663955,2.037501,16.8286147434783,21.5371390758505,54.7529411764706,30.1805324956646,0,56.8490145923566,84.459996220653,8.652,9.041,0.9315
"299",2025-10-12 04:58:00,0.357,0.624,0.357,1.171317,2.047344,17.1773943236541,21.6243339708944,54.7529411764706,30.1817136950946,0,56.8663022040306,84.0399962394468,8.634,9.02133333333333,0.926
"300",2025-10-12 04:59:00,0.3585,0.627,0.3585,1.1762385,2.057187,17.5261739038298,21.7115288659384,54.7529411764706,30.1828948945245,0,56.8835898157046,83.6199962582406,8.616,9.00166666666667,0.9205
"301",2025-10-12 05:00:00,0.36,0.63,0.36,1.18116,2.06703,17.8749534840055,21.7987237609823,54.7529411764706,30.1840760939544,0,56.9008774273785,83.1999962770345,8.598,8.982,0.915
"302",2025-10-12 05:01:00,0.362,0.6335,0.362,1.187722,2.0785135,17.6133687988737,21.5371390758505,55.0337254901961,30.1846666936693,0,56.9095199271142,83.0999962815092,8.57633333333333,8.96333333333333,0.910666666666667
"303",2025-10-12 05:02:00,0.364,0.637,0.364,1.194284,2.089997,17.3517841137419,21.2755543907187,55.3145098039216,30.1852572933843,0,56.91816242685,82.9999962859839,8.55466666666667,8.94466666666667,0.906333333333333
"304",2025-10-12 05:03:00,0.366,0.6405,0.366,1.200846,2.1014805,17.0901994286101,21.0139697055869,55.5952941176471,30.1858478930993,0,56.9268049265857,82.8999962904586,8.533,8.926,0.902
"305",2025-10-12 05:04:00,0.368,0.644,0.368,1.207408,2.112964,16.8286147434783,20.7523850204552,55.8760784313725,30.1864384928142,0,56.9354474263214,82.7999962949333,8.51133333333333,8.90733333333333,0.897666666666667
"306",2025-10-12 05:05:00,0.37,0.6475,0.37,1.21397,2.1244475,16.5670300583465,20.4908003353234,56.156862745098,30.1870290925292,0,56.9440899260571,82.699996299408,8.48966666666667,8.88866666666667,0.893333333333333
"307",2025-10-12 05:06:00,0.372,0.651,0.372,1.220532,2.135931,16.4798351633026,20.5779952303673,56.718431372549,30.1870290925292,0,56.9613723370532,82.3599963146221,8.468,8.87,0.889
"308",2025-10-12 05:07:00,0.374,0.6545,0.374,1.227094,2.1474145,16.3926402682587,20.6651901254112,57.28,30.1870290925292,0,56.9786547480494,82.0199963298361,8.44816666666667,8.852,0.886333333333333
"309",2025-10-12 05:08:00,0.376,0.658,0.376,1.233656,2.158898,16.3054453732148,20.7523850204552,57.841568627451,30.1870290925292,0,56.9959371590456,81.6799963450502,8.42833333333333,8.834,0.883666666666667
"310",2025-10-12 05:09:00,0.378,0.6615,0.378,1.240218,2.1703815,16.2182504781708,20.8395799154991,58.403137254902,30.1870290925292,0,57.0132195700418,81.3399963602642,8.4085,8.816,0.881
"311",2025-10-12 05:10:00,0.38,0.665,0.38,1.24678,2.181865,16.1310555831269,20.926774810543,58.9647058823529,30.1870290925292,0,57.030501981038,80.9999963754782,8.38866666666667,8.798,0.878333333333333
"312",2025-10-12 05:11:00,0.382,0.6685,0.382,1.253342,2.1933485,16.5670300583465,21.1883594956748,58.403137254902,30.1882102919591,0,57.0132195700418,80.919996379058,8.36883333333333,8.78,0.875666666666667
"313",2025-10-12 05:12:00,0.384,0.672,0.384,1.259904,2.204832,17.0030045335662,21.4499441808066,57.841568627451,30.189391491389,0,56.9959371590456,80.8399963826378,8.349,8.762,0.873
"314",2025-10-12 05:13:00,0.386,0.6755,0.386,1.266466,2.2163155,17.4389790087858,21.7115288659384,57.28,30.1905726908189,0,56.9786547480494,80.7599963862176,8.34,8.7335,0.871333333333333
"315",2025-10-12 05:14:00,0.388,0.679,0.388,1.273028,2.227799,17.8749534840055,21.9731135510702,56.718431372549,30.1917538902489,0,56.9613723370532,80.6799963897974,8.331,8.705,0.869666666666667
"316",2025-10-12 05:15:00,0.39,0.6825,0.39,1.27959,2.2392825,18.3109279592251,22.234698236202,56.156862745098,30.1929350896788,0,56.9440899260571,80.5999963933771,8.322,8.6765,0.868
"317",2025-10-12 05:16:00,0.392,0.686,0.392,1.286152,2.250766,17.8749534840055,22.3218931312459,56.718431372549,30.1917538902489,0,56.9440899260571,81.0799963718985,8.313,8.648,0.866333333333333
"318",2025-10-12 05:17:00,0.394,0.6895,0.394,1.292714,2.2622495,17.4389790087858,22.4090880262898,57.28,30.1905726908189,0,56.9440899260571,81.5599963504198,8.304,8.6195,0.864666666666667
"319",2025-10-12 05:18:00,0.396,0.693,0.396,1.299276,2.273733,17.0030045335662,22.4962829213337,57.841568627451,30.189391491389,0,56.9440899260571,82.0399963289412,8.295,8.591,0.863
"320",2025-10-12 05:19:00,0.398,0.6965,0.398,1.305838,2.2852165,16.5670300583465,22.5834778163777,58.403137254902,30.1882102919591,0,56.9440899260571,82.5199963074625,8.27016666666667,8.56866666666667,0.860166666666667
"321",2025-10-12 05:20:00,0.4,0.7,0.4,1.3124,2.2967,16.1310555831269,22.6706727114216,58.9647058823529,30.1870290925292,0,56.9440899260571,82.9999962859839,8.24533333333333,8.54633333333333,0.857333333333333
"322",2025-10-12 05:21:00,0.4025,0.7035,0.4025,1.3206025,2.3081835,15.956665793039,22.234698236202,58.9647058823529,30.1870290925292,0,56.9268040574346,82.7999962949333,8.2205,8.524,0.8545
"323",2025-10-12 05:22:00,0.405,0.707,0.405,1.328805,2.319667,15.7822760029512,21.7987237609823,58.9647058823529,30.1870290925292,0,56.9095181888122,82.5999963038828,8.19566666666667,8.50166666666667,0.851666666666667
"324",2025-10-12 05:23:00,0.4075,0.7105,0.4075,1.3370075,2.3311505,15.6078862128633,21.3627492857627,58.9647058823529,30.1870290925292,0,56.8922323201898,82.3999963128322,8.17083333333333,8.47933333333333,0.848833333333333
"325",2025-10-12 05:24:00,0.41,0.714,0.41,1.34521,2.342634,15.4334964227755,20.926774810543,58.9647058823529,30.1870290925292,0,56.8749464515673,82.1999963217816,8.146,8.457,0.846
"326",2025-10-12 05:25:00,0.4125,0.7175,0.4125,1.3534125,2.3541175,15.2591066326876,20.4908003353234,58.9647058823529,30.1870290925292,0,56.8576605829449,81.9999963307311,8.12966666666667,8.43566666666667,0.8455
"327",2025-10-12 05:26:00,0.415,0.721,0.415,1.361615,2.365601,15.6078862128633,20.6651901254112,58.403137254902,30.1882102919591,0,56.8663039518316,81.8399963378906,8.11333333333333,8.41433333333333,0.845
"328",2025-10-12 05:27:00,0.4175,0.7245,0.4175,1.3698175,2.3770845,15.956665793039,20.8395799154991,57.841568627451,30.189391491389,0,56.8749473207184,81.6799963450502,8.097,8.393,0.8445
"329",2025-10-12 05:28:00,0.42,0.728,0.42,1.37802,2.388568,16.3054453732148,21.0139697055869,57.28,30.1905726908189,0,56.8835906896051,81.5199963522097,8.08066666666667,8.37166666666667,0.844
"330",2025-10-12 05:29:00,0.4225,0.7315,0.4225,1.3862225,2.4000515,16.6542249533905,21.1883594956748,56.718431372549,30.1917538902489,0,56.8922340584918,81.3599963593693,8.06433333333333,8.35033333333333,0.8435
"331",2025-10-12 05:30:00,0.425,0.735,0.425,1.394425,2.411535,17.0030045335662,21.3627492857627,56.156862745098,30.1929350896788,0,56.9008774273785,81.1999963665288,8.048,8.329,0.843
"332",2025-10-12 05:31:00,0.4275,0.7385,0.4275,1.4026275,2.4230185,17.0901994286101,21.5371390758505,55.8760784313725,30.1911632905339,0,56.8922340584918,80.899996379953,8.0165,8.30266666666667,0.846833333333333
"333",2025-10-12 05:32:00,0.43,0.742,0.43,1.41083,2.434502,17.1773943236541,21.7115288659384,55.5952941176471,30.189391491389,0,56.8835906896051,80.5999963933771,7.985,8.27633333333333,0.850666666666667
"334",2025-10-12 05:33:00,0.4325,0.7455,0.4325,1.4190325,2.4459855,17.264589218698,21.8859186560262,55.3145098039216,30.1876196922441,0,56.8749473207184,80.2999964068013,7.9535,8.25,0.8545
"335",2025-10-12 05:34:00,0.435,0.749,0.435,1.427235,2.457469,17.3517841137419,22.0603084461141,55.0337254901961,30.1858478930993,0,56.8663039518316,79.9999964202254,7.922,8.22366666666667,0.858333333333333
"336",2025-10-12 05:35:00,0.4375,0.7525,0.4375,1.4354375,2.4689525,17.4389790087858,22.234698236202,54.7529411764706,30.1840760939544,0,56.8576605829449,79.6999964336496,7.8905,8.19733333333333,0.862166666666667
"337",2025-10-12 05:36:00,0.44,0.756,0.44,1.44364,2.480436,17.5261739038298,22.4090880262898,54.7529411764706,30.1840760939544,0,56.8663039518316,80.0599964175406,7.859,8.171,0.866
"338",2025-10-12 05:37:00,0.4425,0.7595,0.4425,1.4518425,2.4919195,17.6133687988737,22.5834778163777,54.7529411764706,30.1840760939544,0,56.8749473207184,80.4199964014316,7.83233333333333,8.15033333333333,0.872666666666667
"339",2025-10-12 05:38:00,0.445,0.763,0.445,1.460045,2.503403,17.7005636939176,22.7578676064655,54.7529411764706,30.1840760939544,0,56.8835906896051,80.7799963853226,7.80566666666667,8.12966666666667,0.879333333333333
"340",2025-10-12 05:39:00,0.4475,0.7665,0.4475,1.4682475,2.5148865,17.7877585889616,22.9322573965534,54.7529411764706,30.1840760939544,0,56.8922340584918,81.1399963692136,7.779,8.109,0.886
"341",2025-10-12 05:40:00,0.45,0.77,0.45,1.47645,2.52637,17.8749534840055,23.1066471866412,54.7529411764706,30.1840760939544,0,56.9008774273785,81.4999963531047,7.75233333333333,8.08833333333333,0.892666666666667
"342",2025-10-12 05:41:00,0.452,0.7735,0.452,1.483012,2.5378535,18.0493432740933,23.2810369767291,55.0337254901961,30.1834854942394,0,56.9008774273785,81.1799963674238,7.72566666666667,8.06766666666667,0.899333333333333
"343",2025-10-12 05:42:00,0.454,0.777,0.454,1.489574,2.549337,18.2237330641812,23.455426766817,55.3145098039216,30.1828948945245,0,56.9008774273785,80.8599963817429,7.699,8.047,0.906
"344",2025-10-12 05:43:00,0.456,0.7805,0.456,1.496136,2.5608205,18.3981228542691,23.6298165569048,55.5952941176471,30.1823042948095,0,56.9008774273785,80.539996396062,7.669,8.02616666666667,0.909666666666667
"345",2025-10-12 05:44:00,0.458,0.784,0.458,1.502698,2.572304,18.5725126443569,23.8042063469927,55.8760784313725,30.1817136950946,0,56.9008774273785,80.2199964103811,7.639,8.00533333333333,0.913333333333333
"346",2025-10-12 05:45:00,0.46,0.7875,0.46,1.50926,2.5837875,18.7469024344448,23.9785961370805,56.156862745098,30.1811230953796,0,56.9008774273785,79.8999964247001,7.609,7.9845,0.917
"347",2025-10-12 05:46:00,0.462,0.791,0.462,1.515822,2.595271,18.9212922245326,23.9785961370805,56.156862745098,30.1811230953796,0,56.9181615624443,79.499996442599,7.579,7.96366666666667,0.920666666666667
"348",2025-10-12 05:47:00,0.464,0.7945,0.464,1.522384,2.6067545,19.0956820146205,23.9785961370805,56.156862745098,30.1811230953796,0,56.9354456975101,79.0999964604979,7.549,7.94283333333333,0.924333333333333
"349",2025-10-12 05:48:00,0.466,0.798,0.466,1.528946,2.618238,19.2700718047084,23.9785961370805,56.156862745098,30.1811230953796,0,56.9527298325759,78.6999964783968,7.519,7.922,0.928
"350",2025-10-12 05:49:00,0.468,0.8015,0.468,1.535508,2.6297215,19.4444615947962,23.9785961370805,56.156862745098,30.1811230953796,0,56.9700139676417,78.2999964962956,7.49783333333333,7.89683333333333,0.931833333333333
"351",2025-10-12 05:50:00,0.47,0.805,0.47,1.54207,2.641205,19.6188513848841,23.9785961370805,56.156862745098,30.1811230953796,0,56.9872981027075,77.8999965141945,7.47666666666667,7.87166666666667,0.935666666666667
"352",2025-10-12 05:51:00,0.472,0.8085,0.472,1.548632,2.6526885,19.9676309650598,24.3273757172562,56.156862745098,30.1799418959497,0,56.9700139676417,78.059996507035,7.4555,7.8465,0.9395
"353",2025-10-12 05:52:00,0.474,0.812,0.474,1.555194,2.664172,20.3164105452355,24.676155297432,56.156862745098,30.1787606965198,0,56.9527298325759,78.2199964998754,7.43433333333333,7.82133333333333,0.943333333333333
"354",2025-10-12 05:53:00,0.476,0.8155,0.476,1.561756,2.6756555,20.6651901254112,25.0249348776077,56.156862745098,30.1775794970898,0,56.9354456975101,78.3799964927159,7.41316666666667,7.79616666666667,0.947166666666667
"355",2025-10-12 05:54:00,0.478,0.819,0.478,1.568318,2.687139,21.0139697055869,25.3737144577834,56.156862745098,30.1763982976599,0,56.9181615624443,78.5399964855563,7.392,7.771,0.951
"356",2025-10-12 05:55:00,0.48,0.8225,0.48,1.57488,2.6986225,21.3627492857627,25.7224940379591,56.156862745098,30.17521709823,0,56.9008774273785,78.6999964783968,7.36666666666667,7.7475,0.9565
"357",2025-10-12 05:56:00,0.482,0.826,0.482,1.581442,2.710106,20.6651901254112,25.2865195627395,56.718431372549,30.175807697945,0,56.8922340584918,79.2399964542333,7.34133333333333,7.724,0.962
"358",2025-10-12 05:57:00,0.484,0.8295,0.484,1.588004,2.7215895,19.9676309650598,24.8505450875198,57.28,30.1763982976599,0,56.8835906896051,79.7799964300698,7.316,7.7005,0.9675
"359",2025-10-12 05:58:00,0.486,0.833,0.486,1.594566,2.733073,19.2700718047084,24.4145706123002,57.841568627451,30.1769888973749,0,56.8749473207184,80.3199964059063,7.29066666666667,7.677,0.973
"360",2025-10-12 05:59:00,0.488,0.8365,0.488,1.601128,2.7445565,18.5725126443569,23.9785961370805,58.403137254902,30.1775794970898,0,56.8663039518316,80.8599963817429,7.26533333333333,7.6535,0.9785
"361",2025-10-12 06:00:00,0.49,0.84,0.49,1.60769,2.75604,17.8749534840055,23.5426216618609,58.9647058823529,30.1781700968048,0,56.8576605829449,81.3999963575794,7.24,7.63,0.984
"362",2025-10-12 06:01:00,0.491,0.8415,0.491,1.610971,2.7609615,17.1773943236541,22.7578676064655,60.6494117647059,30.1787606965198,0,56.8576605829449,81.5399963513148,7.20916666666667,7.60316666666667,0.991166666666667
"363",2025-10-12 06:02:00,0.492,0.843,0.492,1.614252,2.765883,16.4798351633026,21.9731135510702,62.3341176470588,30.1793512962347,0,56.8576605829449,81.6799963450502,7.17833333333333,7.57633333333333,0.998333333333333
"364",2025-10-12 06:03:00,0.493,0.8445,0.493,1.617533,2.7708045,15.7822760029512,21.1883594956748,64.0188235294118,30.1799418959497,0,56.8576605829449,81.8199963387856,7.1475,7.5495,1.0055
"365",2025-10-12 06:04:00,0.494,0.846,0.494,1.620814,2.775726,15.0847168425998,20.4036054402794,65.7035294117647,30.1805324956646,0,56.8576605829449,81.959996332521,7.11666666666667,7.52266666666667,1.01266666666667
"366",2025-10-12 06:05:00,0.495,0.8475,0.495,1.624095,2.7806475,14.3871576822483,19.6188513848841,67.3882352941176,30.1811230953796,0,56.8576605829449,82.0999963262564,7.08583333333333,7.49583333333333,1.01983333333333
"367",2025-10-12 06:06:00,0.496,0.849,0.496,1.627376,2.785569,14.2127678921605,19.3572666997523,66.2650980392157,30.1811230953796,0,56.8490163401576,82.0599963280462,7.055,7.469,1.027
"368",2025-10-12 06:07:00,0.497,0.8505,0.497,1.630657,2.7904905,14.0383781020726,19.0956820146205,65.1419607843137,30.1811230953796,0,56.8403720973704,82.0199963298361,7.023,7.439,1.03633333333333
"369",2025-10-12 06:08:00,0.498,0.852,0.498,1.633938,2.795412,13.8639883119847,18.8340973294887,64.0188235294118,30.1811230953796,0,56.8317278545831,81.979996331626,6.991,7.409,1.04566666666667
"370",2025-10-12 06:09:00,0.499,0.8535,0.499,1.637219,2.8003335,13.6895985218969,18.5725126443569,62.8956862745098,30.1811230953796,0,56.8230836117959,81.9399963334159,6.959,7.379,1.055
"371",2025-10-12 06:10:00,0.5,0.855,0.5,1.6405,2.805255,13.515208731809,18.3109279592251,61.7725490196078,30.1811230953796,0,56.8144393690086,81.8999963352058,6.927,7.349,1.06433333333333
"372",2025-10-12 06:11:00,0.501,0.8565,0.501,1.643781,2.8101765,13.7767934169408,18.3109279592251,62.3341176470588,30.1823042948095,0,56.8144393690086,81.7599963414704,6.895,7.319,1.07366666666667
"373",2025-10-12 06:12:00,0.502,0.858,0.502,1.647062,2.815098,14.0383781020726,18.3109279592251,62.8956862745098,30.1834854942394,0,56.8144393690086,81.619996347735,6.863,7.289,1.083
"374",2025-10-12 06:13:00,0.503,0.8595,0.503,1.650343,2.8200195,14.2999627872044,18.3109279592251,63.4572549019608,30.1846666936693,0,56.8144393690086,81.4799963539996,6.83183333333333,7.25733333333333,1.096
"375",2025-10-12 06:14:00,0.504,0.861,0.504,1.653624,2.824941,14.5615474723362,18.3109279592251,64.0188235294118,30.1858478930993,0,56.8144393690086,81.3399963602642,6.80066666666667,7.22566666666667,1.109
"376",2025-10-12 06:15:00,0.505,0.8625,0.505,1.656905,2.8298625,14.823132157468,18.3109279592251,64.5803921568627,30.1870290925292,0,56.8144393690086,81.1999963665288,6.7695,7.194,1.122
"377",2025-10-12 06:16:00,0.506,0.864,0.506,1.660186,2.834784,14.5615474723362,18.2237330641812,65.9843137254902,30.1864384928142,0,56.788501349688,81.2999963620541,6.73833333333333,7.16233333333333,1.135
"378",2025-10-12 06:17:00,0.507,0.8655,0.507,1.663467,2.8397055,14.2999627872044,18.1365381691373,67.3882352941176,30.1858478930993,0,56.7625633303675,81.3999963575794,6.70716666666667,7.13066666666667,1.148
"379",2025-10-12 06:18:00,0.508,0.867,0.508,1.666748,2.844627,14.0383781020726,18.0493432740933,68.7921568627451,30.1852572933843,0,56.7366253110469,81.4999963531047,6.676,7.099,1.161
"380",2025-10-12 06:19:00,0.509,0.8685,0.509,1.670029,2.8495485,13.7767934169408,17.9621483790494,70.1960784313726,30.1846666936693,0,56.7106872917263,81.5999963486299,6.64166666666667,7.06233333333333,1.1725
"381",2025-10-12 06:20:00,0.51,0.87,0.51,1.67331,2.85447,13.515208731809,17.8749534840055,71.6,30.1840760939544,0,56.6847492724057,81.6999963441552,6.60733333333333,7.02566666666667,1.184
"382",2025-10-12 06:21:00,0.5095,0.8685,0.5095,1.6716695,2.8495485,13.6895985218969,18.1365381691373,70.7576470588235,30.1834854942394,0,56.6761014864401,81.7399963423653,6.573,6.989,1.1955
"383",2025-10-12 06:22:00,0.509,0.867,0.509,1.670029,2.844627,13.8639883119847,18.3981228542691,69.9152941176471,30.1828948945245,0,56.6674537004745,81.7799963405755,6.53866666666667,6.95233333333333,1.207
"384",2025-10-12 06:23:00,0.5085,0.8655,0.5085,1.6683885,2.8397055,14.0383781020726,18.6597075394009,69.0729411764706,30.1823042948095,0,56.6588059145089,81.8199963387856,6.50433333333333,6.91566666666667,1.2185
"385",2025-10-12 06:24:00,0.508,0.864,0.508,1.666748,2.834784,14.2127678921605,18.9212922245326,68.2305882352941,30.1817136950946,0,56.6501581285433,81.8599963369957,6.47,6.879,1.23
"386",2025-10-12 06:25:00,0.5075,0.8625,0.5075,1.6651075,2.8298625,14.3871576822483,19.1828769096644,67.3882352941176,30.1811230953796,0,56.6415103425776,81.8999963352058,6.42683333333333,6.84183333333333,1.2415
"387",2025-10-12 06:26:00,0.507,0.861,0.507,1.663467,2.824941,14.3871576822483,19.0084871195766,67.3882352941176,30.1805324956646,0,56.6328616589028,81.8399963378906,6.38366666666667,6.80466666666667,1.253
"388",2025-10-12 06:27:00,0.5065,0.8595,0.5065,1.6618265,2.8200195,14.3871576822483,18.8340973294887,67.3882352941176,30.1799418959497,0,56.6242129752279,81.7799963405755,6.3405,6.7675,1.2645
"389",2025-10-12 06:28:00,0.506,0.858,0.506,1.660186,2.815098,14.3871576822483,18.6597075394008,67.3882352941176,30.1793512962347,0,56.615564291553,81.7199963432603,6.29733333333333,6.73033333333333,1.276
"390",2025-10-12 06:29:00,0.5055,0.8565,0.5055,1.6585455,2.8101765,14.3871576822483,18.485317749313,67.3882352941176,30.1787606965198,0,56.6069156078782,81.6599963459451,6.25416666666667,6.69316666666667,1.2875
"391",2025-10-12 06:30:00,0.505,0.855,0.505,1.656905,2.805255,14.3871576822483,18.3109279592251,67.3882352941176,30.1781700968048,0,56.5982669242033,81.5999963486299,6.211,6.656,1.299
"392",2025-10-12 06:31:00,0.5045,0.8535,0.5045,1.6552645,2.8003335,14.2999627872044,18.3981228542691,67.6690196078431,30.1799418959497,0,56.5982669242033,81.5599963504198,6.1795,6.62316666666667,1.30883333333333
"393",2025-10-12 06:32:00,0.504,0.852,0.504,1.653624,2.795412,14.2127678921605,18.485317749313,67.9498039215686,30.1817136950946,0,56.5982669242033,81.5199963522097,6.148,6.59033333333333,1.31866666666667
"394",2025-10-12 06:33:00,0.5035,0.8505,0.5035,1.6519835,2.7904905,14.1255729971165,18.5725126443569,68.2305882352941,30.1834854942394,0,56.5982669242033,81.4799963539996,6.1165,6.5575,1.3285
"395",2025-10-12 06:34:00,0.503,0.849,0.503,1.650343,2.785569,14.0383781020726,18.6597075394009,68.5113725490196,30.1852572933843,0,56.5982669242033,81.4399963557895,6.085,6.52466666666667,1.33833333333333
"396",2025-10-12 06:35:00,0.5025,0.8475,0.5025,1.6487025,2.7806475,13.9511832070287,18.7469024344448,68.7921568627451,30.1870290925292,0,56.5982669242033,81.3999963575794,6.0535,6.49183333333333,1.34816666666667
"397",2025-10-12 06:36:00,0.502,0.846,0.502,1.647062,2.775726,13.8639883119847,19.0956820146205,69.3537254901961,30.1864384928142,0,56.589617338045,81.3399963602642,6.022,6.459,1.358
"398",2025-10-12 06:37:00,0.5015,0.8445,0.5015,1.6454215,2.7708045,13.7767934169408,19.4444615947962,69.9152941176471,30.1858478930993,0,56.5809677518867,81.279996362949,5.99166666666667,6.41966666666667,1.3695
"399",2025-10-12 06:38:00,0.501,0.843,0.501,1.643781,2.765883,13.6895985218969,19.7932411749719,70.476862745098,30.1852572933843,0,56.5723181657284,81.2199963656339,5.96133333333333,6.38033333333333,1.381
"400",2025-10-12 06:39:00,0.5005,0.8415,0.5005,1.6421405,2.7609615,13.602403626853,20.1420207551476,71.038431372549,30.1846666936693,0,56.5636685795702,81.1599963683187,5.931,6.341,1.3925
"401",2025-10-12 06:40:00,0.5,0.84,0.5,1.6405,2.75604,13.515208731809,20.4908003353234,71.6,30.1840760939544,0,56.5550189934119,81.0999963710035,5.90066666666667,6.30166666666667,1.404
"402",2025-10-12 06:41:00,0.5,0.84,0.5,1.6405,2.75604,13.515208731809,20.0548258601037,70.7576470588235,30.1852572933843,0,56.546368499992,81.1799963674238,5.87033333333333,6.26233333333333,1.4155
"403",2025-10-12 06:42:00,0.5,0.84,0.5,1.6405,2.75604,13.515208731809,19.6188513848841,69.9152941176471,30.1864384928142,0,56.537718006572,81.259996363844,5.84,6.223,1.427
"404",2025-10-12 06:43:00,0.5,0.84,0.5,1.6405,2.75604,13.515208731809,19.1828769096644,69.0729411764706,30.1876196922441,0,56.5290675131521,81.3399963602642,5.80533333333333,6.19283333333333,1.44066666666667
"405",2025-10-12 06:44:00,0.5,0.84,0.5,1.6405,2.75604,13.515208731809,18.7469024344448,68.2305882352941,30.1888008916741,0,56.5204170197322,81.4199963566844,5.77066666666667,6.16266666666667,1.45433333333333
"406",2025-10-12 06:45:00,0.5,0.84,0.5,1.6405,2.75604,13.515208731809,18.3109279592251,67.3882352941176,30.189982091104,0,56.5117665263123,81.4999963531047,5.736,6.1325,1.468
"407",2025-10-12 06:46:00,0.5,0.84,0.5,1.6405,2.75604,13.6895985218969,19.2700718047084,68.2305882352941,30.1888008916741,0,56.5031151208482,81.2999963620541,5.70133333333333,6.10233333333333,1.48166666666667
"408",2025-10-12 06:47:00,0.5,0.84,0.5,1.6405,2.75604,13.8639883119847,20.2292156501916,69.0729411764706,30.1876196922441,0,56.4944637153842,81.0999963710035,5.66666666666667,6.07216666666667,1.49533333333333
"409",2025-10-12 06:48:00,0.5,0.84,0.5,1.6405,2.75604,14.0383781020726,21.1883594956748,69.9152941176471,30.1864384928142,0,56.4858123099202,80.899996379953,5.632,6.042,1.509
"410",2025-10-12 06:49:00,0.5,0.84,0.5,1.6405,2.75604,14.2127678921605,22.147503341158,70.7576470588235,30.1852572933843,0,56.4771609044561,80.6999963889024,5.59766666666667,5.99933333333333,1.52483333333333
"411",2025-10-12 06:50:00,0.5,0.84,0.5,1.6405,2.75604,14.3871576822483,23.1066471866412,71.6,30.1840760939544,0,56.4685094989921,80.4999963978518,5.56333333333333,5.95666666666667,1.54066666666667
"412",2025-10-12 06:51:00,0.5,0.84,0.5,1.6405,2.75604,14.2999627872044,22.2346982362019,70.476862745098,30.1852572933843,0,56.4771609044561,80.8399963826378,5.529,5.914,1.5565
"413",2025-10-12 06:52:00,0.5,0.84,0.5,1.6405,2.75604,14.2127678921605,21.3627492857627,69.3537254901961,30.1864384928142,0,56.4858123099202,81.1799963674238,5.49466666666667,5.87133333333333,1.57233333333333
"414",2025-10-12 06:53:00,0.5,0.84,0.5,1.6405,2.75604,14.1255729971165,20.4908003353234,68.2305882352941,30.1876196922441,0,56.4944637153842,81.5199963522097,5.46033333333333,5.82866666666667,1.58816666666667
"415",2025-10-12 06:54:00,0.5,0.84,0.5,1.6405,2.75604,14.0383781020726,19.6188513848841,67.1074509803922,30.1888008916741,0,56.5031151208482,81.8599963369957,5.426,5.786,1.604
"416",2025-10-12 06:55:00,0.5,0.84,0.5,1.6405,2.75604,13.9511832070287,18.7469024344448,65.9843137254902,30.189982091104,0,56.5117665263123,82.1999963217816,5.3955,5.74833333333333,1.616
"417",2025-10-12 06:56:00,0.5,0.84,0.5,1.6405,2.75604,13.602403626853,18.3981228542691,67.1074509803922,30.189982091104,0,56.5031151208482,82.3799963137271,5.365,5.71066666666667,1.628
"418",2025-10-12 06:57:00,0.5,0.84,0.5,1.6405,2.75604,13.2536240466772,18.0493432740933,68.2305882352941,30.189982091104,0,56.4944637153842,82.5599963056727,5.3345,5.673,1.64
"419",2025-10-12 06:58:00,0.5,0.84,0.5,1.6405,2.75604,12.9048444665015,17.7005636939176,69.3537254901961,30.189982091104,0,56.4858123099202,82.7399962976181,5.304,5.63533333333333,1.652
"420",2025-10-12 06:59:00,0.5,0.84,0.5,1.6405,2.75604,12.5560648863258,17.3517841137419,70.476862745098,30.189982091104,0,56.4771609044561,82.9199962895637,5.2735,5.59766666666667,1.664
"421",2025-10-12 07:00:00,0.5,0.84,0.5,1.6405,2.75604,12.2072853061501,17.0030045335662,71.6,30.189982091104,0,56.4685094989921,83.0999962815092,5.243,5.56,1.676
"422",2025-10-12 07:01:00,0.4985,0.837,0.4985,1.6355785,2.746197,12.7304546764137,17.9621483790494,70.476862745098,30.189982091104,0,56.4338946608974,82.5799963047777,5.20816666666667,5.52066666666667,1.68483333333333
"423",2025-10-12 07:02:00,0.497,0.834,0.497,1.630657,2.736354,13.2536240466772,18.9212922245326,69.3537254901961,30.189982091104,0,56.3992798228027,82.0599963280462,5.17333333333333,5.48133333333333,1.69366666666667
"424",2025-10-12 07:03:00,0.4955,0.831,0.4955,1.6257355,2.726511,13.7767934169408,19.8804360700159,68.2305882352941,30.189982091104,0,56.3646649847081,81.5399963513148,5.1385,5.442,1.7025
"425",2025-10-12 07:04:00,0.494,0.828,0.494,1.620814,2.716668,14.2999627872044,20.8395799154991,67.1074509803922,30.189982091104,0,56.3300501466134,81.0199963745833,5.10366666666667,5.40266666666667,1.71133333333333
"426",2025-10-12 07:05:00,0.4925,0.825,0.4925,1.6158925,2.706825,14.823132157468,21.7987237609823,65.9843137254902,30.189982091104,0,56.2954353085187,80.4999963978518,5.06883333333333,5.36333333333333,1.72016666666667
"427",2025-10-12 07:06:00,0.491,0.822,0.491,1.610971,2.696982,14.5615474723362,21.2755543907187,65.9843137254902,30.1905726908189,0,56.3040904100685,80.8399963826378,5.034,5.324,1.729
"428",2025-10-12 07:07:00,0.4895,0.819,0.4895,1.6060495,2.687139,14.2999627872044,20.7523850204552,65.9843137254902,30.1911632905339,0,56.3127455116183,81.1799963674238,4.99433333333333,5.289,1.735
"429",2025-10-12 07:08:00,0.488,0.816,0.488,1.601128,2.677296,14.0383781020726,20.2292156501916,65.9843137254902,30.1917538902489,0,56.321400613168,81.5199963522097,4.95466666666667,5.254,1.741
"430",2025-10-12 07:09:00,0.4865,0.813,0.4865,1.5962065,2.667453,13.7767934169408,19.706046279928,65.9843137254902,30.1923444899638,0,56.3300557147178,81.8599963369957,4.915,5.219,1.747
"431",2025-10-12 07:10:00,0.485,0.81,0.485,1.591285,2.65761,13.515208731809,19.1828769096644,65.9843137254902,30.1929350896788,0,56.3387108162676,82.1999963217816,4.87533333333333,5.184,1.753
"432",2025-10-12 07:11:00,0.4835,0.807,0.4835,1.5863635,2.647767,13.7767934169408,19.7932411749719,65.4227450980392,30.1935256893937,0,56.3387108162676,81.9999963307311,4.83566666666667,5.149,1.759
"433",2025-10-12 07:12:00,0.482,0.804,0.482,1.581442,2.637924,14.0383781020726,20.4036054402794,64.8611764705882,30.1941162891087,0,56.3387108162676,81.7999963396805,4.796,5.114,1.765
"434",2025-10-12 07:13:00,0.4805,0.801,0.4805,1.5765205,2.628081,14.2999627872044,21.0139697055869,64.2996078431373,30.1947068888237,0,56.3387108162676,81.5999963486299,4.758,5.08666666666667,1.77483333333333
"435",2025-10-12 07:14:00,0.479,0.798,0.479,1.571599,2.618238,14.5615474723362,21.6243339708944,63.7380392156863,30.1952974885386,0,56.3387108162676,81.3999963575794,4.72,5.05933333333333,1.78466666666667
"436",2025-10-12 07:15:00,0.4775,0.795,0.4775,1.5666775,2.608395,14.823132157468,22.234698236202,63.1764705882353,30.1958880882536,0,56.3387108162676,81.1999963665288,4.682,5.032,1.7945
"437",2025-10-12 07:16:00,0.476,0.792,0.476,1.561756,2.598552,14.823132157468,21.7115288659384,63.1764705882353,30.1952974885386,0,56.3300557147178,80.7999963844277,4.644,5.00466666666667,1.80433333333333
"438",2025-10-12 07:17:00,0.4745,0.789,0.4745,1.5568345,2.588709,14.823132157468,21.1883594956748,63.1764705882353,30.1947068888237,0,56.321400613168,80.3999964023266,4.606,4.97733333333333,1.81416666666667
"439",2025-10-12 07:18:00,0.473,0.786,0.473,1.551913,2.578866,14.823132157468,20.6651901254112,63.1764705882353,30.1941162891087,0,56.3127455116183,79.9999964202254,4.568,4.95,1.824
"440",2025-10-12 07:19:00,0.4715,0.783,0.4715,1.5469915,2.569023,14.823132157468,20.1420207551476,63.1764705882353,30.1935256893937,0,56.3040904100685,79.5999964381243,4.54083333333333,4.921,1.83433333333333
"441",2025-10-12 07:20:00,0.47,0.78,0.47,1.54207,2.55918,14.823132157468,19.6188513848841,63.1764705882353,30.1929350896788,0,56.2954353085187,79.1999964560232,4.51366666666667,4.892,1.84466666666667
"442",2025-10-12 07:21:00,0.471,0.782,0.471,1.545351,2.565742,14.9103270525119,19.5316564898401,63.7380392156863,30.1947068888237,0,56.3040904100685,79.1599964578131,4.4865,4.863,1.855
"443",2025-10-12 07:22:00,0.472,0.784,0.472,1.548632,2.572304,14.9975219475558,19.4444615947962,64.2996078431373,30.1964786879685,0,56.3127455116183,79.119996459603,4.45933333333333,4.834,1.86533333333333
"444",2025-10-12 07:23:00,0.473,0.786,0.473,1.551913,2.578866,15.0847168425998,19.3572666997523,64.8611764705882,30.1982504871134,0,56.321400613168,79.0799964613929,4.43216666666667,4.805,1.87566666666667
"445",2025-10-12 07:24:00,0.474,0.788,0.474,1.555194,2.585428,15.1719117376437,19.2700718047084,65.4227450980392,30.2000222862583,0,56.3300557147178,79.0399964631827,4.405,4.776,1.886
"446",2025-10-12 07:25:00,0.475,0.79,0.475,1.558475,2.59199,15.2591066326876,19.1828769096644,65.9843137254902,30.2017940854032,0,56.3387108162676,78.9999964649726,4.367,4.741,1.8965
"447",2025-10-12 07:26:00,0.476,0.792,0.476,1.561756,2.598552,15.6078862128633,19.9676309650598,64.5803921568627,30.2006128859732,0,56.3300557147178,79.0999964604979,4.329,4.706,1.907
"448",2025-10-12 07:27:00,0.477,0.794,0.477,1.565037,2.605114,15.956665793039,20.7523850204552,63.1764705882353,30.1994316865433,0,56.321400613168,79.1999964560232,4.291,4.671,1.9175
"449",2025-10-12 07:28:00,0.478,0.796,0.478,1.568318,2.611676,16.3054453732148,21.5371390758505,61.7725490196078,30.1982504871134,0,56.3127455116183,79.2999964515485,4.253,4.636,1.928
"450",2025-10-12 07:29:00,0.479,0.798,0.479,1.571599,2.618238,16.6542249533905,22.3218931312459,60.3686274509804,30.1970692876835,0,56.3040904100685,79.3999964470737,4.215,4.601,1.9385
"451",2025-10-12 07:30:00,0.48,0.8,0.48,1.57488,2.6248,17.0030045335662,23.1066471866412,58.9647058823529,30.1958880882536,0,56.2954353085187,79.499996442599,4.177,4.566,1.949
"452",2025-10-12 07:31:00,0.481,0.802,0.481,1.578161,2.631362,17.0030045335662,22.9322573965534,59.2454901960784,30.1964786879685,0,56.286779270949,79.7399964318597,4.14816666666667,4.53366666666667,1.95833333333333
"453",2025-10-12 07:32:00,0.482,0.804,0.482,1.581442,2.637924,17.0030045335662,22.7578676064655,59.5262745098039,30.1970692876835,0,56.2781232333792,79.9799964211204,4.11933333333333,4.50133333333333,1.96766666666667
"454",2025-10-12 07:33:00,0.483,0.806,0.483,1.584723,2.644486,17.0030045335662,22.5834778163777,59.8070588235294,30.1976598873984,0,56.2694671958094,80.2199964103811,4.0905,4.469,1.977
"455",2025-10-12 07:34:00,0.484,0.808,0.484,1.588004,2.651048,17.0030045335662,22.4090880262898,60.0878431372549,30.1982504871134,0,56.2608111582397,80.4599963996417,4.06166666666667,4.43666666666667,1.98633333333333
"456",2025-10-12 07:35:00,0.485,0.81,0.485,1.591285,2.65761,17.0030045335662,22.234698236202,60.3686274509804,30.1988410868284,0,56.2521551206699,80.6999963889024,4.03283333333333,4.40433333333333,1.99566666666667
"457",2025-10-12 07:36:00,0.486,0.812,0.486,1.594566,2.664172,16.5670300583465,22.0603084461141,61.4917647058824,30.1994316865433,0,56.2608111582397,80.4999963978518,4.004,4.372,2.005
"458",2025-10-12 07:37:00,0.487,0.814,0.487,1.597847,2.670734,16.1310555831269,21.8859186560262,62.6149019607843,30.2000222862583,0,56.2694671958094,80.2999964068013,3.96283333333333,4.33983333333333,2.00716666666667
"459",2025-10-12 07:38:00,0.488,0.816,0.488,1.601128,2.677296,15.6950811079073,21.7115288659384,63.7380392156863,30.2006128859732,0,56.2781232333792,80.0999964157507,3.92166666666667,4.30766666666667,2.00933333333333
"460",2025-10-12 07:39:00,0.489,0.818,0.489,1.604409,2.683858,15.2591066326876,21.5371390758505,64.8611764705882,30.2012034856882,0,56.286779270949,79.8999964247001,3.8805,4.2755,2.0115
"461",2025-10-12 07:40:00,0.49,0.82,0.49,1.60769,2.69042,14.823132157468,21.3627492857627,65.9843137254902,30.2017940854032,0,56.2954353085187,79.6999964336496,3.83933333333333,4.24333333333333,2.01366666666667
"462",2025-10-12 07:41:00,0.4905,0.821,0.4905,1.6093305,2.693701,14.5615474723362,20.926774810543,66.2650980392157,30.2029752848331,0,56.2954353085187,79.7799964300698,3.79816666666667,4.21116666666667,2.01583333333333
"463",2025-10-12 07:42:00,0.491,0.822,0.491,1.610971,2.696982,14.2999627872044,20.4908003353234,66.5458823529412,30.204156484263,0,56.2954353085187,79.85999642649,3.757,4.179,2.018
"464",2025-10-12 07:43:00,0.4915,0.823,0.4915,1.6126115,2.700263,14.0383781020726,20.0548258601037,66.8266666666667,30.2053376836929,0,56.2954353085187,79.9399964229103,3.72683333333333,4.14283333333333,2.019
"465",2025-10-12 07:44:00,0.492,0.824,0.492,1.614252,2.703544,13.7767934169408,19.6188513848841,67.1074509803922,30.2065188831228,0,56.2954353085187,80.0199964193305,3.69666666666667,4.10666666666667,2.02
"466",2025-10-12 07:45:00,0.4925,0.825,0.4925,1.6158925,2.706825,13.515208731809,19.1828769096644,67.3882352941176,30.2077000825528,0,56.2954353085187,80.0999964157507,3.6665,4.0705,2.021
"467",2025-10-12 07:46:00,0.493,0.826,0.493,1.617533,2.710106,13.8639883119847,19.1828769096644,66.2650980392157,30.2071094828378,0,56.2954353085187,79.9799964211204,3.63633333333333,4.03433333333333,2.022
"468",2025-10-12 07:47:00,0.4935,0.827,0.4935,1.6191735,2.713387,14.2127678921605,19.1828769096644,65.1419607843137,30.2065188831228,0,56.2954353085187,79.85999642649,3.60616666666667,3.99816666666667,2.023
"469",2025-10-12 07:48:00,0.494,0.828,0.494,1.620814,2.716668,14.5615474723362,19.1828769096644,64.0188235294118,30.2059282834079,0,56.2954353085187,79.7399964318597,3.576,3.962,2.024
"470",2025-10-12 07:49:00,0.4945,0.829,0.4945,1.6224545,2.719949,14.9103270525119,19.1828769096644,62.8956862745098,30.2053376836929,0,56.2954353085187,79.6199964372294,3.53933333333333,3.932,2.0285
"471",2025-10-12 07:50:00,0.495,0.83,0.495,1.624095,2.72323,15.2591066326876,19.1828769096644,61.7725490196078,30.204747083978,0,56.2954353085187,79.499996442599,3.50266666666667,3.902,2.033
"472",2025-10-12 07:51:00,0.4955,0.831,0.4955,1.6257355,2.726511,16.043860688083,20.2292156501916,60.6494117647059,30.2029752848331,0,56.2608054940183,79.4399964452839,3.466,3.872,2.0375
"473",2025-10-12 07:52:00,0.496,0.832,0.496,1.627376,2.729792,16.8286147434783,21.2755543907187,59.5262745098039,30.2012034856882,0,56.226175679518,79.3799964479687,3.42933333333333,3.842,2.042
"474",2025-10-12 07:53:00,0.4965,0.833,0.4965,1.6290165,2.733073,17.6133687988737,22.3218931312459,58.403137254902,30.1994316865433,0,56.1915458650176,79.3199964506535,3.39266666666667,3.812,2.0465
"475",2025-10-12 07:54:00,0.497,0.834,0.497,1.630657,2.736354,18.3981228542691,23.368231871773,57.28,30.1976598873984,0,56.1569160505173,79.2599964533384,3.356,3.782,2.051
"476",2025-10-12 07:55:00,0.4975,0.835,0.4975,1.6322975,2.739635,19.1828769096644,24.4145706123002,56.156862745098,30.1958880882536,0,56.1222862360169,79.1999964560232,3.33266666666667,3.747,2.05416666666667
"477",2025-10-12 07:56:00,0.498,0.836,0.498,1.633938,2.742916,19.0084871195766,24.7633501924759,56.718431372549,30.1952974885386,0,56.1309451105118,79.5399964408091,3.30933333333333,3.712,2.05733333333333
"478",2025-10-12 07:57:00,0.4985,0.837,0.4985,1.6355785,2.746197,18.8340973294887,25.1121297726516,57.28,30.1947068888237,0,56.1396039850067,79.8799964255951,3.286,3.677,2.0605
"479",2025-10-12 07:58:00,0.499,0.838,0.499,1.637219,2.749478,18.6597075394008,25.4609093528273,57.841568627451,30.1941162891087,0,56.1482628595016,80.2199964103811,3.26266666666667,3.642,2.06366666666667
"480",2025-10-12 07:59:00,0.4995,0.839,0.4995,1.6388595,2.752759,18.485317749313,25.809688933003,58.403137254902,30.1935256893937,0,56.1569217339965,80.559996395167,3.23933333333333,3.607,2.06683333333333
"481",2025-10-12 08:00:00,0.5,0.84,0.5,1.6405,2.75604,18.3109279592251,26.1584685131788,58.9647058823529,30.1929350896788,0,56.1655806084914,80.899996379953,3.216,3.572,2.07
"482",2025-10-12 08:01:00,0.5015,0.843,0.5015,1.6454215,2.765883,18.485317749313,26.3328583032666,58.9647058823529,30.1947068888237,0,56.1569217339965,80.6399963915872,3.188,3.532,2.07116666666667
"483",2025-10-12 08:02:00,0.503,0.846,0.503,1.650343,2.775726,18.6597075394008,26.5072480933545,58.9647058823529,30.1964786879685,0,56.1482628595016,80.3799964032215,3.16,3.492,2.07233333333333
"484",2025-10-12 08:03:00,0.5045,0.849,0.5045,1.6552645,2.785569,18.8340973294887,26.6816378834423,58.9647058823529,30.1982504871134,0,56.1396039850067,80.1199964148558,3.132,3.452,2.0735
"485",2025-10-12 08:04:00,0.506,0.852,0.506,1.660186,2.795412,19.0084871195766,26.8560276735302,58.9647058823529,30.2000222862583,0,56.1309451105118,79.85999642649,3.104,3.412,2.07466666666667
"486",2025-10-12 08:05:00,0.5075,0.855,0.5075,1.6651075,2.805255,19.1828769096644,27.0304174636181,58.9647058823529,30.2017940854032,0,56.1222862360169,79.5999964381243,3.076,3.372,2.07583333333333
"487",2025-10-12 08:06:00,0.509,0.858,0.509,1.670029,2.815098,19.0956820146205,26.8560276735302,58.9647058823529,30.2006128859732,0,56.1222862360169,79.7199964327546,3.048,3.332,2.077
"488",2025-10-12 08:07:00,0.5105,0.861,0.5105,1.6749505,2.824941,19.0084871195766,26.6816378834423,58.9647058823529,30.1994316865433,0,56.1222862360169,79.839996427385,3.01133333333333,3.2965,2.0825
"489",2025-10-12 08:08:00,0.512,0.864,0.512,1.679872,2.834784,18.9212922245326,26.5072480933545,58.9647058823529,30.1982504871134,0,56.1222862360169,79.9599964220153,2.97466666666667,3.261,2.088
"490",2025-10-12 08:09:00,0.5135,0.867,0.5135,1.6847935,2.844627,18.8340973294887,26.3328583032666,58.9647058823529,30.1970692876835,0,56.1222862360169,80.0799964166457,2.938,3.2255,2.0935
"491",2025-10-12 08:10:00,0.515,0.87,0.515,1.689715,2.85447,18.7469024344448,26.1584685131788,58.9647058823529,30.1958880882536,0,56.1222862360169,80.199996411276,2.90133333333333,3.19,2.099
"492",2025-10-12 08:11:00,0.5165,0.873,0.5165,1.6946365,2.864313,18.5725126443569,25.6352991429152,59.2454901960784,30.1952974885386,0,56.1309451105118,80.2599964085912,2.86466666666667,3.1545,2.1045
"493",2025-10-12 08:12:00,0.518,0.876,0.518,1.699558,2.874156,18.3981228542691,25.1121297726516,59.5262745098039,30.1947068888237,0,56.1396039850067,80.3199964059063,2.828,3.119,2.11
"494",2025-10-12 08:13:00,0.5195,0.879,0.5195,1.7044795,2.883999,18.2237330641812,24.588960402388,59.8070588235294,30.1941162891087,0,56.1482628595016,80.3799964032215,2.81183333333333,3.09283333333333,2.117
"495",2025-10-12 08:14:00,0.521,0.882,0.521,1.709401,2.893842,18.0493432740933,24.0657910321245,60.0878431372549,30.1935256893937,0,56.1569217339965,80.4399964005367,2.79566666666667,3.06666666666667,2.124
"496",2025-10-12 08:15:00,0.5225,0.885,0.5225,1.7143225,2.903685,17.8749534840055,23.5426216618609,60.3686274509804,30.1929350896788,0,56.1655806084914,80.4999963978518,2.7795,3.0405,2.131
"497",2025-10-12 08:16:00,0.524,0.888,0.524,1.719244,2.913528,18.3109279592251,24.2401808222123,60.0878431372549,30.1952974885386,0.00200048822961132,56.1482619042239,80.0599964175406,2.76333333333333,3.01433333333333,2.138
"498",2025-10-12 08:17:00,0.5255,0.891,0.5255,1.7241655,2.923371,18.7469024344448,24.9377399825638,59.8070588235294,30.1976598873984,0.00400097645922265,56.1309431999563,79.6199964372294,2.74716666666667,2.98816666666667,2.145
"499",2025-10-12 08:18:00,0.527,0.894,0.527,1.729087,2.933214,19.1828769096644,25.6352991429152,59.5262745098039,30.2000222862583,0.00600146468883397,56.1136244956888,79.1799964569181,2.731,2.962,2.152
"500",2025-10-12 08:19:00,0.5285,0.897,0.5285,1.7340085,2.943057,19.6188513848841,26.3328583032666,59.2454901960784,30.2023846851181,0.00800195291844529,56.0963057914212,78.7399964766069,2.69433333333333,2.9345,2.16016666666667
"501",2025-10-12 08:20:00,0.53,0.9,0.53,1.73893,2.9529,20.0548258601037,27.0304174636181,58.9647058823529,30.204747083978,0.0100024411480566,56.0789870871537,78.2999964962956,2.65766666666667,2.907,2.16833333333333
"502",2025-10-12 08:21:00,0.5305,0.8995,0.5305,1.7405705,2.9512595,20.2292156501916,26.8560276735302,58.403137254902,30.204156484263,0.00800195291844529,56.0789870871537,78.4599964891361,2.621,2.8795,2.1765
"503",2025-10-12 08:22:00,0.531,0.899,0.531,1.742211,2.949619,20.4036054402794,26.6816378834423,57.841568627451,30.203565884548,0.00600146468883397,56.0789870871537,78.6199964819766,2.58433333333333,2.852,2.18466666666667
"504",2025-10-12 08:23:00,0.5315,0.8985,0.5315,1.7438515,2.9479785,20.5779952303673,26.5072480933545,57.28,30.2029752848331,0.00400097645922265,56.0789870871537,78.779996474817,2.54766666666667,2.8245,2.19283333333333
"505",2025-10-12 08:24:00,0.532,0.898,0.532,1.745492,2.946338,20.7523850204552,26.3328583032666,56.718431372549,30.2023846851181,0.00200048822961132,56.0789870871537,78.9399964676575,2.511,2.797,2.201
"506",2025-10-12 08:25:00,0.5325,0.8975,0.5325,1.7471325,2.9446975,20.926774810543,26.1584685131788,56.156862745098,30.2017940854032,0,56.0789870871537,79.0999964604979,2.4915,2.76583333333333,2.20333333333333
"507",2025-10-12 08:26:00,0.533,0.897,0.533,1.748773,2.943057,21.1883594956748,26.7688327784863,56.156862745098,30.203565884548,0,56.0789870871537,78.9599964667625,2.472,2.73466666666667,2.20566666666667
"508",2025-10-12 08:27:00,0.5335,0.8965,0.5335,1.7504135,2.9414165,21.4499441808066,27.3791970437938,56.156862745098,30.2053376836929,0,56.0789870871537,78.8199964730271,2.4525,2.7035,2.208
"509",2025-10-12 08:28:00,0.534,0.896,0.534,1.752054,2.939776,21.7115288659384,27.9895613091013,56.156862745098,30.2071094828378,0,56.0789870871537,78.6799964792917,2.433,2.67233333333333,2.21033333333333
"510",2025-10-12 08:29:00,0.5345,0.8955,0.5345,1.7536945,2.9381355,21.9731135510702,28.5999255744088,56.156862745098,30.2088812819827,0,56.0789870871537,78.5399964855563,2.4135,2.64116666666667,2.21266666666667
"511",2025-10-12 08:30:00,0.535,0.895,0.535,1.755335,2.936495,22.234698236202,29.2102898397163,56.156862745098,30.2106530811275,0,56.0789870871537,78.3999964918209,2.394,2.61,2.215
"512",2025-10-12 08:31:00,0.5355,0.8945,0.5355,1.7569755,2.9348545,21.7115288659384,28.338340889277,56.4376470588235,30.2112436808425,0,56.1049637154592,78.9199964685524,2.368,2.58816666666667,2.21766666666667
"513",2025-10-12 08:32:00,0.536,0.894,0.536,1.758616,2.933214,21.1883594956748,27.4663919388377,56.718431372549,30.2118342805575,0,56.1309403437648,79.4399964452839,2.342,2.56633333333333,2.22033333333333
"514",2025-10-12 08:33:00,0.5365,0.8935,0.5365,1.7602565,2.9315735,20.6651901254112,26.5944429883984,56.9992156862745,30.2124248802724,0,56.1569169720703,79.9599964220153,2.316,2.5445,2.223
"515",2025-10-12 08:34:00,0.537,0.893,0.537,1.761897,2.929933,20.1420207551476,25.7224940379591,57.28,30.2130154799874,0,56.1828936003759,80.4799963987468,2.29,2.52266666666667,2.22566666666667
"516",2025-10-12 08:35:00,0.5375,0.8925,0.5375,1.7635375,2.9282925,19.6188513848841,24.8505450875198,57.5607843137255,30.2136060797023,0,56.2088702286814,80.9999963754782,2.264,2.50083333333333,2.22833333333333
"517",2025-10-12 08:36:00,0.538,0.892,0.538,1.765178,2.926652,19.9676309650598,25.2865195627395,57.28,30.2136060797023,0,56.1915534301485,80.539996396062,2.238,2.479,2.231
"518",2025-10-12 08:37:00,0.5385,0.8915,0.5385,1.7668185,2.9250115,20.3164105452355,25.7224940379591,56.9992156862745,30.2136060797023,0,56.1742366316156,80.0799964166457,2.2215,2.45833333333333,2.23816666666667
"519",2025-10-12 08:38:00,0.539,0.891,0.539,1.768459,2.923371,20.6651901254112,26.1584685131788,56.718431372549,30.2136060797023,0,56.1569198330827,79.6199964372294,2.205,2.43766666666667,2.24533333333333
"520",2025-10-12 08:39:00,0.5395,0.8905,0.5395,1.7700995,2.9217305,21.0139697055869,26.5944429883984,56.4376470588235,30.2136060797023,0,56.1396030345498,79.1599964578131,2.1885,2.417,2.2525
"521",2025-10-12 08:40:00,0.54,0.89,0.54,1.77174,2.92009,21.3627492857627,27.0304174636181,56.156862745098,30.2136060797023,0,56.1222862360169,78.6999964783968,2.172,2.39633333333333,2.25966666666667
"522",2025-10-12 08:41:00,0.5405,0.891,0.5405,1.7733805,2.923371,21.0139697055869,26.2456634082227,55.8760784313725,30.2147872791323,0,56.1309451105118,78.799996473922,2.1555,2.37566666666667,2.26683333333333
"523",2025-10-12 08:42:00,0.541,0.892,0.541,1.775021,2.926652,20.6651901254112,25.4609093528273,55.5952941176471,30.2159684785622,0,56.1396039850067,78.8999964694473,2.139,2.355,2.274
"524",2025-10-12 08:43:00,0.5415,0.893,0.5415,1.7766615,2.929933,20.3164105452355,24.676155297432,55.3145098039216,30.2171496779921,0,56.1482628595016,78.9999964649726,2.1165,2.33366666666667,2.2805
"525",2025-10-12 08:44:00,0.542,0.894,0.542,1.778302,2.933214,19.9676309650598,23.8914012420366,55.0337254901961,30.218330877422,0,56.1569217339965,79.0999964604979,2.094,2.31233333333333,2.287
"526",2025-10-12 08:45:00,0.5425,0.895,0.5425,1.7799425,2.936495,19.6188513848841,23.1066471866412,54.7529411764706,30.2195120768519,0,56.1655806084914,79.1999964560232,2.0715,2.291,2.2935
"527",2025-10-12 08:46:00,0.543,0.896,0.543,1.781583,2.939776,19.5316564898401,23.5426216618609,55.0337254901961,30.2201026765669,0,56.1742385325294,79.2599964533384,2.049,2.26966666666667,2.3
"528",2025-10-12 08:47:00,0.5435,0.897,0.5435,1.7832235,2.943057,19.4444615947962,23.9785961370805,55.3145098039216,30.2206932762819,0,56.1828964565674,79.3199964506535,2.0265,2.24833333333333,2.3065
"529",2025-10-12 08:48:00,0.544,0.898,0.544,1.784864,2.946338,19.3572666997523,24.4145706123002,55.5952941176471,30.2212838759968,0,56.1915543806054,79.3799964479687,2.004,2.227,2.313
"530",2025-10-12 08:49:00,0.5445,0.899,0.5445,1.7865045,2.949619,19.2700718047084,24.8505450875198,55.8760784313725,30.2218744757118,0,56.2002123046434,79.4399964452839,1.98916666666667,2.211,2.31566666666667
"531",2025-10-12 08:50:00,0.545,0.9,0.545,1.788145,2.9529,19.1828769096644,25.2865195627395,56.156862745098,30.2224650754267,0,56.2088702286814,79.499996442599,1.97433333333333,2.195,2.31833333333333
"532",2025-10-12 08:51:00,0.5455,0.901,0.5455,1.7897855,2.956181,19.1828769096644,24.7633501924759,56.156862745098,30.2218744757118,0,56.2002123046434,79.5199964417041,1.9595,2.179,2.321
"533",2025-10-12 08:52:00,0.546,0.902,0.546,1.791426,2.959462,19.1828769096644,24.2401808222123,56.156862745098,30.2212838759968,0,56.1915543806054,79.5399964408091,1.94466666666667,2.163,2.32366666666667
"534",2025-10-12 08:53:00,0.5465,0.903,0.5465,1.7930665,2.962743,19.1828769096644,23.7170114519487,56.156862745098,30.2206932762819,0,56.1828964565674,79.5599964399142,1.92983333333333,2.147,2.32633333333333
"535",2025-10-12 08:54:00,0.547,0.904,0.547,1.794707,2.966024,19.1828769096644,23.1938420816852,56.156862745098,30.2201026765669,0,56.1742385325294,79.5799964390193,1.915,2.131,2.329
"536",2025-10-12 08:55:00,0.5475,0.905,0.5475,1.7963475,2.969305,19.1828769096644,22.6706727114216,56.156862745098,30.2195120768519,0,56.1655806084914,79.5999964381243,1.90216666666667,2.12016666666667,2.33616666666667
"537",2025-10-12 08:56:00,0.548,0.906,0.548,1.797988,2.972586,19.3572666997523,23.1938420816852,56.4376470588235,30.2195120768519,0,56.1742385325294,79.839996427385,1.88933333333333,2.10933333333333,2.34333333333333
"538",2025-10-12 08:57:00,0.5485,0.907,0.5485,1.7996285,2.975867,19.5316564898401,23.7170114519487,56.718431372549,30.2195120768519,0,56.1828964565674,80.0799964166457,1.8765,2.0985,2.3505
"539",2025-10-12 08:58:00,0.549,0.908,0.549,1.801269,2.979148,19.706046279928,24.2401808222123,56.9992156862745,30.2195120768519,0,56.1915543806054,80.3199964059063,1.86366666666667,2.08766666666667,2.35766666666667
"540",2025-10-12 08:59:00,0.5495,0.909,0.5495,1.8029095,2.982429,19.8804360700159,24.7633501924759,57.28,30.2195120768519,0,56.2002123046434,80.559996395167,1.85083333333333,2.07683333333333,2.36483333333333
"541",2025-10-12 09:00:00,0.55,0.91,0.55,1.80455,2.98571,20.0548258601037,25.2865195627395,57.5607843137255,30.2195120768519,0,56.2088702286814,80.7999963844277,1.838,2.066,2.372
"542",2025-10-12 09:01:00,0.551,0.9115,0.551,1.807831,2.9906315,19.5316564898401,24.8505450875198,56.9992156862745,30.2195120768519,0,56.2088702286814,80.8599963817429,1.82333333333333,2.0545,2.3835
"543",2025-10-12 09:02:00,0.552,0.913,0.552,1.811112,2.995553,19.0084871195766,24.4145706123002,56.4376470588235,30.2195120768519,0,56.2088702286814,80.919996379058,1.80866666666667,2.043,2.395
"544",2025-10-12 09:03:00,0.553,0.9145,0.553,1.814393,3.0004745,18.485317749313,23.9785961370805,55.8760784313726,30.2195120768519,0,56.2088702286814,80.9799963763732,1.794,2.0315,2.4065
"545",2025-10-12 09:04:00,0.554,0.916,0.554,1.817674,3.005396,17.9621483790494,23.5426216618609,55.3145098039216,30.2195120768519,0,56.2088702286814,81.0399963736884,1.77933333333333,2.02,2.418
"546",2025-10-12 09:05:00,0.555,0.9175,0.555,1.820955,3.0103175,17.4389790087858,23.1066471866412,54.7529411764706,30.2195120768519,0,56.2088702286814,81.0999963710035,1.76466666666667,2.0085,2.4295
"547",2025-10-12 09:06:00,0.556,0.919,0.556,1.824236,3.015239,17.6133687988737,23.0194522915973,55.5952941176471,30.2201026765669,0,56.2088702286814,80.9799963763732,1.75,1.997,2.441
"548",2025-10-12 09:07:00,0.557,0.9205,0.557,1.827517,3.0201605,17.7877585889616,22.9322573965534,56.4376470588235,30.2206932762819,0,56.2088702286814,80.8599963817429,1.73716666666667,1.9795,2.45083333333333
"549",2025-10-12 09:08:00,0.558,0.922,0.558,1.830798,3.025082,17.9621483790494,22.8450625015095,57.28,30.2212838759968,0,56.2088702286814,80.7399963871125,1.72433333333333,1.962,2.46066666666667
"550",2025-10-12 09:09:00,0.559,0.9235,0.559,1.834079,3.0300035,18.1365381691373,22.7578676064655,58.1223529411765,30.2218744757118,0,56.2088702286814,80.6199963924822,1.7115,1.9445,2.4705
"551",2025-10-12 09:10:00,0.56,0.925,0.56,1.83736,3.034925,18.3109279592251,22.6706727114216,58.9647058823529,30.2224650754267,0,56.2088702286814,80.4999963978518,1.69866666666667,1.927,2.48033333333333
"552",2025-10-12 09:11:00,0.561,0.9265,0.561,1.840641,3.0398465,17.8749534840055,22.7578676064655,58.1223529411765,30.2212838759968,0,56.2088702286814,80.6999963889024,1.68583333333333,1.9095,2.49016666666667
"553",2025-10-12 09:12:00,0.562,0.928,0.562,1.843922,3.044768,17.4389790087858,22.8450625015095,57.28,30.2201026765669,0,56.2088702286814,80.899996379953,1.673,1.892,2.5
"554",2025-10-12 09:13:00,0.563,0.9295,0.563,1.847203,3.0496895,17.0030045335662,22.9322573965534,56.4376470588235,30.218921477137,0,56.2088702286814,81.0999963710035,1.65966666666667,1.88483333333333,2.505
"555",2025-10-12 09:14:00,0.564,0.931,0.564,1.850484,3.054611,16.5670300583465,23.0194522915973,55.5952941176471,30.2177402777071,0,56.2088702286814,81.2999963620541,1.64633333333333,1.87766666666667,2.51
"556",2025-10-12 09:15:00,0.565,0.9325,0.565,1.853765,3.0595325,16.1310555831269,23.1066471866412,54.7529411764706,30.2165590782771,0,56.2088702286814,81.4999963531047,1.633,1.8705,2.515
"557",2025-10-12 09:16:00,0.566,0.934,0.566,1.857046,3.064454,16.4798351633026,23.2810369767291,55.0337254901961,30.2153778788472,0,56.2175272070791,81.2199963656339,1.61966666666667,1.86333333333333,2.52
"558",2025-10-12 09:17:00,0.567,0.9355,0.567,1.860327,3.0693755,16.8286147434783,23.455426766817,55.3145098039216,30.2141966794173,0,56.2261841854768,80.9399963781631,1.60633333333333,1.85616666666667,2.525
"559",2025-10-12 09:18:00,0.568,0.937,0.568,1.863608,3.074297,17.1773943236541,23.6298165569048,55.5952941176471,30.2130154799874,0,56.2348411638745,80.6599963906923,1.593,1.849,2.53
"560",2025-10-12 09:19:00,0.569,0.9385,0.569,1.866889,3.0792185,17.5261739038298,23.8042063469927,55.8760784313725,30.2118342805575,0,56.2434981422722,80.3799964032215,1.58866666666667,1.843,2.53816666666667
"561",2025-10-12 09:20:00,0.57,0.94,0.57,1.87017,3.08414,17.8749534840055,23.9785961370805,56.156862745098,30.2106530811275,0,56.2521551206699,80.0999964157507,1.58433333333333,1.837,2.54633333333333
"562",2025-10-12 09:21:00,0.57,0.94,0.57,1.87017,3.08414,18.0493432740933,23.9785961370805,56.156862745098,30.2118342805575,0,56.2521551206699,80.0999964157507,1.58,1.831,2.5545
"563",2025-10-12 09:22:00,0.57,0.94,0.57,1.87017,3.08414,18.2237330641812,23.9785961370805,56.156862745098,30.2130154799874,0,56.2521551206699,80.0999964157507,1.57566666666667,1.825,2.56266666666667
"564",2025-10-12 09:23:00,0.57,0.94,0.57,1.87017,3.08414,18.3981228542691,23.9785961370805,56.156862745098,30.2141966794173,0,56.2521551206699,80.0999964157507,1.57133333333333,1.819,2.57083333333333
"565",2025-10-12 09:24:00,0.57,0.94,0.57,1.87017,3.08414,18.5725126443569,23.9785961370805,56.156862745098,30.2153778788472,0,56.2521551206699,80.0999964157507,1.567,1.813,2.579
"566",2025-10-12 09:25:00,0.57,0.94,0.57,1.87017,3.08414,18.7469024344448,23.9785961370805,56.156862745098,30.2165590782771,0,56.2521551206699,80.0999964157507,1.56083333333333,1.80916666666667,2.59266666666667
"567",2025-10-12 09:26:00,0.57,0.94,0.57,1.87017,3.08414,18.3109279592251,23.8042063469927,56.156862745098,30.2147872791323,0,56.2434981422722,80.3799964032215,1.55466666666667,1.80533333333333,2.60633333333333
"568",2025-10-12 09:27:00,0.57,0.94,0.57,1.87017,3.08414,17.8749534840055,23.6298165569048,56.156862745098,30.2130154799874,0,56.2348411638745,80.6599963906923,1.5485,1.8015,2.62
"569",2025-10-12 09:28:00,0.57,0.94,0.57,1.87017,3.08414,17.4389790087858,23.455426766817,56.156862745098,30.2112436808425,0,56.2261841854768,80.9399963781631,1.54233333333333,1.79766666666667,2.63366666666667
"570",2025-10-12 09:29:00,0.57,0.94,0.57,1.87017,3.08414,17.0030045335662,23.2810369767291,56.156862745098,30.2094718816976,0,56.2175272070791,81.2199963656339,1.53616666666667,1.79383333333333,2.64733333333333
"571",2025-10-12 09:30:00,0.57,0.94,0.57,1.87017,3.08414,16.5670300583465,23.1066471866412,56.156862745098,30.2077000825528,0,56.2088702286814,81.4999963531047,1.53,1.79,2.661
"572",2025-10-12 09:31:00,0.57,0.94,0.57,1.87017,3.08414,16.7414198484344,23.6298165569048,56.4376470588235,30.2077000825528,0,56.1915534301485,81.5799963495249,1.53066666666667,1.7835,2.66916666666667
"573",2025-10-12 09:32:00,0.57,0.94,0.57,1.87017,3.08414,16.9158096385223,24.1529859271684,56.718431372549,30.2077000825528,0,56.1742366316156,81.6599963459451,1.53133333333333,1.777,2.67733333333333
"574",2025-10-12 09:33:00,0.57,0.94,0.57,1.87017,3.08414,17.0901994286101,24.676155297432,56.9992156862745,30.2077000825528,0,56.1569198330827,81.7399963423653,1.532,1.7705,2.6855
"575",2025-10-12 09:34:00,0.57,0.94,0.57,1.87017,3.08414,17.264589218698,25.1993246676955,57.28,30.2077000825528,0,56.1396030345498,81.8199963387856,1.53266666666667,1.764,2.69366666666667
"576",2025-10-12 09:35:00,0.57,0.94,0.57,1.87017,3.08414,17.4389790087858,25.7224940379591,57.5607843137255,30.2077000825528,0,56.1222862360169,81.8999963352058,1.53333333333333,1.7575,2.70183333333333
"577",2025-10-12 09:36:00,0.57,0.94,0.57,1.87017,3.08414,17.1773943236541,25.0249348776077,57.28,30.2059282834079,0,56.1482600129475,82.0199963298361,1.534,1.751,2.71
"578",2025-10-12 09:37:00,0.57,0.94,0.57,1.87017,3.08414,16.9158096385223,24.3273757172562,56.9992156862745,30.204156484263,0,56.1742337898781,82.1399963244665,1.53483333333333,1.746,2.71766666666667
"579",2025-10-12 09:38:00,0.57,0.94,0.57,1.87017,3.08414,16.6542249533905,23.6298165569048,56.718431372549,30.2023846851181,0,56.2002075668087,82.2599963190968,1.53566666666667,1.741,2.72533333333333
"580",2025-10-12 09:39:00,0.57,0.94,0.57,1.87017,3.08414,16.3926402682587,22.9322573965534,56.4376470588235,30.2006128859732,0,56.2261813437393,82.3799963137271,1.5365,1.736,2.733
"581",2025-10-12 09:40:00,0.57,0.94,0.57,1.87017,3.08414,16.1310555831269,22.234698236202,56.156862745098,30.1988410868284,0,56.2521551206699,82.4999963083575,1.53733333333333,1.731,2.74066666666667
"582",2025-10-12 09:41:00,0.572,0.9435,0.572,1.876732,3.0956235,15.4334964227755,21.7987237609823,54.1913725490196,30.2000222862583,0,56.3040774017984,82.5199963074625,1.53816666666667,1.726,2.74833333333333
"583",2025-10-12 09:42:00,0.574,0.947,0.574,1.883294,3.107107,14.735937262424,21.3627492857627,52.2258823529412,30.2012034856882,0,56.3559996829268,82.5399963065676,1.539,1.721,2.756
"584",2025-10-12 09:43:00,0.576,0.9505,0.576,1.889856,3.1185905,14.0383781020726,20.926774810543,50.2603921568627,30.2023846851181,0,56.4079219640553,82.5599963056727,1.54633333333333,1.71783333333333,2.76466666666667
"585",2025-10-12 09:44:00,0.578,0.954,0.578,1.896418,3.130074,13.3408189417212,20.4908003353234,48.2949019607843,30.203565884548,0,56.4598442451838,82.5799963047777,1.55366666666667,1.71466666666667,2.77333333333333
"586",2025-10-12 09:45:00,0.58,0.9575,0.58,1.90298,3.1415575,12.6432597813697,20.0548258601037,46.3294117647059,30.204747083978,0,56.5117665263123,82.5999963038828,1.561,1.7115,2.782
"587",2025-10-12 09:46:00,0.582,0.961,0.582,1.909542,3.153041,12.8176495714576,20.1420207551476,46.3294117647059,30.203565884548,0,56.5290666058905,82.5199963074625,1.56833333333333,1.70833333333333,2.79066666666667
"588",2025-10-12 09:47:00,0.584,0.9645,0.584,1.916104,3.1645245,12.9920393615455,20.2292156501916,46.3294117647059,30.2023846851181,0,56.5463666854687,82.4399963110423,1.57566666666667,1.70516666666667,2.79933333333333
"589",2025-10-12 09:48:00,0.586,0.968,0.586,1.922666,3.176008,13.1664291516333,20.3164105452355,46.3294117647059,30.2012034856882,0,56.5636667650469,82.3599963146221,1.583,1.702,2.808
"590",2025-10-12 09:49:00,0.588,0.9715,0.588,1.929228,3.1874915,13.3408189417212,20.4036054402794,46.3294117647059,30.2000222862583,0,56.5809668446251,82.2799963182019,1.59366666666667,1.703,2.82233333333333
"591",2025-10-12 09:50:00,0.59,0.975,0.59,1.93579,3.198975,13.515208731809,20.4908003353234,46.3294117647059,30.1988410868284,0,56.5982669242033,82.1999963217816,1.60433333333333,1.704,2.83666666666667
"592",2025-10-12 09:51:00,0.592,0.9785,0.592,1.942352,3.2104585,13.3408189417212,20.7523850204552,47.1717647058824,30.1994316865433,0,56.589617338045,82.2199963208867,1.615,1.705,2.851
"593",2025-10-12 09:52:00,0.594,0.982,0.594,1.948914,3.221942,13.1664291516333,21.0139697055869,48.0141176470588,30.2000222862583,0,56.5809677518867,82.2399963199917,1.62566666666667,1.706,2.86533333333333
"594",2025-10-12 09:53:00,0.596,0.9855,0.596,1.955476,3.2334255,12.9920393615455,21.2755543907187,48.8564705882353,30.2006128859732,0,56.5723181657284,82.2599963190968,1.63633333333333,1.707,2.87966666666667
"595",2025-10-12 09:54:00,0.598,0.989,0.598,1.962038,3.244909,12.8176495714576,21.5371390758505,49.6988235294118,30.2012034856882,0,56.5636685795702,82.2799963182019,1.647,1.708,2.894
"596",2025-10-12 09:55:00,0.6,0.9925,0.6,1.9686,3.2563925,12.6432597813697,21.7987237609823,50.5411764705882,30.2017940854032,0,56.5550189934119,82.2999963173069,1.64483333333333,1.714,2.90816666666667
"597",2025-10-12 09:56:00,0.602,0.996,0.602,1.975162,3.267876,13.4280138367651,22.4090880262898,52.2258823529412,30.2029752848331,0,56.5204115283165,82.4199963119373,1.64266666666667,1.72,2.92233333333333
"598",2025-10-12 09:57:00,0.604,0.9995,0.604,1.981724,3.2793595,14.2127678921605,23.0194522915973,53.9105882352941,30.204156484263,0,56.485804063221,82.5399963065676,1.6405,1.726,2.9365
"599",2025-10-12 09:58:00,0.606,1.003,0.606,1.988286,3.290843,14.9975219475558,23.6298165569048,55.5952941176471,30.2053376836929,0,56.4511965981256,82.6599963011979,1.63833333333333,1.732,2.95066666666667
"600",2025-10-12 09:59:00,0.608,1.0065,0.608,1.994848,3.3023265,15.7822760029512,24.2401808222123,57.28,30.2065188831228,0,56.4165891330302,82.7799962958283,1.63616666666667,1.738,2.96483333333333
"601",2025-10-12 10:00:00,0.61,1.01,0.61,2.00141,3.31381,16.5670300583465,24.8505450875198,58.9647058823529,30.2077000825528,0,56.3819816679348,82.8999962904586,1.634,1.744,2.979
"602",2025-10-12 10:01:00,0.613,1.015,0.613,2.011253,3.330215,17.0901994286101,25.0249348776077,58.403137254902,30.2077000825528,0,56.3733274976013,82.679996300303,1.64733333333333,1.75383333333333,2.99433333333333
"603",2025-10-12 10:02:00,0.616,1.02,0.616,2.021096,3.34662,17.6133687988737,25.1993246676955,57.841568627451,30.2077000825528,0,56.3646733272679,82.4599963101474,1.66066666666667,1.76366666666667,3.00966666666667
"604",2025-10-12 10:03:00,0.619,1.025,0.619,2.030939,3.363025,18.1365381691373,25.3737144577834,57.28,30.2077000825528,0,56.3560191569345,82.2399963199917,1.674,1.7735,3.025
"605",2025-10-12 10:04:00,0.622,1.03,0.622,2.040782,3.37943,18.6597075394009,25.5481042478713,56.718431372549,30.2077000825528,0,56.347364986601,82.0199963298361,1.68733333333333,1.78333333333333,3.04033333333333
"606",2025-10-12 10:05:00,0.625,1.035,0.625,2.050625,3.395835,19.1828769096644,25.7224940379591,56.156862745098,30.2077000825528,0,56.3387108162676,81.7999963396805,1.70066666666667,1.79316666666667,3.05566666666667
"607",2025-10-12 10:06:00,0.628,1.04,0.628,2.060468,3.41224,18.7469024344448,25.5481042478713,56.4376470588235,30.2071094828378,0,56.3127426987504,81.7399963423653,1.714,1.803,3.071
"608",2025-10-12 10:07:00,0.631,1.045,0.631,2.070311,3.428645,18.3109279592251,25.3737144577834,56.718431372549,30.2065188831228,0,56.2867745812331,81.6799963450502,1.729,1.8195,3.08566666666667
"609",2025-10-12 10:08:00,0.634,1.05,0.634,2.080154,3.44505,17.8749534840055,25.1993246676955,56.9992156862745,30.2059282834079,0,56.2608064637159,81.619996347735,1.744,1.836,3.10033333333333
"610",2025-10-12 10:09:00,0.637,1.055,0.637,2.089997,3.461455,17.4389790087858,25.0249348776077,57.28,30.2053376836929,0,56.2348383461987,81.5599963504198,1.759,1.8525,3.115
"611",2025-10-12 10:10:00,0.64,1.06,0.64,2.09984,3.47786,17.0030045335662,24.8505450875198,57.5607843137255,30.204747083978,0,56.2088702286814,81.4999963531047,1.774,1.869,3.12966666666667
"612",2025-10-12 10:11:00,0.643,1.065,0.643,2.109683,3.494265,17.264589218698,25.3737144577834,56.718431372549,30.204156484263,0,56.1915534301485,81.5999963486299,1.789,1.8855,3.14433333333333
"613",2025-10-12 10:12:00,0.646,1.07,0.646,2.119526,3.51067,17.5261739038298,25.896883828047,55.8760784313725,30.203565884548,0,56.1742366316156,81.6999963441552,1.804,1.902,3.159
"614",2025-10-12 10:13:00,0.649,1.075,0.649,2.129369,3.527075,17.7877585889616,26.4200531983106,55.0337254901961,30.2029752848331,0,56.1569198330827,81.7999963396805,1.82183333333333,1.919,3.175
"615",2025-10-12 10:14:00,0.652,1.08,0.652,2.139212,3.54348,18.0493432740933,26.9432225685741,54.1913725490196,30.2023846851181,0,56.1396030345498,81.8999963352058,1.83966666666667,1.936,3.191
"616",2025-10-12 10:15:00,0.655,1.085,0.655,2.149055,3.559885,18.3109279592251,27.4663919388377,53.3490196078431,30.2017940854032,0,56.1222862360169,81.9999963307311,1.8575,1.953,3.207
"617",2025-10-12 10:16:00,0.658,1.09,0.658,2.158898,3.57629,18.5725126443569,27.3791970437938,53.9105882352941,30.2029752848331,0,56.1049656163682,82.1399963244665,1.87533333333333,1.97,3.223
"618",2025-10-12 10:17:00,0.661,1.095,0.661,2.168741,3.592695,18.8340973294887,27.2920021487498,54.4721568627451,30.204156484263,0,56.0876449967196,82.2799963182019,1.89316666666667,1.987,3.239
"619",2025-10-12 10:18:00,0.664,1.1,0.664,2.178584,3.6091,19.0956820146205,27.2048072537059,55.0337254901961,30.2053376836929,0,56.0703243770709,82.4199963119373,1.911,2.004,3.255
"620",2025-10-12 10:19:00,0.667,1.105,0.667,2.188427,3.625505,19.3572666997523,27.117612358662,55.5952941176471,30.2065188831228,0,56.0530037574222,82.5599963056726,1.93616666666667,2.0275,3.27183333333333
"621",2025-10-12 10:20:00,0.67,1.11,0.67,2.19827,3.64191,19.6188513848841,27.0304174636181,56.156862745098,30.2077000825528,0,56.0356831377736,82.699996299408,1.96133333333333,2.051,3.28866666666667
"622",2025-10-12 10:21:00,0.67,1.11,0.67,2.19827,3.64191,18.9212922245326,26.3328583032666,56.156862745098,30.2088812819827,0,55.9923646176499,82.9799962868788,1.9865,2.0745,3.3055
"623",2025-10-12 10:22:00,0.67,1.11,0.67,2.19827,3.64191,18.2237330641812,25.6352991429152,56.156862745098,30.2100624814126,0,55.9490460975262,83.2599962743496,2.01166666666667,2.098,3.32233333333333
"624",2025-10-12 10:23:00,0.67,1.11,0.67,2.19827,3.64191,17.5261739038298,24.9377399825638,56.156862745098,30.2112436808425,0,55.9057275774025,83.5399962618204,2.03683333333333,2.1215,3.33916666666667
"625",2025-10-12 10:24:00,0.67,1.11,0.67,2.19827,3.64191,16.8286147434783,24.2401808222123,56.156862745098,30.2124248802724,0,55.8624090572788,83.8199962492912,2.062,2.145,3.356
"626",2025-10-12 10:25:00,0.67,1.11,0.67,2.19827,3.64191,16.1310555831269,23.5426216618609,56.156862745098,30.2136060797023,0,55.8190905371552,84.099996236762,2.0795,2.1695,3.37416666666667
"627",2025-10-12 10:26:00,0.67,1.11,0.67,2.19827,3.64191,15.6950811079073,23.368231871773,54.4721568627451,30.2130154799874,0,55.8017562390012,84.0399962394468,2.097,2.194,3.39233333333333
"628",2025-10-12 10:27:00,0.67,1.11,0.67,2.19827,3.64191,15.2591066326876,23.1938420816852,52.7874509803922,30.2124248802724,0,55.7844219408473,83.9799962421317,2.1145,2.2185,3.4105
"629",2025-10-12 10:28:00,0.67,1.11,0.67,2.19827,3.64191,14.823132157468,23.0194522915973,51.1027450980392,30.2118342805575,0,55.7670876426934,83.9199962448165,2.132,2.243,3.42866666666667
"630",2025-10-12 10:29:00,0.67,1.11,0.67,2.19827,3.64191,14.3871576822483,22.8450625015095,49.4180392156863,30.2112436808425,0,55.7497533445395,83.8599962475013,2.1495,2.2675,3.44683333333333
"631",2025-10-12 10:30:00,0.67,1.11,0.67,2.19827,3.64191,13.9511832070287,22.6706727114216,47.7333333333333,30.2106530811275,0,55.7324190463856,83.7999962501862,2.167,2.292,3.465
"632",2025-10-12 10:31:00,0.67,1.11,0.67,2.19827,3.64191,13.6895985218969,22.3218931312459,47.4525490196078,30.2106530811275,0,55.6717172828058,84.0199962403418,2.185,2.31933333333333,3.4885
"633",2025-10-12 10:32:00,0.67,1.11,0.67,2.19827,3.64191,13.4280138367651,21.9731135510702,47.1717647058824,30.2106530811275,0,55.6110155192261,84.2399962304974,2.203,2.34666666666667,3.512
"634",2025-10-12 10:33:00,0.67,1.11,0.67,2.19827,3.64191,13.1664291516333,21.6243339708944,46.8909803921569,30.2106530811275,0,55.5503137556463,84.459996220653,2.221,2.374,3.5355
"635",2025-10-12 10:34:00,0.67,1.11,0.67,2.19827,3.64191,12.9048444665015,21.2755543907187,46.6101960784314,30.2106530811275,0,55.4896119920666,84.6799962108086,2.239,2.40133333333333,3.559
"636",2025-10-12 10:35:00,0.67,1.11,0.67,2.19827,3.64191,12.6432597813697,20.926774810543,46.3294117647059,30.2106530811275,0,55.4289102284868,84.8999962009643,2.257,2.42866666666667,3.5825
"637",2025-10-12 10:36:00,0.67,1.11,0.67,2.19827,3.64191,12.9048444665015,21.6243339708944,46.8909803921569,30.2112436808425,0,55.3942008873826,85.3199961821704,2.275,2.456,3.606
"638",2025-10-12 10:37:00,0.67,1.11,0.67,2.19827,3.64191,13.1664291516333,22.3218931312459,47.4525490196079,30.2118342805575,0,55.3594915462784,85.7399961633766,2.30266666666667,2.48883333333333,3.6305
"639",2025-10-12 10:38:00,0.67,1.11,0.67,2.19827,3.64191,13.4280138367651,23.0194522915973,48.0141176470588,30.2124248802724,0,55.3247822051741,86.1599961445828,2.33033333333333,2.52166666666667,3.655
"640",2025-10-12 10:39:00,0.67,1.11,0.67,2.19827,3.64191,13.6895985218969,23.7170114519487,48.5756862745098,30.2130154799874,0,55.2900728640699,86.579996125789,2.358,2.5545,3.6795
"641",2025-10-12 10:40:00,0.67,1.11,0.67,2.19827,3.64191,13.9511832070287,24.4145706123002,49.1372549019608,30.2136060797023,0,55.2553635229657,86.9999961069952,2.38566666666667,2.58733333333333,3.704
"642",2025-10-12 10:41:00,0.671,1.1115,0.671,2.201551,3.6468315,14.2127678921605,24.2401808222123,50.2603921568627,30.2130154799874,0,55.2466835683636,86.93999610968,2.41333333333333,2.62016666666667,3.7285
"643",2025-10-12 10:42:00,0.672,1.113,0.672,2.204832,3.651753,14.4743525772922,24.0657910321245,51.3835294117647,30.2124248802724,0,55.2380036137615,86.8799961123648,2.441,2.653,3.753
"644",2025-10-12 10:43:00,0.673,1.1145,0.673,2.208113,3.6566745,14.735937262424,23.8914012420366,52.5066666666667,30.2118342805575,0,55.2293236591594,86.8199961150497,2.46416666666667,2.67816666666667,3.77716666666667
"645",2025-10-12 10:44:00,0.674,1.116,0.674,2.211394,3.661596,14.9975219475558,23.7170114519487,53.6298039215686,30.2112436808425,0,55.2206437045573,86.7599961177345,2.48733333333333,2.70333333333333,3.80133333333333
"646",2025-10-12 10:45:00,0.675,1.1175,0.675,2.214675,3.6665175,15.2591066326876,23.5426216618609,54.7529411764706,30.2106530811275,0,55.2119637499552,86.6999961204193,2.5105,2.7285,3.8255
"647",2025-10-12 10:46:00,0.676,1.119,0.676,2.217956,3.671439,14.9975219475558,22.8450625015095,54.7529411764706,30.2112436808425,0,55.1598616412321,86.7999961159446,2.53366666666667,2.75366666666667,3.84966666666667
"648",2025-10-12 10:47:00,0.677,1.1205,0.677,2.221237,3.6763605,14.735937262424,22.147503341158,54.7529411764706,30.2118342805575,0,55.1077595325089,86.8999961114699,2.55683333333333,2.77883333333333,3.87383333333333
"649",2025-10-12 10:48:00,0.678,1.122,0.678,2.224518,3.681282,14.4743525772922,21.4499441808066,54.7529411764706,30.2124248802724,0,55.0556574237857,86.9999961069952,2.58,2.804,3.898
"650",2025-10-12 10:49:00,0.679,1.1235,0.679,2.227799,3.6862035,14.2127678921605,20.7523850204552,54.7529411764706,30.2130154799874,0,55.0035553150625,87.0999961025204,2.60933333333333,2.8335,3.91816666666667
"651",2025-10-12 10:50:00,0.68,1.125,0.68,2.23108,3.691125,13.9511832070287,20.0548258601037,54.7529411764706,30.2136060797023,0,54.9514532063393,87.1999960980457,2.63866666666667,2.863,3.93833333333333
"652",2025-10-12 10:51:00,0.681,1.1265,0.681,2.234361,3.6960465,13.9511832070287,20.4908003353234,53.9105882352941,30.2124248802724,0,54.9340771921948,87.4599960864115,2.668,2.8925,3.9585
"653",2025-10-12 10:52:00,0.682,1.128,0.682,2.237642,3.700968,13.9511832070287,20.926774810543,53.0682352941176,30.2112436808425,0,54.9167011780502,87.7199960747772,2.69733333333333,2.922,3.97866666666667
"654",2025-10-12 10:53:00,0.683,1.1295,0.683,2.240923,3.7058895,13.9511832070287,21.3627492857627,52.2258823529412,30.2100624814126,0,54.8993251639057,87.9799960631429,2.72666666666667,2.9515,3.99883333333333
"655",2025-10-12 10:54:00,0.684,1.131,0.684,2.244204,3.710811,13.9511832070287,21.7987237609823,51.3835294117647,30.2088812819827,0,54.8819491497611,88.2399960515087,2.756,2.981,4.019
"656",2025-10-12 10:55:00,0.685,1.1325,0.685,2.247485,3.7157325,13.9511832070287,22.234698236202,50.5411764705882,30.2077000825528,0,54.8645731356166,88.4999960398744,2.784,3.00566666666667,4.04083333333333
"657",2025-10-12 10:56:00,0.686,1.134,0.686,2.250766,3.720654,14.6487423673801,23.7170114519487,51.1027450980392,30.2088812819827,0,54.9514101150486,88.2199960524036,2.812,3.03033333333333,4.06266666666667
"658",2025-10-12 10:57:00,0.687,1.1355,0.687,2.254047,3.7255755,15.3463015277315,25.1993246676955,51.6643137254902,30.2100624814126,0,55.0382470944806,87.9399960649328,2.84,3.055,4.0845
"659",2025-10-12 10:58:00,0.688,1.137,0.688,2.257328,3.730497,16.043860688083,26.6816378834423,52.2258823529412,30.2112436808425,0,55.1250840739126,87.659996077462,2.868,3.07966666666667,4.10633333333333
"660",2025-10-12 10:59:00,0.689,1.1385,0.689,2.260609,3.7354185,16.7414198484344,28.1639510991891,52.7874509803922,30.2124248802724,0,55.2119210533446,87.3799960899912,2.896,3.10433333333333,4.12816666666667
"661",2025-10-12 11:00:00,0.69,1.14,0.69,2.26389,3.74034,17.4389790087858,29.6462643149359,53.3490196078431,30.2136060797023,0,55.2987580327766,87.0999961025204,2.924,3.129,4.15
"662",2025-10-12 11:01:00,0.688,1.137,0.688,2.257328,3.730497,17.0030045335662,28.7743153644966,50.8219607843137,30.2130154799874,0,55.3074358870106,86.9799961078901,2.95066666666667,3.16233333333333,4.173
"663",2025-10-12 11:02:00,0.686,1.134,0.686,2.250766,3.720654,16.5670300583465,27.9023664140573,48.2949019607843,30.2124248802724,0,55.3161137412446,86.8599961132598,2.97733333333333,3.19566666666667,4.196
"664",2025-10-12 11:03:00,0.684,1.131,0.684,2.244204,3.710811,16.1310555831269,27.0304174636181,45.7678431372549,30.2118342805575,0,55.3247915954787,86.7399961186294,3.004,3.229,4.219
"665",2025-10-12 11:04:00,0.682,1.128,0.682,2.237642,3.700968,15.6950811079073,26.1584685131788,43.2407843137255,30.2112436808425,0,55.3334694497127,86.6199961239991,3.03066666666667,3.26233333333333,4.242
"666",2025-10-12 11:05:00,0.68,1.125,0.68,2.23108,3.691125,15.2591066326876,25.2865195627395,40.7137254901961,30.2106530811275,0,55.3421473039467,86.4999961293688,3.05733333333333,3.29566666666667,4.265
"667",2025-10-12 11:06:00,0.678,1.122,0.678,2.224518,3.681282,14.9975219475558,24.9377399825638,40.9945098039216,30.2112436808425,0,55.2118672375118,86.7599961177345,3.084,3.329,4.288
"668",2025-10-12 11:07:00,0.676,1.119,0.676,2.217956,3.671439,14.735937262424,24.588960402388,41.2752941176471,30.2118342805575,0,55.0815871710768,87.0199961061002,3.1105,3.35516666666667,4.30666666666667
"669",2025-10-12 11:08:00,0.674,1.116,0.674,2.211394,3.661596,14.4743525772922,24.2401808222123,41.5560784313725,30.2124248802724,0,54.9513071046419,87.279996094466,3.137,3.38133333333333,4.32533333333333
"670",2025-10-12 11:09:00,0.672,1.113,0.672,2.204832,3.651753,14.2127678921605,23.8914012420366,41.836862745098,30.2130154799874,0,54.821027038207,87.5399960828317,3.1635,3.4075,4.344
"671",2025-10-12 11:10:00,0.67,1.11,0.67,2.19827,3.64191,13.9511832070287,23.5426216618609,42.1176470588235,30.2136060797023,0,54.690746971772,87.7999960711974,3.19,3.43366666666667,4.36266666666667
"672",2025-10-12 11:11:00,0.668,1.107,0.668,2.191708,3.632067,13.9511832070287,24.2401808222123,42.1176470588235,30.2147872791323,0,54.6646613367517,88.0599960595632,3.2165,3.45983333333333,4.38133333333333
"673",2025-10-12 11:12:00,0.666,1.104,0.666,2.185146,3.622224,13.9511832070287,24.9377399825638,42.1176470588235,30.2159684785622,0,54.6385757017313,88.3199960479289,3.243,3.486,4.4
"674",2025-10-12 11:13:00,0.664,1.101,0.664,2.178584,3.612381,13.9511832070287,25.6352991429152,42.1176470588235,30.2171496779921,0,54.612490066711,88.5799960362946,3.27766666666667,3.51333333333333,4.41966666666667
"675",2025-10-12 11:14:00,0.662,1.098,0.662,2.172022,3.602538,13.9511832070287,26.3328583032666,42.1176470588235,30.218330877422,0,54.5864044316907,88.8399960246604,3.31233333333333,3.54066666666667,4.43933333333333
"676",2025-10-12 11:15:00,0.66,1.095,0.66,2.16546,3.592695,13.9511832070287,27.0304174636181,42.1176470588235,30.2195120768519,0,54.5603187966703,89.0999960130261,3.347,3.568,4.459
"677",2025-10-12 11:16:00,0.658,1.092,0.658,2.158898,3.582852,14.0383781020726,26.1584685131788,41.5560784313725,30.2195120768519,0,54.6385456786041,88.9999960175008,3.38166666666667,3.59533333333333,4.47866666666667
"678",2025-10-12 11:17:00,0.656,1.089,0.656,2.152336,3.573009,14.1255729971165,25.2865195627395,40.9945098039216,30.2195120768519,0,54.7167725605379,88.8999960219755,3.41633333333333,3.62266666666667,4.49833333333333
"679",2025-10-12 11:18:00,0.654,1.086,0.654,2.145774,3.563166,14.2127678921605,24.4145706123002,40.4329411764706,30.2195120768519,0,54.7949994424717,88.7999960264502,3.451,3.65,4.518
"680",2025-10-12 11:19:00,0.652,1.083,0.652,2.139212,3.553323,14.2999627872044,23.5426216618609,39.8713725490196,30.2195120768519,0,54.8732263244055,88.699996030925,3.4835,3.685,4.5415
"681",2025-10-12 11:20:00,0.65,1.08,0.65,2.13265,3.54348,14.3871576822483,22.6706727114216,39.3098039215686,30.2195120768519,0,54.9514532063393,88.5999960353997,3.516,3.72,4.565
"682",2025-10-12 11:21:00,0.6515,1.082,0.6515,2.1375715,3.550042,14.3871576822483,23.6298165569048,38.7482352941176,30.218921477137,0,54.9427657453212,88.4799960407693,3.5485,3.755,4.5885
"683",2025-10-12 11:22:00,0.653,1.084,0.653,2.142493,3.556604,14.3871576822483,24.588960402388,38.1866666666667,30.218330877422,0,54.934078284303,88.359996046139,3.581,3.79,4.612
"684",2025-10-12 11:23:00,0.6545,1.086,0.6545,2.1474145,3.563166,14.3871576822483,25.5481042478713,37.6250980392157,30.2177402777071,0,54.9253908232848,88.2399960515087,3.6135,3.825,4.6355
"685",2025-10-12 11:24:00,0.656,1.088,0.656,2.152336,3.569728,14.3871576822483,26.5072480933545,37.0635294117647,30.2171496779921,0,54.9167033622666,88.1199960568783,3.646,3.86,4.659
"686",2025-10-12 11:25:00,0.6575,1.09,0.6575,2.1572575,3.57629,14.3871576822483,27.4663919388377,36.5019607843137,30.2165590782771,0,54.9080159012484,87.999996062248,3.67283333333333,3.88733333333333,4.682
"687",2025-10-12 11:26:00,0.659,1.092,0.659,2.162179,3.582852,14.5615474723362,27.3791970437938,36.2211764705882,30.2147872791323,0,54.986164327554,87.8199960703025,3.69966666666667,3.91466666666667,4.705
"688",2025-10-12 11:27:00,0.6605,1.094,0.6605,2.1671005,3.589414,14.735937262424,27.2920021487498,35.9403921568627,30.2130154799874,0,55.0643127538597,87.639996078357,3.7265,3.942,4.728
"689",2025-10-12 11:28:00,0.662,1.096,0.662,2.172022,3.595976,14.9103270525119,27.2048072537059,35.6596078431373,30.2112436808425,0,55.1424611801653,87.4599960864115,3.75333333333333,3.96933333333333,4.751
"690",2025-10-12 11:29:00,0.6635,1.098,0.6635,2.1769435,3.602538,15.0847168425998,27.117612358662,35.3788235294118,30.2094718816976,0,55.2206096064709,87.279996094466,3.78016666666667,3.99666666666667,4.774
"691",2025-10-12 11:30:00,0.665,1.1,0.665,2.181865,3.6091,15.2591066326876,27.0304174636181,35.0980392156863,30.2077000825528,0,55.2987580327766,87.0999961025204,3.807,4.024,4.797
"692",2025-10-12 11:31:00,0.6665,1.102,0.6665,2.1867865,3.615662,14.9975219475558,26.0712736181348,36.7827450980392,30.2071094828378,0,55.3508096138477,86.959996108785,3.8355,4.059,4.8155
"693",2025-10-12 11:32:00,0.668,1.104,0.668,2.191708,3.622224,14.735937262424,25.1121297726516,38.4674509803922,30.2065188831228,0,55.4028611949188,86.8199961150497,3.864,4.094,4.834
"694",2025-10-12 11:33:00,0.6695,1.106,0.6695,2.1966295,3.628786,14.4743525772922,24.1529859271684,40.1521568627451,30.2059282834079,0,55.4549127759899,86.6799961213143,3.8925,4.129,4.8525
"695",2025-10-12 11:34:00,0.671,1.108,0.671,2.201551,3.635348,14.2127678921605,23.1938420816852,41.836862745098,30.2053376836929,0,55.506964357061,86.5399961275789,3.921,4.164,4.871
"696",2025-10-12 11:35:00,0.6725,1.11,0.6725,2.2064725,3.64191,13.9511832070287,22.234698236202,43.521568627451,30.204747083978,0,55.5590159381321,86.3999961338435,3.9495,4.199,4.8895
"697",2025-10-12 11:36:00,0.674,1.112,0.674,2.211394,3.648472,14.9103270525119,24.0657910321245,40.9945098039216,30.203565884548,0,55.5590159381321,86.2599961401081,3.978,4.234,4.908
"698",2025-10-12 11:37:00,0.6755,1.114,0.6755,2.2163155,3.655034,15.8694708979951,25.896883828047,38.4674509803922,30.2023846851181,0,55.5590159381321,86.1199961463727,4.009,4.25916666666667,4.926
"699",2025-10-12 11:38:00,0.677,1.116,0.677,2.221237,3.661596,16.8286147434783,27.7279766239695,35.9403921568627,30.2012034856882,0,55.5590159381321,85.9799961526373,4.04,4.28433333333333,4.944
"700",2025-10-12 11:39:00,0.6785,1.118,0.6785,2.2261585,3.668158,17.7877585889616,29.559069419892,33.4133333333333,30.2000222862583,0,55.5590159381321,85.8399961589019,4.071,4.3095,4.962
"701",2025-10-12 11:40:00,0.68,1.12,0.68,2.23108,3.67472,18.7469024344448,31.3901622158145,30.8862745098039,30.1988410868284,0,55.5590159381321,85.6999961651665,4.102,4.33466666666667,4.98
"702",2025-10-12 11:41:00,0.6865,1.1315,0.6865,2.2524065,3.7124515,18.6597075394009,30.9541877405949,31.1670588235294,30.1994316865433,0,55.585027914838,85.7199961642716,4.133,4.35983333333333,4.998
"703",2025-10-12 11:42:00,0.693,1.143,0.693,2.273733,3.750183,18.5725126443569,30.5182132653752,31.4478431372549,30.2000222862583,0,55.6110398915439,85.7399961633766,4.164,4.385,5.016
"704",2025-10-12 11:43:00,0.6995,1.1545,0.6995,2.2950595,3.7879145,18.485317749313,30.0822387901556,31.7286274509804,30.2006128859732,0,55.6370518682498,85.7599961624817,4.1955,4.425,5.0325
"705",2025-10-12 11:44:00,0.706,1.166,0.706,2.316386,3.825646,18.3981228542691,29.6462643149359,32.0094117647059,30.2012034856882,0,55.6630638449557,85.7799961615867,4.227,4.465,5.049
"706",2025-10-12 11:45:00,0.7125,1.1775,0.7125,2.3377125,3.8633775,18.3109279592251,29.2102898397163,32.2901960784314,30.2017940854032,0,55.6890758216616,85.7999961606918,4.2585,4.505,5.0655
"707",2025-10-12 11:46:00,0.719,1.189,0.719,2.359039,3.901109,18.2237330641812,28.6871204694527,33.4133333333333,30.2006128859732,0,55.6890758216616,85.7399961633766,4.29,4.545,5.082
"708",2025-10-12 11:47:00,0.7255,1.2005,0.7255,2.3803655,3.9388405,18.1365381691373,28.1639510991891,34.5364705882353,30.1994316865433,0,55.6890758216616,85.6799961660615,4.3215,4.585,5.0985
"709",2025-10-12 11:48:00,0.732,1.212,0.732,2.401692,3.976572,18.0493432740933,27.6407817289256,35.6596078431373,30.1982504871134,0,55.6890758216616,85.6199961687463,4.353,4.625,5.115
"710",2025-10-12 11:49:00,0.7385,1.2235,0.7385,2.4230185,4.0143035,17.9621483790494,27.117612358662,36.7827450980392,30.1970692876835,0,55.6890758216616,85.5599961714311,4.38266666666667,4.65183333333333,5.12916666666667
"711",2025-10-12 11:50:00,0.745,1.235,0.745,2.444345,4.052035,17.8749534840055,26.5944429883984,37.9058823529412,30.1958880882536,0,55.6890758216616,85.499996174116,4.41233333333333,4.67866666666667,5.14333333333333
"712",2025-10-12 11:51:00,0.7515,1.2465,0.7515,2.4656715,4.0897665,17.4389790087858,26.3328583032666,37.9058823529412,30.1964786879685,0,55.7064121126857,85.5599961714311,4.442,4.7055,5.1575
"713",2025-10-12 11:52:00,0.758,1.258,0.758,2.486998,4.127498,17.0030045335662,26.0712736181348,37.9058823529412,30.1970692876835,0,55.7237484037097,85.6199961687463,4.47166666666667,4.73233333333333,5.17166666666667
"714",2025-10-12 11:53:00,0.7645,1.2695,0.7645,2.5083245,4.1652295,16.5670300583465,25.809688933003,37.9058823529412,30.1976598873984,0,55.7410846947338,85.6799961660615,4.50133333333333,4.75916666666667,5.18583333333333
"715",2025-10-12 11:54:00,0.771,1.281,0.771,2.529651,4.202961,16.1310555831269,25.5481042478713,37.9058823529412,30.1982504871134,0,55.7584209857579,85.7399961633766,4.531,4.786,5.2
"716",2025-10-12 11:55:00,0.7775,1.2925,0.7775,2.5509775,4.2406925,15.6950811079073,25.2865195627395,37.9058823529412,30.1988410868284,0,55.7757572767819,85.7999961606918,4.558,4.81716666666667,5.21583333333333
"717",2025-10-12 11:56:00,0.784,1.304,0.784,2.572304,4.278424,15.8694708979951,25.1993246676955,40.1521568627451,30.1964786879685,0,55.7757572767819,85.859996158007,4.585,4.84833333333333,5.23166666666667
"718",2025-10-12 11:57:00,0.7905,1.3155,0.7905,2.5936305,4.3161555,16.043860688083,25.1121297726516,42.398431372549,30.1941162891087,0,55.7757572767819,85.9199961553221,4.612,4.8795,5.2475
"719",2025-10-12 11:58:00,0.797,1.327,0.797,2.614957,4.353887,16.2182504781708,25.0249348776077,44.6447058823529,30.1917538902489,0,55.7757572767819,85.9799961526373,4.639,4.91066666666667,5.26333333333333
"720",2025-10-12 11:59:00,0.8035,1.3385,0.8035,2.6362835,4.3916185,16.3926402682587,24.9377399825638,46.8909803921569,30.189391491389,0,55.7757572767819,86.0399961499525,4.666,4.94183333333333,5.27916666666667
"721",2025-10-12 12:00:00,0.81,1.35,0.81,2.65761,4.42935,16.5670300583465,24.8505450875198,49.1372549019608,30.1870290925292,0,55.7757572767819,86.0999961472676,4.693,4.973,5.295
"722",2025-10-12 12:01:00,0.8165,1.36,0.8165,2.6789365,4.46216,16.4798351633026,25.0249348776077,50.2603921568627,30.1882102919591,0,55.7844239288566,86.0599961490575,4.7355,5.00033333333333,5.31033333333333
"723",2025-10-12 12:02:00,0.823,1.37,0.823,2.700263,4.49497,16.3926402682587,25.1993246676955,51.3835294117647,30.189391491389,0,55.7930905809312,86.0199961508474,4.778,5.02766666666667,5.32566666666667
"724",2025-10-12 12:03:00,0.8295,1.38,0.8295,2.7215895,4.52778,16.3054453732148,25.3737144577834,52.5066666666667,30.1905726908189,0,55.8017572330059,85.9799961526373,4.8205,5.055,5.341
"725",2025-10-12 12:04:00,0.836,1.39,0.836,2.742916,4.56059,16.2182504781708,25.5481042478713,53.6298039215686,30.1917538902489,0,55.8104238850805,85.9399961544272,4.863,5.08233333333333,5.35633333333333
"726",2025-10-12 12:05:00,0.8425,1.4,0.8425,2.7642425,4.5934,16.1310555831269,25.7224940379591,54.7529411764706,30.1929350896788,0,55.8190905371552,85.8999961562171,4.9055,5.10966666666667,5.37166666666667
"727",2025-10-12 12:06:00,0.849,1.41,0.849,2.785569,4.62621,16.043860688083,26.1584685131788,53.6298039215686,30.1935256893937,0,55.8364208787122,85.9999961517424,4.948,5.137,5.387
"728",2025-10-12 12:07:00,0.8555,1.42,0.8555,2.8068955,4.65902,15.956665793039,26.5944429883984,52.5066666666667,30.1941162891087,0,55.8537512202693,86.0999961472676,4.98266666666667,5.166,5.40066666666667
"729",2025-10-12 12:08:00,0.862,1.43,0.862,2.828222,4.69183,15.8694708979951,27.0304174636181,51.3835294117647,30.1947068888237,0,55.8710815618264,86.1999961427929,5.01733333333333,5.195,5.41433333333333
"730",2025-10-12 12:09:00,0.8685,1.44,0.8685,2.8495485,4.72464,15.7822760029512,27.4663919388377,50.2603921568627,30.1952974885386,0,55.8884119033834,86.2999961383182,5.052,5.224,5.428
"731",2025-10-12 12:10:00,0.875,1.45,0.875,2.870875,4.75745,15.6950811079073,27.9023664140573,49.1372549019608,30.1958880882536,0,55.9057422449405,86.3999961338435,5.08666666666667,5.253,5.44166666666667
"732",2025-10-12 12:11:00,0.8815,1.46,0.8815,2.8922015,4.79026,15.6950811079073,27.6407817289256,47.1717647058824,30.1970692876835,0,55.9230686686983,86.4399961320536,5.12133333333333,5.282,5.45533333333333
"733",2025-10-12 12:12:00,0.888,1.47,0.888,2.913528,4.82307,15.6950811079073,27.3791970437938,45.2062745098039,30.1982504871134,0,55.940395092456,86.4799961302637,5.156,5.311,5.469
"734",2025-10-12 12:13:00,0.8945,1.48,0.8945,2.9348545,4.85588,15.6950811079073,27.117612358662,43.2407843137255,30.1994316865433,0,55.9577215162138,86.5199961284738,5.194,5.35033333333333,5.48166666666667
"735",2025-10-12 12:14:00,0.901,1.49,0.901,2.956181,4.88869,15.6950811079073,26.8560276735302,41.2752941176471,30.2006128859732,0,55.9750479399715,86.5599961266839,5.232,5.38966666666667,5.49433333333333
"736",2025-10-12 12:15:00,0.9075,1.5,0.9075,2.9775075,4.9215,15.6950811079073,26.5944429883984,39.3098039215686,30.2017940854032,0,55.9923743637293,86.599996124894,5.27,5.429,5.507
"737",2025-10-12 12:16:00,0.914,1.51,0.914,2.998834,4.95431,15.4334964227755,25.7224940379591,40.7137254901961,30.2006128859732,0,56.0096969084142,86.5199961284738,5.308,5.46833333333333,5.51966666666667
"738",2025-10-12 12:17:00,0.9205,1.52,0.9205,3.0201605,4.98712,15.1719117376437,24.8505450875198,42.1176470588235,30.1994316865433,0,56.027019453099,86.4399961320536,5.346,5.50766666666667,5.53233333333333
"739",2025-10-12 12:18:00,0.927,1.53,0.927,3.041487,5.01993,14.9103270525119,23.9785961370805,43.521568627451,30.1982504871134,0,56.0443419977839,86.3599961356334,5.384,5.547,5.545
"740",2025-10-12 12:19:00,0.9335,1.54,0.9335,3.0628135,5.05274,14.6487423673801,23.1066471866412,44.9254901960784,30.1970692876835,0,56.0616645424688,86.2799961392131,5.42166666666667,5.57433333333333,5.558
"741",2025-10-12 12:20:00,0.94,1.55,0.94,3.08414,5.08555,14.3871576822483,22.234698236202,46.3294117647059,30.1958880882536,0,56.0789870871537,86.1999961427929,5.45933333333333,5.60166666666667,5.571
"742",2025-10-12 12:21:00,0.9385,1.5475,0.9385,3.0792185,5.0773475,14.735937262424,22.9322573965534,45.4870588235294,30.1947068888237,0,56.0789870871537,86.1599961445828,5.497,5.629,5.584
"743",2025-10-12 12:22:00,0.937,1.545,0.937,3.074297,5.069145,15.0847168425998,23.6298165569048,44.6447058823529,30.1935256893937,0,56.0789870871537,86.1199961463727,5.53466666666667,5.65633333333333,5.597
"744",2025-10-12 12:23:00,0.9355,1.5425,0.9355,3.0693755,5.0609425,15.4334964227755,24.3273757172562,43.8023529411765,30.1923444899638,0,56.0789870871537,86.0799961481626,5.57233333333333,5.68366666666667,5.61
"745",2025-10-12 12:24:00,0.934,1.54,0.934,3.064454,5.05274,15.7822760029512,25.0249348776077,42.96,30.1911632905339,0,56.0789870871537,86.0399961499525,5.61,5.711,5.623
"746",2025-10-12 12:25:00,0.9325,1.5375,0.9325,3.0595325,5.0445375,16.1310555831269,25.7224940379591,42.1176470588235,30.189982091104,0,56.0789870871537,85.9999961517424,5.64,5.75683333333333,5.634
"747",2025-10-12 12:26:00,0.931,1.535,0.931,3.054611,5.036335,16.043860688083,26.2456634082227,41.836862745098,30.189982091104,0,56.0789870871537,85.9599961535322,5.67,5.80266666666667,5.645
"748",2025-10-12 12:27:00,0.9295,1.5325,0.9295,3.0496895,5.0281325,15.956665793039,26.7688327784863,41.5560784313725,30.189982091104,0,56.0789870871537,85.9199961553221,5.7,5.8485,5.656
"749",2025-10-12 12:28:00,0.928,1.53,0.928,3.044768,5.01993,15.8694708979951,27.2920021487498,41.2752941176471,30.189982091104,0,56.0789870871537,85.879996157112,5.73,5.89433333333333,5.667
"750",2025-10-12 12:29:00,0.9265,1.5275,0.9265,3.0398465,5.0117275,15.7822760029512,27.8151715190134,40.9945098039216,30.189982091104,0,56.0789870871537,85.8399961589019,5.76,5.94016666666667,5.678
"751",2025-10-12 12:30:00,0.925,1.525,0.925,3.034925,5.003525,15.6950811079073,28.338340889277,40.7137254901961,30.189982091104,0,56.0789870871537,85.7999961606918,5.79,5.986,5.689
"752",2025-10-12 12:31:00,0.9235,1.5225,0.9235,3.0300035,4.9953225,15.6950811079073,27.4663919388377,42.1176470588235,30.1876196922441,0,56.0963057914212,85.9799961526373,5.82616666666667,6.02266666666667,5.7
"753",2025-10-12 12:32:00,0.922,1.52,0.922,3.025082,4.98712,15.6950811079073,26.5944429883984,43.521568627451,30.1852572933843,0,56.1136244956888,86.1599961445828,5.86233333333333,6.05933333333333,5.711
"754",2025-10-12 12:33:00,0.9205,1.5175,0.9205,3.0201605,4.9789175,15.6950811079073,25.7224940379591,44.9254901960784,30.1828948945245,0,56.1309431999563,86.3399961365283,5.8985,6.096,5.722
"755",2025-10-12 12:34:00,0.919,1.515,0.919,3.015239,4.970715,15.6950811079073,24.8505450875198,46.3294117647059,30.1805324956646,0,56.1482619042239,86.5199961284738,5.93466666666667,6.13266666666667,5.733
"756",2025-10-12 12:35:00,0.9175,1.5125,0.9175,3.0103175,4.9625125,15.6950811079073,23.9785961370805,47.7333333333333,30.1781700968048,0,56.1655806084914,86.6999961204193,5.97083333333333,6.16933333333333,5.744
"757",2025-10-12 12:36:00,0.916,1.51,0.916,3.005396,4.95431,15.7822760029512,24.2401808222123,48.0141176470588,30.1793512962347,0,56.1828955109271,86.6999961204193,6.007,6.206,5.755
"758",2025-10-12 12:37:00,0.9145,1.5075,0.9145,3.0004745,4.9461075,15.8694708979951,24.5017655073441,48.2949019607843,30.1805324956646,0,56.2002104133628,86.6999961204193,6.04883333333333,6.25033333333333,5.761
"759",2025-10-12 12:38:00,0.913,1.505,0.913,2.995553,4.937905,15.956665793039,24.7633501924759,48.5756862745098,30.1817136950946,0,56.2175253157985,86.6999961204193,6.09066666666667,6.29466666666667,5.767
"760",2025-10-12 12:39:00,0.9115,1.5025,0.9115,2.9906315,4.9297025,16.043860688083,25.0249348776077,48.8564705882353,30.1828948945245,0,56.2348402182342,86.6999961204193,6.1325,6.339,5.773
"761",2025-10-12 12:40:00,0.91,1.5,0.91,2.98571,4.9215,16.1310555831269,25.2865195627395,49.1372549019608,30.1840760939544,0,56.2521551206699,86.6999961204193,6.17433333333333,6.38333333333333,5.779
"762",2025-10-12 12:41:00,0.912,1.503,0.912,2.992272,4.931343,15.8694708979951,25.4609093528273,47.4525490196078,30.1840760939544,0,56.2521551206699,86.6599961222092,6.21616666666667,6.42766666666667,5.785
"763",2025-10-12 12:42:00,0.914,1.506,0.914,2.998834,4.941186,15.6078862128633,25.6352991429152,45.7678431372549,30.1840760939544,0,56.2521551206699,86.6199961239991,6.258,6.472,5.791
"764",2025-10-12 12:43:00,0.916,1.509,0.916,3.005396,4.951029,15.3463015277315,25.809688933003,44.083137254902,30.1840760939544,0,56.2521551206699,86.579996125789,6.29366666666667,6.50816666666667,5.791
"765",2025-10-12 12:44:00,0.918,1.512,0.918,3.011958,4.960872,15.0847168425998,25.9840787230909,42.398431372549,30.1840760939544,0,56.2521551206699,86.5399961275789,6.32933333333333,6.54433333333333,5.791
"766",2025-10-12 12:45:00,0.92,1.515,0.92,3.01852,4.970715,14.823132157468,26.1584685131788,40.7137254901961,30.1840760939544,0,56.2521551206699,86.4999961293688,6.365,6.5805,5.791
"767",2025-10-12 12:46:00,0.922,1.518,0.922,3.025082,4.980558,14.9975219475558,25.5481042478713,41.5560784313725,30.1834854942394,0,56.2781204301229,86.579996125789,6.40066666666667,6.61666666666667,5.791
"768",2025-10-12 12:47:00,0.924,1.521,0.924,3.031644,4.990401,15.1719117376437,24.9377399825638,42.398431372549,30.1828948945245,0,56.3040857395759,86.6599961222092,6.43633333333333,6.65283333333333,5.791
"769",2025-10-12 12:48:00,0.926,1.524,0.926,3.038206,5.000244,15.3463015277315,24.3273757172562,43.2407843137255,30.1823042948095,0,56.3300510490288,86.7399961186294,6.472,6.689,5.791
"770",2025-10-12 12:49:00,0.928,1.527,0.928,3.044768,5.010087,15.5206913178194,23.7170114519487,44.083137254902,30.1817136950946,0,56.3560163584818,86.8199961150497,6.50716666666667,6.74083333333333,5.78983333333333
"771",2025-10-12 12:50:00,0.93,1.53,0.93,3.05133,5.01993,15.6950811079073,23.1066471866412,44.9254901960784,30.1811230953796,0,56.3819816679348,86.8999961114699,6.54233333333333,6.79266666666667,5.78866666666667
"772",2025-10-12 12:51:00,0.932,1.533,0.932,3.057892,5.029773,15.7822760029512,24.1529859271684,43.2407843137255,30.1793512962347,0,56.3819816679348,86.9599961087851,6.5775,6.8445,5.7875
"773",2025-10-12 12:52:00,0.934,1.536,0.934,3.064454,5.039616,15.8694708979951,25.1993246676955,41.5560784313725,30.1775794970898,0,56.3819816679348,87.0199961061002,6.61266666666667,6.89633333333333,5.78633333333333
"774",2025-10-12 12:53:00,0.936,1.539,0.936,3.071016,5.049459,15.956665793039,26.2456634082227,39.8713725490196,30.175807697945,0,56.3819816679348,87.0799961034154,6.64783333333333,6.94816666666667,5.78516666666667
"775",2025-10-12 12:54:00,0.938,1.542,0.938,3.077578,5.059302,16.043860688083,27.2920021487498,38.1866666666667,30.1740358988001,0,56.3819816679348,87.1399961007306,6.683,7,5.784
"776",2025-10-12 12:55:00,0.94,1.545,0.94,3.08414,5.069145,16.1310555831269,28.338340889277,36.5019607843137,30.1722640996552,0,56.3819816679348,87.1999960980457,6.72983333333333,7.03666666666667,5.78516666666667
"777",2025-10-12 12:56:00,0.942,1.548,0.942,3.090702,5.078988,16.3926402682587,28.4255357843209,36.5019607843137,30.1728546993702,0,56.3733274976013,87.1399961007306,6.77666666666667,7.07333333333333,5.78633333333333
"778",2025-10-12 12:57:00,0.944,1.551,0.944,3.097264,5.088831,16.6542249533905,28.5127306793649,36.5019607843137,30.1734452990851,0,56.3646733272679,87.0799961034154,6.8235,7.11,5.7875
"779",2025-10-12 12:58:00,0.946,1.554,0.946,3.103826,5.098674,16.9158096385223,28.5999255744088,36.5019607843137,30.1740358988001,0,56.3560191569345,87.0199961061002,6.87033333333333,7.14666666666667,5.78866666666667
"780",2025-10-12 12:59:00,0.948,1.557,0.948,3.110388,5.108517,17.1773943236541,28.6871204694527,36.5019607843137,30.174626498515,0,56.347364986601,86.9599961087851,6.91716666666667,7.18333333333333,5.78983333333333
"781",2025-10-12 13:00:00,0.95,1.56,0.95,3.11695,5.11836,17.4389790087858,28.7743153644966,36.5019607843137,30.17521709823,0,56.3387108162676,86.8999961114699,6.964,7.22,5.791
"782",2025-10-12 13:01:00,0.952,1.5625,0.952,3.123512,5.1265625,17.4389790087858,27.9895613091013,36.2211764705882,30.174626498515,0,56.347364986601,86.9799961078901,7.00216666666667,7.2605,5.792
"783",2025-10-12 13:02:00,0.954,1.565,0.954,3.130074,5.134765,17.4389790087858,27.2048072537059,35.9403921568627,30.1740358988001,0,56.3560191569345,87.0599961043103,7.04033333333333,7.301,5.793
"784",2025-10-12 13:03:00,0.956,1.5675,0.956,3.136636,5.1429675,17.4389790087858,26.4200531983106,35.6596078431373,30.1734452990851,0,56.3646733272679,87.1399961007306,7.0785,7.3415,5.794
"785",2025-10-12 13:04:00,0.958,1.57,0.958,3.143198,5.15117,17.4389790087858,25.6352991429152,35.3788235294118,30.1728546993702,0,56.3733274976013,87.2199960971508,7.11666666666667,7.382,5.795
"786",2025-10-12 13:05:00,0.96,1.5725,0.96,3.14976,5.1593725,17.4389790087858,24.8505450875198,35.0980392156863,30.1722640996552,0,56.3819816679348,87.299996093571,7.15483333333333,7.4225,5.796
"787",2025-10-12 13:06:00,0.962,1.575,0.962,3.156322,5.167575,17.4389790087858,25.3737144577834,34.8172549019608,30.1728546993702,0,56.3906349118513,87.3599960908862,7.193,7.463,5.797
"788",2025-10-12 13:07:00,0.964,1.5775,0.964,3.162884,5.1757775,17.4389790087858,25.896883828047,34.5364705882353,30.1734452990851,0,56.3992881557679,87.4199960882013,7.2255,7.49583333333333,5.79916666666667
"789",2025-10-12 13:08:00,0.966,1.58,0.966,3.169446,5.18398,17.4389790087858,26.4200531983106,34.2556862745098,30.1740358988001,0,56.4079413996844,87.4799960855165,7.258,7.52866666666667,5.80133333333333
"790",2025-10-12 13:09:00,0.968,1.5825,0.968,3.176008,5.1921825,17.4389790087858,26.9432225685741,33.9749019607843,30.174626498515,0,56.416594643601,87.5399960828317,7.2905,7.5615,5.8035
"791",2025-10-12 13:10:00,0.97,1.585,0.97,3.18257,5.200385,17.4389790087858,27.4663919388377,33.6941176470588,30.17521709823,0,56.4252478875175,87.5999960801469,7.323,7.59433333333333,5.80566666666667
"792",2025-10-12 13:11:00,0.972,1.5875,0.972,3.189132,5.2085875,17.0030045335662,26.8560276735302,34.8172549019608,30.17521709823,0,56.4252478875175,87.639996078357,7.3555,7.62716666666667,5.80783333333333
"793",2025-10-12 13:12:00,0.974,1.59,0.974,3.195694,5.21679,16.5670300583465,26.2456634082227,35.9403921568627,30.17521709823,0,56.4252478875175,87.6799960765671,7.388,7.66,5.81
"794",2025-10-12 13:13:00,0.976,1.5925,0.976,3.202256,5.2249925,16.1310555831269,25.6352991429152,37.0635294117647,30.17521709823,0,56.4252478875175,87.7199960747772,7.43383333333333,7.69816666666667,5.80616666666667
"795",2025-10-12 13:14:00,0.978,1.595,0.978,3.208818,5.233195,15.6950811079073,25.0249348776077,38.1866666666667,30.17521709823,0,56.4252478875175,87.7599960729873,7.47966666666667,7.73633333333333,5.80233333333333
"796",2025-10-12 13:15:00,0.98,1.5975,0.98,3.21538,5.2413975,15.2591066326876,24.4145706123002,39.3098039215686,30.17521709823,0,56.4252478875175,87.7999960711974,7.5255,7.7745,5.7985
"797",2025-10-12 13:16:00,0.982,1.6,0.982,3.221942,5.2496,15.5206913178194,24.9377399825638,39.5905882352941,30.17521709823,0,56.4339002098124,87.8399960694075,7.57133333333333,7.81266666666667,5.79466666666667
"798",2025-10-12 13:17:00,0.984,1.6025,0.984,3.228504,5.2578025,15.7822760029512,25.4609093528273,39.8713725490196,30.17521709823,0,56.4425525321073,87.8799960676177,7.61716666666667,7.85083333333333,5.79083333333333
"799",2025-10-12 13:18:00,0.986,1.605,0.986,3.235066,5.266005,16.043860688083,25.9840787230909,40.1521568627451,30.17521709823,0,56.4512048544023,87.9199960658278,7.663,7.889,5.787
"800",2025-10-12 13:19:00,0.988,1.6075,0.988,3.241628,5.2742075,16.3054453732148,26.5072480933545,40.4329411764706,30.17521709823,0,56.4598571766972,87.9599960640379,7.70266666666667,7.92616666666667,5.78316666666667
"801",2025-10-12 13:20:00,0.99,1.61,0.99,3.24819,5.28241,16.5670300583465,27.0304174636181,40.7137254901961,30.17521709823,0,56.4685094989921,87.999996062248,7.74233333333333,7.96333333333333,5.77933333333333
"802",2025-10-12 13:21:00,0.992,1.614,0.992,3.254752,5.295534,16.3926402682587,26.9432225685741,40.7137254901961,30.1740358988001,0,56.4598571766972,87.9599960640379,7.782,8.0005,5.7755
"803",2025-10-12 13:22:00,0.994,1.618,0.994,3.261314,5.308658,16.2182504781708,26.8560276735302,40.7137254901961,30.1728546993702,0,56.4512048544023,87.9199960658278,7.82166666666667,8.03766666666667,5.77166666666667
"804",2025-10-12 13:23:00,0.996,1.622,0.996,3.267876,5.321782,16.043860688083,26.7688327784863,40.7137254901961,30.1716734999403,0,56.4425525321073,87.8799960676177,7.86133333333333,8.07483333333333,5.76783333333333
"805",2025-10-12 13:24:00,0.998,1.626,0.998,3.274438,5.334906,15.8694708979951,26.6816378834423,40.7137254901961,30.1704923005103,0,56.4339002098124,87.8399960694075,7.901,8.112,5.764
"806",2025-10-12 13:25:00,1,1.63,1,3.281,5.34803,15.6950811079073,26.5944429883984,40.7137254901961,30.1693111010804,0,56.4252478875175,87.7999960711974,7.94866666666667,8.1525,5.75916666666667
"807",2025-10-12 13:26:00,1.002,1.634,1.002,3.287562,5.361154,15.8694708979951,26.8560276735302,40.7137254901961,30.1687205013655,0,56.4425516152765,87.8599960685126,7.99633333333333,8.193,5.75433333333333
"808",2025-10-12 13:27:00,1.004,1.638,1.004,3.294124,5.374278,16.043860688083,27.117612358662,40.7137254901961,30.1681299016505,0,56.4598553430354,87.9199960658278,8.044,8.2335,5.7495
"809",2025-10-12 13:28:00,1.006,1.642,1.006,3.300686,5.387402,16.2182504781708,27.3791970437938,40.7137254901961,30.1675393019355,0,56.4771590707944,87.9799960631429,8.09166666666667,8.274,5.74466666666667
"810",2025-10-12 13:29:00,1.008,1.646,1.008,3.307248,5.400526,16.3926402682587,27.6407817289256,40.7137254901961,30.1669487022206,0,56.4944627985533,88.0399960604581,8.13933333333333,8.3145,5.73983333333333
"811",2025-10-12 13:30:00,1.01,1.65,1.01,3.31381,5.41365,16.5670300583465,27.9023664140573,40.7137254901961,30.1663581025056,0,56.5117665263123,88.0999960577733,8.187,8.355,5.735
"812",2025-10-12 13:31:00,1.012,1.654,1.012,3.320372,5.426774,16.3926402682587,26.6816378834423,41.5560784313725,30.1663581025056,0,56.5290666058905,88.1999960532985,8.21516666666667,8.39383333333333,5.72516666666667
"813",2025-10-12 13:32:00,1.014,1.658,1.014,3.326934,5.439898,16.2182504781708,25.4609093528273,42.398431372549,30.1663581025056,0,56.5463666854687,88.2999960488238,8.24333333333333,8.43266666666667,5.71533333333333
"814",2025-10-12 13:33:00,1.016,1.662,1.016,3.333496,5.453022,16.043860688083,24.2401808222123,43.2407843137255,30.1663581025056,0,56.5636667650469,88.3999960443491,8.2715,8.4715,5.7055
"815",2025-10-12 13:34:00,1.018,1.666,1.018,3.340058,5.466146,15.8694708979951,23.0194522915973,44.083137254902,30.1663581025056,0,56.5809668446251,88.4999960398744,8.29966666666667,8.51033333333333,5.69566666666667
"816",2025-10-12 13:35:00,1.02,1.67,1.02,3.34662,5.47927,15.6950811079073,21.7987237609823,44.9254901960784,30.1663581025056,0,56.5982669242033,88.5999960353997,8.32783333333333,8.54916666666667,5.68583333333333
"817",2025-10-12 13:36:00,1.022,1.674,1.022,3.353182,5.492394,15.6950811079073,22.3218931312459,44.6447058823529,30.1681299016505,0,56.6069156078782,88.6599960327148,8.356,8.588,5.676
"818",2025-10-12 13:37:00,1.024,1.678,1.024,3.359744,5.505518,15.6950811079073,22.8450625015095,44.3639215686274,30.1699017007954,0,56.615564291553,88.71999603003,8.3955,8.6295,5.6645
"819",2025-10-12 13:38:00,1.026,1.682,1.026,3.366306,5.518642,15.6950811079073,23.368231871773,44.083137254902,30.1716734999402,0,56.6242129752279,88.7799960273452,8.435,8.671,5.653
"820",2025-10-12 13:39:00,1.028,1.686,1.028,3.372868,5.531766,15.6950811079073,23.8914012420366,43.8023529411765,30.1734452990851,0,56.6328616589028,88.8399960246604,8.4745,8.7125,5.6415
"821",2025-10-12 13:40:00,1.03,1.69,1.03,3.37943,5.54489,15.6950811079073,24.4145706123002,43.521568627451,30.17521709823,0,56.6415103425776,88.8999960219755,8.514,8.754,5.63
"822",2025-10-12 13:41:00,1.0285,1.687,1.0285,3.3745085,5.535047,15.6078862128633,24.0657910321245,45.4870588235294,30.17521709823,0,56.6501581285433,88.9399960201856,8.5535,8.7955,5.6185
"823",2025-10-12 13:42:00,1.027,1.684,1.027,3.369587,5.525204,15.5206913178194,23.7170114519487,47.4525490196078,30.17521709823,0,56.6588059145089,88.9799960183958,8.593,8.837,5.607
"824",2025-10-12 13:43:00,1.0255,1.681,1.0255,3.3646655,5.515361,15.4334964227755,23.368231871773,49.4180392156863,30.17521709823,0,56.6674537004745,89.0199960166059,8.63116666666667,8.87483333333333,5.59883333333333
"825",2025-10-12 13:44:00,1.024,1.678,1.024,3.359744,5.505518,15.3463015277315,23.0194522915973,51.3835294117647,30.17521709823,0,56.6761014864401,89.059996014816,8.66933333333333,8.91266666666667,5.59066666666667
"826",2025-10-12 13:45:00,1.0225,1.675,1.0225,3.3548225,5.495675,15.2591066326876,22.6706727114216,53.3490196078431,30.17521709823,0,56.6847492724057,89.0999960130261,8.7075,8.9505,5.5825
"827",2025-10-12 13:46:00,1.021,1.672,1.021,3.349901,5.485832,15.4334964227755,23.455426766817,51.3835294117647,30.174626498515,0,56.6847492724057,88.9999960175008,8.74566666666667,8.98833333333333,5.57433333333333
"828",2025-10-12 13:47:00,1.0195,1.669,1.0195,3.3449795,5.475989,15.6078862128633,24.2401808222123,49.4180392156863,30.1740358988001,0,56.6847492724057,88.8999960219755,8.78383333333333,9.02616666666667,5.56616666666667
"829",2025-10-12 13:48:00,1.018,1.666,1.018,3.340058,5.466146,15.7822760029512,25.0249348776077,47.4525490196078,30.1734452990851,0,56.6847492724057,88.7999960264502,8.822,9.064,5.558
"830",2025-10-12 13:49:00,1.0165,1.663,1.0165,3.3351365,5.456303,15.956665793039,25.809688933003,45.4870588235294,30.1728546993702,0,56.6847492724057,88.699996030925,8.861,9.106,5.54916666666667
"831",2025-10-12 13:50:00,1.015,1.66,1.015,3.330215,5.44646,16.1310555831269,26.5944429883984,43.521568627451,30.1722640996552,0,56.6847492724057,88.5999960353997,8.9,9.148,5.54033333333333
"832",2025-10-12 13:51:00,1.0135,1.657,1.0135,3.3252935,5.436617,16.2182504781708,25.809688933003,45.2062745098039,30.1734452990851,0,56.7020421702851,88.6399960336098,8.939,9.19,5.5315
"833",2025-10-12 13:52:00,1.012,1.654,1.012,3.320372,5.426774,16.3054453732148,25.0249348776077,46.8909803921569,30.174626498515,0,56.7193350681644,88.6799960318199,8.978,9.232,5.52266666666667
"834",2025-10-12 13:53:00,1.0105,1.651,1.0105,3.3154505,5.416931,16.3926402682587,24.2401808222123,48.5756862745098,30.175807697945,0,56.7366279660437,88.71999603003,9.017,9.274,5.51383333333333
"835",2025-10-12 13:54:00,1.009,1.648,1.009,3.310529,5.407088,16.4798351633026,23.455426766817,50.2603921568627,30.1769888973749,0,56.753920863923,88.7599960282401,9.056,9.316,5.505
"836",2025-10-12 13:55:00,1.0075,1.645,1.0075,3.3056075,5.397245,16.5670300583465,22.6706727114216,51.9450980392157,30.1781700968048,0,56.7712137618024,88.7999960264502,9.09466666666667,9.3555,5.49416666666667
"837",2025-10-12 13:56:00,1.006,1.642,1.006,3.300686,5.387402,16.9158096385223,23.7170114519487,52.2258823529412,30.1787606965198,0,56.7885031260309,88.8599960237654,9.13333333333333,9.395,5.48333333333333
"838",2025-10-12 13:57:00,1.0045,1.639,1.0045,3.2957645,5.377559,17.264589218698,24.7633501924759,52.5066666666667,30.1793512962347,0,56.8057924902594,88.9199960210806,9.172,9.4345,5.4725
"839",2025-10-12 13:58:00,1.003,1.636,1.003,3.290843,5.367716,17.6133687988737,25.809688933003,52.7874509803922,30.1799418959497,0,56.8230818544879,88.9799960183958,9.21066666666667,9.474,5.46166666666667
"840",2025-10-12 13:59:00,1.0015,1.633,1.0015,3.2859215,5.357873,17.9621483790494,26.8560276735302,53.0682352941176,30.1805324956646,0,56.8403712187164,89.0399960157109,9.24933333333333,9.5135,5.45083333333333
"841",2025-10-12 14:00:00,1,1.63,1,3.281,5.34803,18.3109279592251,27.9023664140573,53.3490196078431,30.1811230953796,0,56.8576605829449,89.0999960130261,9.288,9.553,5.44
"842",2025-10-12 14:01:00,1.0045,1.6365,1.0045,3.2957645,5.3693565,18.0493432740933,28.1639510991891,53.0682352941176,30.1799418959497,0,56.8663039518316,89.079996013921,9.31666666666667,9.59233333333333,5.4285
"843",2025-10-12 14:02:00,1.009,1.643,1.009,3.310529,5.390683,17.7877585889616,28.4255357843209,52.7874509803922,30.1787606965198,0,56.8749473207184,89.059996014816,9.34533333333333,9.63166666666667,5.417
"844",2025-10-12 14:03:00,1.0135,1.6495,1.0135,3.3252935,5.4120095,17.5261739038298,28.6871204694527,52.5066666666667,30.1775794970898,0,56.8835906896051,89.0399960157109,9.374,9.671,5.4055
"845",2025-10-12 14:04:00,1.018,1.656,1.018,3.340058,5.433336,17.264589218698,28.9487051545845,52.2258823529412,30.1763982976599,0,56.8922340584918,89.0199960166059,9.40266666666667,9.71033333333333,5.394
"846",2025-10-12 14:05:00,1.0225,1.6625,1.0225,3.3548225,5.4546625,17.0030045335662,29.2102898397163,51.9450980392157,30.17521709823,0,56.9008774273785,88.9999960175008,9.43133333333333,9.74966666666667,5.3825
"847",2025-10-12 14:06:00,1.027,1.669,1.027,3.369587,5.475989,17.3517841137419,28.7743153644966,52.2258823529412,30.17521709823,0,56.9095199271142,88.9999960175008,9.46,9.789,5.371
"848",2025-10-12 14:07:00,1.0315,1.6755,1.0315,3.3843515,5.4973155,17.7005636939176,28.338340889277,52.5066666666667,30.17521709823,0,56.91816242685,88.9999960175008,9.491,9.8185,5.359
"849",2025-10-12 14:08:00,1.036,1.682,1.036,3.399116,5.518642,18.0493432740933,27.9023664140573,52.7874509803922,30.17521709823,0,56.9268049265857,88.9999960175008,9.522,9.848,5.347
"850",2025-10-12 14:09:00,1.0405,1.6885,1.0405,3.4138805,5.5399685,18.3981228542691,27.4663919388377,53.0682352941176,30.17521709823,0,56.9354474263214,88.9999960175008,9.553,9.8775,5.335
"851",2025-10-12 14:10:00,1.045,1.695,1.045,3.428645,5.561295,18.7469024344448,27.0304174636181,53.3490196078431,30.17521709823,0,56.9440899260571,88.9999960175008,9.584,9.907,5.323
"852",2025-10-12 14:11:00,1.0495,1.7015,1.0495,3.4434095,5.5826215,18.5725126443569,27.2048072537059,53.3490196078431,30.1734452990851,0,56.9354474263214,88.9999960175008,9.615,9.9365,5.311
"853",2025-10-12 14:12:00,1.054,1.708,1.054,3.458174,5.603948,18.3981228542691,27.3791970437938,53.3490196078431,30.1716734999402,0,56.9268049265857,88.9999960175008,9.646,9.966,5.299
"854",2025-10-12 14:13:00,1.0585,1.7145,1.0585,3.4729385,5.6252745,18.2237330641812,27.5535868338816,53.3490196078431,30.1699017007954,0,56.91816242685,88.9999960175008,9.6815,9.99833333333333,5.28466666666667
"855",2025-10-12 14:14:00,1.063,1.721,1.063,3.487703,5.646601,18.0493432740933,27.7279766239695,53.3490196078431,30.1681299016505,0,56.9095199271142,88.9999960175008,9.717,10.0306666666667,5.27033333333333
"856",2025-10-12 14:15:00,1.0675,1.7275,1.0675,3.5024675,5.6679275,17.8749534840055,27.9023664140573,53.3490196078431,30.1663581025056,0,56.9008774273785,88.9999960175008,9.7525,10.063,5.256
"857",2025-10-12 14:16:00,1.072,1.734,1.072,3.517232,5.689254,18.1365381691373,27.5535868338816,53.6298039215686,30.1681299016505,0,56.9268023381104,89.0399960157109,9.788,10.0953333333333,5.24166666666667
"858",2025-10-12 14:17:00,1.0765,1.7405,1.0765,3.5319965,5.7105805,18.3981228542691,27.2048072537059,53.9105882352941,30.1699017007954,0,56.9527272488423,89.079996013921,9.8235,10.1276666666667,5.22733333333333
"859",2025-10-12 14:18:00,1.081,1.747,1.081,3.546761,5.731907,18.6597075394009,26.8560276735302,54.1913725490196,30.1716734999402,0,56.9786521595742,89.1199960121311,9.859,10.16,5.213
"860",2025-10-12 14:19:00,1.0855,1.7535,1.0855,3.5615255,5.7532335,18.9212922245326,26.5072480933545,54.4721568627451,30.1734452990851,0,57.0045770703061,89.1599960103413,9.878,10.1873333333333,5.19833333333333
"861",2025-10-12 14:20:00,1.09,1.76,1.09,3.57629,5.77456,19.1828769096644,26.1584685131788,54.7529411764706,30.17521709823,0,57.030501981038,89.1999960085514,9.897,10.2146666666667,5.18366666666667
"862",2025-10-12 14:21:00,1.0875,1.7565,1.0875,3.5680875,5.7630765,19.1828769096644,25.809688933003,55.0337254901961,30.175807697945,0,57.030501981038,89.2399960067615,9.916,10.242,5.169
"863",2025-10-12 14:22:00,1.085,1.753,1.085,3.559885,5.751593,19.1828769096644,25.4609093528273,55.3145098039216,30.1763982976599,0,57.030501981038,89.2799960049716,9.935,10.2693333333333,5.15433333333333
"864",2025-10-12 14:23:00,1.0825,1.7495,1.0825,3.5516825,5.7401095,19.1828769096644,25.1121297726516,55.5952941176471,30.1769888973749,0,57.030501981038,89.3199960031817,9.954,10.2966666666667,5.13966666666667
"865",2025-10-12 14:24:00,1.08,1.746,1.08,3.54348,5.728626,19.1828769096644,24.7633501924759,55.8760784313725,30.1775794970898,0,57.030501981038,89.3599960013918,9.973,10.324,5.125
"866",2025-10-12 14:25:00,1.0775,1.7425,1.0775,3.5352775,5.7171425,19.1828769096644,24.4145706123002,56.156862745098,30.1781700968048,0,57.030501981038,89.3999959996019,10.0115,10.3501666666667,5.1075
"867",2025-10-12 14:26:00,1.075,1.739,1.075,3.527075,5.705659,19.0084871195766,24.8505450875198,56.156862745098,30.174626498515,0,57.0391419017773,89.2999960040766,10.05,10.3763333333333,5.09
"868",2025-10-12 14:27:00,1.0725,1.7355,1.0725,3.5188725,5.6941755,18.8340973294887,25.2865195627395,56.156862745098,30.1710829002253,0,57.0477818225165,89.1999960085514,10.0885,10.4025,5.0725
"869",2025-10-12 14:28:00,1.07,1.732,1.07,3.51067,5.682692,18.6597075394008,25.7224940379591,56.156862745098,30.1675393019355,0,57.0564217432558,89.0999960130261,10.127,10.4286666666667,5.055
"870",2025-10-12 14:29:00,1.0675,1.7285,1.0675,3.5024675,5.6712085,18.485317749313,26.1584685131788,56.156862745098,30.1639957036458,0,57.0650616639951,88.9999960175008,10.1655,10.4548333333333,5.0375
"871",2025-10-12 14:30:00,1.065,1.725,1.065,3.494265,5.659725,18.3109279592251,26.5944429883984,56.156862745098,30.160452105356,0,57.0737015847344,88.8999960219755,10.204,10.481,5.02
"872",2025-10-12 14:31:00,1.0625,1.7215,1.0625,3.4860625,5.6482415,18.0493432740933,26.7688327784863,55.5952941176471,30.1628145042159,0,57.0823406552804,88.9599960192907,10.2245,10.5095,5.00466666666667
"873",2025-10-12 14:32:00,1.06,1.718,1.06,3.47786,5.636758,17.7877585889616,26.9432225685741,55.0337254901961,30.1651769030757,0,57.0909797258264,89.0199960166059,10.245,10.538,4.98933333333333
"874",2025-10-12 14:33:00,1.0575,1.7145,1.0575,3.4696575,5.6252745,17.5261739038298,27.117612358662,54.4721568627451,30.1675393019355,0,57.0996187963724,89.079996013921,10.2655,10.5665,4.974
"875",2025-10-12 14:34:00,1.055,1.711,1.055,3.461455,5.613791,17.264589218698,27.2920021487498,53.9105882352941,30.1699017007954,0,57.1082578669185,89.1399960112362,10.286,10.595,4.95866666666667
"876",2025-10-12 14:35:00,1.0525,1.7075,1.0525,3.4532525,5.6023075,17.0030045335662,27.4663919388377,53.3490196078431,30.1722640996552,0,57.1168969374645,89.1999960085514,10.3065,10.6235,4.94333333333333
"877",2025-10-12 14:36:00,1.05,1.704,1.05,3.44505,5.590824,17.0901994286101,26.7688327784863,53.6298039215686,30.1716734999403,0,57.1082578669185,89.2399960067615,10.327,10.652,4.928
"878",2025-10-12 14:37:00,1.0475,1.7005,1.0475,3.4368475,5.5793405,17.1773943236541,26.0712736181348,53.9105882352941,30.1710829002253,0,57.0996187963724,89.2799960049716,10.3615,10.675,4.91266666666667
"879",2025-10-12 14:38:00,1.045,1.697,1.045,3.428645,5.567857,17.264589218698,25.3737144577834,54.1913725490196,30.1704923005103,0,57.0909797258264,89.3199960031817,10.396,10.698,4.89733333333333
"880",2025-10-12 14:39:00,1.0425,1.6935,1.0425,3.4204425,5.5563735,17.3517841137419,24.676155297432,54.4721568627451,30.1699017007954,0,57.0823406552804,89.3599960013918,10.4305,10.721,4.882
"881",2025-10-12 14:40:00,1.04,1.69,1.04,3.41224,5.54489,17.4389790087858,23.9785961370805,54.7529411764706,30.1693111010804,0,57.0737015847344,89.3999959996019,10.465,10.744,4.86666666666667
"882",2025-10-12 14:41:00,1.0435,1.696,1.0435,3.4237235,5.564576,17.0901994286101,23.8042063469927,54.1913725490196,30.1704923005103,0,57.0650616639951,89.419995998707,10.4995,10.767,4.85133333333333
"883",2025-10-12 14:42:00,1.047,1.702,1.047,3.435207,5.584262,16.7414198484344,23.6298165569048,53.6298039215686,30.1716734999403,0,57.0564217432558,89.439995997812,10.534,10.79,4.836
"884",2025-10-12 14:43:00,1.0505,1.708,1.0505,3.4466905,5.603948,16.3926402682587,23.455426766817,53.0682352941177,30.1728546993702,0,57.0477818225165,89.4599959969171,10.5518333333333,10.8063333333333,4.818
"885",2025-10-12 14:44:00,1.054,1.714,1.054,3.458174,5.623634,16.043860688083,23.2810369767291,52.5066666666667,30.1740358988001,0,57.0391419017773,89.4799959960222,10.5696666666667,10.8226666666667,4.8
"886",2025-10-12 14:45:00,1.0575,1.72,1.0575,3.4696575,5.64332,15.6950811079073,23.1066471866412,51.9450980392157,30.17521709823,0,57.030501981038,89.4999959951272,10.5875,10.839,4.782
"887",2025-10-12 14:46:00,1.061,1.726,1.061,3.481141,5.663006,15.8694708979951,23.8914012420366,52.2258823529412,30.174626498515,0,57.030501981038,89.4799959960222,10.6053333333333,10.8553333333333,4.764
"888",2025-10-12 14:47:00,1.0645,1.732,1.0645,3.4926245,5.682692,16.043860688083,24.676155297432,52.5066666666667,30.1740358988001,0,57.030501981038,89.4599959969171,10.6231666666667,10.8716666666667,4.746
"889",2025-10-12 14:48:00,1.068,1.738,1.068,3.504108,5.702378,16.2182504781708,25.4609093528273,52.7874509803922,30.1734452990851,0,57.030501981038,89.439995997812,10.641,10.888,4.728
"890",2025-10-12 14:49:00,1.0715,1.744,1.0715,3.5155915,5.722064,16.3926402682587,26.2456634082227,53.0682352941176,30.1728546993702,0,57.030501981038,89.419995998707,10.6638333333333,10.9126666666667,4.7105
"891",2025-10-12 14:50:00,1.075,1.75,1.075,3.527075,5.74175,16.5670300583465,27.0304174636181,53.3490196078431,30.1722640996552,0,57.030501981038,89.3999959996019,10.6866666666667,10.9373333333333,4.693
"892",2025-10-12 14:51:00,1.0785,1.756,1.0785,3.5385585,5.761436,16.4798351633026,26.5944429883984,53.3490196078431,30.1728546993702,0,57.030501981038,89.3799960004969,10.7095,10.962,4.6755
"893",2025-10-12 14:52:00,1.082,1.762,1.082,3.550042,5.781122,16.3926402682587,26.1584685131788,53.3490196078431,30.1734452990851,0,57.030501981038,89.3599960013918,10.7323333333333,10.9866666666667,4.658
"894",2025-10-12 14:53:00,1.0855,1.768,1.0855,3.5615255,5.800808,16.3054453732148,25.7224940379591,53.3490196078431,30.1740358988001,0,57.030501981038,89.3399960022868,10.7551666666667,11.0113333333333,4.6405
"895",2025-10-12 14:54:00,1.089,1.774,1.089,3.573009,5.820494,16.2182504781708,25.2865195627395,53.3490196078431,30.174626498515,0,57.030501981038,89.3199960031817,10.778,11.036,4.623
"896",2025-10-12 14:55:00,1.0925,1.78,1.0925,3.5844925,5.84018,16.1310555831269,24.8505450875198,53.3490196078431,30.17521709823,0,57.030501981038,89.2999960040766,10.8001666666667,11.0535,4.60433333333333
"897",2025-10-12 14:56:00,1.096,1.786,1.096,3.595976,5.859866,16.2182504781708,24.588960402388,53.6298039215686,30.1763982976599,0,57.0218612053719,89.2999960040766,10.8223333333333,11.071,4.58566666666667
"898",2025-10-12 14:57:00,1.0995,1.792,1.0995,3.6074595,5.879552,16.3054453732148,24.3273757172562,53.9105882352941,30.1775794970898,0,57.0132204297058,89.2999960040766,10.8445,11.0885,4.567
"899",2025-10-12 14:58:00,1.103,1.798,1.103,3.618943,5.899238,16.3926402682587,24.0657910321245,54.1913725490196,30.1787606965198,0,57.0045796540397,89.2999960040766,10.8666666666667,11.106,4.54833333333333
"900",2025-10-12 14:59:00,1.1065,1.804,1.1065,3.6304265,5.918924,16.4798351633026,23.8042063469927,54.4721568627451,30.1799418959497,0,56.9959388783736,89.2999960040766,10.8888333333333,11.1235,4.52966666666667
"901",2025-10-12 15:00:00,1.11,1.81,1.11,3.64191,5.93861,16.5670300583465,23.5426216618609,54.7529411764706,30.1811230953796,0,56.9872981027075,89.2999960040766,10.911,11.141,4.511
"902",2025-10-12 15:01:00,1.116,1.819,1.116,3.661596,5.968139,16.8286147434783,24.2401808222123,54.7529411764706,30.1793512962347,0,56.9959388783736,89.3599960013918,10.9301666666667,11.1645,4.49016666666667
"903",2025-10-12 15:02:00,1.122,1.828,1.122,3.681282,5.997668,17.0901994286101,24.9377399825638,54.7529411764706,30.1775794970898,0,57.0045796540397,89.419995998707,10.9493333333333,11.188,4.46933333333333
"904",2025-10-12 15:03:00,1.128,1.837,1.128,3.700968,6.027197,17.3517841137419,25.6352991429152,54.7529411764706,30.175807697945,0,57.0132204297058,89.4799959960222,10.9685,11.2115,4.4485
"905",2025-10-12 15:04:00,1.134,1.846,1.134,3.720654,6.056726,17.6133687988737,26.3328583032666,54.7529411764706,30.1740358988001,0,57.0218612053719,89.5399959933373,10.9876666666667,11.235,4.42766666666667
"906",2025-10-12 15:05:00,1.14,1.855,1.14,3.74034,6.086255,17.8749534840055,27.0304174636181,54.7529411764706,30.1722640996552,0,57.030501981038,89.5999959906525,11.0068333333333,11.2585,4.40683333333333
"907",2025-10-12 15:06:00,1.146,1.864,1.146,3.760026,6.115784,18.0493432740933,27.0304174636181,55.0337254901961,30.1728546993702,0,56.9959337014194,89.5999959906525,11.026,11.282,4.386
"908",2025-10-12 15:07:00,1.152,1.873,1.152,3.779712,6.145313,18.2237330641812,27.0304174636181,55.3145098039216,30.1734452990851,0,56.9613654218008,89.5999959906525,11.0286666666667,11.2983333333333,4.36416666666667
"909",2025-10-12 15:08:00,1.158,1.882,1.158,3.799398,6.174842,18.3981228542691,27.0304174636181,55.5952941176471,30.1740358988001,0,56.9267971421821,89.5999959906525,11.0313333333333,11.3146666666667,4.34233333333333
"910",2025-10-12 15:09:00,1.164,1.891,1.164,3.819084,6.204371,18.5725126443569,27.0304174636181,55.8760784313725,30.174626498515,0,56.8922288625635,89.5999959906525,11.034,11.331,4.3205
"911",2025-10-12 15:10:00,1.17,1.9,1.17,3.83877,6.2339,18.7469024344448,27.0304174636181,56.156862745098,30.17521709823,0,56.8576605829449,89.5999959906525,11.0366666666667,11.3473333333333,4.29866666666667
"912",2025-10-12 15:11:00,1.176,1.909,1.176,3.858456,6.263429,18.9212922245326,27.9895613091013,55.8760784313725,30.17521709823,0,56.8403712187164,89.6599959879677,11.0393333333333,11.3636666666667,4.27683333333333
"913",2025-10-12 15:12:00,1.182,1.918,1.182,3.878142,6.292958,19.0956820146205,28.9487051545845,55.5952941176471,30.17521709823,0,56.8230818544879,89.7199959852828,11.042,11.38,4.255
"914",2025-10-12 15:13:00,1.188,1.927,1.188,3.897828,6.322487,19.2700718047084,29.9078490000677,55.3145098039216,30.17521709823,0,56.8057924902594,89.779995982598,11.0673333333333,11.3996666666667,4.23266666666667
"915",2025-10-12 15:14:00,1.194,1.936,1.194,3.917514,6.352016,19.4444615947962,30.8669928455509,55.0337254901961,30.17521709823,0,56.7885031260309,89.8399959799132,11.0926666666667,11.4193333333333,4.21033333333333
"916",2025-10-12 15:15:00,1.2,1.945,1.2,3.9372,6.381545,19.6188513848841,31.8261366910342,54.7529411764706,30.17521709823,0,56.7712137618024,89.8999959772283,11.118,11.439,4.188
"917",2025-10-12 15:16:00,1.206,1.954,1.206,3.956886,6.411074,19.7932411749719,31.6517469009463,54.7529411764706,30.1740358988001,0,56.8144306299834,89.7999959817031,11.1433333333333,11.4586666666667,4.16566666666667
"918",2025-10-12 15:17:00,1.212,1.963,1.212,3.976572,6.440603,19.9676309650598,31.4773571108584,54.7529411764706,30.1728546993702,0,56.8576474981644,89.6999959861778,11.1686666666667,11.4783333333333,4.14333333333333
"919",2025-10-12 15:18:00,1.218,1.972,1.218,3.996258,6.470132,20.1420207551476,31.3029673207706,54.7529411764706,30.1716734999403,0,56.9008643663455,89.5999959906525,11.194,11.498,4.121
"920",2025-10-12 15:19:00,1.224,1.981,1.224,4.015944,6.499661,20.3164105452355,31.1285775306827,54.7529411764706,30.1704923005103,0,56.9440812345265,89.4999959951272,11.2008333333333,11.5085,4.10016666666667
"921",2025-10-12 15:20:00,1.23,1.99,1.23,4.03563,6.52919,20.4908003353234,30.9541877405949,54.7529411764706,30.1693111010804,0,56.9872981027075,89.3999959996019,11.2076666666667,11.519,4.07933333333333
"922",2025-10-12 15:21:00,1.2295,1.9895,1.2295,4.0339895,6.5275495,20.3164105452355,30.3438234752874,54.7529411764706,30.1704923005103,0,56.9267883366472,89.5199959942323,11.2145,11.5295,4.0585
"923",2025-10-12 15:22:00,1.229,1.989,1.229,4.032349,6.525909,20.1420207551476,29.7334592099799,54.7529411764706,30.1716734999403,0,56.8662785705868,89.6399959888626,11.2213333333333,11.54,4.03766666666667
"924",2025-10-12 15:23:00,1.2285,1.9885,1.2285,4.0307085,6.5242685,19.9676309650598,29.1230949446724,54.7529411764706,30.1728546993702,0,56.8057688045265,89.7599959834929,11.2281666666667,11.5505,4.01683333333333
"925",2025-10-12 15:24:00,1.228,1.988,1.228,4.029068,6.522628,19.7932411749719,28.5127306793649,54.7529411764706,30.1740358988001,0,56.7452590384661,89.8799959781233,11.235,11.561,3.996
"926",2025-10-12 15:25:00,1.2275,1.9875,1.2275,4.0274275,6.5209875,19.6188513848841,27.9023664140573,54.7529411764706,30.17521709823,0,56.6847492724057,89.9999959727536,11.2371666666667,11.574,3.97366666666667
"927",2025-10-12 15:26:00,1.227,1.987,1.227,4.025787,6.519347,19.3572666997523,27.7279766239695,55.3145098039216,30.1728546993702,0,56.6761014864401,90.0599959700688,11.2393333333333,11.587,3.95133333333333
"928",2025-10-12 15:27:00,1.2265,1.9865,1.2265,4.0241465,6.5177065,19.0956820146205,27.5535868338816,55.8760784313726,30.1704923005103,0,56.6674537004745,90.119995967384,11.2415,11.6,3.929
"929",2025-10-12 15:28:00,1.226,1.986,1.226,4.022506,6.516066,18.8340973294887,27.3791970437938,56.4376470588235,30.1681299016505,0,56.6588059145089,90.1799959646991,11.2436666666667,11.613,3.90666666666667
"930",2025-10-12 15:29:00,1.2255,1.9855,1.2255,4.0208655,6.5144255,18.5725126443569,27.2048072537059,56.9992156862745,30.1657675027907,0,56.6501581285433,90.2399959620143,11.2458333333333,11.626,3.88433333333333
"931",2025-10-12 15:30:00,1.225,1.985,1.225,4.019225,6.512785,18.3109279592251,27.0304174636181,57.5607843137255,30.1634051039308,0,56.6415103425776,90.2999959593295,11.248,11.639,3.862
"932",2025-10-12 15:31:00,1.2245,1.9845,1.2245,4.0175845,6.5111445,17.5261739038298,26.2456634082227,55.8760784313725,30.1645863033607,0,56.6242120727445,90.3799959557497,11.2648333333333,11.6478333333333,3.84116666666667
"933",2025-10-12 15:32:00,1.224,1.984,1.224,4.015944,6.509504,16.7414198484344,25.4609093528273,54.1913725490196,30.1657675027907,0,56.6069138029113,90.4599959521699,11.2816666666667,11.6566666666667,3.82033333333333
"934",2025-10-12 15:33:00,1.2235,1.9835,1.2235,4.0143035,6.5078635,15.956665793039,24.676155297432,52.5066666666667,30.1669487022206,0,56.5896155330782,90.5399959485901,11.2985,11.6655,3.7995
"935",2025-10-12 15:34:00,1.223,1.983,1.223,4.012663,6.506223,15.1719117376437,23.8914012420366,50.8219607843137,30.1681299016505,0,56.572317263245,90.6199959450104,11.3153333333333,11.6743333333333,3.77866666666667
"936",2025-10-12 15:35:00,1.2225,1.9825,1.2225,4.0110225,6.5045825,14.3871576822483,23.1066471866412,49.1372549019608,30.1693111010804,0,56.5550189934119,90.6999959414306,11.3321666666667,11.6831666666667,3.75783333333333
"937",2025-10-12 15:36:00,1.222,1.982,1.222,4.009382,6.502942,14.735937262424,23.1938420816852,49.1372549019608,30.1687205013655,0,56.5550189934119,90.6999959414306,11.349,11.692,3.737
"938",2025-10-12 15:37:00,1.2215,1.9815,1.2215,4.0077415,6.5013015,15.0847168425998,23.2810369767291,49.1372549019608,30.1681299016505,0,56.5550189934119,90.6999959414306,11.3608333333333,11.698,3.71783333333333
"939",2025-10-12 15:38:00,1.221,1.981,1.221,4.006101,6.499661,15.4334964227755,23.368231871773,49.1372549019608,30.1675393019355,0,56.5550189934119,90.6999959414306,11.3726666666667,11.704,3.69866666666667
"940",2025-10-12 15:39:00,1.2205,1.9805,1.2205,4.0044605,6.4980205,15.7822760029512,23.455426766817,49.1372549019608,30.1669487022206,0,56.5550189934119,90.6999959414306,11.3845,11.71,3.6795
"941",2025-10-12 15:40:00,1.22,1.98,1.22,4.00282,6.49638,16.1310555831269,23.5426216618609,49.1372549019608,30.1663581025056,0,56.5550189934119,90.6999959414306,11.3963333333333,11.716,3.66033333333333
"942",2025-10-12 15:41:00,1.2225,1.985,1.2225,4.0110225,6.512785,15.8694708979951,23.0194522915973,48.5756862745098,30.1669487022206,0,56.511757357983,90.8199959360609,11.4081666666667,11.722,3.64116666666667
"943",2025-10-12 15:42:00,1.225,1.99,1.225,4.019225,6.52919,15.6078862128633,22.4962829213337,48.0141176470588,30.1675393019355,0,56.4684957225542,90.9399959306913,11.42,11.728,3.622
"944",2025-10-12 15:43:00,1.2275,1.995,1.2275,4.0274275,6.545595,15.3463015277315,21.9731135510702,47.4525490196079,30.1681299016505,0,56.4252340871253,91.0599959253216,11.4195,11.7263333333333,3.60066666666667
"945",2025-10-12 15:44:00,1.23,2,1.23,4.03563,6.562,15.0847168425998,21.4499441808066,46.8909803921569,30.1687205013655,0,56.3819724516965,91.179995919952,11.419,11.7246666666667,3.57933333333333
"946",2025-10-12 15:45:00,1.2325,2.005,1.2325,4.0438325,6.578405,14.823132157468,20.926774810543,46.3294117647059,30.1693111010804,0,56.3387108162676,91.2999959145823,11.4185,11.723,3.558
"947",2025-10-12 15:46:00,1.235,2.01,1.235,4.052035,6.59481,14.735937262424,20.7523850204552,45.2062745098039,30.1681299016505,0,56.3213996771481,91.3399959127924,11.418,11.7213333333333,3.53666666666667
"948",2025-10-12 15:47:00,1.2375,2.015,1.2375,4.0602375,6.611215,14.6487423673801,20.5779952303673,44.083137254902,30.1669487022206,0,56.3040885380285,91.3799959110025,11.4175,11.7196666666667,3.51533333333333
"949",2025-10-12 15:48:00,1.24,2.02,1.24,4.06844,6.62762,14.5615474723362,20.4036054402794,42.96,30.1657675027907,0,56.286777398909,91.4199959092126,11.417,11.718,3.494
"950",2025-10-12 15:49:00,1.2425,2.025,1.2425,4.0766425,6.644025,14.4743525772922,20.2292156501916,41.836862745098,30.1645863033607,0,56.2694662597895,91.4599959074227,11.4088333333333,11.718,3.476
"951",2025-10-12 15:50:00,1.245,2.03,1.245,4.084845,6.66043,14.3871576822483,20.0548258601037,40.7137254901961,30.1634051039308,0,56.2521551206699,91.4999959056328,11.4006666666667,11.718,3.458
"952",2025-10-12 15:51:00,1.2475,2.035,1.2475,4.0930475,6.676835,14.5615474723362,20.5779952303673,40.7137254901961,30.1634051039308,0,56.2521551206699,91.4599959074227,11.3925,11.718,3.44
"953",2025-10-12 15:52:00,1.25,2.04,1.25,4.10125,6.69324,14.735937262424,21.1011646006309,40.7137254901961,30.1634051039308,0,56.2521551206699,91.4199959092126,11.3843333333333,11.718,3.422
"954",2025-10-12 15:53:00,1.2525,2.045,1.2525,4.1094525,6.709645,14.9103270525119,21.6243339708944,40.7137254901961,30.1634051039308,0,56.2521551206699,91.3799959110025,11.3761666666667,11.718,3.404
"955",2025-10-12 15:54:00,1.255,2.05,1.255,4.117655,6.72605,15.0847168425998,22.147503341158,40.7137254901961,30.1634051039308,0,56.2521551206699,91.3399959127924,11.368,11.718,3.386
"956",2025-10-12 15:55:00,1.2575,2.055,1.2575,4.1258575,6.742455,15.2591066326876,22.6706727114216,40.7137254901961,30.1634051039308,0,56.2521551206699,91.2999959145823,11.3855,11.7125,3.368
"957",2025-10-12 15:56:00,1.26,2.06,1.26,4.13406,6.75886,15.2591066326876,22.8450625015095,40.4329411764706,30.1645863033607,0,56.2261813437393,91.2999959145823,11.403,11.707,3.35
"958",2025-10-12 15:57:00,1.2625,2.065,1.2625,4.1422625,6.775265,15.2591066326876,23.0194522915973,40.1521568627451,30.1657675027907,0,56.2002075668087,91.2999959145823,11.4205,11.7015,3.332
"959",2025-10-12 15:58:00,1.265,2.07,1.265,4.150465,6.79167,15.2591066326876,23.1938420816852,39.8713725490196,30.1669487022206,0,56.1742337898781,91.2999959145823,11.438,11.696,3.314
"960",2025-10-12 15:59:00,1.2675,2.075,1.2675,4.1586675,6.808075,15.2591066326876,23.368231871773,39.5905882352941,30.1681299016505,0,56.1482600129475,91.2999959145823,11.4555,11.6905,3.296
"961",2025-10-12 16:00:00,1.27,2.08,1.27,4.16687,6.82448,15.2591066326876,23.5426216618609,39.3098039215686,30.1693111010804,0,56.1222862360169,91.2999959145823,11.473,11.685,3.278
"962",2025-10-12 16:01:00,1.2705,2.079,1.2705,4.1685105,6.821199,15.0847168425998,23.1066471866412,40.4329411764706,30.1693111010804,0,56.1222862360169,91.2799959154772,11.4603333333333,11.6828333333333,3.25883333333333
"963",2025-10-12 16:02:00,1.271,2.078,1.271,4.170151,6.817918,14.9103270525119,22.6706727114216,41.5560784313725,30.1693111010804,0,56.1222862360169,91.2599959163722,11.4476666666667,11.6806666666667,3.23966666666667
"964",2025-10-12 16:03:00,1.2715,2.077,1.2715,4.1717915,6.814637,14.735937262424,22.2346982362019,42.6792156862745,30.1693111010804,0,56.1222862360169,91.2399959172671,11.435,11.6785,3.2205
"965",2025-10-12 16:04:00,1.272,2.076,1.272,4.173432,6.811356,14.5615474723362,21.7987237609823,43.8023529411765,30.1693111010804,0,56.1222862360169,91.219995918162,11.4223333333333,11.6763333333333,3.20133333333333
"966",2025-10-12 16:05:00,1.2725,2.075,1.2725,4.1750725,6.808075,14.3871576822483,21.3627492857627,44.9254901960784,30.1693111010804,0,56.1222862360169,91.199995919057,11.4096666666667,11.6741666666667,3.18216666666667
"967",2025-10-12 16:06:00,1.273,2.074,1.273,4.176713,6.804794,14.735937262424,22.4962829213337,44.9254901960784,30.1681299016505,0,56.1222862360169,91.219995918162,11.397,11.672,3.163
"968",2025-10-12 16:07:00,1.2735,2.073,1.2735,4.1783535,6.801513,15.0847168425998,23.6298165569048,44.9254901960784,30.1669487022206,0,56.1222862360169,91.2399959172671,11.3998333333333,11.672,3.14333333333333
"969",2025-10-12 16:08:00,1.274,2.072,1.274,4.179994,6.798232,15.4334964227755,24.7633501924759,44.9254901960784,30.1657675027907,0,56.1222862360169,91.2599959163722,11.4026666666667,11.672,3.12366666666667
"970",2025-10-12 16:09:00,1.2745,2.071,1.2745,4.1816345,6.794951,15.7822760029512,25.896883828047,44.9254901960784,30.1645863033607,0,56.1222862360169,91.2799959154772,11.4055,11.672,3.104
"971",2025-10-12 16:10:00,1.275,2.07,1.275,4.183275,6.79167,16.1310555831269,27.0304174636181,44.9254901960784,30.1634051039308,0,56.1222862360169,91.2999959145823,11.4083333333333,11.672,3.08433333333333
"972",2025-10-12 16:11:00,1.2755,2.069,1.2755,4.1849155,6.788389,16.1310555831269,26.9432225685741,44.3639215686274,30.1645863033607,0,56.1049656163682,91.3999959101076,11.4111666666667,11.672,3.06466666666667
"973",2025-10-12 16:12:00,1.276,2.068,1.276,4.186556,6.785108,16.1310555831269,26.8560276735302,43.8023529411765,30.1657675027907,0,56.0876449967196,91.4999959056328,11.414,11.672,3.045
"974",2025-10-12 16:13:00,1.2765,2.067,1.2765,4.1881965,6.781827,16.1310555831269,26.7688327784863,43.2407843137255,30.1669487022206,0,56.0703243770709,91.5999959011581,11.416,11.6731666666667,3.0285
"975",2025-10-12 16:14:00,1.277,2.066,1.277,4.189837,6.778546,16.1310555831269,26.6816378834423,42.6792156862745,30.1681299016505,0,56.0530037574222,91.6999958966834,11.418,11.6743333333333,3.012
"976",2025-10-12 16:15:00,1.2775,2.065,1.2775,4.1914775,6.775265,16.1310555831269,26.5944429883984,42.1176470588235,30.1693111010804,0,56.0356831377736,91.7999958922087,11.42,11.6755,2.9955
"977",2025-10-12 16:16:00,1.278,2.064,1.278,4.193118,6.771984,16.1310555831269,25.9840787230909,42.398431372549,30.1704923005103,0,56.0443439276496,91.7399958948935,11.422,11.6766666666667,2.979
"978",2025-10-12 16:17:00,1.2785,2.063,1.2785,4.1947585,6.768703,16.1310555831269,25.3737144577834,42.6792156862745,30.1716734999403,0,56.0530047175256,91.6799958975784,11.424,11.6778333333333,2.9625
"979",2025-10-12 16:18:00,1.279,2.062,1.279,4.196399,6.765422,16.1310555831269,24.7633501924759,42.96,30.1728546993702,0,56.0616655074016,91.6199959002632,11.426,11.679,2.946
"980",2025-10-12 16:19:00,1.2795,2.061,1.2795,4.1980395,6.762141,16.1310555831269,24.1529859271684,43.2407843137255,30.1740358988001,0,56.0703262972777,91.559995902948,11.411,11.6756666666667,2.93283333333333
"981",2025-10-12 16:20:00,1.28,2.06,1.28,4.19968,6.75886,16.1310555831269,23.5426216618609,43.521568627451,30.17521709823,0,56.0789870871537,91.4999959056328,11.396,11.6723333333333,2.91966666666667
"982",2025-10-12 16:21:00,1.279,2.0585,1.279,4.196399,6.7539385,16.043860688083,23.6298165569048,45.2062745098039,30.1740358988001,0,56.0876469169263,91.4999959056328,11.381,11.669,2.9065
"983",2025-10-12 16:22:00,1.278,2.057,1.278,4.193118,6.749017,15.956665793039,23.7170114519487,46.8909803921569,30.1728546993702,0,56.096306746699,91.4999959056328,11.366,11.6656666666667,2.89333333333333
"984",2025-10-12 16:23:00,1.277,2.0555,1.277,4.189837,6.7440955,15.8694708979951,23.8042063469927,48.5756862745098,30.1716734999403,0,56.1049665764716,91.4999959056328,11.351,11.6623333333333,2.88016666666667
"985",2025-10-12 16:24:00,1.276,2.054,1.276,4.186556,6.739174,15.7822760029512,23.8914012420366,50.2603921568627,30.1704923005103,0,56.1136264062443,91.4999959056328,11.336,11.659,2.867
"986",2025-10-12 16:25:00,1.275,2.0525,1.275,4.183275,6.7342525,15.6950811079073,23.9785961370805,51.9450980392157,30.1693111010804,0,56.1222862360169,91.4999959056328,11.321,11.6601666666667,2.85016666666667
"987",2025-10-12 16:26:00,1.274,2.051,1.274,4.179994,6.729331,16.2182504781708,24.5017655073441,52.5066666666667,30.1687205013655,0,56.1049656163682,91.5199959047379,11.306,11.6613333333333,2.83333333333333
"988",2025-10-12 16:27:00,1.273,2.0495,1.273,4.176713,6.7244095,16.7414198484344,25.0249348776077,53.0682352941177,30.1681299016505,0,56.0876449967196,91.539995903843,11.291,11.6625,2.8165
"989",2025-10-12 16:28:00,1.272,2.048,1.272,4.173432,6.719488,17.264589218698,25.5481042478713,53.6298039215686,30.1675393019355,0,56.0703243770709,91.559995902948,11.276,11.6636666666667,2.79966666666667
"990",2025-10-12 16:29:00,1.271,2.0465,1.271,4.170151,6.7145665,17.7877585889616,26.0712736181348,54.1913725490196,30.1669487022206,0,56.0530037574222,91.5799959020531,11.261,11.6648333333333,2.78283333333333
"991",2025-10-12 16:30:00,1.27,2.045,1.27,4.16687,6.709645,18.3109279592251,26.5944429883984,54.7529411764706,30.1663581025056,0,56.0356831377736,91.5999959011581,11.246,11.666,2.766
"992",2025-10-12 16:31:00,1.269,2.0435,1.269,4.163589,6.7047235,18.7469024344448,26.9432225685741,55.0337254901961,30.1669487022206,0,56.0270213829647,91.7199958957885,11.2328333333333,11.6605,2.75116666666667
"993",2025-10-12 16:32:00,1.268,2.042,1.268,4.160308,6.699802,19.1828769096644,27.2920021487498,55.3145098039216,30.1675393019355,0,56.0183596281559,91.8399958904188,11.2196666666667,11.655,2.73633333333333
"994",2025-10-12 16:33:00,1.267,2.0405,1.267,4.157027,6.6948805,19.6188513848841,27.6407817289256,55.5952941176471,30.1681299016505,0,56.009697873347,91.9599958850491,11.2065,11.6495,2.7215
"995",2025-10-12 16:34:00,1.266,2.039,1.266,4.153746,6.689959,20.0548258601037,27.9895613091013,55.8760784313725,30.1687205013655,0,56.0010361185381,92.0799958796795,11.1933333333333,11.644,2.70666666666667
"996",2025-10-12 16:35:00,1.265,2.0375,1.265,4.150465,6.6850375,20.4908003353234,28.338340889277,56.156862745098,30.1693111010804,0,55.9923743637293,92.1999958743098,11.1801666666667,11.6385,2.69183333333333
"997",2025-10-12 16:36:00,1.264,2.036,1.264,4.147184,6.680116,19.9676309650598,28.1639510991891,55.8760784313725,30.1693111010804,0,56.0010361185381,92.2399958725199,11.167,11.633,2.677
"998",2025-10-12 16:37:00,1.263,2.0345,1.263,4.143903,6.6751945,19.4444615947962,27.9895613091013,55.5952941176471,30.1693111010804,0,56.009697873347,92.27999587073,11.1655,11.6285,2.66166666666667
"999",2025-10-12 16:38:00,1.262,2.033,1.262,4.140622,6.670273,18.9212922245326,27.8151715190134,55.3145098039216,30.1693111010804,0,56.0183596281559,92.3199958689402,11.164,11.624,2.64633333333333
"1000",2025-10-12 16:39:00,1.261,2.0315,1.261,4.137341,6.6653515,18.3981228542691,27.6407817289256,55.0337254901961,30.1693111010804,0,56.0270213829647,92.3599958671503,11.1625,11.6195,2.631
"1001",2025-10-12 16:40:00,1.26,2.03,1.26,4.13406,6.66043,17.8749534840055,27.4663919388377,54.7529411764706,30.1693111010804,0,56.0356831377736,92.3999958653604,11.161,11.615,2.61566666666667
"1002",2025-10-12 16:41:00,1.2615,2.0315,1.2615,4.1389815,6.6653515,17.9621483790494,27.2920021487498,55.0337254901961,30.1693111010804,0,56.0443439276496,92.3799958662553,11.1595,11.6105,2.60033333333333
"1003",2025-10-12 16:42:00,1.263,2.033,1.263,4.143903,6.670273,18.0493432740933,27.117612358662,55.3145098039216,30.1693111010804,0,56.0530047175256,92.3599958671503,11.158,11.606,2.585
"1004",2025-10-12 16:43:00,1.2645,2.0345,1.2645,4.1488245,6.6751945,18.1365381691373,26.9432225685741,55.5952941176471,30.1693111010804,0,56.0616655074016,92.3399958680452,11.1403333333333,11.587,2.56966666666667
"1005",2025-10-12 16:44:00,1.266,2.036,1.266,4.153746,6.680116,18.2237330641812,26.7688327784863,55.8760784313725,30.1693111010804,0,56.0703262972777,92.3199958689402,11.1226666666667,11.568,2.55433333333333
"1006",2025-10-12 16:45:00,1.2675,2.0375,1.2675,4.1586675,6.6850375,18.3109279592251,26.5944429883984,56.156862745098,30.1693111010804,0,56.0789870871537,92.2999958698351,11.105,11.549,2.539
"1007",2025-10-12 16:46:00,1.269,2.039,1.269,4.163589,6.689959,18.5725126443569,26.8560276735302,55.8760784313725,30.1693111010804,0,56.0703262972777,92.2399958725199,11.0873333333333,11.53,2.52366666666667
"1008",2025-10-12 16:47:00,1.2705,2.0405,1.2705,4.1685105,6.6948805,18.8340973294887,27.117612358662,55.5952941176471,30.1693111010804,0,56.0616655074016,92.1799958752048,11.0696666666667,11.511,2.50833333333333
"1009",2025-10-12 16:48:00,1.272,2.042,1.272,4.173432,6.699802,19.0956820146205,27.3791970437938,55.3145098039216,30.1693111010804,0,56.0530047175256,92.1199958778896,11.052,11.492,2.493
"1010",2025-10-12 16:49:00,1.2735,2.0435,1.2735,4.1783535,6.7047235,19.3572666997523,27.6407817289256,55.0337254901961,30.1693111010804,0,56.0443439276496,92.0599958805744,11.0341666666667,11.4738333333333,2.47783333333333
"1011",2025-10-12 16:50:00,1.275,2.045,1.275,4.183275,6.709645,19.6188513848841,27.9023664140573,54.7529411764706,30.1693111010804,0,56.0356831377736,91.9999958832593,11.0163333333333,11.4556666666667,2.46266666666667
"1012",2025-10-12 16:51:00,1.2765,2.0465,1.2765,4.1881965,6.7145665,19.3572666997523,27.9023664140573,54.4721568627451,30.1681299016505,0,56.0530037574222,92.0199958823643,10.9985,11.4375,2.4475
"1013",2025-10-12 16:52:00,1.278,2.048,1.278,4.193118,6.719488,19.0956820146205,27.9023664140573,54.1913725490196,30.1669487022206,0,56.0703243770709,92.0399958814694,10.9806666666667,11.4193333333333,2.43233333333333
"1014",2025-10-12 16:53:00,1.2795,2.0495,1.2795,4.1980395,6.7244095,18.8340973294887,27.9023664140573,53.9105882352941,30.1657675027907,0,56.0876449967196,92.0599958805744,10.9628333333333,11.4011666666667,2.41716666666667
"1015",2025-10-12 16:54:00,1.281,2.051,1.281,4.202961,6.729331,18.5725126443569,27.9023664140573,53.6298039215686,30.1645863033607,0,56.1049656163682,92.0799958796795,10.945,11.383,2.402
"1016",2025-10-12 16:55:00,1.2825,2.0525,1.2825,4.2078825,6.7342525,18.3109279592251,27.9023664140573,53.3490196078431,30.1634051039308,0,56.1222862360169,92.0999958787845,10.926,11.3541666666667,2.38883333333333
"1017",2025-10-12 16:56:00,1.284,2.054,1.284,4.212804,6.739174,18.3981228542691,27.9023664140573,53.9105882352941,30.1645863033607,0,56.1396030345498,92.1399958769946,10.907,11.3253333333333,2.37566666666667
"1018",2025-10-12 16:57:00,1.2855,2.0555,1.2855,4.2177255,6.7440955,18.485317749313,27.9023664140573,54.4721568627451,30.1657675027907,0,56.1569198330827,92.1799958752048,10.888,11.2965,2.3625
"1019",2025-10-12 16:58:00,1.287,2.057,1.287,4.222647,6.749017,18.5725126443569,27.9023664140573,55.0337254901961,30.1669487022206,0,56.1742366316156,92.2199958734149,10.869,11.2676666666667,2.34933333333333
"1020",2025-10-12 16:59:00,1.2885,2.0585,1.2885,4.2275685,6.7539385,18.6597075394009,27.9023664140573,55.5952941176471,30.1681299016505,0,56.1915534301485,92.259995871625,10.85,11.2388333333333,2.33616666666667
"1021",2025-10-12 17:00:00,1.29,2.06,1.29,4.23249,6.75886,18.7469024344448,27.9023664140573,56.156862745098,30.1693111010804,0,56.2088702286814,92.2999958698351,10.831,11.21,2.323
"1022",2025-10-12 17:01:00,1.2905,2.0615,1.2905,4.2341305,6.7637815,18.5725126443569,28.2511459942331,55.8760784313725,30.1687205013655,0,56.2002123046434,92.2999958698351,10.8016666666667,11.1863333333333,2.30766666666667
"1023",2025-10-12 17:02:00,1.291,2.063,1.291,4.235771,6.768703,18.3981228542691,28.5999255744088,55.5952941176471,30.1681299016505,0,56.1915543806054,92.2999958698351,10.7723333333333,11.1626666666667,2.29233333333333
"1024",2025-10-12 17:03:00,1.2915,2.0645,1.2915,4.2374115,6.7736245,18.2237330641812,28.9487051545845,55.3145098039216,30.1675393019355,0,56.1828964565674,92.2999958698351,10.743,11.139,2.277
"1025",2025-10-12 17:04:00,1.292,2.066,1.292,4.239052,6.778546,18.0493432740933,29.2974847347602,55.0337254901961,30.1669487022206,0,56.1742385325294,92.2999958698351,10.7136666666667,11.1153333333333,2.26166666666667
"1026",2025-10-12 17:05:00,1.2925,2.0675,1.2925,4.2406925,6.7834675,17.8749534840055,29.6462643149359,54.7529411764706,30.1663581025056,0,56.1655806084914,92.2999958698351,10.6843333333333,11.0916666666667,2.24633333333333
"1027",2025-10-12 17:06:00,1.293,2.069,1.293,4.242333,6.788389,17.7877585889616,28.5127306793649,53.9105882352941,30.1669487022206,0,56.1655806084914,92.2999958698351,10.655,11.068,2.231
"1028",2025-10-12 17:07:00,1.2935,2.0705,1.2935,4.2439735,6.7933105,17.7005636939176,27.3791970437938,53.0682352941176,30.1675393019355,0,56.1655806084914,92.2999958698351,10.6298333333333,11.0396666666667,2.214
"1029",2025-10-12 17:08:00,1.294,2.072,1.294,4.245614,6.798232,17.6133687988737,26.2456634082227,52.2258823529412,30.1681299016505,0,56.1655806084914,92.2999958698351,10.6046666666667,11.0113333333333,2.197
"1030",2025-10-12 17:09:00,1.2945,2.0735,1.2945,4.2472545,6.8031535,17.5261739038298,25.1121297726516,51.3835294117647,30.1687205013655,0,56.1655806084914,92.2999958698351,10.5795,10.983,2.18
"1031",2025-10-12 17:10:00,1.295,2.075,1.295,4.248895,6.808075,17.4389790087858,23.9785961370805,50.5411764705882,30.1693111010804,0,56.1655806084914,92.2999958698351,10.5543333333333,10.9546666666667,2.163
"1032",2025-10-12 17:11:00,1.2955,2.0765,1.2955,4.2505355,6.8129965,17.0030045335662,23.5426216618609,49.4180392156863,30.1681299016505,0,56.1569217339965,92.3199958689402,10.5291666666667,10.9263333333333,2.146
"1033",2025-10-12 17:12:00,1.296,2.078,1.296,4.252176,6.817918,16.5670300583465,23.1066471866412,48.2949019607843,30.1669487022206,0,56.1482628595016,92.3399958680452,10.504,10.898,2.129
"1034",2025-10-12 17:13:00,1.2965,2.0795,1.2965,4.2538165,6.8228395,16.1310555831269,22.6706727114216,47.1717647058824,30.1657675027907,0,56.1396039850067,92.3599958671503,10.481,10.8635,2.111
"1035",2025-10-12 17:14:00,1.297,2.081,1.297,4.255457,6.827761,15.6950811079073,22.2346982362019,46.0486274509804,30.1645863033607,0,56.1309451105118,92.3799958662553,10.458,10.829,2.093
"1036",2025-10-12 17:15:00,1.2975,2.0825,1.2975,4.2570975,6.8326825,15.2591066326876,21.7987237609823,44.9254901960784,30.1634051039308,0,56.1222862360169,92.3999958653604,10.435,10.7945,2.075
"1037",2025-10-12 17:16:00,1.298,2.084,1.298,4.258738,6.837604,15.2591066326876,21.9731135510702,43.8023529411765,30.1634051039308,0,56.1136264062443,92.4799958617806,10.412,10.76,2.057
"1038",2025-10-12 17:17:00,1.2985,2.0855,1.2985,4.2603785,6.8425255,15.2591066326876,22.147503341158,42.6792156862745,30.1634051039308,0,56.1049665764716,92.5599958582008,10.389,10.7255,2.039
"1039",2025-10-12 17:18:00,1.299,2.087,1.299,4.262019,6.847447,15.2591066326876,22.3218931312459,41.5560784313725,30.1634051039308,0,56.096306746699,92.639995854621,10.366,10.691,2.021
"1040",2025-10-12 17:19:00,1.2995,2.0885,1.2995,4.2636595,6.8523685,15.2591066326876,22.4962829213337,40.4329411764706,30.1634051039308,0,56.0876469169263,92.7199958510413,10.3373333333333,10.6588333333333,2.0085
"1041",2025-10-12 17:20:00,1.3,2.09,1.3,4.2653,6.85729,15.2591066326876,22.6706727114216,39.3098039215686,30.1634051039308,0,56.0789870871537,92.7999958474615,10.3086666666667,10.6266666666667,1.996
"1042",2025-10-12 17:21:00,1.3005,2.091,1.3005,4.2669405,6.860571,15.2591066326876,22.4962829213337,39.8713725490196,30.1634051039308,0,56.0530018178926,92.8199958465666,10.28,10.5945,1.9835
"1043",2025-10-12 17:22:00,1.301,2.092,1.301,4.268581,6.863852,15.2591066326876,22.3218931312459,40.4329411764706,30.1634051039308,0,56.0270165486316,92.8399958456716,10.2513333333333,10.5623333333333,1.971
"1044",2025-10-12 17:23:00,1.3015,2.093,1.3015,4.2702215,6.867133,15.2591066326876,22.147503341158,40.9945098039216,30.1634051039308,0,56.0010312793706,92.8599958447767,10.2226666666667,10.5301666666667,1.9585
"1045",2025-10-12 17:24:00,1.302,2.094,1.302,4.271862,6.870414,15.2591066326876,21.9731135510702,41.5560784313725,30.1634051039308,0,55.9750460101096,92.8799958438817,10.194,10.498,1.946
"1046",2025-10-12 17:25:00,1.3025,2.095,1.3025,4.2735025,6.873695,15.2591066326876,21.7987237609823,42.1176470588235,30.1634051039308,0,55.9490607408485,92.8999958429868,10.1581666666667,10.4673333333333,1.93833333333333
"1047",2025-10-12 17:26:00,1.303,2.096,1.303,4.275143,6.876976,15.4334964227755,22.4962829213337,42.6792156862745,30.1622239045009,0,55.9490607408485,92.959995840302,10.1223333333333,10.4366666666667,1.93066666666667
"1048",2025-10-12 17:27:00,1.3035,2.097,1.3035,4.2767835,6.880257,15.6078862128633,23.1938420816852,43.2407843137255,30.161042705071,0,55.9490607408485,93.0199958376171,10.0865,10.406,1.923
"1049",2025-10-12 17:28:00,1.304,2.098,1.304,4.278424,6.883538,15.7822760029512,23.8914012420366,43.8023529411765,30.1598615056411,0,55.9490607408485,93.0799958349323,10.0506666666667,10.3753333333333,1.91533333333333
"1050",2025-10-12 17:29:00,1.3045,2.099,1.3045,4.2800645,6.886819,15.956665793039,24.588960402388,44.3639215686274,30.1586803062111,0,55.9490607408485,93.1399958322475,10.0148333333333,10.3446666666667,1.90766666666667
"1051",2025-10-12 17:30:00,1.305,2.1,1.305,4.281705,6.8901,16.1310555831269,25.2865195627395,44.9254901960784,30.1574991067812,0,55.9490607408485,93.1999958295626,9.979,10.314,1.9
"1052",2025-10-12 17:31:00,1.3055,2.101,1.3055,4.2833455,6.893381,15.956665793039,24.588960402388,45.4870588235294,30.1580897064962,0,55.9403970416669,93.2199958286677,9.95916666666667,10.2833333333333,1.89283333333333
"1053",2025-10-12 17:32:00,1.306,2.102,1.306,4.284986,6.896662,15.7822760029512,23.8914012420366,46.0486274509804,30.1586803062111,0,55.9317333424853,93.2399958277727,9.93933333333333,10.2526666666667,1.88566666666667
"1054",2025-10-12 17:33:00,1.3065,2.103,1.3065,4.2866265,6.899943,15.6078862128633,23.1938420816852,46.6101960784314,30.1592709059261,0,55.9230696433037,93.2599958268778,9.9195,10.222,1.8785
"1055",2025-10-12 17:34:00,1.307,2.104,1.307,4.288267,6.903224,15.4334964227755,22.4962829213337,47.1717647058824,30.1598615056411,0,55.9144059441221,93.2799958259829,9.89966666666667,10.1913333333333,1.87133333333333
"1056",2025-10-12 17:35:00,1.3075,2.105,1.3075,4.2899075,6.906505,15.2591066326876,21.7987237609823,47.7333333333333,30.160452105356,0,55.9057422449405,93.2999958250879,9.87983333333333,10.1606666666667,1.86416666666667
"1057",2025-10-12 17:36:00,1.308,2.106,1.308,4.291548,6.909786,16.043860688083,23.455426766817,49.1372549019608,30.160452105356,0,55.9057422449405,93.2999958250879,9.86,10.13,1.857
"1058",2025-10-12 17:37:00,1.3085,2.107,1.3085,4.2931885,6.913067,16.8286147434783,25.1121297726516,50.5411764705882,30.160452105356,0,55.9057422449405,93.2999958250879,9.82533333333333,10.1,1.84933333333333
"1059",2025-10-12 17:38:00,1.309,2.108,1.309,4.294829,6.916348,17.6133687988737,26.7688327784863,51.9450980392157,30.160452105356,0,55.9057422449405,93.2999958250879,9.79066666666667,10.07,1.84166666666667
"1060",2025-10-12 17:39:00,1.3095,2.109,1.3095,4.2964695,6.919629,18.3981228542691,28.4255357843209,53.3490196078431,30.160452105356,0,55.9057422449405,93.2999958250879,9.756,10.04,1.834
"1061",2025-10-12 17:40:00,1.31,2.11,1.31,4.29811,6.92291,19.1828769096644,30.0822387901556,54.7529411764706,30.160452105356,0,55.9057422449405,93.2999958250879,9.72133333333333,10.01,1.82633333333333
"1062",2025-10-12 17:41:00,1.313,2.1135,1.313,4.307953,6.9343935,19.2700718047084,29.7334592099799,54.1913725490196,30.160452105356,0,55.89707756631,93.2999958250879,9.68666666666667,9.98,1.81866666666667
"1063",2025-10-12 17:42:00,1.316,2.117,1.316,4.317796,6.945877,19.3572666997523,29.3846796298041,53.6298039215686,30.160452105356,0,55.8884128876795,93.2999958250879,9.652,9.95,1.811
"1064",2025-10-12 17:43:00,1.319,2.1205,1.319,4.327639,6.9573605,19.4444615947962,29.0359000496284,53.0682352941177,30.160452105356,0,55.879748209049,93.2999958250879,9.6215,9.91883333333333,1.8055
"1065",2025-10-12 17:44:00,1.322,2.124,1.322,4.337482,6.968844,19.5316564898401,28.6871204694527,52.5066666666667,30.160452105356,0,55.8710835304186,93.2999958250879,9.591,9.88766666666667,1.8
"1066",2025-10-12 17:45:00,1.325,2.1275,1.325,4.347325,6.9803275,19.6188513848841,28.338340889277,51.9450980392157,30.160452105356,0,55.8624188517881,93.2999958250879,9.5605,9.8565,1.7945
"1067",2025-10-12 17:46:00,1.328,2.131,1.328,4.357168,6.991811,19.6188513848841,28.0767562041452,52.5066666666667,30.1569085070663,0,55.8970717089852,93.2799958259829,9.53,9.82533333333333,1.789
"1068",2025-10-12 17:47:00,1.331,2.1345,1.331,4.367011,7.0032945,19.6188513848841,27.8151715190134,53.0682352941177,30.1533649087765,0,55.9317245661823,93.2599958268778,9.4995,9.79416666666667,1.7835
"1069",2025-10-12 17:48:00,1.334,2.138,1.334,4.376854,7.014778,19.6188513848841,27.5535868338816,53.6298039215686,30.1498213104868,0,55.9663774233794,93.2399958277727,9.469,9.763,1.778
"1070",2025-10-12 17:49:00,1.337,2.1415,1.337,4.386697,7.0262615,19.6188513848841,27.2920021487498,54.1913725490196,30.146277712197,0,56.0010302805765,93.2199958286677,9.4375,9.73183333333333,1.7775
"1071",2025-10-12 17:50:00,1.34,2.145,1.34,4.39654,7.037745,19.6188513848841,27.0304174636181,54.7529411764706,30.1427341139073,0,56.0356831377736,93.1999958295626,9.406,9.70066666666667,1.777
"1072",2025-10-12 17:51:00,1.343,2.1485,1.343,4.406383,7.0492285,19.7932411749719,27.8151715190134,54.7529411764706,30.146868311912,0,56.0270213829647,93.1999958295626,9.3745,9.6695,1.7765
"1073",2025-10-12 17:52:00,1.346,2.152,1.346,4.416226,7.060712,19.9676309650598,28.5999255744088,54.7529411764706,30.1510025099167,0,56.0183596281559,93.1999958295626,9.343,9.63833333333333,1.776
"1074",2025-10-12 17:53:00,1.349,2.1555,1.349,4.426069,7.0721955,20.1420207551476,29.3846796298041,54.7529411764706,30.1551367079214,0,56.009697873347,93.1999958295626,9.3115,9.60716666666667,1.7755
"1075",2025-10-12 17:54:00,1.352,2.159,1.352,4.435912,7.083679,20.3164105452355,30.1694336851995,54.7529411764706,30.1592709059261,0,56.0010361185381,93.1999958295626,9.28,9.576,1.775
"1076",2025-10-12 17:55:00,1.355,2.1625,1.355,4.445755,7.0951625,20.4908003353234,30.9541877405949,54.7529411764706,30.1634051039308,0,55.9923743637293,93.1999958295626,9.24616666666667,9.54416666666667,1.77066666666667
"1077",2025-10-12 17:56:00,1.358,2.166,1.358,4.455598,7.106646,20.5779952303673,30.9541877405949,54.4721568627451,30.1634051039308,0,55.9923743637293,93.1999958295626,9.21233333333333,9.51233333333333,1.76633333333333
"1078",2025-10-12 17:57:00,1.361,2.1695,1.361,4.465441,7.1181295,20.6651901254112,30.9541877405949,54.1913725490196,30.1634051039308,0,55.9923743637293,93.1999958295626,9.1785,9.4805,1.762
"1079",2025-10-12 17:58:00,1.364,2.173,1.364,4.475284,7.129613,20.7523850204552,30.9541877405949,53.9105882352941,30.1634051039308,0,55.9923743637293,93.1999958295626,9.14466666666667,9.44866666666667,1.75766666666667
"1080",2025-10-12 17:59:00,1.367,2.1765,1.367,4.485127,7.1410965,20.8395799154991,30.9541877405949,53.6298039215686,30.1634051039308,0,55.9923743637293,93.1999958295626,9.11083333333333,9.41683333333333,1.75333333333333
"1081",2025-10-12 18:00:00,1.37,2.18,1.37,4.49497,7.15258,20.926774810543,30.9541877405949,53.3490196078431,30.1634051039308,0,55.9923743637293,93.1999958295626,9.077,9.385,1.749
"1082",2025-10-12 18:01:00,1.367,2.176,1.367,4.485127,7.139456,20.7523850204552,30.1694336851995,53.0682352941176,30.1622239045009,0,55.9837116391531,93.0799958349323,9.05,9.35716666666667,1.7445
"1083",2025-10-12 18:02:00,1.364,2.172,1.364,4.475284,7.126332,20.5779952303673,29.3846796298041,52.7874509803922,30.161042705071,0,55.975048914577,92.959995840302,9.023,9.32933333333333,1.74
"1084",2025-10-12 18:03:00,1.361,2.168,1.361,4.465441,7.113208,20.4036054402794,28.5999255744088,52.5066666666667,30.1598615056411,0,55.9663861900008,92.8399958456716,8.996,9.3015,1.7355
"1085",2025-10-12 18:04:00,1.358,2.164,1.358,4.455598,7.100084,20.2292156501916,27.8151715190134,52.2258823529412,30.1586803062111,0,55.9577234654247,92.7199958510413,8.969,9.27366666666667,1.731
"1086",2025-10-12 18:05:00,1.355,2.16,1.355,4.445755,7.08696,20.0548258601037,27.0304174636181,51.9450980392157,30.1574991067812,0,55.9490607408485,92.5999958564109,8.942,9.24583333333333,1.7265
"1087",2025-10-12 18:06:00,1.352,2.156,1.352,4.435912,7.073836,20.6651901254112,28.0767562041452,52.5066666666667,30.1557273076364,0,55.8363548648813,92.9999958385121,8.915,9.218,1.722
"1088",2025-10-12 18:07:00,1.349,2.152,1.349,4.426069,7.060712,21.2755543907187,29.1230949446724,53.0682352941177,30.1539555084915,0,55.7236489889141,93.3999958206132,8.8775,9.19283333333333,1.72866666666667
"1089",2025-10-12 18:08:00,1.346,2.148,1.346,4.416226,7.047588,21.8859186560262,30.1694336851995,53.6298039215686,30.1521837093466,0,55.6109431129468,93.7999958027143,8.84,9.16766666666667,1.73533333333333
"1090",2025-10-12 18:09:00,1.343,2.144,1.343,4.406383,7.034464,22.4962829213337,31.2157724257267,54.1913725490196,30.1504119102017,0,55.4982372369796,94.1999957848155,8.8025,9.1425,1.742
"1091",2025-10-12 18:10:00,1.34,2.14,1.34,4.39654,7.02134,23.1066471866412,32.2621111662538,54.7529411764706,30.1486401110568,0,55.3855313610124,94.5999957669166,8.765,9.11733333333333,1.74866666666667
"1092",2025-10-12 18:11:00,1.337,2.136,1.337,4.386697,7.008216,23.1938420816852,32.087721376166,54.7529411764706,30.1486401110568,0,55.3594977934031,94.6799957633368,8.7275,9.09216666666667,1.75533333333333
"1093",2025-10-12 18:12:00,1.334,2.132,1.334,4.376854,6.995092,23.2810369767291,31.9133315860781,54.7529411764706,30.1486401110568,0,55.3334642257937,94.759995759757,8.69,9.067,1.762
"1094",2025-10-12 18:13:00,1.331,2.128,1.331,4.367011,6.981968,23.368231871773,31.7389417959902,54.7529411764706,30.1486401110568,0,55.3074306581844,94.8399957561772,8.659,9.04016666666667,1.769
"1095",2025-10-12 18:14:00,1.328,2.124,1.328,4.357168,6.968844,23.455426766817,31.5645520059024,54.7529411764706,30.1486401110568,0,55.281397090575,94.9199957525975,8.628,9.01333333333333,1.776
"1096",2025-10-12 18:15:00,1.325,2.12,1.325,4.347325,6.95572,23.5426216618609,31.3901622158145,54.7529411764706,30.1486401110568,0,55.2553635229657,94.9999957490177,8.597,8.9865,1.783
"1097",2025-10-12 18:16:00,1.322,2.116,1.322,4.337482,6.942596,23.368231871773,30.779797950507,54.7529411764706,30.1504119102017,0,55.2293204815677,95.119995743648,8.566,8.95966666666667,1.79
"1098",2025-10-12 18:17:00,1.319,2.112,1.319,4.327639,6.929472,23.1938420816852,30.1694336851995,54.7529411764706,30.1521837093466,0,55.2032774401696,95.2399957382784,8.535,8.93283333333333,1.797
"1099",2025-10-12 18:18:00,1.316,2.108,1.316,4.317796,6.916348,23.0194522915973,29.559069419892,54.7529411764706,30.1539555084915,0,55.1772343987716,95.3599957329087,8.504,8.906,1.804
"1100",2025-10-12 18:19:00,1.313,2.104,1.313,4.307953,6.903224,22.8450625015095,28.9487051545845,54.7529411764706,30.1557273076364,0,55.1511913573735,95.4799957275391,8.483,8.87216666666667,1.80783333333333
"1101",2025-10-12 18:20:00,1.31,2.1,1.31,4.29811,6.8901,22.6706727114216,28.338340889277,54.7529411764706,30.1574991067812,0,55.1251483159755,95.5999957221694,8.462,8.83833333333333,1.81166666666667
"1102",2025-10-12 18:21:00,1.308,2.0965,1.308,4.291548,6.8786165,22.9322573965534,29.4718745248481,55.0337254901961,30.1574991067812,0,55.1598702593357,95.4199957302239,8.441,8.8045,1.8155
"1103",2025-10-12 18:22:00,1.306,2.093,1.306,4.284986,6.867133,23.1938420816852,30.6054081604192,55.3145098039216,30.1574991067812,0,55.1945922026959,95.2399957382784,8.42,8.77066666666667,1.81933333333333
"1104",2025-10-12 18:23:00,1.304,2.0895,1.304,4.278424,6.8556495,23.455426766817,31.7389417959902,55.5952941176471,30.1574991067812,0,55.2293141460561,95.0599957463329,8.399,8.73683333333333,1.82316666666667
"1105",2025-10-12 18:24:00,1.302,2.086,1.302,4.271862,6.844166,23.7170114519487,32.8724754315613,55.8760784313725,30.1574991067812,0,55.2640360894163,94.8799957543874,8.378,8.703,1.827
"1106",2025-10-12 18:25:00,1.3,2.0825,1.3,4.2653,6.8326825,23.9785961370805,34.0060090671324,56.156862745098,30.1574991067812,0,55.2987580327766,94.6999957624419,8.34116666666667,8.67233333333333,1.82816666666667
"1107",2025-10-12 18:26:00,1.298,2.079,1.298,4.258738,6.821199,24.1529859271684,33.6572294869567,56.156862745098,30.1580897064962,0,55.2987580327766,94.5999957669166,8.30433333333333,8.64166666666667,1.82933333333333
"1108",2025-10-12 18:27:00,1.296,2.0755,1.296,4.252176,6.8097155,24.3273757172562,33.308449906781,56.156862745098,30.1586803062111,0,55.2987580327766,94.4999957713913,8.2675,8.611,1.8305
"1109",2025-10-12 18:28:00,1.294,2.072,1.294,4.245614,6.798232,24.5017655073441,32.9596703266052,56.156862745098,30.1592709059261,0,55.2987580327766,94.399995775866,8.23066666666667,8.58033333333333,1.83166666666667
"1110",2025-10-12 18:29:00,1.292,2.0685,1.292,4.239052,6.7867485,24.676155297432,32.6108907464295,56.156862745098,30.1598615056411,0,55.2987580327766,94.2999957803407,8.19383333333333,8.54966666666667,1.83283333333333
"1111",2025-10-12 18:30:00,1.29,2.065,1.29,4.23249,6.775265,24.8505450875198,32.2621111662538,56.156862745098,30.160452105356,0,55.2987580327766,94.1999957848155,8.157,8.519,1.834
"1112",2025-10-12 18:31:00,1.288,2.0615,1.288,4.225928,6.7637815,24.4145706123002,31.7389417959902,56.156862745098,30.161042705071,0,55.2727181640534,94.3199957794458,8.12066666666667,8.4885,1.8345
"1113",2025-10-12 18:32:00,1.286,2.058,1.286,4.219366,6.752298,23.9785961370805,31.2157724257267,56.156862745098,30.1616333047859,0,55.2466782953302,94.4399957740761,8.08433333333333,8.458,1.835
"1114",2025-10-12 18:33:00,1.284,2.0545,1.284,4.212804,6.7408145,23.5426216618609,30.6926030554631,56.156862745098,30.1622239045009,0,55.220638426607,94.5599957687065,8.048,8.4275,1.8355
"1115",2025-10-12 18:34:00,1.282,2.051,1.282,4.206242,6.729331,23.1066471866412,30.1694336851995,56.156862745098,30.1628145042159,0,55.1945985578839,94.6799957633368,8.01166666666667,8.397,1.836
"1116",2025-10-12 18:35:00,1.28,2.0475,1.28,4.19968,6.7178475,22.6706727114216,29.6462643149359,56.156862745098,30.1634051039308,0,55.1685586891607,94.7999957579671,7.97533333333333,8.3665,1.8365
"1117",2025-10-12 18:36:00,1.278,2.044,1.278,4.193118,6.706364,23.1066471866412,30.5182132653752,56.4376470588235,30.1634051039308,0,55.1598766145237,94.8399957561772,7.939,8.336,1.837
"1118",2025-10-12 18:37:00,1.276,2.0405,1.276,4.186556,6.6948805,23.5426216618609,31.3901622158145,56.718431372549,30.1634051039308,0,55.1511945398866,94.8799957543874,7.90766666666667,8.3085,1.84083333333333
"1119",2025-10-12 18:38:00,1.274,2.037,1.274,4.179994,6.683397,23.9785961370805,32.2621111662538,56.9992156862745,30.1634051039308,0,55.1425124652496,94.9199957525975,7.87633333333333,8.281,1.84466666666667
"1120",2025-10-12 18:39:00,1.272,2.0335,1.272,4.173432,6.6719135,24.4145706123002,33.1340601166931,57.28,30.1634051039308,0,55.1338303906125,94.9599957508076,7.845,8.2535,1.8485
"1121",2025-10-12 18:40:00,1.27,2.03,1.27,4.16687,6.66043,24.8505450875198,34.0060090671324,57.5607843137255,30.1634051039308,0,55.1251483159755,94.9999957490177,7.81366666666667,8.226,1.85233333333333
"1122",2025-10-12 18:41:00,1.27,2.0335,1.27,4.16687,6.6719135,24.4145706123002,33.221255011737,57.28,30.1628145042159,0,55.1338303906125,95.0599957463329,7.78233333333333,8.1985,1.85616666666667
"1123",2025-10-12 18:42:00,1.27,2.037,1.27,4.16687,6.683397,23.9785961370805,32.4365009563417,56.9992156862745,30.1622239045009,0,55.1425124652496,95.119995743648,7.751,8.171,1.86
"1124",2025-10-12 18:43:00,1.27,2.0405,1.27,4.16687,6.6948805,23.5426216618609,31.6517469009463,56.718431372549,30.1616333047859,0,55.1511945398866,95.1799957409632,7.70966666666667,8.13666666666667,1.86816666666667
"1125",2025-10-12 18:44:00,1.27,2.044,1.27,4.16687,6.706364,23.1066471866412,30.8669928455509,56.4376470588235,30.161042705071,0,55.1598766145237,95.2399957382784,7.66833333333333,8.10233333333333,1.87633333333333
"1126",2025-10-12 18:45:00,1.27,2.0475,1.27,4.16687,6.7178475,22.6706727114216,30.0822387901556,56.156862745098,30.160452105356,0,55.1685586891607,95.2999957355936,7.627,8.068,1.8845
"1127",2025-10-12 18:46:00,1.27,2.051,1.27,4.16687,6.729331,22.4962829213337,29.9950438951116,56.156862745098,30.1616333047859,0,55.1945985578839,95.3199957346986,7.58566666666667,8.03366666666667,1.89266666666667
"1128",2025-10-12 18:47:00,1.27,2.0545,1.27,4.16687,6.7408145,22.3218931312459,29.9078490000677,56.156862745098,30.1628145042159,0,55.220638426607,95.3399957338037,7.54433333333333,7.99933333333333,1.90083333333333
"1129",2025-10-12 18:48:00,1.27,2.058,1.27,4.16687,6.752298,22.147503341158,29.8206541050238,56.156862745098,30.1639957036458,0,55.2466782953302,95.3599957329087,7.503,7.965,1.909
"1130",2025-10-12 18:49:00,1.27,2.0615,1.27,4.16687,6.7637815,21.9731135510702,29.7334592099799,56.156862745098,30.1651769030757,0,55.2727181640534,95.3799957320138,7.48066666666667,7.92566666666667,1.9195
"1131",2025-10-12 18:50:00,1.27,2.065,1.27,4.16687,6.775265,21.7987237609823,29.6462643149359,56.156862745098,30.1663581025056,0,55.2987580327766,95.3999957311188,7.45833333333333,7.88633333333333,1.93
"1132",2025-10-12 18:51:00,1.27,2.0685,1.27,4.16687,6.7867485,21.1883594956748,28.9487051545845,56.4376470588235,30.1663581025056,0,55.3508096138477,95.3599957329087,7.436,7.847,1.9405
"1133",2025-10-12 18:52:00,1.27,2.072,1.27,4.16687,6.798232,20.5779952303673,28.2511459942331,56.718431372549,30.1663581025056,0,55.4028611949188,95.3199957346986,7.41366666666667,7.80766666666667,1.951
"1134",2025-10-12 18:53:00,1.27,2.0755,1.27,4.16687,6.8097155,19.9676309650598,27.5535868338816,56.9992156862745,30.1663581025056,0,55.4549127759899,95.2799957364885,7.39133333333333,7.76833333333333,1.9615
"1135",2025-10-12 18:54:00,1.27,2.079,1.27,4.16687,6.821199,19.3572666997523,26.8560276735302,57.28,30.1663581025056,0,55.506964357061,95.2399957382784,7.369,7.729,1.972
"1136",2025-10-12 18:55:00,1.27,2.0825,1.27,4.16687,6.8326825,18.7469024344448,26.1584685131788,57.5607843137255,30.1663581025056,0,55.5590159381321,95.1999957400683,7.3265,7.6885,1.98133333333333
"1137",2025-10-12 18:56:00,1.27,2.086,1.27,4.16687,6.844166,19.0084871195766,26.6816378834423,57.28,30.1663581025056,0,55.6023642058621,95.099995744543,7.284,7.648,1.99066666666667
"1138",2025-10-12 18:57:00,1.27,2.0895,1.27,4.16687,6.8556495,19.2700718047084,27.2048072537059,56.9992156862745,30.1663581025056,0,55.645712473592,94.9999957490177,7.2415,7.6075,2
"1139",2025-10-12 18:58:00,1.27,2.093,1.27,4.16687,6.867133,19.5316564898401,27.7279766239695,56.718431372549,30.1663581025056,0,55.689060741322,94.8999957534924,7.199,7.567,2.00933333333333
"1140",2025-10-12 18:59:00,1.27,2.0965,1.27,4.16687,6.8786165,19.7932411749719,28.2511459942331,56.4376470588235,30.1663581025056,0,55.732409009052,94.7999957579671,7.1565,7.5265,2.01866666666667
"1141",2025-10-12 19:00:00,1.27,2.1,1.27,4.16687,6.8901,20.0548258601037,28.7743153644966,56.156862745098,30.1663581025056,0,55.7757572767819,94.6999957624419,7.114,7.486,2.028
"1142",2025-10-12 19:01:00,1.2645,2.088,1.2645,4.1488245,6.850728,19.7932411749719,28.1639510991891,56.4376470588235,30.1651769030757,0,55.8104179695952,94.6799957633368,7.075,7.44983333333333,2.0405
"1143",2025-10-12 19:02:00,1.259,2.076,1.259,4.130779,6.811356,19.5316564898401,27.5535868338816,56.718431372549,30.1639957036458,0,55.8450786624086,94.6599957642318,7.036,7.41366666666667,2.053
"1144",2025-10-12 19:03:00,1.2535,2.064,1.2535,4.1127335,6.771984,19.2700718047084,26.9432225685741,56.9992156862745,30.1628145042159,0,55.8797393552219,94.6399957651267,6.997,7.3775,2.0655
"1145",2025-10-12 19:04:00,1.248,2.052,1.248,4.094688,6.732612,19.0084871195766,26.3328583032666,57.28,30.1616333047859,0,55.9144000480352,94.6199957660216,6.958,7.34133333333333,2.078
"1146",2025-10-12 19:05:00,1.2425,2.04,1.2425,4.0766425,6.69324,18.7469024344448,25.7224940379591,57.5607843137255,30.160452105356,0,55.9490607408485,94.5999957669166,6.919,7.30516666666667,2.0905
"1147",2025-10-12 19:06:00,1.237,2.028,1.237,4.058597,6.653868,19.1828769096644,25.9840787230909,57.28,30.161042705071,0,55.9750460101096,94.4999957713913,6.88,7.269,2.103
"1148",2025-10-12 19:07:00,1.2315,2.016,1.2315,4.0405515,6.614496,19.6188513848841,26.2456634082227,56.9992156862745,30.1616333047859,0,56.0010312793706,94.399995775866,6.84366666666667,7.233,2.11116666666667
"1149",2025-10-12 19:08:00,1.226,2.004,1.226,4.022506,6.575124,20.0548258601037,26.5072480933545,56.718431372549,30.1622239045009,0,56.0270165486316,94.2999957803407,6.80733333333333,7.197,2.11933333333333
"1150",2025-10-12 19:09:00,1.2205,1.992,1.2205,4.0044605,6.535752,20.4908003353234,26.7688327784863,56.4376470588235,30.1628145042159,0,56.0530018178926,94.1999957848155,6.771,7.161,2.1275
"1151",2025-10-12 19:10:00,1.215,1.98,1.215,3.986415,6.49638,20.926774810543,27.0304174636181,56.156862745098,30.1634051039308,0,56.0789870871537,94.0999957892902,6.73466666666667,7.125,2.13566666666667
"1152",2025-10-12 19:11:00,1.2095,1.968,1.2095,3.9683695,6.457008,21.6243339708944,27.9023664140573,56.718431372549,30.1616333047859,0,56.0530018178926,94.05999579108,6.69833333333333,7.089,2.14383333333333
"1153",2025-10-12 19:12:00,1.204,1.956,1.204,3.950324,6.417636,22.3218931312459,28.7743153644966,57.28,30.1598615056411,0,56.0270165486316,94.01999579287,6.662,7.053,2.152
"1154",2025-10-12 19:13:00,1.1985,1.944,1.1985,3.9322785,6.378264,23.0194522915973,29.6462643149359,57.841568627451,30.1580897064962,0,56.0010312793706,93.9799957946598,6.60966666666667,7.01633333333333,2.15583333333333
"1155",2025-10-12 19:14:00,1.193,1.932,1.193,3.914233,6.338892,23.7170114519487,30.5182132653752,58.403137254902,30.1563179073513,0,55.9750460101096,93.9399957964497,6.55733333333333,6.97966666666667,2.15966666666667
"1156",2025-10-12 19:15:00,1.1875,1.92,1.1875,3.8961875,6.29952,24.4145706123002,31.3901622158145,58.9647058823529,30.1545461082064,0,55.9490607408485,93.8999957982396,6.505,6.943,2.1635
"1157",2025-10-12 19:16:00,1.182,1.908,1.182,3.878142,6.260148,24.3273757172562,31.5645520059024,58.403137254902,30.1533649087765,0,55.9577234654247,93.7599958045042,6.45266666666667,6.90633333333333,2.16733333333333
"1158",2025-10-12 19:17:00,1.1765,1.896,1.1765,3.8600965,6.220776,24.2401808222123,31.7389417959902,57.841568627451,30.1521837093466,0,55.9663861900008,93.6199958107688,6.40033333333333,6.86966666666667,2.17116666666667
"1159",2025-10-12 19:18:00,1.171,1.884,1.171,3.842051,6.181404,24.1529859271684,31.9133315860781,57.28,30.1510025099167,0,55.975048914577,93.4799958170334,6.348,6.833,2.175
"1160",2025-10-12 19:19:00,1.1655,1.872,1.1655,3.8240055,6.142032,24.0657910321245,32.087721376166,56.718431372549,30.1498213104868,0,55.9837116391531,93.339995823298,6.32433333333333,6.792,2.181
"1161",2025-10-12 19:20:00,1.16,1.86,1.16,3.80596,6.10266,23.9785961370805,32.2621111662538,56.156862745098,30.1486401110568,0,55.9923743637293,93.1999958295626,6.30066666666667,6.751,2.187
"1162",2025-10-12 19:21:00,1.1585,1.8605,1.1585,3.8010385,6.1043005,24.2401808222123,32.087721376166,56.4376470588235,30.1504119102017,0,55.9837116391531,93.2999958250879,6.277,6.71,2.193
"1163",2025-10-12 19:22:00,1.157,1.861,1.157,3.796117,6.105941,24.5017655073441,31.9133315860781,56.718431372549,30.1521837093466,0,55.975048914577,93.3999958206132,6.25333333333333,6.669,2.199
"1164",2025-10-12 19:23:00,1.1555,1.8615,1.1555,3.7911955,6.1075815,24.7633501924759,31.7389417959902,56.9992156862745,30.1539555084915,0,55.9663861900008,93.4999958161385,6.22966666666667,6.628,2.205
"1165",2025-10-12 19:24:00,1.154,1.862,1.154,3.786274,6.109222,25.0249348776077,31.5645520059024,57.28,30.1557273076364,0,55.9577234654247,93.5999958116638,6.206,6.587,2.211
"1166",2025-10-12 19:25:00,1.1525,1.8625,1.1525,3.7813525,6.1108625,25.2865195627395,31.3901622158145,57.5607843137255,30.1574991067812,0,55.9490607408485,93.699995807189,6.15283333333333,6.54383333333333,2.222
"1167",2025-10-12 19:26:00,1.151,1.863,1.151,3.776431,6.112503,25.1121297726516,31.3029673207706,57.28,30.1557273076364,0,55.9230667001098,93.7799958036093,6.09966666666667,6.50066666666667,2.233
"1168",2025-10-12 19:27:00,1.1495,1.8635,1.1495,3.7715095,6.1141435,24.9377399825638,31.2157724257267,56.9992156862745,30.1539555084915,0,55.8970726593712,93.8599958000295,6.0465,6.4575,2.244
"1169",2025-10-12 19:28:00,1.148,1.864,1.148,3.766588,6.115784,24.7633501924759,31.1285775306827,56.718431372549,30.1521837093466,0,55.8710786186325,93.9399957964497,5.99333333333333,6.41433333333333,2.255
"1170",2025-10-12 19:29:00,1.1465,1.8645,1.1465,3.7616665,6.1174245,24.588960402388,31.0413826356388,56.4376470588235,30.1504119102017,0,55.8450845778938,94.01999579287,5.94016666666667,6.37116666666667,2.266
"1171",2025-10-12 19:30:00,1.145,1.865,1.145,3.756745,6.119065,24.4145706123002,30.9541877405949,56.156862745098,30.1486401110568,0,55.8190905371552,94.0999957892902,5.887,6.328,2.277
"1172",2025-10-12 19:31:00,1.1435,1.8655,1.1435,3.7518235,6.1207055,24.8505450875198,31.9133315860781,56.4376470588235,30.1486401110568,0,55.7930875940564,94.2199957839205,5.84966666666667,6.28366666666667,2.283
"1173",2025-10-12 19:32:00,1.142,1.866,1.142,3.746902,6.122346,25.2865195627395,32.8724754315613,56.718431372549,30.1486401110568,0,55.7670846509577,94.3399957785508,5.81233333333333,6.23933333333333,2.289
"1174",2025-10-12 19:33:00,1.1405,1.8665,1.1405,3.7419805,6.1239865,25.7224940379591,33.8316192770445,56.9992156862745,30.1486401110568,0,55.741081707859,94.4599957731812,5.775,6.195,2.295
"1175",2025-10-12 19:34:00,1.139,1.867,1.139,3.737059,6.125627,26.1584685131788,34.7907631225278,57.28,30.1486401110568,0,55.7150787647603,94.5799957678115,5.73766666666667,6.15066666666667,2.301
"1176",2025-10-12 19:35:00,1.1375,1.8675,1.1375,3.7321375,6.1272675,26.5944429883984,35.749906968011,57.5607843137255,30.1486401110568,0,55.6890758216616,94.6999957624419,5.70033333333333,6.10633333333333,2.307
"1177",2025-10-12 19:36:00,1.136,1.868,1.136,3.727216,6.128908,26.6816378834423,35.4011273878353,56.9992156862745,30.1498213104868,0,55.6977444666064,94.6199957660216,5.663,6.062,2.313
"1178",2025-10-12 19:37:00,1.1345,1.8685,1.1345,3.7222945,6.1305485,26.7688327784863,35.0523478076595,56.4376470588235,30.1510025099167,0,55.7064131115512,94.5399957696014,5.626,6.01983333333333,2.31466666666667
"1179",2025-10-12 19:38:00,1.133,1.869,1.133,3.717373,6.132189,26.8560276735302,34.7035682274838,55.8760784313726,30.1521837093466,0,55.715081756496,94.4599957731812,5.589,5.97766666666667,2.31633333333333
"1180",2025-10-12 19:39:00,1.1315,1.8695,1.1315,3.7124515,6.1338295,26.9432225685741,34.3547886473081,55.3145098039216,30.1533649087765,0,55.7237504014408,94.379995776761,5.552,5.9355,2.318
"1181",2025-10-12 19:40:00,1.13,1.87,1.13,3.70753,6.13547,27.0304174636181,34.0060090671324,54.7529411764706,30.1545461082064,0,55.7324190463856,94.2999957803407,5.515,5.89333333333333,2.31966666666667
"1182",2025-10-12 19:41:00,1.126,1.8625,1.126,3.694406,6.1108625,26.8560276735302,34.0932039621763,55.0337254901961,30.1533649087765,0,55.7410866924648,94.3599957776559,5.478,5.85116666666667,2.32133333333333
"1183",2025-10-12 19:42:00,1.122,1.855,1.122,3.681282,6.086255,26.6816378834423,34.1803988572203,55.3145098039216,30.1521837093466,0,55.7497543385441,94.4199957749711,5.441,5.809,2.323
"1184",2025-10-12 19:43:00,1.118,1.8475,1.118,3.668158,6.0616475,26.5072480933545,34.2675937522642,55.5952941176471,30.1510025099167,0,55.7584219846234,94.4799957722862,5.396,5.767,2.32566666666667
"1185",2025-10-12 19:44:00,1.114,1.84,1.114,3.655034,6.03704,26.3328583032666,34.3547886473081,55.8760784313725,30.1498213104868,0,55.7670896307026,94.5399957696014,5.351,5.725,2.32833333333333
"1186",2025-10-12 19:45:00,1.11,1.8325,1.11,3.64191,6.0124325,26.1584685131788,34.441983542352,56.156862745098,30.1486401110568,0,55.7757572767819,94.5999957669166,5.306,5.683,2.331
"1187",2025-10-12 19:46:00,1.106,1.825,1.106,3.628786,5.987825,26.1584685131788,34.441983542352,56.156862745098,30.1480495113419,0,55.7844239288566,94.5399957696014,5.261,5.641,2.33366666666667
"1188",2025-10-12 19:47:00,1.102,1.8175,1.102,3.615662,5.9632175,26.1584685131788,34.441983542352,56.156862745098,30.1474589116269,0,55.7930905809312,94.4799957722862,5.216,5.599,2.33633333333333
"1189",2025-10-12 19:48:00,1.098,1.81,1.098,3.602538,5.93861,26.1584685131788,34.441983542352,56.156862745098,30.146868311912,0,55.8017572330059,94.4199957749711,5.171,5.557,2.339
"1190",2025-10-12 19:49:00,1.094,1.8025,1.094,3.589414,5.9140025,26.1584685131788,34.441983542352,56.156862745098,30.146277712197,0,55.8104238850805,94.3599957776559,5.13383333333333,5.51483333333333,2.3385
"1191",2025-10-12 19:50:00,1.09,1.795,1.09,3.57629,5.889395,26.1584685131788,34.441983542352,56.156862745098,30.145687112482,0,55.8190905371552,94.2999957803407,5.09666666666667,5.47266666666667,2.338
"1192",2025-10-12 19:51:00,1.086,1.7875,1.086,3.563166,5.8647875,26.0712736181348,34.441983542352,56.156862745098,30.145687112482,0,55.8277562000817,94.3199957794458,5.0595,5.4305,2.3375
"1193",2025-10-12 19:52:00,1.082,1.78,1.082,3.550042,5.84018,25.9840787230909,34.441983542352,56.156862745098,30.145687112482,0,55.8364218630083,94.3399957785508,5.02233333333333,5.38833333333333,2.337
"1194",2025-10-12 19:53:00,1.078,1.7725,1.078,3.536918,5.8155725,25.896883828047,34.441983542352,56.156862745098,30.145687112482,0,55.8450875259349,94.3599957776559,4.98516666666667,5.34616666666667,2.3365
"1195",2025-10-12 19:54:00,1.074,1.765,1.074,3.523794,5.790965,25.809688933003,34.441983542352,56.156862745098,30.145687112482,0,55.8537531888615,94.379995776761,4.948,5.304,2.336
"1196",2025-10-12 19:55:00,1.07,1.7575,1.07,3.51067,5.7663575,25.7224940379591,34.441983542352,56.156862745098,30.145687112482,0,55.8624188517881,94.399995775866,4.91316666666667,5.26033333333333,2.3355
"1197",2025-10-12 19:56:00,1.066,1.75,1.066,3.497546,5.74175,25.896883828047,34.441983542352,55.8760784313725,30.1474589116269,0,55.8624188517881,94.399995775866,4.87833333333333,5.21666666666667,2.335
"1198",2025-10-12 19:57:00,1.062,1.7425,1.062,3.484422,5.7171425,26.0712736181348,34.441983542352,55.5952941176471,30.1492307107718,0,55.8624188517881,94.399995775866,4.8435,5.173,2.3345
"1199",2025-10-12 19:58:00,1.058,1.735,1.058,3.471298,5.692535,26.2456634082227,34.441983542352,55.3145098039216,30.1510025099167,0,55.8624188517881,94.399995775866,4.80866666666667,5.12933333333333,2.334
"1200",2025-10-12 19:59:00,1.054,1.7275,1.054,3.458174,5.6679275,26.4200531983106,34.441983542352,55.0337254901961,30.1527743090616,0,55.8624188517881,94.399995775866,4.77383333333333,5.08566666666667,2.3335
"1201",2025-10-12 20:00:00,1.05,1.72,1.05,3.44505,5.64332,26.5944429883984,34.441983542352,54.7529411764706,30.1545461082064,0,55.8624188517881,94.399995775866,4.739,5.042,2.333
"1202",2025-10-12 20:01:00,1.049,1.7165,1.049,3.441769,5.6318365,26.7688327784863,34.7035682274838,55.0337254901961,30.1533649087765,0,55.7930655799488,94.5399957696014,4.69933333333333,4.99866666666667,2.334
"1203",2025-10-12 20:02:00,1.048,1.713,1.048,3.438488,5.620353,26.9432225685741,34.9651529126156,55.3145098039216,30.1521837093466,0,55.7237123081096,94.6799957633368,4.65966666666667,4.95533333333333,2.335
"1204",2025-10-12 20:03:00,1.047,1.7095,1.047,3.435207,5.6088695,27.117612358662,35.2267375977474,55.5952941176471,30.1510025099167,0,55.6543590362703,94.8199957570722,4.62,4.912,2.336
"1205",2025-10-12 20:04:00,1.046,1.706,1.046,3.431926,5.597386,27.2920021487498,35.4883222828792,55.8760784313725,30.1498213104868,0,55.5850057644311,94.9599957508076,4.58033333333333,4.86866666666667,2.337
"1206",2025-10-12 20:05:00,1.045,1.7025,1.045,3.428645,5.5859025,27.4663919388377,35.749906968011,56.156862745098,30.1486401110568,0,55.5156524925918,95.099995744543,4.54066666666667,4.82533333333333,2.338
"1207",2025-10-12 20:06:00,1.044,1.699,1.044,3.425364,5.574419,27.6407817289256,35.5755171779231,56.156862745098,30.1486401110568,0,55.4809514548628,95.2199957391733,4.501,4.782,2.339
"1208",2025-10-12 20:07:00,1.043,1.6955,1.043,3.422083,5.5629355,27.8151715190134,35.4011273878353,56.156862745098,30.1486401110568,0,55.4462504171338,95.3399957338037,4.459,4.74483333333333,2.34333333333333
"1209",2025-10-12 20:08:00,1.042,1.692,1.042,3.418802,5.551452,27.9895613091013,35.2267375977474,56.156862745098,30.1486401110568,0,55.4115493794048,95.459995728434,4.417,4.70766666666667,2.34766666666667
"1210",2025-10-12 20:09:00,1.041,1.6885,1.041,3.415521,5.5399685,28.1639510991891,35.0523478076595,56.156862745098,30.1486401110568,0,55.3768483416757,95.5799957230643,4.375,4.6705,2.352
"1211",2025-10-12 20:10:00,1.04,1.685,1.04,3.41224,5.528485,28.338340889277,34.8779580175717,56.156862745098,30.1486401110568,0,55.3421473039467,95.6999957176947,4.333,4.63333333333333,2.35633333333333
"1212",2025-10-12 20:11:00,1.039,1.6815,1.039,3.408959,5.5170015,28.338340889277,35.0523478076595,56.4376470588235,30.146868311912,0,55.3421473039467,95.7199957167997,4.291,4.59616666666667,2.36066666666667
"1213",2025-10-12 20:12:00,1.038,1.678,1.038,3.405678,5.505518,28.338340889277,35.2267375977474,56.718431372549,30.1450965127671,0,55.3421473039467,95.7399957159048,4.249,4.559,2.365
"1214",2025-10-12 20:13:00,1.037,1.6745,1.037,3.402397,5.4940345,28.338340889277,35.4011273878353,56.9992156862745,30.1433247136222,0,55.3421473039467,95.7599957150099,4.21133333333333,4.52733333333333,2.3705
"1215",2025-10-12 20:14:00,1.036,1.671,1.036,3.399116,5.482551,28.338340889277,35.5755171779231,57.28,30.1415529144773,0,55.3421473039467,95.7799957141149,4.17366666666667,4.49566666666667,2.376
"1216",2025-10-12 20:15:00,1.035,1.6675,1.035,3.395835,5.4710675,28.338340889277,35.749906968011,57.5607843137255,30.1397811153325,0,55.3421473039467,95.79999571322,4.136,4.464,2.3815
"1217",2025-10-12 20:16:00,1.034,1.664,1.034,3.392554,5.459584,28.5999255744088,36.5346610234063,57.28,30.1385999159025,0,55.3594998888547,95.6599957194846,4.09833333333333,4.43233333333333,2.387
"1218",2025-10-12 20:17:00,1.033,1.6605,1.033,3.389273,5.4481005,28.8615102595406,37.3194150788017,56.9992156862745,30.1374187164726,0,55.3768524737628,95.5199957257492,4.06066666666667,4.40066666666667,2.3925
"1219",2025-10-12 20:18:00,1.032,1.657,1.032,3.385992,5.436617,29.1230949446724,38.1041691341971,56.718431372549,30.1362375170427,0,55.3942050586708,95.3799957320138,4.023,4.369,2.398
"1220",2025-10-12 20:19:00,1.031,1.6535,1.031,3.382711,5.4251335,29.3846796298041,38.8889231895924,56.4376470588235,30.1350563176128,0,55.4115576435788,95.2399957382784,3.9875,4.33566666666667,2.40083333333333
"1221",2025-10-12 20:20:00,1.03,1.65,1.03,3.37943,5.41365,29.6462643149359,39.6736772449878,56.156862745098,30.1338751181829,0,55.4289102284868,95.099995744543,3.952,4.30233333333333,2.40366666666667
"1222",2025-10-12 20:21:00,1.031,1.655,1.031,3.382711,5.430055,29.7334592099799,39.2377027697681,56.4376470588235,30.1350563176128,0,55.437584968961,94.9999957490177,3.9165,4.269,2.4065
"1223",2025-10-12 20:22:00,1.032,1.66,1.032,3.385992,5.44646,29.8206541050238,38.8017282945485,56.718431372549,30.1362375170427,0,55.4462597094352,94.8999957534924,3.881,4.23566666666667,2.40933333333333
"1224",2025-10-12 20:23:00,1.033,1.665,1.033,3.389273,5.462865,29.9078490000677,38.3657538193289,56.9992156862745,30.1374187164726,0,55.4549344499094,94.7999957579671,3.8455,4.20233333333333,2.41216666666667
"1225",2025-10-12 20:24:00,1.034,1.67,1.034,3.392554,5.47927,29.9950438951116,37.9297793441092,57.28,30.1385999159025,0,55.4636091903836,94.6999957624419,3.81,4.169,2.415
"1226",2025-10-12 20:25:00,1.035,1.675,1.035,3.395835,5.495675,30.0822387901556,37.4938048688896,57.5607843137255,30.1397811153325,0,55.4722839308578,94.5999957669166,3.78033333333333,4.1345,2.4155
"1227",2025-10-12 20:26:00,1.036,1.68,1.036,3.399116,5.51208,29.7334592099799,36.970635498626,57.5607843137255,30.1403717150474,0,55.4722839308578,94.6599957642318,3.75066666666667,4.1,2.416
"1228",2025-10-12 20:27:00,1.037,1.685,1.037,3.402397,5.528485,29.3846796298041,36.4474661283624,57.5607843137255,30.1409623147624,0,55.4722839308578,94.7199957615469,3.721,4.0655,2.4165
"1229",2025-10-12 20:28:00,1.038,1.69,1.038,3.405678,5.54489,29.0359000496284,35.9242967580988,57.5607843137255,30.1415529144773,0,55.4722839308578,94.7799957588621,3.69133333333333,4.031,2.417
"1230",2025-10-12 20:29:00,1.039,1.695,1.039,3.408959,5.561295,28.6871204694527,35.4011273878353,57.5607843137255,30.1421435141923,0,55.4722839308578,94.8399957561772,3.66166666666667,3.9965,2.4175
"1231",2025-10-12 20:30:00,1.04,1.7,1.04,3.41224,5.5777,28.338340889277,34.8779580175717,57.5607843137255,30.1427341139073,0,55.4722839308578,94.8999957534924,3.632,3.962,2.418
"1232",2025-10-12 20:31:00,1.041,1.705,1.041,3.415521,5.594105,28.4255357843209,35.1395427027035,57.5607843137255,30.1439153133372,0,55.4983020030655,94.9399957517025,3.59133333333333,3.927,2.41916666666667
"1233",2025-10-12 20:32:00,1.042,1.71,1.042,3.418802,5.61051,28.5127306793649,35.4011273878353,57.5607843137255,30.1450965127671,0,55.5243200752732,94.9799957499126,3.55066666666667,3.892,2.42033333333333
"1234",2025-10-12 20:33:00,1.043,1.715,1.043,3.422083,5.626915,28.5999255744088,35.662712072967,57.5607843137255,30.146277712197,0,55.5503381474809,95.0199957481228,3.51,3.857,2.4215
"1235",2025-10-12 20:34:00,1.044,1.72,1.044,3.425364,5.64332,28.6871204694527,35.9242967580988,57.5607843137255,30.1474589116269,0,55.5763562196886,95.0599957463329,3.46933333333333,3.822,2.42266666666667
"1236",2025-10-12 20:35:00,1.045,1.725,1.045,3.428645,5.659725,28.7743153644966,36.1858814432306,57.5607843137255,30.1486401110568,0,55.6023742918963,95.099995744543,3.42866666666667,3.787,2.42383333333333
"1237",2025-10-12 20:36:00,1.046,1.73,1.046,3.431926,5.67613,28.2511459942331,35.749906968011,57.28,30.1480495113419,0,55.5850299320354,95.099995744543,3.388,3.752,2.425
"1238",2025-10-12 20:37:00,1.047,1.735,1.047,3.435207,5.692535,27.7279766239695,35.3139324927913,56.9992156862745,30.1474589116269,0,55.5676855721745,95.099995744543,3.35633333333333,3.7175,2.43033333333333
"1239",2025-10-12 20:38:00,1.048,1.74,1.048,3.438488,5.70894,27.2048072537059,34.8779580175717,56.718431372549,30.146868311912,0,55.5503412123136,95.099995744543,3.32466666666667,3.683,2.43566666666667
"1240",2025-10-12 20:39:00,1.049,1.745,1.049,3.441769,5.725345,26.6816378834423,34.441983542352,56.4376470588235,30.146277712197,0,55.5329968524527,95.099995744543,3.293,3.6485,2.441
"1241",2025-10-12 20:40:00,1.05,1.75,1.05,3.44505,5.74175,26.1584685131788,34.0060090671324,56.156862745098,30.145687112482,0,55.5156524925918,95.099995744543,3.26133333333333,3.614,2.44633333333333
"1242",2025-10-12 20:41:00,1.051,1.75,1.051,3.448331,5.74175,26.1584685131788,34.3547886473081,56.4376470588235,30.146868311912,0,55.4983040397708,95.1599957418582,3.22966666666667,3.5795,2.45166666666667
"1243",2025-10-12 20:42:00,1.052,1.75,1.052,3.451612,5.74175,26.1584685131788,34.7035682274838,56.718431372549,30.1480495113419,0,55.4809555869498,95.2199957391733,3.198,3.545,2.457
"1244",2025-10-12 20:43:00,1.053,1.75,1.053,3.454893,5.74175,26.1584685131788,35.0523478076595,56.9992156862745,30.1492307107718,0,55.4636071341288,95.2799957364885,3.16783333333333,3.51066666666667,2.45916666666667
"1245",2025-10-12 20:44:00,1.054,1.75,1.054,3.458174,5.74175,26.1584685131788,35.4011273878353,57.28,30.1504119102017,0,55.4462586813078,95.3399957338037,3.13766666666667,3.47633333333333,2.46133333333333
"1246",2025-10-12 20:45:00,1.055,1.75,1.055,3.461455,5.74175,26.1584685131788,35.749906968011,57.5607843137255,30.1515931096316,0,55.4289102284868,95.3999957311188,3.1075,3.442,2.4635
"1247",2025-10-12 20:46:00,1.056,1.75,1.056,3.464736,5.74175,25.896883828047,35.4011273878353,57.5607843137255,30.1510025099167,0,55.4202344549919,95.3999957311188,3.07733333333333,3.40766666666667,2.46566666666667
"1248",2025-10-12 20:47:00,1.057,1.75,1.057,3.468017,5.74175,25.6352991429152,35.0523478076595,57.5607843137255,30.1504119102017,0,55.411558681497,95.3999957311188,3.04716666666667,3.37333333333333,2.46783333333333
"1249",2025-10-12 20:48:00,1.058,1.75,1.058,3.471298,5.74175,25.3737144577834,34.7035682274838,57.5607843137255,30.1498213104868,0,55.4028829080022,95.3999957311188,3.017,3.339,2.47
"1250",2025-10-12 20:49:00,1.059,1.75,1.059,3.474579,5.74175,25.1121297726516,34.3547886473081,57.5607843137255,30.1492307107718,0,55.3942071345073,95.3999957311188,2.982,3.30566666666667,2.475
"1251",2025-10-12 20:50:00,1.06,1.75,1.06,3.47786,5.74175,24.8505450875198,34.0060090671324,57.5607843137255,30.1486401110568,0,55.3855313610124,95.3999957311188,2.947,3.27233333333333,2.48
"1252",2025-10-12 20:51:00,1.061,1.75,1.061,3.481141,5.74175,25.1993246676955,34.0060090671324,57.28,30.1486401110568,0,55.3768545495993,95.3999957311188,2.912,3.239,2.485
"1253",2025-10-12 20:52:00,1.062,1.75,1.062,3.484422,5.74175,25.5481042478713,34.0060090671324,56.9992156862745,30.1486401110568,0,55.3681777381861,95.3999957311188,2.877,3.20566666666667,2.49
"1254",2025-10-12 20:53:00,1.063,1.75,1.063,3.487703,5.74175,25.896883828047,34.0060090671324,56.718431372549,30.1486401110568,0,55.359500926773,95.3999957311188,2.842,3.17233333333333,2.495
"1255",2025-10-12 20:54:00,1.064,1.75,1.064,3.490984,5.74175,26.2456634082227,34.0060090671324,56.4376470588235,30.1486401110568,0,55.3508241153599,95.3999957311188,2.807,3.139,2.5
"1256",2025-10-12 20:55:00,1.065,1.75,1.065,3.494265,5.74175,26.5944429883984,34.0060090671324,56.156862745098,30.1486401110568,0,55.3421473039467,95.3999957311188,2.7835,3.10783333333333,2.50766666666667
"1257",2025-10-12 20:56:00,1.066,1.75,1.066,3.497546,5.74175,26.9432225685741,34.6163733324399,56.156862745098,30.1492307107718,0,55.3074295809895,95.459995728434,2.76,3.07666666666667,2.51533333333333
"1258",2025-10-12 20:57:00,1.067,1.75,1.067,3.500827,5.74175,27.2920021487498,35.2267375977474,56.156862745098,30.1498213104868,0,55.2727118580323,95.5199957257492,2.7365,3.0455,2.523
"1259",2025-10-12 20:58:00,1.068,1.75,1.068,3.504108,5.74175,27.6407817289256,35.8371018630549,56.156862745098,30.1504119102017,0,55.2379941350751,95.5799957230643,2.713,3.01433333333333,2.53066666666667
"1260",2025-10-12 20:59:00,1.069,1.75,1.069,3.507389,5.74175,27.9895613091013,36.4474661283624,56.156862745098,30.1510025099167,0,55.2032764121179,95.6399957203795,2.6895,2.98316666666667,2.53833333333333
"1261",2025-10-12 21:00:00,1.07,1.75,1.07,3.51067,5.74175,28.338340889277,37.0578303936699,56.156862745098,30.1515931096316,0,55.1685586891607,95.6999957176947,2.666,2.952,2.546
"1262",2025-10-12 21:01:00,1.0715,1.75,1.0715,3.5155915,5.74175,27.7279766239695,36.6218559184503,56.4376470588235,30.1498213104868,0,55.1772397013196,95.6799957185896,2.63183333333333,2.91866666666667,2.55416666666667
"1263",2025-10-12 21:02:00,1.073,1.75,1.073,3.520513,5.74175,27.117612358662,36.1858814432306,56.718431372549,30.1480495113419,0,55.1859207134785,95.6599957194846,2.59766666666667,2.88533333333333,2.56233333333333
"1264",2025-10-12 21:03:00,1.0745,1.75,1.0745,3.5254345,5.74175,26.5072480933545,35.749906968011,56.9992156862745,30.146277712197,0,55.1946017256374,95.6399957203795,2.5635,2.852,2.5705
"1265",2025-10-12 21:04:00,1.076,1.75,1.076,3.530356,5.74175,25.896883828047,35.3139324927913,57.28,30.1445059130521,0,55.2032827377963,95.6199957212744,2.52933333333333,2.81866666666667,2.57866666666667
"1266",2025-10-12 21:05:00,1.0775,1.75,1.0775,3.5352775,5.74175,25.2865195627395,34.8779580175717,57.5607843137255,30.1427341139073,0,55.2119637499552,95.5999957221694,2.49516666666667,2.78533333333333,2.58683333333333
"1267",2025-10-12 21:06:00,1.079,1.75,1.079,3.540199,5.74175,25.1121297726516,34.441983542352,57.5607843137255,30.1433247136222,0,55.2119637499552,95.6399957203795,2.461,2.752,2.595
"1268",2025-10-12 21:07:00,1.0805,1.75,1.0805,3.5451205,5.74175,24.9377399825638,34.0060090671324,57.5607843137255,30.1439153133372,0,55.2119637499552,95.6799957185896,2.43333333333333,2.72183333333333,2.59783333333333
"1269",2025-10-12 21:08:00,1.082,1.75,1.082,3.550042,5.74175,24.7633501924759,33.5700345919127,57.5607843137255,30.1445059130521,0,55.2119637499552,95.7199957167997,2.40566666666667,2.69166666666667,2.60066666666667
"1270",2025-10-12 21:09:00,1.0835,1.75,1.0835,3.5549635,5.74175,24.588960402388,33.1340601166931,57.5607843137255,30.1450965127671,0,55.2119637499552,95.7599957150099,2.378,2.6615,2.6035
"1271",2025-10-12 21:10:00,1.085,1.75,1.085,3.559885,5.74175,24.4145706123002,32.6980856414735,57.5607843137255,30.145687112482,0,55.2119637499552,95.79999571322,2.35033333333333,2.63133333333333,2.60633333333333
"1272",2025-10-12 21:11:00,1.0865,1.75,1.0865,3.5648065,5.74175,24.5017655073441,32.8724754315613,57.5607843137255,30.146868311912,0,55.2293226065195,95.6999957176947,2.32266666666667,2.60116666666667,2.60916666666667
"1273",2025-10-12 21:12:00,1.088,1.75,1.088,3.569728,5.74175,24.588960402388,33.0468652216492,57.5607843137255,30.1480495113419,0,55.2466814630838,95.5999957221694,2.295,2.571,2.612
"1274",2025-10-12 21:13:00,1.0895,1.75,1.0895,3.5746495,5.74175,24.676155297432,33.221255011737,57.5607843137255,30.1492307107718,0,55.264040319648,95.4999957266441,2.27466666666667,2.54366666666667,2.61683333333333
"1275",2025-10-12 21:14:00,1.091,1.75,1.091,3.579571,5.74175,24.7633501924759,33.3956448018249,57.5607843137255,30.1504119102017,0,55.2813991762123,95.3999957311188,2.25433333333333,2.51633333333333,2.62166666666667
"1276",2025-10-12 21:15:00,1.0925,1.75,1.0925,3.5844925,5.74175,24.8505450875198,33.5700345919127,57.5607843137255,30.1515931096316,0,55.2987580327766,95.2999957355936,2.234,2.489,2.6265
"1277",2025-10-12 21:16:00,1.094,1.75,1.094,3.589414,5.74175,24.8505450875198,33.308449906781,57.28,30.1510025099167,0,55.2813991762123,95.3599957329087,2.21366666666667,2.46166666666667,2.63133333333333
"1278",2025-10-12 21:17:00,1.0955,1.75,1.0955,3.5943355,5.74175,24.8505450875198,33.0468652216492,56.9992156862745,30.1504119102017,0,55.264040319648,95.4199957302239,2.19333333333333,2.43433333333333,2.63616666666667
"1279",2025-10-12 21:18:00,1.097,1.75,1.097,3.599257,5.74175,24.8505450875198,32.7852805365174,56.718431372549,30.1498213104868,0,55.2466814630838,95.4799957275391,2.173,2.407,2.641
"1280",2025-10-12 21:19:00,1.0985,1.75,1.0985,3.6041785,5.74175,24.8505450875198,32.5236958513856,56.4376470588235,30.1492307107718,0,55.2293226065195,95.5399957248542,2.14166666666667,2.38083333333333,2.64433333333333
"1281",2025-10-12 21:20:00,1.1,1.75,1.1,3.6091,5.74175,24.8505450875198,32.2621111662538,56.156862745098,30.1486401110568,0,55.2119637499552,95.5999957221694,2.11033333333333,2.35466666666667,2.64766666666667
"1282",2025-10-12 21:21:00,1.0945,1.74,1.0945,3.5910545,5.70894,24.676155297432,34.0060090671324,55.8760784313725,30.1498213104868,0,55.2119637499552,95.5999957221694,2.079,2.3285,2.651
"1283",2025-10-12 21:22:00,1.089,1.73,1.089,3.573009,5.67613,24.5017655073441,35.749906968011,55.5952941176471,30.1510025099167,0,55.2119637499552,95.5999957221694,2.04766666666667,2.30233333333333,2.65433333333333
"1284",2025-10-12 21:23:00,1.0835,1.72,1.0835,3.5549635,5.64332,24.3273757172562,37.4938048688896,55.3145098039216,30.1521837093466,0,55.2119637499552,95.5999957221694,2.01633333333333,2.27616666666667,2.65766666666667
"1285",2025-10-12 21:24:00,1.078,1.71,1.078,3.536918,5.61051,24.1529859271684,39.2377027697681,55.0337254901961,30.1533649087765,0,55.2119637499552,95.5999957221694,1.985,2.25,2.661
"1286",2025-10-12 21:25:00,1.0725,1.7,1.0725,3.5188725,5.5777,23.9785961370805,40.9816006706467,54.7529411764706,30.1545461082064,0,55.2119637499552,95.5999957221694,1.97083333333333,2.22483333333333,2.65883333333333
"1287",2025-10-12 21:26:00,1.067,1.69,1.067,3.500827,5.54489,23.5426216618609,38.9761180846364,54.7529411764706,30.1533649087765,0,55.1772333067408,95.5599957239593,1.95666666666667,2.19966666666667,2.65666666666667
"1288",2025-10-12 21:27:00,1.0615,1.68,1.0615,3.4827815,5.51208,23.1066471866412,36.970635498626,54.7529411764706,30.1521837093466,0,55.1425028635264,95.5199957257492,1.9425,2.1745,2.6545
"1289",2025-10-12 21:28:00,1.056,1.67,1.056,3.464736,5.47927,22.6706727114216,34.9651529126156,54.7529411764706,30.1510025099167,0,55.1077724203119,95.4799957275391,1.92833333333333,2.14933333333333,2.65233333333333
"1290",2025-10-12 21:29:00,1.0505,1.66,1.0505,3.4466905,5.44646,22.2346982362019,32.9596703266052,54.7529411764706,30.1498213104868,0,55.0730419770975,95.4399957293289,1.91416666666667,2.12416666666667,2.65016666666667
"1291",2025-10-12 21:30:00,1.045,1.65,1.045,3.428645,5.41365,21.7987237609823,30.9541877405949,54.7529411764706,30.1486401110568,0,55.038311533883,95.3999957311188,1.9,2.099,2.648
"1292",2025-10-12 21:31:00,1.0395,1.64,1.0395,3.4105995,5.38084,21.4499441808066,30.9541877405949,54.7529411764706,30.1492307107718,0,55.0556788903015,95.3599957329087,1.87516666666667,2.0765,2.65183333333333
"1293",2025-10-12 21:32:00,1.034,1.63,1.034,3.392554,5.34803,21.1011646006309,30.9541877405949,54.7529411764706,30.1498213104868,0,55.07304624672,95.3199957346986,1.85033333333333,2.054,2.65566666666667
"1294",2025-10-12 21:33:00,1.0285,1.62,1.0285,3.3745085,5.31522,20.7523850204552,30.9541877405949,54.7529411764706,30.1504119102017,0,55.0904136031385,95.2799957364885,1.8255,2.0315,2.6595
"1295",2025-10-12 21:34:00,1.023,1.61,1.023,3.356463,5.28241,20.4036054402794,30.9541877405949,54.7529411764706,30.1510025099167,0,55.107780959557,95.2399957382784,1.80066666666667,2.009,2.66333333333333
"1296",2025-10-12 21:35:00,1.0175,1.6,1.0175,3.3384175,5.2496,20.0548258601037,30.9541877405949,54.7529411764706,30.1515931096316,0,55.1251483159755,95.1999957400683,1.77583333333333,1.9865,2.66716666666667
"1297",2025-10-12 21:36:00,1.012,1.59,1.012,3.320372,5.21679,20.5779952303673,31.8261366910342,55.3145098039216,30.1510025099167,0,55.1251483159755,95.1799957409632,1.751,1.964,2.671
"1298",2025-10-12 21:37:00,1.0065,1.58,1.0065,3.3023265,5.18398,21.1011646006309,32.6980856414734,55.8760784313726,30.1504119102017,0,55.1251483159755,95.1599957418582,1.73516666666667,1.94316666666667,2.67416666666667
"1299",2025-10-12 21:38:00,1.001,1.57,1.001,3.284281,5.15117,21.6243339708944,33.5700345919127,56.4376470588235,30.1498213104868,0,55.1251483159755,95.1399957427531,1.71933333333333,1.92233333333333,2.67733333333333
"1300",2025-10-12 21:39:00,0.9955,1.56,0.9955,3.2662355,5.11836,22.147503341158,34.441983542352,56.9992156862745,30.1492307107718,0,55.1251483159755,95.119995743648,1.7035,1.9015,2.6805
"1301",2025-10-12 21:40:00,0.99,1.55,0.99,3.24819,5.08555,22.6706727114216,35.3139324927913,57.5607843137255,30.1486401110568,0,55.1251483159755,95.099995744543,1.68766666666667,1.88066666666667,2.68366666666667
"1302",2025-10-12 21:41:00,0.9915,1.554,0.9915,3.2531115,5.098674,22.6706727114216,34.6163733324399,57.841568627451,30.1474589116269,0,55.1598702593357,95.1399957427531,1.67183333333333,1.85983333333333,2.68683333333333
"1303",2025-10-12 21:42:00,0.993,1.558,0.993,3.258033,5.111798,22.6706727114216,33.9188141720885,58.1223529411765,30.146277712197,0,55.1945922026959,95.1799957409632,1.656,1.839,2.69
"1304",2025-10-12 21:43:00,0.9945,1.562,0.9945,3.2629545,5.124922,22.6706727114216,33.221255011737,58.403137254902,30.1450965127671,0,55.2293141460561,95.2199957391733,1.64166666666667,1.821,2.6955
"1305",2025-10-12 21:44:00,0.996,1.566,0.996,3.267876,5.138046,22.6706727114216,32.5236958513856,58.6839215686274,30.1439153133372,0,55.2640360894163,95.2599957373834,1.62733333333333,1.803,2.701
"1306",2025-10-12 21:45:00,0.9975,1.57,0.9975,3.2727975,5.15117,22.6706727114216,31.8261366910342,58.9647058823529,30.1427341139073,0,55.2987580327766,95.2999957355936,1.613,1.785,2.7065
"1307",2025-10-12 21:46:00,0.999,1.574,0.999,3.277719,5.164294,23.1066471866412,32.1749162712099,58.6839215686274,30.1439153133372,0,55.2727181640534,95.2999957355936,1.59866666666667,1.767,2.712
"1308",2025-10-12 21:47:00,1.0005,1.578,1.0005,3.2826405,5.177418,23.5426216618609,32.5236958513856,58.403137254902,30.1450965127671,0,55.2466782953302,95.2999957355936,1.58433333333333,1.749,2.7175
"1309",2025-10-12 21:48:00,1.002,1.582,1.002,3.287562,5.190542,23.9785961370805,32.8724754315613,58.1223529411765,30.146277712197,0,55.220638426607,95.2999957355936,1.57,1.731,2.723
"1310",2025-10-12 21:49:00,1.0035,1.586,1.0035,3.2924835,5.203666,24.4145706123002,33.221255011737,57.841568627451,30.1474589116269,0,55.1945985578839,95.2999957355936,1.55433333333333,1.71783333333333,2.72583333333333
"1311",2025-10-12 21:50:00,1.005,1.59,1.005,3.297405,5.21679,24.8505450875198,33.5700345919127,57.5607843137255,30.1486401110568,0,55.1685586891607,95.2999957355936,1.53866666666667,1.70466666666667,2.72866666666667
"1312",2025-10-12 21:51:00,1.0065,1.594,1.0065,3.3023265,5.229914,24.9377399825638,34.0932039621763,57.28,30.1486401110568,0,55.1598766145237,95.1999957400683,1.523,1.6915,2.7315
"1313",2025-10-12 21:52:00,1.008,1.598,1.008,3.307248,5.243038,25.0249348776077,34.6163733324399,56.9992156862745,30.1486401110568,0,55.1511945398866,95.099995744543,1.50733333333333,1.67833333333333,2.73433333333333
"1314",2025-10-12 21:53:00,1.0095,1.602,1.0095,3.3121695,5.256162,25.1121297726516,35.1395427027035,56.718431372549,30.1486401110568,0,55.1425124652496,94.9999957490177,1.49166666666667,1.66516666666667,2.73716666666667
"1315",2025-10-12 21:54:00,1.011,1.606,1.011,3.317091,5.269286,25.1993246676955,35.662712072967,56.4376470588235,30.1486401110568,0,55.1338303906125,94.8999957534924,1.476,1.652,2.74
"1316",2025-10-12 21:55:00,1.0125,1.61,1.0125,3.3220125,5.28241,25.2865195627395,36.1858814432306,56.156862745098,30.1486401110568,0,55.1251483159755,94.7999957579671,1.46033333333333,1.64,2.74433333333333
"1317",2025-10-12 21:56:00,1.014,1.614,1.014,3.326934,5.295534,24.2401808222123,34.7907631225277,56.156862745098,30.1498213104868,0,55.1251483159755,94.8999957534924,1.44466666666667,1.628,2.74866666666667
"1318",2025-10-12 21:57:00,1.0155,1.618,1.0155,3.3318555,5.308658,23.1938420816852,33.3956448018249,56.156862745098,30.1510025099167,0,55.1251483159755,94.9999957490177,1.429,1.616,2.753
"1319",2025-10-12 21:58:00,1.017,1.622,1.017,3.336777,5.321782,22.147503341158,32.000526481122,56.156862745098,30.1521837093466,0,55.1251483159755,95.099995744543,1.41333333333333,1.604,2.75733333333333
"1320",2025-10-12 21:59:00,1.0185,1.626,1.0185,3.3416985,5.334906,21.1011646006309,30.6054081604192,56.156862745098,30.1533649087765,0,55.1251483159755,95.1999957400683,1.39766666666667,1.592,2.76166666666667
"1321",2025-10-12 22:00:00,1.02,1.63,1.02,3.34662,5.34803,20.0548258601037,29.2102898397163,56.156862745098,30.1545461082064,0,55.1251483159755,95.2999957355936,1.382,1.58,2.766
"1322",2025-10-12 22:01:00,1.0225,1.6335,1.0225,3.3548225,5.3595135,20.7523850204552,29.7334592099799,56.4376470588235,30.1545461082064,0,55.116465173934,95.2999957355936,1.381,1.56966666666667,2.76983333333333
"1323",2025-10-12 22:02:00,1.025,1.637,1.025,3.363025,5.370997,21.4499441808066,30.2566285802434,56.718431372549,30.1545461082064,0,55.1077820318926,95.2999957355936,1.38,1.55933333333333,2.77366666666667
"1324",2025-10-12 22:03:00,1.0275,1.6405,1.0275,3.3712275,5.3824805,22.147503341158,30.779797950507,56.9992156862745,30.1545461082064,0,55.0990988898512,95.2999957355936,1.379,1.549,2.7775
"1325",2025-10-12 22:04:00,1.03,1.644,1.03,3.37943,5.393964,22.8450625015095,31.3029673207706,57.28,30.1545461082064,0,55.0904157478098,95.2999957355936,1.378,1.53866666666667,2.78133333333333
"1326",2025-10-12 22:05:00,1.0325,1.6475,1.0325,3.3876325,5.4054475,23.5426216618609,31.8261366910342,57.5607843137255,30.1545461082064,0,55.0817326057684,95.2999957355936,1.377,1.52833333333333,2.78516666666667
"1327",2025-10-12 22:06:00,1.035,1.651,1.035,3.395835,5.416931,23.1066471866412,31.6517469009463,57.28,30.1545461082064,0,55.0556767258826,95.3399957338037,1.376,1.518,2.789
"1328",2025-10-12 22:07:00,1.0375,1.6545,1.0375,3.4040375,5.4284145,22.6706727114216,31.4773571108584,56.9992156862745,30.1545461082064,0,55.0296208459968,95.3799957320138,1.36833333333333,1.51083333333333,2.79716666666667
"1329",2025-10-12 22:08:00,1.04,1.658,1.04,3.41224,5.439898,22.2346982362019,31.3029673207706,56.718431372549,30.1545461082064,0,55.003564966111,95.4199957302239,1.36066666666667,1.50366666666667,2.80533333333333
"1330",2025-10-12 22:09:00,1.0425,1.6615,1.0425,3.4204425,5.4513815,21.7987237609823,31.1285775306827,56.4376470588235,30.1545461082064,0,54.9775090862251,95.459995728434,1.353,1.4965,2.8135
"1331",2025-10-12 22:10:00,1.045,1.665,1.045,3.428645,5.462865,21.3627492857627,30.9541877405949,56.156862745098,30.1545461082064,0,54.9514532063393,95.4999957266441,1.34533333333333,1.48933333333333,2.82166666666667
"1332",2025-10-12 22:11:00,1.0475,1.6685,1.0475,3.4368475,5.4743485,21.4499441808066,31.2157724257267,56.156862745098,30.1533649087765,0,54.9253875420048,95.4999957266441,1.33766666666667,1.48216666666667,2.82983333333333
"1333",2025-10-12 22:12:00,1.05,1.672,1.05,3.44505,5.485832,21.5371390758505,31.4773571108584,56.156862745098,30.1521837093466,0,54.8993218776704,95.4999957266441,1.33,1.475,2.838
"1334",2025-10-12 22:13:00,1.0525,1.6755,1.0525,3.4532525,5.4973155,21.6243339708944,31.7389417959902,56.156862745098,30.1510025099167,0,54.8732562133359,95.4999957266441,1.325,1.47016666666667,2.84833333333333
"1335",2025-10-12 22:14:00,1.055,1.679,1.055,3.461455,5.508799,21.7115288659384,32.000526481122,56.156862745098,30.1498213104868,0,54.8471905490014,95.4999957266441,1.32,1.46533333333333,2.85866666666667
"1336",2025-10-12 22:15:00,1.0575,1.6825,1.0575,3.4696575,5.5202825,21.7987237609823,32.2621111662538,56.156862745098,30.1486401110568,0,54.8211248846669,95.4999957266441,1.315,1.4605,2.869
"1337",2025-10-12 22:16:00,1.06,1.686,1.06,3.47786,5.531766,22.0603084461141,33.308449906781,56.156862745098,30.1492307107718,0,54.8037422732501,95.5599957239593,1.31,1.45566666666667,2.87933333333333
"1338",2025-10-12 22:17:00,1.0625,1.6895,1.0625,3.4860625,5.5432495,22.3218931312459,34.3547886473081,56.156862745098,30.1498213104868,0,54.7863596618334,95.6199957212744,1.305,1.45083333333333,2.88966666666667
"1339",2025-10-12 22:18:00,1.065,1.693,1.065,3.494265,5.554733,22.5834778163777,35.4011273878353,56.156862745098,30.1504119102017,0,54.7689770504166,95.6799957185896,1.3,1.446,2.9
"1340",2025-10-12 22:19:00,1.0675,1.6965,1.0675,3.5024675,5.5662165,22.8450625015095,36.4474661283624,56.156862745098,30.1510025099167,0,54.7515944389999,95.7399957159048,1.30416666666667,1.44433333333333,2.90716666666667
"1341",2025-10-12 22:20:00,1.07,1.7,1.07,3.51067,5.5777,23.1066471866412,37.4938048688896,56.156862745098,30.1515931096316,0,54.7342118275832,95.79999571322,1.30833333333333,1.44266666666667,2.91433333333333
"1342",2025-10-12 22:21:00,1.075,1.708,1.075,3.527075,5.603948,23.0194522915973,36.5346610234063,56.4376470588235,30.1504119102017,0,54.7342118275832,95.79999571322,1.3125,1.441,2.9215
"1343",2025-10-12 22:22:00,1.08,1.716,1.08,3.54348,5.630196,22.9322573965534,35.5755171779231,56.718431372549,30.1492307107718,0,54.7342118275832,95.79999571322,1.31666666666667,1.43933333333333,2.92866666666667
"1344",2025-10-12 22:23:00,1.085,1.724,1.085,3.559885,5.656444,22.8450625015095,34.6163733324399,56.9992156862745,30.1480495113419,0,54.7342118275832,95.79999571322,1.32083333333333,1.43766666666667,2.93583333333333
"1345",2025-10-12 22:24:00,1.09,1.732,1.09,3.57629,5.682692,22.7578676064655,33.6572294869567,57.28,30.146868311912,0,54.7342118275832,95.79999571322,1.325,1.436,2.943
"1346",2025-10-12 22:25:00,1.095,1.74,1.095,3.592695,5.70894,22.6706727114216,32.6980856414735,57.5607843137255,30.145687112482,0,54.7342118275832,95.79999571322,1.31416666666667,1.44083333333333,2.95833333333333
"1347",2025-10-12 22:26:00,1.1,1.748,1.1,3.6091,5.735188,22.5834778163777,32.8724754315613,56.9992156862745,30.145687112482,0,54.7342118275832,95.8999957087452,1.30333333333333,1.44566666666667,2.97366666666667
"1348",2025-10-12 22:27:00,1.105,1.756,1.105,3.625505,5.761436,22.4962829213337,33.0468652216492,56.4376470588235,30.145687112482,0,54.7342118275832,95.9999957042705,1.2925,1.4505,2.989
"1349",2025-10-12 22:28:00,1.11,1.764,1.11,3.64191,5.787684,22.4090880262898,33.221255011737,55.8760784313726,30.145687112482,0,54.7342118275832,96.0999956997958,1.28166666666667,1.45533333333333,3.00433333333333
"1350",2025-10-12 22:29:00,1.115,1.772,1.115,3.658315,5.813932,22.3218931312459,33.3956448018249,55.3145098039216,30.145687112482,0,54.7342118275832,96.1999956953211,1.27083333333333,1.46016666666667,3.01966666666667
"1351",2025-10-12 22:30:00,1.12,1.78,1.12,3.67472,5.84018,22.234698236202,33.5700345919127,54.7529411764706,30.145687112482,0,54.7342118275832,96.2999956908464,1.26,1.465,3.035
"1352",2025-10-12 22:31:00,1.125,1.788,1.125,3.691125,5.866428,21.3627492857627,32.9596703266052,53.3490196078431,30.1445059130521,0,54.6994332214006,96.2799956917413,1.26466666666667,1.46883333333333,3.04316666666667
"1353",2025-10-12 22:32:00,1.13,1.796,1.13,3.70753,5.892676,20.4908003353234,32.3493060612977,51.9450980392157,30.1433247136222,0,54.664654615218,96.2599956926363,1.26933333333333,1.47266666666667,3.05133333333333
"1354",2025-10-12 22:33:00,1.135,1.804,1.135,3.723935,5.918924,19.6188513848841,31.7389417959902,50.5411764705882,30.1421435141923,0,54.6298760090355,96.2399956935312,1.274,1.4765,3.0595
"1355",2025-10-12 22:34:00,1.14,1.812,1.14,3.74034,5.945172,18.7469024344448,31.1285775306827,49.1372549019608,30.1409623147624,0,54.5950974028529,96.2199956944261,1.27866666666667,1.48033333333333,3.06766666666667
"1356",2025-10-12 22:35:00,1.145,1.82,1.145,3.756745,5.97142,17.8749534840055,30.5182132653752,47.7333333333333,30.1397811153325,0,54.5603187966703,96.1999956953211,1.28333333333333,1.48416666666667,3.07583333333333
"1357",2025-10-12 22:36:00,1.15,1.828,1.15,3.77315,5.997668,18.2237330641812,30.3438234752874,48.8564705882353,30.1421435141923,0,54.5864044316907,96.2199956944261,1.288,1.488,3.084
"1358",2025-10-12 22:37:00,1.155,1.836,1.155,3.789555,6.023916,18.5725126443569,30.1694336851995,49.9796078431373,30.1445059130521,0,54.612490066711,96.2399956935312,1.28833333333333,1.48916666666667,3.09433333333333
"1359",2025-10-12 22:38:00,1.16,1.844,1.16,3.80596,6.050164,18.9212922245326,29.9950438951116,51.1027450980392,30.146868311912,0,54.6385757017313,96.2599956926363,1.28866666666667,1.49033333333333,3.10466666666667
"1360",2025-10-12 22:39:00,1.165,1.852,1.165,3.822365,6.076412,19.2700718047084,29.8206541050238,52.2258823529412,30.1492307107718,0,54.6646613367517,96.2799956917413,1.289,1.4915,3.115
"1361",2025-10-12 22:40:00,1.17,1.86,1.17,3.83877,6.10266,19.6188513848841,29.6462643149359,53.3490196078431,30.1515931096316,0,54.690746971772,96.2999956908464,1.28933333333333,1.49266666666667,3.12533333333333
"1362",2025-10-12 22:41:00,1.175,1.8685,1.175,3.855175,6.1305485,19.5316564898401,29.8206541050238,51.9450980392157,30.1498213104868,0,54.6559638679497,96.2399956935312,1.28966666666667,1.49383333333333,3.13566666666667
"1363",2025-10-12 22:42:00,1.18,1.877,1.18,3.87158,6.158437,19.4444615947962,29.9950438951116,50.5411764705882,30.1480495113419,0,54.6211807641274,96.179995696216,1.29,1.495,3.146
"1364",2025-10-12 22:43:00,1.185,1.8855,1.185,3.887985,6.1863255,19.3572666997523,30.1694336851995,49.1372549019608,30.146277712197,0,54.5863976603051,96.1199956989009,1.29666666666667,1.5065,3.15966666666667
"1365",2025-10-12 22:44:00,1.19,1.894,1.19,3.90439,6.214214,19.2700718047084,30.3438234752874,47.7333333333333,30.1445059130521,0,54.5516145564828,96.0599957015857,1.30333333333333,1.518,3.17333333333333
"1366",2025-10-12 22:45:00,1.195,1.9025,1.195,3.920795,6.2421025,19.1828769096644,30.5182132653752,46.3294117647059,30.1427341139073,0,54.5168314526605,95.9999957042705,1.31,1.5295,3.187
"1367",2025-10-12 22:46:00,1.2,1.911,1.2,3.9372,6.269991,19.706046279928,31.2157724257267,47.7333333333333,30.1421435141923,0,54.4733269552805,95.9399957069554,1.31666666666667,1.541,3.20066666666667
"1368",2025-10-12 22:47:00,1.205,1.9195,1.205,3.953605,6.2978795,20.2292156501916,31.9133315860781,49.1372549019608,30.1415529144773,0,54.4298224579004,95.8799957096402,1.32333333333333,1.5525,3.21433333333333
"1369",2025-10-12 22:48:00,1.21,1.928,1.21,3.97001,6.325768,20.7523850204552,32.6108907464295,50.5411764705882,30.1409623147624,0,54.3863179605203,95.819995712325,1.33,1.564,3.228
"1370",2025-10-12 22:49:00,1.215,1.9365,1.215,3.986415,6.3536565,21.2755543907187,33.308449906781,51.9450980392157,30.1403717150474,0,54.3428134631403,95.7599957150099,1.3485,1.576,3.24616666666667
"1371",2025-10-12 22:50:00,1.22,1.945,1.22,4.00282,6.381545,21.7987237609823,34.0060090671324,53.3490196078431,30.1397811153325,0,54.2993089657602,95.6999957176947,1.367,1.588,3.26433333333333
"1372",2025-10-12 22:51:00,1.225,1.9535,1.225,4.019225,6.4094335,21.7987237609823,33.5700345919128,54.1913725490196,30.1409623147624,0,54.3341148574527,95.7599957150099,1.3855,1.6,3.2825
"1373",2025-10-12 22:52:00,1.23,1.962,1.23,4.03563,6.437322,21.7987237609823,33.1340601166931,55.0337254901961,30.1421435141923,0,54.3689207491451,95.819995712325,1.404,1.612,3.30066666666667
"1374",2025-10-12 22:53:00,1.235,1.9705,1.235,4.052035,6.4652105,21.7987237609823,32.6980856414735,55.8760784313725,30.1433247136222,0,54.4037266408376,95.8799957096402,1.4225,1.624,3.31883333333333
"1375",2025-10-12 22:54:00,1.24,1.979,1.24,4.06844,6.493099,21.7987237609823,32.2621111662538,56.718431372549,30.1445059130521,0,54.43853253253,95.9399957069554,1.441,1.636,3.337
"1376",2025-10-12 22:55:00,1.245,1.9875,1.245,4.084845,6.5209875,21.7987237609823,31.8261366910342,57.5607843137255,30.145687112482,0,54.4733384242225,95.9999957042705,1.4515,1.65183333333333,3.35383333333333
"1377",2025-10-12 22:56:00,1.25,1.996,1.25,4.10125,6.548876,21.3627492857627,31.3029673207706,56.718431372549,30.145687112482,0,54.4820370299101,95.9599957060604,1.462,1.66766666666667,3.37066666666667
"1378",2025-10-12 22:57:00,1.255,2.0045,1.255,4.117655,6.5767645,20.926774810543,30.779797950507,55.8760784313725,30.145687112482,0,54.4907356355977,95.9199957078503,1.4725,1.6835,3.3875
"1379",2025-10-12 22:58:00,1.26,2.013,1.26,4.13406,6.604653,20.4908003353234,30.2566285802434,55.0337254901961,30.145687112482,0,54.4994342412853,95.8799957096402,1.483,1.69933333333333,3.40433333333333
"1380",2025-10-12 22:59:00,1.265,2.0215,1.265,4.150465,6.6325415,20.0548258601037,29.7334592099799,54.1913725490196,30.145687112482,0,54.5081328469729,95.8399957114301,1.4935,1.71516666666667,3.42116666666667
"1381",2025-10-12 23:00:00,1.27,2.03,1.27,4.16687,6.66043,19.6188513848841,29.2102898397163,53.3490196078431,30.145687112482,0,54.5168314526605,95.79999571322,1.504,1.731,3.438
"1382",2025-10-12 23:01:00,1.267,2.025,1.267,4.157027,6.644025,19.706046279928,29.559069419892,52.7874509803922,30.1433247136222,0,54.4994330993992,95.819995712325,1.5085,1.73983333333333,3.45616666666667
"1383",2025-10-12 23:02:00,1.264,2.02,1.264,4.147184,6.62762,19.7932411749719,29.9078490000677,52.2258823529412,30.1409623147624,0,54.4820347461378,95.8399957114301,1.513,1.74866666666667,3.47433333333333
"1384",2025-10-12 23:03:00,1.261,2.015,1.261,4.137341,6.611215,19.8804360700159,30.2566285802434,51.6643137254902,30.1385999159025,0,54.4646363928765,95.8599957105351,1.5175,1.7575,3.4925
"1385",2025-10-12 23:04:00,1.258,2.01,1.258,4.127498,6.59481,19.9676309650598,30.6054081604192,51.1027450980392,30.1362375170427,0,54.4472380396151,95.8799957096402,1.522,1.76633333333333,3.51066666666667
"1386",2025-10-12 23:05:00,1.255,2.005,1.255,4.117655,6.578405,20.0548258601037,30.9541877405949,50.5411764705882,30.1338751181829,0,54.4298396863538,95.8999957087452,1.5265,1.77516666666667,3.52883333333333
"1387",2025-10-12 23:06:00,1.252,2,1.252,4.107812,6.562,20.5779952303673,30.779797950507,51.6643137254902,30.1344657178978,0,54.4211387918885,95.9199957078503,1.531,1.784,3.547
"1388",2025-10-12 23:07:00,1.249,1.995,1.249,4.097969,6.545595,21.1011646006309,30.6054081604192,52.7874509803922,30.1350563176128,0,54.4124378974232,95.9399957069554,1.56416666666667,1.79983333333333,3.5645
"1389",2025-10-12 23:08:00,1.246,1.99,1.246,4.088126,6.52919,21.6243339708944,30.4310183703313,53.9105882352941,30.1356469173277,0,54.4037370029579,95.9599957060604,1.59733333333333,1.81566666666667,3.582
"1390",2025-10-12 23:09:00,1.243,1.985,1.243,4.078283,6.512785,22.147503341158,30.2566285802434,55.0337254901961,30.1362375170427,0,54.3950361084926,95.9799957051655,1.6305,1.8315,3.5995
"1391",2025-10-12 23:10:00,1.24,1.98,1.24,4.06844,6.49638,22.6706727114216,30.0822387901556,56.156862745098,30.1368281167577,0,54.3863352140273,95.9999957042705,1.66366666666667,1.84733333333333,3.617
"1392",2025-10-12 23:11:00,1.237,1.975,1.237,4.058597,6.479975,22.9322573965534,31.8261366910342,55.3145098039216,30.1350563176128,0,54.2818331938215,95.8799957096402,1.69683333333333,1.86316666666667,3.6345
"1393",2025-10-12 23:12:00,1.234,1.97,1.234,4.048754,6.46357,23.1938420816852,33.5700345919127,54.4721568627451,30.1332845184679,0,54.1773311736158,95.7599957150099,1.73,1.879,3.652
"1394",2025-10-12 23:13:00,1.231,1.965,1.231,4.038911,6.447165,23.455426766817,35.3139324927913,53.6298039215686,30.131512719323,0,54.0728291534101,95.6399957203795,1.75733333333333,1.8975,3.6705
"1395",2025-10-12 23:14:00,1.228,1.96,1.228,4.029068,6.43076,23.7170114519487,37.0578303936699,52.7874509803922,30.1297409201782,0,53.9683271332044,95.5199957257492,1.78466666666667,1.916,3.689
"1396",2025-10-12 23:15:00,1.225,1.955,1.225,4.019225,6.414355,23.9785961370805,38.8017282945485,51.9450980392157,30.1279691210333,0,53.8638251129987,95.3999957311188,1.812,1.9345,3.7075
"1397",2025-10-12 23:16:00,1.222,1.95,1.222,4.009382,6.39795,23.455426766817,37.0578303936699,51.9450980392157,30.1297409201782,0,53.9422175183261,95.3799957320138,1.83933333333333,1.953,3.726
"1398",2025-10-12 23:17:00,1.219,1.945,1.219,3.999539,6.381545,22.9322573965534,35.3139324927913,51.9450980392157,30.131512719323,0,54.0206099236536,95.3599957329087,1.86666666666667,1.9715,3.7445
"1399",2025-10-12 23:18:00,1.216,1.94,1.216,3.989696,6.36514,22.4090880262898,33.5700345919127,51.9450980392157,30.1332845184679,0,54.0990023289811,95.3399957338037,1.894,1.99,3.763
"1400",2025-10-12 23:19:00,1.213,1.935,1.213,3.979853,6.348735,21.8859186560262,31.8261366910342,51.9450980392157,30.1350563176128,0,54.1773947343086,95.3199957346986,1.898,2.00433333333333,3.7855
"1401",2025-10-12 23:20:00,1.21,1.93,1.21,3.97001,6.33233,21.3627492857627,30.0822387901556,51.9450980392157,30.1368281167577,0,54.255787139636,95.2999957355936,1.902,2.01866666666667,3.808
"1402",2025-10-12 23:21:00,1.214,1.936,1.214,3.983134,6.352016,21.0139697055869,29.559069419892,50.5411764705882,30.1350563176128,0,54.2296670220394,95.2399957382784,1.906,2.033,3.8305
"1403",2025-10-12 23:22:00,1.218,1.942,1.218,3.996258,6.371702,20.6651901254112,29.0359000496284,49.1372549019608,30.1332845184679,0,54.2035469044427,95.1799957409632,1.91,2.04733333333333,3.853
"1404",2025-10-12 23:23:00,1.222,1.948,1.222,4.009382,6.391388,20.3164105452355,28.5127306793649,47.7333333333333,30.131512719323,0,54.177426786846,95.119995743648,1.914,2.06166666666667,3.8755
"1405",2025-10-12 23:24:00,1.226,1.954,1.226,4.022506,6.411074,19.9676309650598,27.9895613091013,46.3294117647059,30.1297409201782,0,54.1513066692493,95.0599957463329,1.918,2.076,3.898
"1406",2025-10-12 23:25:00,1.23,1.96,1.23,4.03563,6.43076,19.6188513848841,27.4663919388377,44.9254901960784,30.1279691210333,0,54.1251865516526,94.9999957490177,1.93883333333333,2.10116666666667,3.91766666666667
"1407",2025-10-12 23:26:00,1.234,1.966,1.234,4.048754,6.450446,19.6188513848841,28.5127306793649,46.0486274509804,30.1279691210333,0,54.1687142377599,95.0399957472278,1.95966666666667,2.12633333333333,3.93733333333333
"1408",2025-10-12 23:27:00,1.238,1.972,1.238,4.061878,6.470132,19.6188513848841,29.559069419892,47.1717647058824,30.1279691210333,0,54.2122419238671,95.0799957454379,1.9805,2.1515,3.957
"1409",2025-10-12 23:28:00,1.242,1.978,1.242,4.075002,6.489818,19.6188513848841,30.6054081604192,48.2949019607843,30.1279691210333,0,54.2557696099744,95.119995743648,2.00133333333333,2.17666666666667,3.97666666666667
"1410",2025-10-12 23:29:00,1.246,1.984,1.246,4.088126,6.509504,19.6188513848841,31.6517469009463,49.4180392156863,30.1279691210333,0,54.2992972960816,95.1599957418582,2.02216666666667,2.20183333333333,3.99633333333333
"1411",2025-10-12 23:30:00,1.25,1.99,1.25,4.10125,6.52919,19.6188513848841,32.6980856414735,50.5411764705882,30.1279691210333,0,54.3428249821888,95.1999957400683,2.043,2.227,4.016
"1412",2025-10-12 23:31:00,1.254,1.996,1.254,4.114374,6.548876,19.4444615947962,32.000526481122,48.2949019607843,30.1279691210333,0,54.3428249821888,95.1799957409632,2.06266666666667,2.25316666666667,4.03283333333333
"1413",2025-10-12 23:32:00,1.258,2.002,1.258,4.127498,6.568562,19.2700718047084,31.3029673207706,46.0486274509804,30.1279691210333,0,54.3428249821888,95.1599957418582,2.08233333333333,2.27933333333333,4.04966666666667
"1414",2025-10-12 23:33:00,1.262,2.008,1.262,4.140622,6.588248,19.0956820146205,30.6054081604192,43.8023529411765,30.1279691210333,0,54.3428249821888,95.1399957427531,2.102,2.3055,4.0665
"1415",2025-10-12 23:34:00,1.266,2.014,1.266,4.153746,6.607934,18.9212922245326,29.9078490000677,41.5560784313725,30.1279691210333,0,54.3428249821888,95.119995743648,2.12166666666667,2.33166666666667,4.08333333333333
"1416",2025-10-12 23:35:00,1.27,2.02,1.27,4.16687,6.62762,18.7469024344448,29.2102898397163,39.3098039215686,30.1279691210333,0,54.3428249821888,95.099995744543,2.14133333333333,2.35783333333333,4.10016666666667
"1417",2025-10-12 23:36:00,1.274,2.026,1.274,4.179994,6.647306,18.6597075394009,28.8615102595406,40.4329411764706,30.1256067221734,0,54.3428249821888,95.0199957481228,2.161,2.384,4.117
"1418",2025-10-12 23:37:00,1.278,2.032,1.278,4.193118,6.666992,18.5725126443569,28.5127306793649,41.5560784313725,30.1232443233136,0,54.3428249821888,94.9399957517025,2.1855,2.40916666666667,4.13183333333333
"1419",2025-10-12 23:38:00,1.282,2.038,1.282,4.206242,6.686678,18.485317749313,28.1639510991891,42.6792156862745,30.1208819244538,0,54.3428249821888,94.8599957552823,2.21,2.43433333333333,4.14666666666667
"1420",2025-10-12 23:39:00,1.286,2.044,1.286,4.219366,6.706364,18.3981228542691,27.8151715190134,43.8023529411765,30.1185195255939,0,54.3428249821888,94.7799957588621,2.2345,2.4595,4.1615
"1421",2025-10-12 23:40:00,1.29,2.05,1.29,4.23249,6.72605,18.3109279592251,27.4663919388377,44.9254901960784,30.1161571267341,0,54.3428249821888,94.6999957624419,2.259,2.48466666666667,4.17633333333333
"1422",2025-10-12 23:41:00,1.282,2.0375,1.282,4.206242,6.6850375,18.3981228542691,27.3791970437938,44.6447058823529,30.1185195255939,0,54.3254174136783,94.6799957633368,2.2835,2.50983333333333,4.19116666666667
"1423",2025-10-12 23:42:00,1.274,2.025,1.274,4.179994,6.644025,18.485317749313,27.2920021487498,44.3639215686274,30.1208819244538,0,54.3080098451677,94.6599957642318,2.308,2.535,4.206
"1424",2025-10-12 23:43:00,1.266,2.0125,1.266,4.153746,6.6030125,18.5725126443569,27.2048072537059,44.083137254902,30.1232443233136,0,54.2906022766572,94.6399957651267,2.325,2.55516666666667,4.22616666666667
"1425",2025-10-12 23:44:00,1.258,2,1.258,4.127498,6.562,18.6597075394009,27.117612358662,43.8023529411765,30.1256067221734,0,54.2731947081466,94.6199957660216,2.342,2.57533333333333,4.24633333333333
"1426",2025-10-12 23:45:00,1.25,1.9875,1.25,4.10125,6.5209875,18.7469024344448,27.0304174636181,43.521568627451,30.1279691210333,0,54.255787139636,94.5999957669166,2.359,2.5955,4.2665
"1427",2025-10-12 23:46:00,1.242,1.975,1.242,4.075002,6.479975,18.8340973294887,27.9023664140573,42.96,30.1261973218884,0,54.2644915048609,94.6199957660216,2.376,2.61566666666667,4.28666666666667
"1428",2025-10-12 23:47:00,1.234,1.9625,1.234,4.048754,6.4389625,18.9212922245326,28.7743153644966,42.398431372549,30.1244255227435,0,54.2731958700857,94.6399957651267,2.393,2.63583333333333,4.30683333333333
"1429",2025-10-12 23:48:00,1.226,1.95,1.226,4.022506,6.39795,19.0084871195766,29.6462643149359,41.836862745098,30.1226537235986,0,54.2819002353105,94.6599957642318,2.41,2.656,4.327
"1430",2025-10-12 23:49:00,1.218,1.9375,1.218,3.996258,6.3569375,19.0956820146205,30.5182132653752,41.2752941176471,30.1208819244538,0,54.2906046005354,94.6799957633368,2.43516666666667,2.68116666666667,4.3495
"1431",2025-10-12 23:50:00,1.21,1.925,1.21,3.97001,6.315925,19.1828769096644,31.3901622158145,40.7137254901961,30.1191101253089,0,54.2993089657602,94.6999957624419,2.46033333333333,2.70633333333333,4.372
"1432",2025-10-12 23:51:00,1.202,1.9125,1.202,3.943762,6.2749125,19.0956820146205,32.1749162712099,40.7137254901961,30.1185195255939,0,54.3080121690459,94.6999957624419,2.4855,2.7315,4.3945
"1433",2025-10-12 23:52:00,1.194,1.9,1.194,3.917514,6.2339,19.0084871195766,32.9596703266052,40.7137254901961,30.117928925879,0,54.3167153723317,94.6999957624419,2.51066666666667,2.75666666666667,4.417
"1434",2025-10-12 23:53:00,1.186,1.8875,1.186,3.891266,6.1928875,18.9212922245326,33.7444243820006,40.7137254901961,30.117338326164,0,54.3254185756174,94.6999957624419,2.53583333333333,2.78183333333333,4.4395
"1435",2025-10-12 23:54:00,1.178,1.875,1.178,3.865018,6.151875,18.8340973294887,34.529178437396,40.7137254901961,30.116747726449,0,54.3341217789031,94.6999957624419,2.561,2.807,4.462
"1436",2025-10-12 23:55:00,1.17,1.8625,1.17,3.83877,6.1108625,18.7469024344448,35.3139324927913,40.7137254901961,30.1161571267341,0,54.3428249821888,94.6999957624419,2.579,2.83216666666667,4.48166666666667
"1437",2025-10-12 23:56:00,1.162,1.85,1.162,3.812522,6.06985,19.4444615947962,35.4011273878353,39.3098039215686,30.1149759273042,0,54.3254174136783,94.6999957624419,2.597,2.85733333333333,4.50133333333333
"1438",2025-10-12 23:57:00,1.154,1.8375,1.154,3.786274,6.0288375,20.1420207551476,35.4883222828792,37.9058823529412,30.1137947278743,0,54.3080098451677,94.6999957624419,2.615,2.8825,4.521
"1439",2025-10-12 23:58:00,1.146,1.825,1.146,3.760026,5.987825,20.8395799154991,35.5755171779231,36.5019607843137,30.1126135284443,0,54.2906022766572,94.6999957624419,2.633,2.90766666666667,4.54066666666667
"1440",2025-10-12 23:59:00,1.138,1.8125,1.138,3.733778,5.9468125,21.5371390758505,35.662712072967,35.0980392156863,30.1114323290144,0,54.2731947081466,94.6999957624419,2.651,2.93283333333333,4.56033333333333
"1441",2025-10-13,1.13,1.8,1.13,3.70753,5.9058,22.234698236202,35.749906968011,33.6941176470588,30.1102511295845,0,54.255787139636,94.6999957624419,2.669,2.958,4.58
"1442",2025-10-13 00:01:00,1.137,1.812,1.137,3.730497,5.945172,22.0603084461141,35.5755171779231,34.5364705882353,30.1102511295845,0,54.1773947343086,94.5399957696014,2.69066666666667,2.981,4.604
"1443",2025-10-13 00:02:00,1.144,1.824,1.144,3.753464,5.984544,21.8859186560262,35.4011273878353,35.3788235294118,30.1102511295845,0,54.0990023289811,94.379995776761,2.71233333333333,3.004,4.628
"1444",2025-10-13 00:03:00,1.151,1.836,1.151,3.776431,6.023916,21.7115288659384,35.2267375977474,36.2211764705882,30.1102511295845,0,54.0206099236536,94.2199957839205,2.734,3.027,4.652
"1445",2025-10-13 00:04:00,1.158,1.848,1.158,3.799398,6.063288,21.5371390758505,35.0523478076595,37.0635294117647,30.1102511295845,0,53.9422175183261,94.05999579108,2.75566666666667,3.05,4.676
"1446",2025-10-13 00:05:00,1.165,1.86,1.165,3.822365,6.10266,21.3627492857627,34.8779580175717,37.9058823529412,30.1102511295845,0,53.8638251129987,93.8999957982396,2.77733333333333,3.073,4.7
"1447",2025-10-13 00:06:00,1.172,1.872,1.172,3.845332,6.142032,21.1011646006309,35.0523478076595,39.3098039215686,30.1096605298695,0,53.9073883374345,94.0199957928699,2.799,3.096,4.724
"1448",2025-10-13 00:07:00,1.179,1.884,1.179,3.868299,6.181404,20.8395799154991,35.2267375977474,40.7137254901961,30.1090699301546,0,53.9509515618704,94.1399957875003,2.82766666666667,3.119,4.74266666666667
"1449",2025-10-13 00:08:00,1.186,1.896,1.186,3.891266,6.220776,20.5779952303673,35.4011273878353,42.1176470588235,30.1084793304396,0,53.9945147863063,94.2599957821306,2.85633333333333,3.142,4.76133333333333
"1450",2025-10-13 00:09:00,1.193,1.908,1.193,3.914233,6.260148,20.3164105452355,35.5755171779231,43.521568627451,30.1078887307247,0,54.0380780107421,94.379995776761,2.885,3.165,4.78
"1451",2025-10-13 00:10:00,1.2,1.92,1.2,3.9372,6.29952,20.0548258601037,35.749906968011,44.9254901960784,30.1072981310097,0,54.081641235178,94.4999957713913,2.91366666666667,3.188,4.79866666666667
"1452",2025-10-13 00:11:00,1.207,1.932,1.207,3.960167,6.338892,20.2292156501916,34.7035682274838,43.8023529411765,30.1072981310097,0,54.0555069023449,94.4399957740761,2.94233333333333,3.211,4.81733333333333
"1453",2025-10-13 00:12:00,1.214,1.944,1.214,3.983134,6.378264,20.4036054402794,33.6572294869567,42.6792156862745,30.1072981310097,0,54.0293725695118,94.379995776761,2.971,3.234,4.836
"1454",2025-10-13 00:13:00,1.221,1.956,1.221,4.006101,6.417636,20.5779952303673,32.6108907464295,41.5560784313725,30.1072981310097,0,54.0032382366788,94.3199957794458,2.988,3.24483333333333,4.85466666666667
"1455",2025-10-13 00:14:00,1.228,1.968,1.228,4.029068,6.457008,20.7523850204552,31.5645520059024,40.4329411764706,30.1072981310097,0,53.9771039038457,94.2599957821306,3.005,3.25566666666667,4.87333333333333
"1456",2025-10-13 00:15:00,1.235,1.98,1.235,4.052035,6.49638,20.926774810543,30.5182132653752,39.3098039215686,30.1072981310097,0,53.9509695710126,94.1999957848155,3.022,3.2665,4.892
"1457",2025-10-13 00:16:00,1.242,1.992,1.242,4.075002,6.535752,21.2755543907187,31.6517469009463,38.7482352941176,30.1072981310097,0,53.9422557288931,94.1999957848155,3.039,3.27733333333333,4.91066666666667
"1458",2025-10-13 00:17:00,1.249,2.004,1.249,4.097969,6.575124,21.6243339708944,32.7852805365174,38.1866666666667,30.1072981310097,0,53.9335418867735,94.1999957848155,3.056,3.28816666666667,4.92933333333333
"1459",2025-10-13 00:18:00,1.256,2.016,1.256,4.120936,6.614496,21.9731135510702,33.9188141720885,37.6250980392157,30.1072981310097,0,53.924828044654,94.1999957848155,3.073,3.299,4.948
"1460",2025-10-13 00:19:00,1.263,2.028,1.263,4.143903,6.653868,22.3218931312459,35.0523478076595,37.0635294117647,30.1072981310097,0,53.9161142025344,94.1999957848155,3.09683333333333,3.32033333333333,4.9665
"1461",2025-10-13 00:20:00,1.27,2.04,1.27,4.16687,6.69324,22.6706727114216,36.1858814432306,36.5019607843137,30.1072981310097,0,53.9074003604149,94.1999957848155,3.12066666666667,3.34166666666667,4.985
"1462",2025-10-13 00:21:00,1.2685,2.0365,1.2685,4.1619485,6.6817565,22.3218931312459,35.4011273878353,37.0635294117647,30.1084793304396,0,53.9074003604149,94.1799957857104,3.1445,3.363,5.0035
"1463",2025-10-13 00:22:00,1.267,2.033,1.267,4.157027,6.670273,21.9731135510702,34.6163733324399,37.6250980392157,30.1096605298695,0,53.9074003604149,94.1599957866054,3.16833333333333,3.38433333333333,5.022
"1464",2025-10-13 00:23:00,1.2655,2.0295,1.2655,4.1521055,6.6587895,21.6243339708944,33.8316192770445,38.1866666666667,30.1108417292995,0,53.9074003604149,94.1399957875003,3.19216666666667,3.40566666666667,5.0405
"1465",2025-10-13 00:24:00,1.264,2.026,1.264,4.147184,6.647306,21.2755543907187,33.0468652216492,38.7482352941176,30.1120229287294,0,53.9074003604149,94.1199957883952,3.216,3.427,5.059
"1466",2025-10-13 00:25:00,1.2625,2.0225,1.2625,4.1422625,6.6358225,20.926774810543,32.2621111662538,39.3098039215686,30.1132041281593,0,53.9074003604149,94.0999957892902,3.256,3.449,5.07916666666667
"1467",2025-10-13 00:26:00,1.261,2.019,1.261,4.137341,6.624339,20.8395799154991,32.5236958513856,39.8713725490196,30.1132041281593,0,53.9422485353675,94.1999957848155,3.296,3.471,5.09933333333333
"1468",2025-10-13 00:27:00,1.2595,2.0155,1.2595,4.1324195,6.6128555,20.7523850204552,32.7852805365174,40.4329411764706,30.1132041281593,0,53.9770967103201,94.2999957803407,3.336,3.493,5.1195
"1469",2025-10-13 00:28:00,1.258,2.012,1.258,4.127498,6.601372,20.6651901254112,33.0468652216492,40.9945098039216,30.1132041281593,0,54.0119448852727,94.399995775866,3.376,3.515,5.13966666666667
"1470",2025-10-13 00:29:00,1.2565,2.0085,1.2565,4.1225765,6.5898885,20.5779952303673,33.308449906781,41.5560784313725,30.1132041281593,0,54.0467930602253,94.4999957713913,3.416,3.537,5.15983333333333
"1471",2025-10-13 00:30:00,1.255,2.005,1.255,4.117655,6.578405,20.4908003353234,33.5700345919127,42.1176470588235,30.1132041281593,0,54.081641235178,94.5999957669166,3.456,3.559,5.18
"1472",2025-10-13 00:31:00,1.2535,2.0015,1.2535,4.1127335,6.5669215,20.2292156501916,32.6980856414735,42.1176470588235,30.1126135284443,0,54.064219542169,94.6399957651267,3.48816666666667,3.58733333333333,5.1965
"1473",2025-10-13 00:32:00,1.252,1.998,1.252,4.107812,6.555438,19.9676309650598,31.8261366910342,42.1176470588235,30.1120229287294,0,54.04679784916,94.6799957633368,3.52033333333333,3.61566666666667,5.213
"1474",2025-10-13 00:33:00,1.2505,1.9945,1.2505,4.1028905,6.5439545,19.706046279928,30.9541877405949,42.1176470588235,30.1114323290144,0,54.0293761561511,94.7199957615469,3.5525,3.644,5.2295
"1475",2025-10-13 00:34:00,1.249,1.991,1.249,4.097969,6.532471,19.4444615947962,30.0822387901556,42.1176470588235,30.1108417292995,0,54.0119544631421,94.759995759757,3.58466666666667,3.67233333333333,5.246
"1476",2025-10-13 00:35:00,1.2475,1.9875,1.2475,4.0930475,6.5209875,19.1828769096644,29.2102898397163,42.1176470588235,30.1102511295845,0,53.9945327701332,94.7999957579671,3.61683333333333,3.70066666666667,5.2625
"1477",2025-10-13 00:36:00,1.246,1.984,1.246,4.088126,6.509504,19.3572666997523,30.9541877405949,42.96,30.1102511295845,0,53.9771062881895,94.8199957570722,3.649,3.729,5.279
"1478",2025-10-13 00:37:00,1.2445,1.9805,1.2445,4.0832045,6.4980205,19.5316564898401,32.6980856414735,43.8023529411765,30.1102511295845,0,53.9596798062458,94.8399957561772,3.6735,3.76016666666667,5.28983333333333
"1479",2025-10-13 00:38:00,1.243,1.977,1.243,4.078283,6.486537,19.706046279928,34.441983542352,44.6447058823529,30.1102511295845,0,53.9422533243022,94.8599957552823,3.698,3.79133333333333,5.30066666666667
"1480",2025-10-13 00:39:00,1.2415,1.9735,1.2415,4.0733615,6.4750535,19.8804360700159,36.1858814432306,45.4870588235294,30.1102511295845,0,53.9248268423585,94.8799957543874,3.7225,3.8225,5.3115
"1481",2025-10-13 00:40:00,1.24,1.97,1.24,4.06844,6.46357,20.0548258601037,37.9297793441092,46.3294117647059,30.1102511295845,0,53.9074003604149,94.8999957534924,3.747,3.85366666666667,5.32233333333333
"1482",2025-10-13 00:41:00,1.247,1.9805,1.247,4.091407,6.4980205,19.9676309650598,35.9242967580988,46.0486274509804,30.1084793304396,0,53.8899690490108,94.9599957508076,3.7715,3.88483333333333,5.33316666666667
"1483",2025-10-13 00:42:00,1.254,1.991,1.254,4.114374,6.532471,19.8804360700159,33.9188141720885,45.7678431372549,30.1067075312947,0,53.8725377376067,95.0199957481228,3.796,3.916,5.344
"1484",2025-10-13 00:43:00,1.261,2.0015,1.261,4.137341,6.5669215,19.7932411749719,31.9133315860781,45.4870588235294,30.1049357321499,0,53.8551064262026,95.0799957454379,3.8285,3.94716666666667,5.35766666666667
"1485",2025-10-13 00:44:00,1.268,2.012,1.268,4.160308,6.601372,19.706046279928,29.9078490000677,45.2062745098039,30.103163933005,0,53.8376751147985,95.1399957427531,3.861,3.97833333333333,5.37133333333333
"1486",2025-10-13 00:45:00,1.275,2.0225,1.275,4.183275,6.6358225,19.6188513848841,27.9023664140573,44.9254901960784,30.1013921338601,0,53.8202438033944,95.1999957400683,3.8935,4.0095,5.385
"1487",2025-10-13 00:46:00,1.282,2.033,1.282,4.206242,6.670273,19.6188513848841,28.0767562041452,46.6101960784314,30.1013921338601,0,53.8289600653153,95.1999957400683,3.926,4.04066666666667,5.39866666666667
"1488",2025-10-13 00:47:00,1.289,2.0435,1.289,4.229209,6.7047235,19.6188513848841,28.2511459942331,48.2949019607843,30.1013921338601,0,53.8376763272361,95.1999957400683,3.9585,4.07183333333333,5.41233333333333
"1489",2025-10-13 00:48:00,1.296,2.054,1.296,4.252176,6.739174,19.6188513848841,28.4255357843209,49.9796078431373,30.1013921338601,0,53.846392589157,95.1999957400683,3.991,4.103,5.426
"1490",2025-10-13 00:49:00,1.303,2.0645,1.303,4.275143,6.7736245,19.6188513848841,28.5999255744088,51.6643137254902,30.1013921338601,0,53.8551088510778,95.1999957400683,4.01233333333333,4.14133333333333,5.43866666666667
"1491",2025-10-13 00:50:00,1.31,2.075,1.31,4.29811,6.808075,19.6188513848841,28.7743153644966,53.3490196078431,30.1013921338601,0,53.8638251129987,95.1999957400683,4.03366666666667,4.17966666666667,5.45133333333333
"1492",2025-10-13 00:51:00,1.317,2.0855,1.317,4.321077,6.8425255,19.8804360700159,28.6871204694527,52.7874509803922,30.1013921338601,0,53.8725401624819,95.2599957373834,4.055,4.218,5.464
"1493",2025-10-13 00:52:00,1.324,2.096,1.324,4.344044,6.876976,20.1420207551476,28.5999255744088,52.2258823529412,30.1013921338601,0,53.8812552119652,95.3199957346986,4.07633333333333,4.25633333333333,5.47666666666667
"1494",2025-10-13 00:53:00,1.331,2.1065,1.331,4.367011,6.9114265,20.4036054402794,28.5127306793649,51.6643137254902,30.1013921338601,0,53.8899702614484,95.3799957320138,4.09766666666667,4.29466666666667,5.48933333333333
"1495",2025-10-13 00:54:00,1.338,2.117,1.338,4.389978,6.945877,20.6651901254112,28.4255357843209,51.1027450980392,30.1013921338601,0,53.8986853109316,95.4399957293289,4.119,4.333,5.502
"1496",2025-10-13 00:55:00,1.345,2.1275,1.345,4.412945,6.9803275,20.926774810543,28.338340889277,50.5411764705882,30.1013921338601,0,53.9074003604149,95.4999957266441,4.1545,4.37133333333333,5.51183333333333
"1497",2025-10-13 00:56:00,1.352,2.138,1.352,4.435912,7.014778,21.0139697055869,29.2102898397163,50.8219607843137,30.1008015341452,0,53.9161142025344,95.4799957275391,4.19,4.40966666666667,5.52166666666667
"1498",2025-10-13 00:57:00,1.359,2.1485,1.359,4.458879,7.0492285,21.1011646006309,30.0822387901556,51.1027450980392,30.1002109344302,0,53.924828044654,95.459995728434,4.2255,4.448,5.5315
"1499",2025-10-13 00:58:00,1.366,2.159,1.366,4.481846,7.083679,21.1883594956748,30.9541877405949,51.3835294117647,30.0996203347152,0,53.9335418867735,95.4399957293289,4.261,4.48633333333333,5.54133333333333
"1500",2025-10-13 00:59:00,1.373,2.1695,1.373,4.504813,7.1181295,21.2755543907187,31.8261366910342,51.6643137254902,30.0990297350003,0,53.9422557288931,95.4199957302239,4.2965,4.52466666666667,5.55116666666667
"1501",2025-10-13 01:00:00,1.38,2.18,1.38,4.52778,7.15258,21.3627492857627,32.6980856414735,51.9450980392157,30.0984391352853,0,53.9509695710126,95.3999957311188,4.332,4.563,5.561
"1502",2025-10-13 01:01:00,1.3845,2.1875,1.3845,4.5425445,7.1771875,21.3627492857627,32.6980856414735,51.9450980392157,30.0996203347152,0,53.9683936534285,95.3799957320138,4.36883333333333,4.60666666666667,5.56816666666667
"1503",2025-10-13 01:02:00,1.389,2.195,1.389,4.557309,7.201795,21.3627492857627,32.6980856414735,51.9450980392157,30.1008015341452,0,53.9858177358443,95.3599957329087,4.40566666666667,4.65033333333333,5.57533333333333
"1504",2025-10-13 01:03:00,1.3935,2.2025,1.3935,4.5720735,7.2264025,21.3627492857627,32.6980856414735,51.9450980392157,30.1019827335751,0,54.0032418182602,95.3399957338037,4.4425,4.694,5.5825
"1505",2025-10-13 01:04:00,1.398,2.21,1.398,4.586838,7.25101,21.3627492857627,32.6980856414735,51.9450980392157,30.103163933005,0,54.020665900676,95.3199957346986,4.47933333333333,4.73766666666667,5.58966666666667
"1506",2025-10-13 01:05:00,1.4025,2.2175,1.4025,4.6016025,7.2756175,21.3627492857627,32.6980856414735,51.9450980392157,30.1043451324349,0,54.0380899830919,95.2999957355936,4.51616666666667,4.78133333333333,5.59683333333333
"1507",2025-10-13 01:06:00,1.407,2.225,1.407,4.616367,7.300225,20.8395799154991,31.3029673207706,51.1027450980392,30.10257333329,0,54.0468002335091,95.3199957346986,4.553,4.825,5.604
"1508",2025-10-13 01:07:00,1.4115,2.2325,1.4115,4.6311315,7.3248325,20.3164105452355,29.9078490000677,50.2603921568627,30.1008015341452,0,54.0555104839263,95.3399957338037,4.5885,4.866,5.60933333333333
"1509",2025-10-13 01:08:00,1.416,2.24,1.416,4.645896,7.34944,19.7932411749719,28.5127306793649,49.4180392156863,30.0990297350003,0,54.0642207343435,95.3599957329087,4.624,4.907,5.61466666666667
"1510",2025-10-13 01:09:00,1.4205,2.2475,1.4205,4.6606605,7.3740475,19.2700718047084,27.117612358662,48.5756862745098,30.0972579358554,0,54.0729309847607,95.3799957320138,4.6595,4.948,5.62
"1511",2025-10-13 01:10:00,1.425,2.255,1.425,4.675425,7.398655,18.7469024344448,25.7224940379591,47.7333333333333,30.0954861367105,0,54.081641235178,95.3999957311188,4.695,4.989,5.62533333333333
"1512",2025-10-13 01:11:00,1.4295,2.2625,1.4295,4.6901895,7.4232625,19.1828769096644,27.2048072537059,47.4525490196078,30.0966673361404,0,54.0119255673448,95.4199957302239,4.7305,5.03,5.63066666666667
"1513",2025-10-13 01:12:00,1.434,2.27,1.434,4.704954,7.44787,19.6188513848841,28.6871204694527,47.1717647058824,30.0978485355704,0,53.9422098995115,95.4399957293289,4.766,5.071,5.636
"1514",2025-10-13 01:13:00,1.4385,2.2775,1.4385,4.7197185,7.4724775,20.0548258601037,30.1694336851995,46.8909803921569,30.0990297350003,0,53.8724942316783,95.459995728434,4.7995,5.10433333333333,5.6405
"1515",2025-10-13 01:14:00,1.443,2.285,1.443,4.734483,7.497085,20.4908003353234,31.6517469009463,46.6101960784314,30.1002109344302,0,53.8027785638451,95.4799957275391,4.833,5.13766666666667,5.645
"1516",2025-10-13 01:15:00,1.4475,2.2925,1.4475,4.7492475,7.5216925,20.926774810543,33.1340601166931,46.3294117647059,30.1013921338601,0,53.7330628960119,95.4999957266441,4.8665,5.171,5.6495
"1517",2025-10-13 01:16:00,1.452,2.3,1.452,4.764012,7.5463,20.5779952303673,32.7852805365174,46.3294117647059,30.1013921338601,0,53.7330628960119,95.5599957239593,4.9,5.20433333333333,5.654
"1518",2025-10-13 01:17:00,1.4565,2.3075,1.4565,4.7787765,7.5709075,20.2292156501916,32.4365009563417,46.3294117647059,30.1013921338601,0,53.7330628960119,95.6199957212744,4.9335,5.23766666666667,5.6585
"1519",2025-10-13 01:18:00,1.461,2.315,1.461,4.793541,7.595515,19.8804360700159,32.0877213761659,46.3294117647059,30.1013921338601,0,53.7330628960119,95.6799957185896,4.967,5.271,5.663
"1520",2025-10-13 01:19:00,1.4655,2.3225,1.4655,4.8083055,7.6201225,19.5316564898401,31.7389417959902,46.3294117647059,30.1013921338601,0,53.7330628960119,95.7399957159048,5.00633333333333,5.30166666666667,5.66783333333333
"1521",2025-10-13 01:20:00,1.47,2.33,1.47,4.82307,7.64473,19.1828769096644,31.3901622158145,46.3294117647059,30.1013921338601,0,53.7330628960119,95.79999571322,5.04566666666667,5.33233333333333,5.67266666666667
"1522",2025-10-13 01:21:00,1.468,2.3265,1.468,4.816508,7.6332465,18.9212922245326,30.0822387901556,46.0486274509804,30.10257333329,0,53.7504990774884,95.7799957141149,5.085,5.363,5.6775
"1523",2025-10-13 01:22:00,1.466,2.323,1.466,4.809946,7.621763,18.6597075394009,28.7743153644966,45.7678431372549,30.10375453272,0,53.7679352589649,95.7599957150099,5.12433333333333,5.39366666666667,5.68233333333333
"1524",2025-10-13 01:23:00,1.464,2.3195,1.464,4.803384,7.6102795,18.3981228542691,27.4663919388377,45.4870588235294,30.1049357321499,0,53.7853714404414,95.7399957159048,5.16366666666667,5.42433333333333,5.68716666666667
"1525",2025-10-13 01:24:00,1.462,2.316,1.462,4.796822,7.598796,18.1365381691373,26.1584685131788,45.2062745098039,30.1061169315798,0,53.8028076219179,95.7199957167997,5.203,5.455,5.692
"1526",2025-10-13 01:25:00,1.46,2.3125,1.46,4.79026,7.5873125,17.8749534840055,24.8505450875198,44.9254901960784,30.1072981310097,0,53.8202438033944,95.6999957176947,5.23333333333333,5.4905,5.692
"1527",2025-10-13 01:26:00,1.458,2.309,1.458,4.783698,7.575829,18.2237330641812,26.0712736181348,46.0486274509804,30.1055263318648,0,53.8289600653153,95.6399957203795,5.26366666666667,5.526,5.692
"1528",2025-10-13 01:27:00,1.456,2.3055,1.456,4.777136,7.5643455,18.5725126443569,27.2920021487498,47.1717647058824,30.10375453272,0,53.8376763272361,95.5799957230643,5.294,5.5615,5.692
"1529",2025-10-13 01:28:00,1.454,2.302,1.454,4.770574,7.552862,18.9212922245326,28.5127306793649,48.2949019607843,30.1019827335751,0,53.846392589157,95.5199957257492,5.32433333333333,5.597,5.692
"1530",2025-10-13 01:29:00,1.452,2.2985,1.452,4.764012,7.5413785,19.2700718047084,29.7334592099799,49.4180392156863,30.1002109344302,0,53.8551088510778,95.459995728434,5.35466666666667,5.6325,5.692
"1531",2025-10-13 01:30:00,1.45,2.295,1.45,4.75745,7.529895,19.6188513848841,30.9541877405949,50.5411764705882,30.0984391352853,0,53.8638251129987,95.3999957311188,5.385,5.668,5.692
"1532",2025-10-13 01:31:00,1.448,2.2915,1.448,4.750888,7.5184115,19.4444615947962,30.3438234752874,50.2603921568627,30.0996203347152,0,53.8986780870173,95.3999957311188,5.41966666666667,5.69966666666667,5.69316666666667
"1533",2025-10-13 01:32:00,1.446,2.288,1.446,4.744326,7.506928,19.2700718047084,29.7334592099799,49.9796078431373,30.1008015341452,0,53.933531061036,95.3999957311188,5.45433333333333,5.73133333333333,5.69433333333333
"1534",2025-10-13 01:33:00,1.444,2.2845,1.444,4.737764,7.4954445,19.0956820146205,29.1230949446724,49.6988235294118,30.1019827335751,0,53.9683840350546,95.3999957311188,5.489,5.763,5.6955
"1535",2025-10-13 01:34:00,1.442,2.281,1.442,4.731202,7.483961,18.9212922245326,28.5127306793649,49.4180392156863,30.103163933005,0,54.0032370090732,95.3999957311188,5.52366666666667,5.79466666666667,5.69666666666667
"1536",2025-10-13 01:35:00,1.44,2.2775,1.44,4.72464,7.4724775,18.7469024344448,27.9023664140573,49.1372549019608,30.1043451324349,0,54.0380899830919,95.3999957311188,5.55833333333333,5.82633333333333,5.69783333333333
"1537",2025-10-13 01:36:00,1.438,2.274,1.438,4.718078,7.460994,19.0084871195766,27.8151715190134,48.5756862745098,30.1043451324349,0,53.9945207471524,95.4999957266441,5.593,5.858,5.699
"1538",2025-10-13 01:37:00,1.436,2.2705,1.436,4.711516,7.4495105,19.2700718047084,27.7279766239695,48.0141176470588,30.1043451324349,0,53.9509515112129,95.5999957221694,5.63033333333333,5.89083333333333,5.69783333333333
"1539",2025-10-13 01:38:00,1.434,2.267,1.434,4.704954,7.438027,19.5316564898401,27.6407817289256,47.4525490196079,30.1043451324349,0,53.9073822752734,95.6999957176947,5.66766666666667,5.92366666666667,5.69666666666667
"1540",2025-10-13 01:39:00,1.432,2.2635,1.432,4.698392,7.4265435,19.7932411749719,27.5535868338816,46.8909803921569,30.1043451324349,0,53.8638130393339,95.79999571322,5.705,5.9565,5.6955
"1541",2025-10-13 01:40:00,1.43,2.26,1.43,4.69183,7.41506,20.0548258601037,27.4663919388377,46.3294117647059,30.1043451324349,0,53.8202438033944,95.8999957087452,5.74233333333333,5.98933333333333,5.69433333333333
"1542",2025-10-13 01:41:00,1.433,2.2645,1.433,4.701673,7.4298245,19.9676309650598,28.2511459942331,46.3294117647059,30.1043451324349,0,53.7853665296705,95.9399957069554,5.77966666666667,6.02216666666667,5.69316666666667
"1543",2025-10-13 01:42:00,1.436,2.269,1.436,4.711516,7.444589,19.8804360700159,29.0359000496284,46.3294117647059,30.1043451324349,0,53.7504892559466,95.9799957051655,5.817,6.055,5.692
"1544",2025-10-13 01:43:00,1.439,2.2735,1.439,4.721359,7.4593535,19.7932411749719,29.8206541050238,46.3294117647059,30.1043451324349,0,53.7156119822227,96.0199957033756,5.842,6.08616666666667,5.68716666666667
"1545",2025-10-13 01:44:00,1.442,2.278,1.442,4.731202,7.474118,19.706046279928,30.6054081604192,46.3294117647059,30.1043451324349,0,53.6807347084988,96.0599957015857,5.867,6.11733333333333,5.68233333333333
"1546",2025-10-13 01:45:00,1.445,2.2825,1.445,4.741045,7.4888825,19.6188513848841,31.3901622158145,46.3294117647059,30.1043451324349,0,53.6458574347749,96.0999956997958,5.892,6.1485,5.6775
"1547",2025-10-13 01:46:00,1.448,2.287,1.448,4.750888,7.503647,19.9676309650598,32.4365009563417,47.1717647058824,30.10375453272,0,53.654578597292,96.0799957006908,5.917,6.17966666666667,5.67266666666667
"1548",2025-10-13 01:47:00,1.451,2.2915,1.451,4.760731,7.5184115,20.3164105452355,33.4828396968688,48.0141176470588,30.103163933005,0,53.6632997598091,96.0599957015857,5.942,6.21083333333333,5.66783333333333
"1549",2025-10-13 01:48:00,1.454,2.296,1.454,4.770574,7.533176,20.6651901254112,34.529178437396,48.8564705882353,30.10257333329,0,53.6720209223262,96.0399957024806,5.967,6.242,5.663
"1550",2025-10-13 01:49:00,1.457,2.3005,1.457,4.780417,7.5479405,21.0139697055869,35.5755171779231,49.6988235294118,30.1019827335751,0,53.6807420848433,96.0199957033756,6.023,6.276,5.65916666666667
"1551",2025-10-13 01:50:00,1.46,2.305,1.46,4.79026,7.562705,21.3627492857627,36.6218559184503,50.5411764705882,30.1013921338601,0,53.6894632473604,95.9999957042705,6.079,6.31,5.65533333333333
"1552",2025-10-13 01:51:00,1.463,2.3095,1.463,4.800103,7.5774695,21.2755543907187,36.0986865481867,50.8219607843137,30.1008015341452,0,53.6894632473604,95.8799957096402,6.135,6.344,5.6515
"1553",2025-10-13 01:52:00,1.466,2.314,1.466,4.809946,7.592234,21.1883594956748,35.5755171779231,51.1027450980392,30.1002109344302,0,53.6894632473604,95.7599957150099,6.191,6.378,5.64766666666667
"1554",2025-10-13 01:53:00,1.469,2.3185,1.469,4.819789,7.6069985,21.1011646006309,35.0523478076595,51.3835294117647,30.0996203347152,0,53.6894632473604,95.6399957203795,6.247,6.412,5.64383333333333
"1555",2025-10-13 01:54:00,1.472,2.323,1.472,4.829632,7.621763,21.0139697055869,34.529178437396,51.6643137254902,30.0990297350003,0,53.6894632473604,95.5199957257492,6.303,6.446,5.64
"1556",2025-10-13 01:55:00,1.475,2.3275,1.475,4.839475,7.6365275,20.926774810543,34.0060090671324,51.9450980392157,30.0984391352853,0,53.6894632473604,95.3999957311188,6.32783333333333,6.4815,5.63716666666667
"1557",2025-10-13 01:56:00,1.478,2.332,1.478,4.849318,7.651292,20.926774810543,34.0060090671324,50.8219607843137,30.0984391352853,0,53.6632960410391,95.4799957275391,6.35266666666667,6.517,5.63433333333333
"1558",2025-10-13 01:57:00,1.481,2.3365,1.481,4.859161,7.6660565,20.926774810543,34.0060090671324,49.6988235294118,30.0984391352853,0,53.6371288347178,95.5599957239593,6.3775,6.5525,5.6315
"1559",2025-10-13 01:58:00,1.484,2.341,1.484,4.869004,7.680821,20.926774810543,34.0060090671324,48.5756862745098,30.0984391352853,0,53.6109616283964,95.6399957203795,6.40233333333333,6.588,5.62866666666667
"1560",2025-10-13 01:59:00,1.487,2.3455,1.487,4.878847,7.6955855,20.926774810543,34.0060090671324,47.4525490196079,30.0984391352853,0,53.5847944220751,95.7199957167997,6.42716666666667,6.6235,5.62583333333333
"1561",2025-10-13 02:00:00,1.49,2.35,1.49,4.88869,7.71035,20.926774810543,34.0060090671324,46.3294117647059,30.0984391352853,0,53.5586272157538,95.79999571322,6.452,6.659,5.623
"1562",2025-10-13 02:01:00,1.487,2.346,1.487,4.878847,7.697226,20.5779952303673,33.4828396968688,46.8909803921569,30.0996203347152,0,53.576073259558,95.8999957087452,6.499,6.705,5.61816666666667
"1563",2025-10-13 02:02:00,1.484,2.342,1.484,4.869004,7.684102,20.2292156501916,32.9596703266052,47.4525490196079,30.1008015341452,0,53.5935193033622,95.9999957042705,6.546,6.751,5.61333333333333
"1564",2025-10-13 02:03:00,1.481,2.338,1.481,4.859161,7.670978,19.8804360700159,32.4365009563417,48.0141176470588,30.1019827335751,0,53.6109653471664,96.0999956997958,6.593,6.797,5.6085
"1565",2025-10-13 02:04:00,1.478,2.334,1.478,4.849318,7.657854,19.5316564898401,31.9133315860781,48.5756862745098,30.103163933005,0,53.6284113909707,96.1999956953211,6.64,6.843,5.60366666666667
"1566",2025-10-13 02:05:00,1.475,2.33,1.475,4.839475,7.64473,19.1828769096644,31.3901622158145,49.1372549019608,30.1043451324349,0,53.6458574347749,96.2999956908464,6.687,6.889,5.59883333333333
"1567",2025-10-13 02:06:00,1.472,2.326,1.472,4.829632,7.631606,19.2700718047084,31.2157724257267,48.8564705882353,30.1043451324349,0,53.6196864994652,96.2799956917413,6.734,6.935,5.594
"1568",2025-10-13 02:07:00,1.469,2.322,1.469,4.819789,7.618482,19.3572666997523,31.0413826356388,48.5756862745098,30.1043451324349,0,53.5935155641555,96.2599956926363,6.77516666666667,6.9775,5.5885
"1569",2025-10-13 02:08:00,1.466,2.318,1.466,4.809946,7.605358,19.4444615947962,30.8669928455509,48.2949019607843,30.1043451324349,0,53.5673446288458,96.2399956935312,6.81633333333333,7.02,5.583
"1570",2025-10-13 02:09:00,1.463,2.314,1.463,4.800103,7.592234,19.5316564898401,30.6926030554631,48.0141176470588,30.1043451324349,0,53.5411736935361,96.2199956944261,6.8575,7.0625,5.5775
"1571",2025-10-13 02:10:00,1.46,2.31,1.46,4.79026,7.57911,19.6188513848841,30.5182132653752,47.7333333333333,30.1043451324349,0,53.5150027582264,96.1999956953211,6.89866666666667,7.105,5.572
"1572",2025-10-13 02:11:00,1.457,2.306,1.457,4.780417,7.565986,19.5316564898401,30.5182132653752,47.7333333333333,30.103163933005,0,53.532451293131,96.1999956953211,6.93983333333333,7.1475,5.5665
"1573",2025-10-13 02:12:00,1.454,2.302,1.454,4.770574,7.552862,19.4444615947962,30.5182132653752,47.7333333333333,30.1019827335751,0,53.5498998280357,96.1999956953211,6.981,7.19,5.561
"1574",2025-10-13 02:13:00,1.451,2.298,1.451,4.760731,7.539738,19.3572666997523,30.5182132653752,47.7333333333333,30.1008015341452,0,53.5673483629404,96.1999956953211,7.01416666666667,7.2365,5.54683333333333
"1575",2025-10-13 02:14:00,1.448,2.294,1.448,4.750888,7.526614,19.2700718047084,30.5182132653752,47.7333333333333,30.0996203347152,0,53.584796897845,96.1999956953211,7.04733333333333,7.283,5.53266666666667
"1576",2025-10-13 02:15:00,1.445,2.29,1.445,4.741045,7.51349,19.1828769096644,30.5182132653752,47.7333333333333,30.0984391352853,0,53.6022454327497,96.1999956953211,7.0805,7.3295,5.5185
"1577",2025-10-13 02:16:00,1.442,2.286,1.442,4.731202,7.500366,19.2700718047084,30.6054081604192,46.8909803921569,30.0972579358554,0,53.6109678331547,96.2399956935312,7.11366666666667,7.376,5.50433333333333
"1578",2025-10-13 02:17:00,1.439,2.282,1.439,4.721359,7.487242,19.3572666997523,30.6926030554631,46.0486274509804,30.0960767364255,0,53.6196902335598,96.2799956917413,7.14683333333333,7.4225,5.49016666666667
"1579",2025-10-13 02:18:00,1.436,2.278,1.436,4.711516,7.474118,19.4444615947962,30.779797950507,45.2062745098039,30.0948955369956,0,53.6284126339648,96.3199956899514,7.18,7.469,5.476
"1580",2025-10-13 02:19:00,1.433,2.274,1.433,4.701673,7.460994,19.5316564898401,30.8669928455509,44.3639215686275,30.0937143375656,0,53.6371350343699,96.3599956881615,7.21766666666667,7.51233333333333,5.459
"1581",2025-10-13 02:20:00,1.43,2.27,1.43,4.69183,7.44787,19.6188513848841,30.9541877405949,43.521568627451,30.0925331381357,0,53.6458574347749,96.3999956863717,7.25533333333333,7.55566666666667,5.442
"1582",2025-10-13 02:21:00,1.435,2.2775,1.435,4.708235,7.4724775,19.6188513848841,30.9541877405949,43.8023529411765,30.0913519387058,0,53.6632985270223,96.4599956836868,7.293,7.599,5.425
"1583",2025-10-13 02:22:00,1.44,2.285,1.44,4.72464,7.497085,19.6188513848841,30.9541877405949,44.083137254902,30.0901707392759,0,53.6807396192697,96.519995681002,7.33066666666667,7.64233333333333,5.408
"1584",2025-10-13 02:23:00,1.445,2.2925,1.445,4.741045,7.5216925,19.6188513848841,30.9541877405949,44.3639215686274,30.088989539846,0,53.6981807115171,96.5799956783172,7.36833333333333,7.68566666666667,5.391
"1585",2025-10-13 02:24:00,1.45,2.3,1.45,4.75745,7.5463,19.6188513848841,30.9541877405949,44.6447058823529,30.0878083404161,0,53.7156218037645,96.6399956756323,7.406,7.729,5.374
"1586",2025-10-13 02:25:00,1.455,2.3075,1.455,4.773855,7.5709075,19.6188513848841,30.9541877405949,44.9254901960784,30.0866271409861,0,53.7330628960119,96.6999956729475,7.44,7.76666666666667,5.363
"1587",2025-10-13 02:26:00,1.46,2.315,1.46,4.79026,7.595515,19.8804360700159,31.0413826356388,44.6447058823529,30.0866271409861,0,53.6807247237254,96.6999956729475,7.474,7.80433333333333,5.352
"1588",2025-10-13 02:27:00,1.465,2.3225,1.465,4.806665,7.6201225,20.1420207551476,31.1285775306827,44.3639215686274,30.0866271409861,0,53.628386551439,96.6999956729475,7.508,7.842,5.341
"1589",2025-10-13 02:28:00,1.47,2.33,1.47,4.82307,7.64473,20.4036054402794,31.2157724257267,44.083137254902,30.0866271409861,0,53.5760483791526,96.6999956729475,7.542,7.87966666666667,5.33
"1590",2025-10-13 02:29:00,1.475,2.3375,1.475,4.839475,7.6693375,20.6651901254112,31.3029673207706,43.8023529411765,30.0866271409861,0,53.5237102068661,96.6999956729475,7.576,7.91733333333333,5.319
"1591",2025-10-13 02:30:00,1.48,2.345,1.48,4.85588,7.693945,20.926774810543,31.3901622158145,43.521568627451,30.0866271409861,0,53.4713720345797,96.6999956729475,7.61,7.955,5.308
"1592",2025-10-13 02:31:00,1.485,2.3525,1.485,4.872285,7.7185525,20.6651901254112,31.0413826356388,43.2407843137255,30.0860365412712,0,53.5149902771358,96.5999956774222,7.6475,7.99166666666667,5.29666666666667
"1593",2025-10-13 02:32:00,1.49,2.36,1.49,4.88869,7.74316,20.4036054402794,30.6926030554631,42.96,30.0854459415562,0,53.558608519692,96.499995681897,7.685,8.02833333333333,5.28533333333333
"1594",2025-10-13 02:33:00,1.495,2.3675,1.495,4.905095,7.7677675,20.1420207551476,30.3438234752874,42.6792156862745,30.0848553418413,0,53.6022267622481,96.3999956863717,7.7225,8.065,5.274
"1595",2025-10-13 02:34:00,1.5,2.375,1.5,4.9215,7.792375,19.8804360700159,29.9950438951116,42.398431372549,30.0842647421263,0,53.6458450048043,96.2999956908464,7.76,8.10166666666667,5.26266666666667
"1596",2025-10-13 02:35:00,1.505,2.3825,1.505,4.937905,7.8169825,19.6188513848841,29.6462643149359,42.1176470588235,30.0836741424113,0,53.6894632473604,96.1999956953211,7.7975,8.13833333333333,5.25133333333333
"1597",2025-10-13 02:36:00,1.51,2.39,1.51,4.95431,7.84159,19.6188513848841,29.6462643149359,42.1176470588235,30.0848553418413,0,53.6894632473604,96.2799956917413,7.835,8.175,5.24
"1598",2025-10-13 02:37:00,1.515,2.3975,1.515,4.970715,7.8661975,19.6188513848841,29.6462643149359,42.1176470588235,30.0860365412712,0,53.6894632473604,96.3599956881615,7.86433333333333,8.21383333333333,5.22516666666667
"1599",2025-10-13 02:38:00,1.52,2.405,1.52,4.98712,7.890805,19.6188513848841,29.6462643149359,42.1176470588235,30.0872177407011,0,53.6894632473604,96.4399956845818,7.89366666666667,8.25266666666667,5.21033333333333
"1600",2025-10-13 02:39:00,1.525,2.4125,1.525,5.003525,7.9154125,19.6188513848841,29.6462643149359,42.1176470588235,30.088398940131,0,53.6894632473604,96.519995681002,7.923,8.2915,5.1955
"1601",2025-10-13 02:40:00,1.53,2.42,1.53,5.01993,7.94002,19.6188513848841,29.6462643149359,42.1176470588235,30.0895801395609,0,53.6894632473604,96.5999956774222,7.95233333333333,8.33033333333333,5.18066666666667
"1602",2025-10-13 02:41:00,1.5295,2.418,1.5295,5.0182895,7.933458,19.7932411749719,30.6926030554631,40.9945098039216,30.088989539846,0,53.6632960410391,96.7199956720526,7.98166666666667,8.36916666666667,5.16583333333333
"1603",2025-10-13 02:42:00,1.529,2.416,1.529,5.016649,7.926896,19.9676309650598,31.7389417959902,39.8713725490196,30.088398940131,0,53.6371288347178,96.8399956666829,8.011,8.408,5.151
"1604",2025-10-13 02:43:00,1.5285,2.414,1.5285,5.0150085,7.920334,20.1420207551476,32.7852805365174,38.7482352941176,30.0878083404161,0,53.6109616283964,96.9599956613132,8.06016666666667,8.4435,5.13516666666667
"1605",2025-10-13 02:44:00,1.528,2.412,1.528,5.013368,7.913772,20.3164105452355,33.8316192770445,37.6250980392157,30.0872177407011,0,53.5847944220751,97.0799956559436,8.10933333333333,8.479,5.11933333333333
"1606",2025-10-13 02:45:00,1.5275,2.41,1.5275,5.0117275,7.90721,20.4908003353234,34.8779580175717,36.5019607843137,30.0866271409861,0,53.5586272157538,97.1999956505739,8.1585,8.5145,5.1035
"1607",2025-10-13 02:46:00,1.527,2.408,1.527,5.010087,7.900648,20.3164105452355,35.3139324927913,37.0635294117647,30.0854459415562,0,53.567350859153,97.1399956532587,8.20766666666667,8.55,5.08766666666667
"1608",2025-10-13 02:47:00,1.5265,2.406,1.5265,5.0084465,7.894086,20.1420207551476,35.749906968011,37.6250980392157,30.0842647421263,0,53.5760745025522,97.0799956559436,8.25683333333333,8.5855,5.07183333333333
"1609",2025-10-13 02:48:00,1.526,2.404,1.526,5.006806,7.887524,19.9676309650598,36.1858814432306,38.1866666666667,30.0830835426964,0,53.5847981459513,97.0199956586284,8.306,8.621,5.056
"1610",2025-10-13 02:49:00,1.5255,2.402,1.5255,5.0051655,7.880962,19.7932411749719,36.6218559184503,38.7482352941176,30.0819023432665,0,53.5935217893505,96.9599956613132,8.33433333333333,8.64883333333333,5.039
"1611",2025-10-13 02:50:00,1.525,2.4,1.525,5.003525,7.8744,19.6188513848841,37.0578303936699,39.3098039215686,30.0807211438365,0,53.6022454327497,96.8999956639981,8.36266666666667,8.67666666666667,5.022
"1612",2025-10-13 02:51:00,1.5245,2.398,1.5245,5.0018845,7.867838,19.7932411749719,36.0114916531428,39.3098039215686,30.0824929429814,0,53.6196889956719,96.879995664893,8.391,8.7045,5.005
"1613",2025-10-13 02:52:00,1.524,2.396,1.524,5.000244,7.861276,19.9676309650598,34.9651529126156,39.3098039215686,30.0842647421263,0,53.637132558594,96.859995665788,8.41933333333333,8.73233333333333,4.988
"1614",2025-10-13 02:53:00,1.5235,2.394,1.5235,4.9986035,7.854714,20.1420207551476,33.9188141720885,39.3098039215686,30.0860365412712,0,53.6545761215161,96.8399956666829,8.44766666666667,8.76016666666667,4.971
"1615",2025-10-13 02:54:00,1.523,2.392,1.523,4.996963,7.848152,20.3164105452355,32.8724754315613,39.3098039215686,30.0878083404161,0,53.6720196844383,96.8199956675778,8.476,8.788,4.954
"1616",2025-10-13 02:55:00,1.5225,2.39,1.5225,4.9953225,7.84159,20.4908003353234,31.8261366910342,39.3098039215686,30.0895801395609,0,53.6894632473604,96.7999956684728,8.49983333333333,8.81366666666667,4.9365
"1617",2025-10-13 02:56:00,1.522,2.388,1.522,4.993682,7.835028,20.3164105452355,32.000526481122,39.3098039215686,30.0901707392759,0,53.7156193585672,96.7599956702627,8.52366666666667,8.83933333333333,4.919
"1618",2025-10-13 02:57:00,1.5215,2.386,1.5215,4.9920415,7.828466,20.1420207551476,32.1749162712099,39.3098039215686,30.0907613389909,0,53.741775469774,96.7199956720526,8.5475,8.865,4.9015
"1619",2025-10-13 02:58:00,1.521,2.384,1.521,4.990401,7.821904,19.9676309650598,32.3493060612977,39.3098039215686,30.0913519387058,0,53.7679315809808,96.6799956738425,8.57133333333333,8.89066666666667,4.884
"1620",2025-10-13 02:59:00,1.5205,2.382,1.5205,4.9887605,7.815342,19.7932411749719,32.5236958513856,39.3098039215686,30.0919425384208,0,53.7940876921876,96.6399956756323,8.59516666666667,8.91633333333333,4.8665
"1621",2025-10-13 03:00:00,1.52,2.38,1.52,4.98712,7.80878,19.6188513848841,32.6980856414735,39.3098039215686,30.0925331381357,0,53.8202438033944,96.5999956774222,8.619,8.942,4.849
"1622",2025-10-13 03:01:00,1.531,2.3985,1.531,5.023211,7.8694785,19.8804360700159,32.9596703266052,39.3098039215686,30.0925331381357,0,53.7940876921876,96.6399956756323,8.662,8.96883333333333,4.83316666666667
"1623",2025-10-13 03:02:00,1.542,2.417,1.542,5.059302,7.930177,20.1420207551476,33.221255011737,39.3098039215686,30.0925331381357,0,53.7679315809808,96.6799956738425,8.705,8.99566666666667,4.81733333333333
"1624",2025-10-13 03:03:00,1.553,2.4355,1.553,5.095393,7.9908755,20.4036054402794,33.4828396968688,39.3098039215686,30.0925331381357,0,53.741775469774,96.7199956720526,8.748,9.0225,4.8015
"1625",2025-10-13 03:04:00,1.564,2.454,1.564,5.131484,8.051574,20.6651901254112,33.7444243820006,39.3098039215686,30.0925331381357,0,53.7156193585672,96.7599956702627,8.791,9.04933333333333,4.78566666666667
"1626",2025-10-13 03:05:00,1.575,2.4725,1.575,5.167575,8.1122725,20.926774810543,34.0060090671324,39.3098039215686,30.0925331381357,0,53.6894632473604,96.7999956684728,8.834,9.07616666666667,4.76983333333333
"1627",2025-10-13 03:06:00,1.586,2.491,1.586,5.203666,8.172971,20.6651901254112,34.441983542352,39.3098039215686,30.0919425384208,0,53.6981831770907,96.859995665788,8.877,9.103,4.754
"1628",2025-10-13 03:07:00,1.597,2.5095,1.597,5.239757,8.2336695,20.4036054402794,34.8779580175717,39.3098039215686,30.0913519387058,0,53.706903106821,96.9199956631031,8.8915,9.1315,4.73916666666667
"1629",2025-10-13 03:08:00,1.608,2.528,1.608,5.275848,8.294368,20.1420207551476,35.3139324927913,39.3098039215686,30.0907613389909,0,53.7156230365513,96.9799956604183,8.906,9.16,4.72433333333333
"1630",2025-10-13 03:09:00,1.619,2.5465,1.619,5.311939,8.3550665,19.8804360700159,35.749906968011,39.3098039215686,30.0901707392759,0,53.7243429662816,97.0399956577335,8.9205,9.1885,4.7095
"1631",2025-10-13 03:10:00,1.63,2.565,1.63,5.34803,8.415765,19.6188513848841,36.1858814432306,39.3098039215686,30.0895801395609,0,53.7330628960119,97.0999956550486,8.935,9.217,4.69466666666667
"1632",2025-10-13 03:11:00,1.641,2.5835,1.641,5.384121,8.4764635,19.706046279928,35.4011273878353,37.9058823529412,30.0913519387058,0,53.7417815980508,97.0599956568385,8.9495,9.2455,4.67983333333333
"1633",2025-10-13 03:12:00,1.652,2.602,1.652,5.420212,8.537162,19.7932411749719,34.6163733324399,36.5019607843137,30.0931237378507,0,53.7505003000897,97.0199956586284,8.964,9.274,4.665
"1634",2025-10-13 03:13:00,1.663,2.6205,1.663,5.456303,8.5978605,19.8804360700159,33.8316192770445,35.0980392156863,30.0948955369956,0,53.7592190021287,96.9799956604183,8.99683333333333,9.30183333333333,4.64816666666667
"1635",2025-10-13 03:14:00,1.674,2.639,1.674,5.492394,8.658559,19.9676309650598,33.0468652216492,33.6941176470588,30.0966673361404,0,53.7679377041676,96.9399956622082,9.02966666666667,9.32966666666667,4.63133333333333
"1636",2025-10-13 03:15:00,1.685,2.6575,1.685,5.528485,8.7192575,20.0548258601037,32.2621111662538,32.2901960784314,30.0984391352853,0,53.7766564062066,96.8999956639981,9.0625,9.3575,4.6145
"1637",2025-10-13 03:16:00,1.696,2.676,1.696,5.564576,8.779956,20.3164105452355,32.087721376166,32.8517647058824,30.0972579358554,0,53.7679377041676,96.8999956639981,9.09533333333333,9.38533333333333,4.59766666666667
"1638",2025-10-13 03:17:00,1.707,2.6945,1.707,5.600667,8.8406545,20.5779952303673,31.9133315860781,33.4133333333333,30.0960767364255,0,53.7592190021287,96.8999956639981,9.12816666666667,9.41316666666667,4.58083333333333
"1639",2025-10-13 03:18:00,1.718,2.713,1.718,5.636758,8.901353,20.8395799154991,31.7389417959902,33.9749019607843,30.0948955369956,0,53.7505003000897,96.8999956639981,9.161,9.441,4.564
"1640",2025-10-13 03:19:00,1.729,2.7315,1.729,5.672849,8.9620515,21.1011646006309,31.5645520059024,34.5364705882353,30.0937143375656,0,53.7417815980508,96.8999956639981,9.179,9.4695,4.54583333333333
"1641",2025-10-13 03:20:00,1.74,2.75,1.74,5.70894,9.02275,21.3627492857627,31.3901622158145,35.0980392156863,30.0925331381357,0,53.7330628960119,96.8999956639981,9.197,9.498,4.52766666666667
"1642",2025-10-13 03:21:00,1.7335,2.7395,1.7335,5.6876135,8.9882995,21.2755543907187,31.9133315860781,35.0980392156863,30.0907613389909,0,53.7504990774884,96.8999956639981,9.215,9.5265,4.5095
"1643",2025-10-13 03:22:00,1.727,2.729,1.727,5.666287,8.953849,21.1883594956748,32.4365009563417,35.0980392156863,30.088989539846,0,53.7679352589649,96.8999956639981,9.233,9.555,4.49133333333333
"1644",2025-10-13 03:23:00,1.7205,2.7185,1.7205,5.6449605,8.9193985,21.1011646006309,32.9596703266052,35.0980392156863,30.0872177407011,0,53.7853714404414,96.8999956639981,9.251,9.5835,4.47316666666667
"1645",2025-10-13 03:24:00,1.714,2.708,1.714,5.623634,8.884948,21.0139697055869,33.4828396968688,35.0980392156863,30.0854459415562,0,53.8028076219179,96.8999956639981,9.269,9.612,4.455
"1646",2025-10-13 03:25:00,1.7075,2.6975,1.7075,5.6023075,8.8504975,20.926774810543,34.0060090671324,35.0980392156863,30.0836741424113,0,53.8202438033944,96.8999956639981,9.29416666666667,9.63433333333333,4.436
"1647",2025-10-13 03:26:00,1.701,2.687,1.701,5.580981,8.816047,20.8395799154991,33.0468652216492,36.5019607843137,30.0836741424113,0,53.8115263239568,96.859995665788,9.31933333333333,9.65666666666667,4.417
"1648",2025-10-13 03:27:00,1.6945,2.6765,1.6945,5.5596545,8.7815965,20.7523850204552,32.087721376166,37.9058823529412,30.0836741424113,0,53.8028088445193,96.8199956675778,9.3445,9.679,4.398
"1649",2025-10-13 03:28:00,1.688,2.666,1.688,5.538328,8.747146,20.6651901254112,31.1285775306827,39.3098039215686,30.0836741424113,0,53.7940913650817,96.7799956693677,9.36966666666667,9.70133333333333,4.379
"1650",2025-10-13 03:29:00,1.6815,2.6555,1.6815,5.5170015,8.7126955,20.5779952303673,30.1694336851995,40.7137254901961,30.0836741424113,0,53.7853738856441,96.7399956711576,9.39483333333333,9.72366666666667,4.36
"1651",2025-10-13 03:30:00,1.675,2.645,1.675,5.495675,8.678245,20.4908003353234,29.2102898397163,42.1176470588235,30.0836741424113,0,53.7766564062066,96.6999956729475,9.42,9.746,4.341
"1652",2025-10-13 03:31:00,1.6685,2.6345,1.6685,5.4743485,8.6437945,20.3164105452355,29.4718745248481,41.5560784313725,30.0819023432665,0,53.8028051970482,96.6999956729475,9.46816666666667,9.768,4.32016666666667
"1653",2025-10-13 03:32:00,1.662,2.624,1.662,5.453022,8.609344,20.1420207551476,29.7334592099799,40.9945098039216,30.0801305441216,0,53.8289539878899,96.6999956729475,9.51633333333333,9.79,4.29933333333333
"1654",2025-10-13 03:33:00,1.6555,2.6135,1.6555,5.4316955,8.5748935,19.9676309650598,29.9950438951116,40.4329411764706,30.0783587449767,0,53.8551027787315,96.6999956729475,9.5645,9.812,4.2785
"1655",2025-10-13 03:34:00,1.649,2.603,1.649,5.410369,8.540443,19.7932411749719,30.2566285802434,39.8713725490196,30.0765869458318,0,53.8812515695732,96.6999956729475,9.61266666666667,9.834,4.25766666666667
"1656",2025-10-13 03:35:00,1.6425,2.5925,1.6425,5.3890425,8.5059925,19.6188513848841,30.5182132653752,39.3098039215686,30.074815146687,0,53.9074003604149,96.6999956729475,9.66083333333333,9.856,4.23683333333333
"1657",2025-10-13 03:36:00,1.636,2.582,1.636,5.367716,8.471542,19.9676309650598,31.2157724257267,39.8713725490196,30.0754057464019,0,53.8986853109316,96.6799956738425,9.709,9.878,4.216
"1658",2025-10-13 03:37:00,1.6295,2.5715,1.6295,5.3463895,8.4370915,20.3164105452355,31.9133315860781,40.4329411764706,30.0759963461169,0,53.8899702614484,96.6599956747374,9.7045,9.89866666666667,4.1985
"1659",2025-10-13 03:38:00,1.623,2.561,1.623,5.325063,8.402641,20.6651901254112,32.6108907464295,40.9945098039216,30.0765869458318,0,53.8812552119652,96.6399956756323,9.7,9.91933333333333,4.181
"1660",2025-10-13 03:39:00,1.6165,2.5505,1.6165,5.3037365,8.3681905,21.0139697055869,33.308449906781,41.5560784313725,30.0771775455468,0,53.8725401624819,96.6199956765273,9.6955,9.94,4.1635
"1661",2025-10-13 03:40:00,1.61,2.54,1.61,5.28241,8.33374,21.3627492857627,34.0060090671324,42.1176470588235,30.0777681452618,0,53.8638251129987,96.5999956774222,9.691,9.96066666666667,4.146
"1662",2025-10-13 03:41:00,1.616,2.5485,1.616,5.302096,8.3616285,20.926774810543,33.221255011737,42.6792156862745,30.0801305441216,0,53.8638251129987,96.5999956774222,9.6865,9.98133333333333,4.1285
"1663",2025-10-13 03:42:00,1.622,2.557,1.622,5.321782,8.389517,20.4908003353234,32.4365009563417,43.2407843137255,30.0824929429814,0,53.8638251129987,96.5999956774222,9.682,10.002,4.111
"1664",2025-10-13 03:43:00,1.628,2.5655,1.628,5.341468,8.4174055,20.0548258601037,31.6517469009463,43.8023529411765,30.0848553418413,0,53.8638251129987,96.5999956774222,9.711,10.0266666666667,4.09616666666667
"1665",2025-10-13 03:44:00,1.634,2.574,1.634,5.361154,8.445294,19.6188513848841,30.8669928455509,44.3639215686274,30.0872177407011,0,53.8638251129987,96.5999956774222,9.74,10.0513333333333,4.08133333333333
"1666",2025-10-13 03:45:00,1.64,2.5825,1.64,5.38084,8.4731825,19.1828769096644,30.0822387901556,44.9254901960784,30.0895801395609,0,53.8638251129987,96.5999956774222,9.769,10.076,4.0665
"1667",2025-10-13 03:46:00,1.646,2.591,1.646,5.400526,8.501071,19.2700718047084,30.6054081604192,45.2062745098039,30.0895801395609,0,53.8463913716403,96.6199956765273,9.798,10.1006666666667,4.05166666666667
"1668",2025-10-13 03:47:00,1.652,2.5995,1.652,5.420212,8.5289595,19.3572666997523,31.1285775306827,45.4870588235294,30.0895801395609,0,53.8289576302818,96.6399956756323,9.827,10.1253333333333,4.03683333333333
"1669",2025-10-13 03:48:00,1.658,2.608,1.658,5.439898,8.556848,19.4444615947962,31.6517469009463,45.7678431372549,30.0895801395609,0,53.8115238889234,96.6599956747374,9.856,10.15,4.022
"1670",2025-10-13 03:49:00,1.664,2.6165,1.664,5.459584,8.5847365,19.5316564898401,32.1749162712099,46.0486274509804,30.0895801395609,0,53.794090147565,96.6799956738425,9.87633333333333,10.1696666666667,4.00283333333333
"1671",2025-10-13 03:50:00,1.67,2.625,1.67,5.47927,8.612625,19.6188513848841,32.6980856414735,46.3294117647059,30.0895801395609,0,53.7766564062066,96.6999956729475,9.89666666666667,10.1893333333333,3.98366666666667
"1672",2025-10-13 03:51:00,1.676,2.6335,1.676,5.498956,8.6405135,19.6188513848841,31.5645520059024,44.9254901960784,30.0878083404161,0,53.8028051970482,96.6599956747374,9.917,10.209,3.9645
"1673",2025-10-13 03:52:00,1.682,2.642,1.682,5.518642,8.668402,19.6188513848841,30.4310183703313,43.521568627451,30.0860365412712,0,53.8289539878899,96.6199956765273,9.93733333333333,10.2286666666667,3.94533333333333
"1674",2025-10-13 03:53:00,1.688,2.6505,1.688,5.538328,8.6962905,19.6188513848841,29.2974847347602,42.1176470588235,30.0842647421263,0,53.8551027787315,96.5799956783172,9.95766666666667,10.2483333333333,3.92616666666667
"1675",2025-10-13 03:54:00,1.694,2.659,1.694,5.558014,8.724179,19.6188513848841,28.1639510991891,40.7137254901961,30.0824929429814,0,53.8812515695732,96.539995680107,9.978,10.268,3.907
"1676",2025-10-13 03:55:00,1.7,2.6675,1.7,5.5777,8.7520675,19.6188513848841,27.0304174636181,39.3098039215686,30.0807211438365,0,53.9074003604149,96.499995681897,9.99033333333333,10.2871666666667,3.88633333333333
"1677",2025-10-13 03:56:00,1.706,2.676,1.706,5.597386,8.779956,19.9676309650598,28.8615102595406,39.3098039215686,30.0824929429814,0,53.9161142025344,96.5599956792121,10.0026666666667,10.3063333333333,3.86566666666667
"1678",2025-10-13 03:57:00,1.712,2.6845,1.712,5.617072,8.8078445,20.3164105452355,30.6926030554631,39.3098039215686,30.0842647421263,0,53.924828044654,96.6199956765273,10.015,10.3255,3.845
"1679",2025-10-13 03:58:00,1.718,2.693,1.718,5.636758,8.835733,20.6651901254112,32.5236958513856,39.3098039215686,30.0860365412712,0,53.9335418867735,96.6799956738425,10.0273333333333,10.3446666666667,3.82433333333333
"1680",2025-10-13 03:59:00,1.724,2.7015,1.724,5.656444,8.8636215,21.0139697055869,34.3547886473081,39.3098039215686,30.0878083404161,0,53.9422557288931,96.7399956711576,10.0396666666667,10.3638333333333,3.80366666666667
"1681",2025-10-13 04:00:00,1.73,2.71,1.73,5.67613,8.89151,21.3627492857627,36.1858814432306,39.3098039215686,30.0895801395609,0,53.9509695710126,96.7999956684728,10.052,10.383,3.783
"1682",2025-10-13 04:01:00,1.7385,2.7235,1.7385,5.7040185,8.9358035,21.3627492857627,35.5755171779231,39.3098039215686,30.0878083404161,0,53.9335406794098,96.7399956711576,10.0656666666667,10.3988333333333,3.7665
"1683",2025-10-13 04:02:00,1.747,2.737,1.747,5.731907,8.980097,21.3627492857627,34.9651529126156,39.3098039215686,30.0860365412712,0,53.916111787807,96.6799956738425,10.0793333333333,10.4146666666667,3.75
"1684",2025-10-13 04:03:00,1.7555,2.7505,1.7555,5.7597955,9.0243905,21.3627492857627,34.3547886473081,39.3098039215686,30.0842647421263,0,53.8986828962042,96.6199956765273,10.093,10.4305,3.7335
"1685",2025-10-13 04:04:00,1.764,2.764,1.764,5.787684,9.068684,21.3627492857627,33.7444243820006,39.3098039215686,30.0824929429814,0,53.8812540046015,96.5599956792121,10.1066666666667,10.4463333333333,3.717
"1686",2025-10-13 04:05:00,1.7725,2.7775,1.7725,5.8155725,9.1129775,21.3627492857627,33.1340601166931,39.3098039215686,30.0807211438365,0,53.8638251129987,96.499995681897,10.1203333333333,10.4621666666667,3.7005
"1687",2025-10-13 04:06:00,1.781,2.791,1.781,5.843461,9.157271,21.1883594956748,33.1340601166931,39.5905882352941,30.0819023432665,0,53.8725401624819,96.4599956836868,10.134,10.478,3.684
"1688",2025-10-13 04:07:00,1.7895,2.8045,1.7895,5.8713495,9.2015645,21.0139697055869,33.1340601166931,39.8713725490196,30.0830835426964,0,53.8812552119652,96.4199956854767,10.146,10.4851666666667,3.666
"1689",2025-10-13 04:08:00,1.798,2.818,1.798,5.899238,9.245858,20.8395799154991,33.1340601166931,40.1521568627451,30.0842647421263,0,53.8899702614484,96.3799956872666,10.158,10.4923333333333,3.648
"1690",2025-10-13 04:09:00,1.8065,2.8315,1.8065,5.9271265,9.2901515,20.6651901254112,33.1340601166931,40.4329411764706,30.0854459415562,0,53.8986853109316,96.3399956890565,10.17,10.4995,3.63
"1691",2025-10-13 04:10:00,1.815,2.845,1.815,5.955015,9.334445,20.4908003353234,33.1340601166931,40.7137254901961,30.0866271409861,0,53.9074003604149,96.2999956908464,10.182,10.5066666666667,3.612
"1692",2025-10-13 04:11:00,1.8235,2.8585,1.8235,5.9829035,9.3787385,20.4908003353234,33.3956448018249,40.1521568627451,30.0848553418413,0,53.9335382849503,96.2799956917413,10.194,10.5138333333333,3.594
"1693",2025-10-13 04:12:00,1.832,2.872,1.832,6.010792,9.423032,20.4908003353234,33.6572294869567,39.5905882352941,30.0830835426964,0,53.9596762094857,96.2599956926363,10.206,10.521,3.576
"1694",2025-10-13 04:13:00,1.8405,2.8855,1.8405,6.0386805,9.4673255,20.4908003353234,33.9188141720885,39.0290196078431,30.0813117435515,0,53.9858141340211,96.2399956935312,10.2145,10.5378333333333,3.5585
"1695",2025-10-13 04:14:00,1.849,2.899,1.849,6.066569,9.511619,20.4908003353234,34.1803988572203,38.4674509803922,30.0795399444066,0,54.0119520585565,96.2199956944261,10.223,10.5546666666667,3.541
"1696",2025-10-13 04:15:00,1.8575,2.9125,1.8575,6.0944575,9.5559125,20.4908003353234,34.441983542352,37.9058823529412,30.0777681452618,0,54.0380899830919,96.1999956953211,10.2315,10.5715,3.5235
"1697",2025-10-13 04:16:00,1.866,2.926,1.866,6.122346,9.600206,20.2292156501916,33.0468652216492,38.4674509803922,30.0783587449767,0,54.0468002335091,96.1999956953211,10.24,10.5883333333333,3.506
"1698",2025-10-13 04:17:00,1.8745,2.9395,1.8745,6.1502345,9.6444995,19.9676309650598,31.6517469009463,39.0290196078431,30.0789493446917,0,54.0555104839263,96.1999956953211,10.2485,10.6051666666667,3.4885
"1699",2025-10-13 04:18:00,1.883,2.953,1.883,6.178123,9.688793,19.706046279928,30.2566285802434,39.5905882352941,30.0795399444066,0,54.0642207343435,96.1999956953211,10.257,10.622,3.471
"1700",2025-10-13 04:19:00,1.8915,2.9665,1.8915,6.2060115,9.7330865,19.4444615947962,28.8615102595406,40.1521568627451,30.0801305441216,0,54.0729309847607,96.1999956953211,10.2688333333333,10.6378333333333,3.4585
"1701",2025-10-13 04:20:00,1.9,2.98,1.9,6.2339,9.77738,19.1828769096644,27.4663919388377,40.7137254901961,30.0807211438365,0,54.081641235178,96.1999956953211,10.2806666666667,10.6536666666667,3.446
"1702",2025-10-13 04:21:00,1.891,2.966,1.891,6.204371,9.731446,19.7932411749719,28.4255357843209,40.1521568627451,30.0807211438365,0,54.0380780107421,96.1399956980059,10.2925,10.6695,3.4335
"1703",2025-10-13 04:22:00,1.882,2.952,1.882,6.174842,9.685512,20.4036054402794,29.3846796298041,39.5905882352941,30.0807211438365,0,53.9945147863063,96.0799957006907,10.3043333333333,10.6853333333333,3.421
"1704",2025-10-13 04:23:00,1.873,2.938,1.873,6.145313,9.639578,21.0139697055869,30.3438234752874,39.0290196078431,30.0807211438365,0,53.9509515618704,96.0199957033756,10.3161666666667,10.7011666666667,3.4085
"1705",2025-10-13 04:24:00,1.864,2.924,1.864,6.115784,9.593644,21.6243339708944,31.3029673207706,38.4674509803922,30.0807211438365,0,53.9073883374345,95.9599957060604,10.328,10.717,3.396
"1706",2025-10-13 04:25:00,1.855,2.91,1.855,6.086255,9.54771,22.234698236202,32.2621111662538,37.9058823529412,30.0807211438365,0,53.8638251129987,95.8999957087452,10.336,10.7258333333333,3.385
"1707",2025-10-13 04:26:00,1.846,2.896,1.846,6.056726,9.501776,21.8859186560262,34.0060090671324,39.8713725490196,30.0824929429814,0,53.8812540046015,95.9799957051655,10.344,10.7346666666667,3.374
"1708",2025-10-13 04:27:00,1.837,2.882,1.837,6.027197,9.455842,21.5371390758505,35.749906968011,41.836862745098,30.0842647421263,0,53.8986828962042,96.0599957015857,10.352,10.7435,3.363
"1709",2025-10-13 04:28:00,1.828,2.868,1.828,5.997668,9.409908,21.1883594956748,37.4938048688896,43.8023529411765,30.0860365412712,0,53.916111787807,96.1399956980059,10.36,10.7523333333333,3.352
"1710",2025-10-13 04:29:00,1.819,2.854,1.819,5.968139,9.363974,20.8395799154991,39.2377027697681,45.7678431372549,30.0878083404161,0,53.9335406794098,96.2199956944261,10.368,10.7611666666667,3.341
"1711",2025-10-13 04:30:00,1.81,2.84,1.81,5.93861,9.31804,20.4908003353234,40.9816006706467,47.7333333333333,30.0895801395609,0,53.9509695710126,96.2999956908464,10.376,10.77,3.33
"1712",2025-10-13 04:31:00,1.801,2.826,1.801,5.909081,9.272106,20.2292156501916,38.8017282945485,47.1717647058824,30.0907613389909,0,53.9771039038457,96.2799956917413,10.3801666666667,10.7738333333333,3.31366666666667
"1713",2025-10-13 04:32:00,1.792,2.812,1.792,5.879552,9.226172,19.9676309650598,36.6218559184503,46.6101960784314,30.0919425384208,0,54.0032382366788,96.2599956926363,10.3843333333333,10.7776666666667,3.29733333333333
"1714",2025-10-13 04:33:00,1.783,2.798,1.783,5.850023,9.180238,19.706046279928,34.441983542352,46.0486274509804,30.0931237378507,0,54.0293725695118,96.2399956935312,10.3885,10.7815,3.281
"1715",2025-10-13 04:34:00,1.774,2.784,1.774,5.820494,9.134304,19.4444615947962,32.2621111662538,45.4870588235294,30.0943049372806,0,54.0555069023449,96.2199956944261,10.3926666666667,10.7853333333333,3.26466666666667
"1716",2025-10-13 04:35:00,1.765,2.77,1.765,5.790965,9.08837,19.1828769096644,30.0822387901556,44.9254901960784,30.0954861367105,0,54.081641235178,96.1999956953211,10.3968333333333,10.7891666666667,3.24833333333333
"1717",2025-10-13 04:36:00,1.756,2.756,1.756,5.761436,9.042436,19.1828769096644,29.559069419892,45.2062745098039,30.0943049372806,0,54.081641235178,96.1999956953211,10.401,10.793,3.232
"1718",2025-10-13 04:37:00,1.747,2.742,1.747,5.731907,8.996502,19.1828769096644,29.0359000496284,45.4870588235294,30.0931237378507,0,54.081641235178,96.1999956953211,10.4071666666667,10.7935,3.21333333333333
"1719",2025-10-13 04:38:00,1.738,2.728,1.738,5.702378,8.950568,19.1828769096644,28.5127306793649,45.7678431372549,30.0919425384208,0,54.081641235178,96.1999956953211,10.4133333333333,10.794,3.19466666666667
"1720",2025-10-13 04:39:00,1.729,2.714,1.729,5.672849,8.904634,19.1828769096644,27.9895613091013,46.0486274509804,30.0907613389909,0,54.081641235178,96.1999956953211,10.4195,10.7945,3.176
"1721",2025-10-13 04:40:00,1.72,2.7,1.72,5.64332,8.8587,19.1828769096644,27.4663919388377,46.3294117647059,30.0895801395609,0,54.081641235178,96.1999956953211,10.4256666666667,10.795,3.15733333333333
"1722",2025-10-13 04:41:00,1.722,2.704,1.722,5.649882,8.871824,19.1828769096644,28.5127306793649,45.4870588235294,30.088989539846,0,54.0729309847607,96.1999956953211,10.4318333333333,10.7955,3.13866666666667
"1723",2025-10-13 04:42:00,1.724,2.708,1.724,5.656444,8.884948,19.1828769096644,29.559069419892,44.6447058823529,30.088398940131,0,54.0642207343435,96.1999956953211,10.438,10.796,3.12
"1724",2025-10-13 04:43:00,1.726,2.712,1.726,5.663006,8.898072,19.1828769096644,30.6054081604192,43.8023529411765,30.0878083404161,0,54.0555104839263,96.1999956953211,10.4303333333333,10.795,3.10466666666667
"1725",2025-10-13 04:44:00,1.728,2.716,1.728,5.669568,8.911196,19.1828769096644,31.6517469009463,42.96,30.0872177407011,0,54.0468002335091,96.1999956953211,10.4226666666667,10.794,3.08933333333333
"1726",2025-10-13 04:45:00,1.73,2.72,1.73,5.67613,8.92432,19.1828769096644,32.6980856414735,42.1176470588235,30.0866271409861,0,54.0380899830919,96.1999956953211,10.415,10.793,3.074
"1727",2025-10-13 04:46:00,1.732,2.724,1.732,5.682692,8.937444,19.4444615947962,33.1340601166931,43.2407843137255,30.0872177407011,0,54.0468002335091,96.1399956980059,10.4073333333333,10.792,3.05866666666667
"1728",2025-10-13 04:47:00,1.734,2.728,1.734,5.689254,8.950568,19.706046279928,33.5700345919127,44.3639215686275,30.0878083404161,0,54.0555104839263,96.0799957006907,10.3996666666667,10.791,3.04333333333333
"1729",2025-10-13 04:48:00,1.736,2.732,1.736,5.695816,8.963692,19.9676309650598,34.0060090671324,45.4870588235294,30.088398940131,0,54.0642207343435,96.0199957033756,10.392,10.79,3.028
"1730",2025-10-13 04:49:00,1.738,2.736,1.738,5.702378,8.976816,20.2292156501916,34.441983542352,46.6101960784314,30.088989539846,0,54.0729309847607,95.9599957060604,10.4056666666667,10.7828333333333,3.02316666666667
"1731",2025-10-13 04:50:00,1.74,2.74,1.74,5.70894,8.98994,20.4908003353234,34.8779580175717,47.7333333333333,30.0895801395609,0,54.081641235178,95.8999957087452,10.4193333333333,10.7756666666667,3.01833333333333
"1732",2025-10-13 04:51:00,1.742,2.744,1.742,5.715502,9.003064,20.4036054402794,33.6572294869567,47.7333333333333,30.0895801395609,0,54.0990581796928,95.8599957105351,10.433,10.7685,3.0135
"1733",2025-10-13 04:52:00,1.744,2.748,1.744,5.722064,9.016188,20.3164105452355,32.4365009563417,47.7333333333333,30.0895801395609,0,54.1164751242077,95.819995712325,10.4466666666667,10.7613333333333,3.00866666666667
"1734",2025-10-13 04:53:00,1.746,2.752,1.746,5.728626,9.029312,20.2292156501916,31.2157724257267,47.7333333333333,30.0895801395609,0,54.1338920687225,95.7799957141149,10.4603333333333,10.7541666666667,3.00383333333333
"1735",2025-10-13 04:54:00,1.748,2.756,1.748,5.735188,9.042436,20.1420207551476,29.9950438951116,47.7333333333333,30.0895801395609,0,54.1513090132373,95.7399957159048,10.474,10.747,2.999
"1736",2025-10-13 04:55:00,1.75,2.76,1.75,5.74175,9.05556,20.0548258601037,28.7743153644966,47.7333333333333,30.0895801395609,0,54.1687259577522,95.6999957176947,10.4663333333333,10.742,2.993
"1737",2025-10-13 04:56:00,1.752,2.764,1.752,5.748312,9.068684,20.0548258601037,29.8206541050238,48.0141176470588,30.0901707392759,0,54.1338873202284,95.6999957176947,10.4586666666667,10.737,2.987
"1738",2025-10-13 04:57:00,1.754,2.768,1.754,5.754874,9.081808,20.0548258601037,30.8669928455509,48.2949019607843,30.0907613389909,0,54.0990486827046,95.6999957176947,10.451,10.732,2.981
"1739",2025-10-13 04:58:00,1.756,2.772,1.756,5.761436,9.094932,20.0548258601037,31.9133315860781,48.5756862745098,30.0913519387058,0,54.0642100451808,95.6999957176947,10.4433333333333,10.727,2.975
"1740",2025-10-13 04:59:00,1.758,2.776,1.758,5.767998,9.108056,20.0548258601037,32.9596703266052,48.8564705882353,30.0919425384208,0,54.029371407657,95.6999957176947,10.4356666666667,10.722,2.969
"1741",2025-10-13 05:00:00,1.76,2.78,1.76,5.77456,9.12118,20.0548258601037,34.0060090671324,49.1372549019608,30.0925331381357,0,53.9945327701332,95.6999957176947,10.428,10.717,2.963
"1742",2025-10-13 05:01:00,1.7705,2.796,1.7705,5.8090105,9.173676,19.9676309650598,33.1340601166931,48.2949019607843,30.0925331381357,0,54.0467836440337,95.6999957176947,10.409,10.7083333333333,2.94816666666667
"1743",2025-10-13 05:02:00,1.781,2.812,1.781,5.843461,9.226172,19.8804360700159,32.2621111662538,47.4525490196078,30.0925331381357,0,54.0990345179343,95.6999957176947,10.39,10.6996666666667,2.93333333333333
"1744",2025-10-13 05:03:00,1.7915,2.828,1.7915,5.8779115,9.278668,19.7932411749719,31.3901622158145,46.6101960784314,30.0925331381357,0,54.1512853918349,95.6999957176947,10.371,10.691,2.9185
"1745",2025-10-13 05:04:00,1.802,2.844,1.802,5.912362,9.331164,19.706046279928,30.5182132653752,45.7678431372549,30.0925331381357,0,54.2035362657355,95.6999957176947,10.352,10.6823333333333,2.90366666666667
"1746",2025-10-13 05:05:00,1.8125,2.86,1.8125,5.9468125,9.38366,19.6188513848841,29.6462643149359,44.9254901960784,30.0925331381357,0,54.255787139636,95.6999957176947,10.333,10.6736666666667,2.88883333333333
"1747",2025-10-13 05:06:00,1.823,2.876,1.823,5.981263,9.436156,19.5316564898401,30.9541877405949,44.9254901960784,30.0931237378507,0,54.2644915048609,95.6599957194846,10.314,10.665,2.874
"1748",2025-10-13 05:07:00,1.8335,2.892,1.8335,6.0157135,9.488652,19.4444615947962,32.2621111662538,44.9254901960784,30.0937143375656,0,54.2731958700857,95.6199957212744,10.3146666666667,10.6556666666667,2.8675
"1749",2025-10-13 05:08:00,1.844,2.908,1.844,6.050164,9.541148,19.3572666997523,33.5700345919127,44.9254901960784,30.0943049372806,0,54.2819002353105,95.5799957230643,10.3153333333333,10.6463333333333,2.861
"1750",2025-10-13 05:09:00,1.8545,2.924,1.8545,6.0846145,9.593644,19.2700718047084,34.8779580175717,44.9254901960784,30.0948955369956,0,54.2906046005354,95.5399957248542,10.316,10.637,2.8545
"1751",2025-10-13 05:10:00,1.865,2.94,1.865,6.119065,9.64614,19.1828769096644,36.1858814432306,44.9254901960784,30.0954861367105,0,54.2993089657602,95.4999957266441,10.3166666666667,10.6276666666667,2.848
"1752",2025-10-13 05:11:00,1.8755,2.956,1.8755,6.1535155,9.698636,19.3572666997523,34.9651529126156,45.2062745098039,30.0948955369956,0,54.2818990683453,95.3999957311188,10.3173333333333,10.6183333333333,2.8415
"1753",2025-10-13 05:12:00,1.886,2.972,1.886,6.187966,9.751132,19.5316564898401,33.7444243820006,45.4870588235294,30.0943049372806,0,54.2644891709304,95.2999957355936,10.318,10.609,2.835
"1754",2025-10-13 05:13:00,1.8965,2.988,1.8965,6.2224165,9.803628,19.706046279928,32.5236958513856,45.7678431372549,30.0937143375656,0,54.2470792735155,95.1999957400683,10.3026666666667,10.6008333333333,2.8295
"1755",2025-10-13 05:14:00,1.907,3.004,1.907,6.256867,9.856124,19.8804360700159,31.3029673207706,46.0486274509804,30.0931237378507,0,54.2296693761005,95.099995744543,10.2873333333333,10.5926666666667,2.824
"1756",2025-10-13 05:15:00,1.9175,3.02,1.9175,6.2913175,9.90862,20.0548258601037,30.0822387901556,46.3294117647059,30.0925331381357,0,54.2122594786856,94.9999957490177,10.272,10.5845,2.8185
"1757",2025-10-13 05:16:00,1.928,3.036,1.928,6.325768,9.961116,20.1420207551476,30.4310183703313,45.7678431372549,30.0943049372806,0,54.2383725793863,94.9399957517025,10.2566666666667,10.5763333333333,2.813
"1758",2025-10-13 05:17:00,1.9385,3.052,1.9385,6.3602185,10.013612,20.2292156501916,30.779797950507,45.2062745098039,30.0960767364255,0,54.2644856800869,94.8799957543874,10.2413333333333,10.5681666666667,2.8075
"1759",2025-10-13 05:18:00,1.949,3.068,1.949,6.394669,10.066108,20.3164105452355,31.1285775306827,44.6447058823529,30.0978485355704,0,54.2905987807875,94.8199957570722,10.226,10.56,2.802
"1760",2025-10-13 05:19:00,1.9595,3.084,1.9595,6.4291195,10.118604,20.4036054402794,31.4773571108584,44.083137254902,30.0996203347152,0,54.3167118814882,94.759995759757,10.23,10.5496666666667,2.79216666666667
"1761",2025-10-13 05:20:00,1.97,3.1,1.97,6.46357,10.1711,20.4908003353234,31.8261366910342,43.521568627451,30.1013921338601,0,54.3428249821888,94.6999957624419,10.234,10.5393333333333,2.78233333333333
"1762",2025-10-13 05:21:00,1.96,3.0855,1.96,6.43076,10.1235255,20.4908003353234,32.6980856414735,44.083137254902,30.0990297350003,0,54.3515270285565,94.6599957642318,10.238,10.529,2.7725
"1763",2025-10-13 05:22:00,1.95,3.071,1.95,6.39795,10.075951,20.4908003353234,33.5700345919127,44.6447058823529,30.0966673361404,0,54.3602290749242,94.6199957660216,10.242,10.5186666666667,2.76266666666667
"1764",2025-10-13 05:23:00,1.94,3.0565,1.94,6.36514,10.0283765,20.4908003353234,34.441983542352,45.2062745098039,30.0943049372806,0,54.3689311212919,94.5799957678115,10.246,10.5083333333333,2.75283333333333
"1765",2025-10-13 05:24:00,1.93,3.042,1.93,6.33233,9.980802,20.4908003353234,35.3139324927913,45.7678431372549,30.0919425384208,0,54.3776331676596,94.5399957696014,10.25,10.498,2.743
"1766",2025-10-13 05:25:00,1.92,3.0275,1.92,6.29952,9.9332275,20.4908003353234,36.1858814432306,46.3294117647059,30.0895801395609,0,54.3863352140273,94.4999957713913,10.2208333333333,10.4903333333333,2.73033333333333
"1767",2025-10-13 05:26:00,1.91,3.013,1.91,6.26671,9.885653,20.5779952303673,35.4883222828792,46.8909803921569,30.0913519387058,0,54.4124344617539,94.4799957722862,10.1916666666667,10.4826666666667,2.71766666666667
"1768",2025-10-13 05:27:00,1.9,2.9985,1.9,6.2339,9.8380785,20.6651901254112,34.7907631225278,47.4525490196079,30.0931237378507,0,54.4385337094806,94.4599957731812,10.1625,10.475,2.705
"1769",2025-10-13 05:28:00,1.89,2.984,1.89,6.20109,9.790504,20.7523850204552,34.0932039621763,48.0141176470588,30.0948955369956,0,54.4646329572072,94.4399957740761,10.1333333333333,10.4673333333333,2.69233333333333
"1770",2025-10-13 05:29:00,1.88,2.9695,1.88,6.16828,9.7429295,20.8395799154991,33.3956448018249,48.5756862745098,30.0966673361404,0,54.4907322049339,94.4199957749711,10.1041666666667,10.4596666666667,2.67966666666667
"1771",2025-10-13 05:30:00,1.87,2.955,1.87,6.13547,9.695355,20.926774810543,32.6980856414735,49.1372549019608,30.0984391352853,0,54.5168314526605,94.399995775866,10.075,10.452,2.667
"1772",2025-10-13 05:31:00,1.86,2.9405,1.86,6.10266,9.6477805,21.0139697055869,33.0468652216492,48.2949019607843,30.0972579358554,0,54.5168314526605,94.2999957803407,10.0585,10.4486666666667,2.66
"1773",2025-10-13 05:32:00,1.85,2.926,1.85,6.06985,9.600206,21.1011646006309,33.3956448018249,47.4525490196078,30.0960767364255,0,54.5168314526605,94.1999957848155,10.042,10.4453333333333,2.653
"1774",2025-10-13 05:33:00,1.84,2.9115,1.84,6.03704,9.5526315,21.1883594956748,33.7444243820006,46.6101960784314,30.0948955369956,0,54.5168314526605,94.0999957892902,10.0255,10.442,2.646
"1775",2025-10-13 05:34:00,1.83,2.897,1.83,6.00423,9.505057,21.2755543907187,34.0932039621763,45.7678431372549,30.0937143375656,0,54.5168314526605,93.9999957937649,10.009,10.4386666666667,2.639
"1776",2025-10-13 05:35:00,1.82,2.8825,1.82,5.97142,9.4574825,21.3627492857627,34.441983542352,44.9254901960784,30.0925331381357,0,54.5168314526605,93.8999957982396,9.9925,10.4353333333333,2.632
"1777",2025-10-13 05:36:00,1.81,2.868,1.81,5.93861,9.409908,21.1011646006309,33.6572294869567,46.0486274509804,30.0931237378507,0,54.5516145564828,93.9399957964497,9.976,10.432,2.625
"1778",2025-10-13 05:37:00,1.8,2.8535,1.8,5.9058,9.3623335,20.8395799154991,32.8724754315613,47.1717647058824,30.0937143375656,0,54.5863976603051,93.9799957946598,9.97,10.4193333333333,2.619
"1779",2025-10-13 05:38:00,1.79,2.839,1.79,5.87299,9.314759,20.5779952303673,32.087721376166,48.2949019607843,30.0943049372806,0,54.6211807641274,94.01999579287,9.964,10.4066666666667,2.613
"1780",2025-10-13 05:39:00,1.78,2.8245,1.78,5.84018,9.2671845,20.3164105452355,31.3029673207706,49.4180392156863,30.0948955369956,0,54.6559638679497,94.05999579108,9.958,10.394,2.607
"1781",2025-10-13 05:40:00,1.77,2.81,1.77,5.80737,9.21961,20.0548258601037,30.5182132653752,50.5411764705882,30.0954861367105,0,54.690746971772,94.0999957892902,9.952,10.3813333333333,2.601
"1782",2025-10-13 05:41:00,1.773,2.814,1.773,5.817213,9.232734,19.7932411749719,30.5182132653752,49.4180392156863,30.0960767364255,0,54.6733576736634,94.05999579108,9.946,10.3686666666667,2.595
"1783",2025-10-13 05:42:00,1.776,2.818,1.776,5.827056,9.245858,19.5316564898401,30.5182132653752,48.2949019607843,30.0966673361404,0,54.6559683755547,94.01999579287,9.94,10.356,2.589
"1784",2025-10-13 05:43:00,1.779,2.822,1.779,5.836899,9.258982,19.2700718047084,30.5182132653752,47.1717647058824,30.0972579358554,0,54.6385790774461,93.9799957946598,9.91533333333333,10.3336666666667,2.58133333333333
"1785",2025-10-13 05:44:00,1.782,2.826,1.782,5.846742,9.272106,19.0084871195766,30.5182132653752,46.0486274509804,30.0978485355704,0,54.6211897793375,93.9399957964497,9.89066666666667,10.3113333333333,2.57366666666667
"1786",2025-10-13 05:45:00,1.785,2.83,1.785,5.856585,9.28523,18.7469024344448,30.5182132653752,44.9254901960784,30.0984391352853,0,54.6038004812288,93.8999957982396,9.866,10.289,2.566
"1787",2025-10-13 05:46:00,1.788,2.834,1.788,5.866428,9.298354,19.2700718047084,30.9541877405949,45.7678431372549,30.0990297350003,0,54.6211897793375,93.7999958027143,9.84133333333333,10.2666666666667,2.55833333333333
"1788",2025-10-13 05:47:00,1.791,2.838,1.791,5.876271,9.311478,19.7932411749719,31.3901622158145,46.6101960784314,30.0996203347152,0,54.6385790774461,93.699995807189,9.81666666666667,10.2443333333333,2.55066666666667
"1789",2025-10-13 05:48:00,1.794,2.842,1.794,5.886114,9.324602,20.3164105452355,31.8261366910342,47.4525490196078,30.1002109344302,0,54.6559683755547,93.5999958116638,9.792,10.222,2.543
"1790",2025-10-13 05:49:00,1.797,2.846,1.797,5.895957,9.337726,20.8395799154991,32.2621111662538,48.2949019607843,30.1008015341452,0,54.6733576736634,93.4999958161385,9.77083333333333,10.2001666666667,2.53466666666667
"1791",2025-10-13 05:50:00,1.8,2.85,1.8,5.9058,9.35085,21.3627492857627,32.6980856414735,49.1372549019608,30.1013921338601,0,54.690746971772,93.3999958206132,9.74966666666667,10.1783333333333,2.52633333333333
"1792",2025-10-13 05:51:00,1.803,2.854,1.803,5.915643,9.363974,21.2755543907187,32.4365009563417,48.8564705882353,30.1002109344302,0,54.7255122045409,93.3599958224031,9.7285,10.1565,2.518
"1793",2025-10-13 05:52:00,1.806,2.858,1.806,5.925486,9.377098,21.1883594956748,32.1749162712099,48.5756862745098,30.0990297350003,0,54.7602774373098,93.319995824193,9.70733333333333,10.1346666666667,2.50966666666667
"1794",2025-10-13 05:53:00,1.809,2.862,1.809,5.935329,9.390222,21.1011646006309,31.9133315860781,48.2949019607843,30.0978485355704,0,54.7950426700787,93.2799958259829,9.68616666666667,10.1128333333333,2.50133333333333
"1795",2025-10-13 05:54:00,1.812,2.866,1.812,5.945172,9.403346,21.0139697055869,31.6517469009463,48.0141176470588,30.0966673361404,0,54.8298079028476,93.2399958277727,9.665,10.091,2.493
"1796",2025-10-13 05:55:00,1.815,2.87,1.815,5.955015,9.41647,20.926774810543,31.3901622158145,47.7333333333333,30.0954861367105,0,54.8645731356166,93.1999958295626,9.65283333333333,10.0653333333333,2.48866666666667
"1797",2025-10-13 05:56:00,1.818,2.874,1.818,5.964858,9.429594,20.8395799154991,31.4773571108584,48.2949019607843,30.0966673361404,0,54.8819491497611,93.1599958313525,9.64066666666667,10.0396666666667,2.48433333333333
"1798",2025-10-13 05:57:00,1.821,2.878,1.821,5.974701,9.442718,20.7523850204552,31.5645520059024,48.8564705882353,30.0978485355704,0,54.8993251639057,93.1199958331424,9.6285,10.014,2.48
"1799",2025-10-13 05:58:00,1.824,2.882,1.824,5.984544,9.455842,20.6651901254112,31.6517469009463,49.4180392156863,30.0990297350003,0,54.9167011780502,93.0799958349323,9.61633333333333,9.98833333333333,2.47566666666667
"1800",2025-10-13 05:59:00,1.827,2.886,1.827,5.994387,9.468966,20.5779952303673,31.7389417959902,49.9796078431373,30.1002109344302,0,54.9340771921948,93.0399958367222,9.60416666666667,9.96266666666667,2.47133333333333
"1801",2025-10-13 06:00:00,1.83,2.89,1.83,6.00423,9.48209,20.4908003353234,31.8261366910342,50.5411764705882,30.1013921338601,0,54.9514532063393,92.9999958385121,9.592,9.937,2.467
"1802",2025-10-13 06:01:00,1.8295,2.888,1.8295,6.0025895,9.475528,20.3164105452355,30.6926030554631,49.4180392156863,30.1008015341452,0,54.9427657453212,93.0999958340374,9.57283333333333,9.914,2.4665
"1803",2025-10-13 06:02:00,1.829,2.886,1.829,6.000949,9.468966,20.1420207551476,29.559069419892,48.2949019607843,30.1002109344302,0,54.934078284303,93.1999958295626,9.55366666666667,9.891,2.466
"1804",2025-10-13 06:03:00,1.8285,2.884,1.8285,5.9993085,9.462404,19.9676309650598,28.4255357843209,47.1717647058824,30.0996203347152,0,54.9253908232848,93.2999958250879,9.5345,9.868,2.4655
"1805",2025-10-13 06:04:00,1.828,2.882,1.828,5.997668,9.455842,19.7932411749719,27.2920021487498,46.0486274509804,30.0990297350003,0,54.9167033622666,93.3999958206132,9.51533333333333,9.845,2.465
"1806",2025-10-13 06:05:00,1.8275,2.88,1.8275,5.9960275,9.44928,19.6188513848841,26.1584685131788,44.9254901960784,30.0984391352853,0,54.9080159012484,93.4999958161385,9.49616666666667,9.822,2.4645
"1807",2025-10-13 06:06:00,1.827,2.878,1.827,5.994387,9.442718,19.7932411749719,26.7688327784863,45.7678431372549,30.0990297350003,0,54.8732550865154,93.4599958179284,9.477,9.799,2.464
"1808",2025-10-13 06:07:00,1.8265,2.876,1.8265,5.9927465,9.436156,19.9676309650598,27.3791970437938,46.6101960784314,30.0996203347152,0,54.8384942717823,93.4199958197183,9.46533333333333,9.7695,2.45683333333333
"1809",2025-10-13 06:08:00,1.826,2.874,1.826,5.991106,9.429594,20.1420207551476,27.9895613091013,47.4525490196078,30.1002109344302,0,54.8037334570493,93.3799958215081,9.45366666666667,9.74,2.44966666666667
"1810",2025-10-13 06:09:00,1.8255,2.872,1.8255,5.9894655,9.423032,20.3164105452355,28.5999255744088,48.2949019607843,30.1008015341452,0,54.7689726423162,93.339995823298,9.442,9.7105,2.4425
"1811",2025-10-13 06:10:00,1.825,2.87,1.825,5.987825,9.41647,20.4908003353234,29.2102898397163,49.1372549019608,30.1013921338601,0,54.7342118275832,93.2999958250879,9.43033333333333,9.681,2.43533333333333
"1812",2025-10-13 06:11:00,1.8245,2.868,1.8245,5.9861845,9.409908,20.4036054402794,29.3846796298041,48.8564705882353,30.1002109344302,0,54.7602840891898,93.2799958259829,9.41866666666667,9.6515,2.42816666666667
"1813",2025-10-13 06:12:00,1.824,2.866,1.824,5.984544,9.403346,20.3164105452355,29.559069419892,48.5756862745098,30.0990297350003,0,54.7863563507965,93.2599958268778,9.407,9.622,2.421
"1814",2025-10-13 06:13:00,1.8235,2.864,1.8235,5.9829035,9.396784,20.2292156501916,29.7334592099799,48.2949019607843,30.0978485355704,0,54.8124286124032,93.2399958277727,9.3785,9.59616666666667,2.4145
"1815",2025-10-13 06:14:00,1.823,2.862,1.823,5.981263,9.390222,20.1420207551476,29.9078490000677,48.0141176470588,30.0966673361404,0,54.8385008740099,93.2199958286677,9.35,9.57033333333333,2.408
"1816",2025-10-13 06:15:00,1.8225,2.86,1.8225,5.9796225,9.38366,20.0548258601037,30.0822387901556,47.7333333333333,30.0954861367105,0,54.8645731356166,93.1999958295626,9.3215,9.5445,2.4015
"1817",2025-10-13 06:16:00,1.822,2.858,1.822,5.977982,9.377098,20.2292156501916,31.3029673207706,48.2949019607843,30.0978485355704,0,54.8819491497611,93.1999958295626,9.293,9.51866666666667,2.395
"1818",2025-10-13 06:17:00,1.8215,2.856,1.8215,5.9763415,9.370536,20.4036054402794,32.5236958513856,48.8564705882353,30.1002109344302,0,54.8993251639057,93.1999958295626,9.2645,9.49283333333333,2.3885
"1819",2025-10-13 06:18:00,1.821,2.854,1.821,5.974701,9.363974,20.5779952303673,33.7444243820006,49.4180392156863,30.10257333329,0,54.9167011780502,93.1999958295626,9.236,9.467,2.382
"1820",2025-10-13 06:19:00,1.8205,2.852,1.8205,5.9730605,9.357412,20.7523850204552,34.9651529126156,49.9796078431373,30.1049357321499,0,54.9340771921948,93.1999958295626,9.2035,9.44416666666667,2.37983333333333
"1821",2025-10-13 06:20:00,1.82,2.85,1.82,5.97142,9.35085,20.926774810543,36.1858814432306,50.5411764705882,30.1072981310097,0,54.9514532063393,93.1999958295626,9.171,9.42133333333333,2.37766666666667
"1822",2025-10-13 06:21:00,1.818,2.847,1.818,5.964858,9.341007,20.926774810543,35.3139324927913,49.9796078431373,30.10375453272,0,54.9427657453212,93.1799958304576,9.1385,9.3985,2.3755
"1823",2025-10-13 06:22:00,1.816,2.844,1.816,5.958296,9.331164,20.926774810543,34.441983542352,49.4180392156863,30.1002109344302,0,54.934078284303,93.1599958313525,9.106,9.37566666666667,2.37333333333333
"1824",2025-10-13 06:23:00,1.814,2.841,1.814,5.951734,9.321321,20.926774810543,33.5700345919127,48.8564705882353,30.0966673361404,0,54.9253908232848,93.1399958322475,9.0735,9.35283333333333,2.37116666666667
"1825",2025-10-13 06:24:00,1.812,2.838,1.812,5.945172,9.311478,20.926774810543,32.6980856414735,48.2949019607843,30.0931237378507,0,54.9167033622666,93.1199958331424,9.041,9.33,2.369
"1826",2025-10-13 06:25:00,1.81,2.835,1.81,5.93861,9.301635,20.926774810543,31.8261366910342,47.7333333333333,30.0895801395609,0,54.9080159012484,93.0999958340374,9.0255,9.3075,2.36616666666667
"1827",2025-10-13 06:26:00,1.808,2.832,1.808,5.932048,9.291792,20.7523850204552,31.7389417959902,48.0141176470588,30.0907613389909,0,54.899327348122,93.0799958349323,9.01,9.285,2.36333333333333
"1828",2025-10-13 06:27:00,1.806,2.829,1.806,5.925486,9.281949,20.5779952303673,31.6517469009463,48.2949019607843,30.0919425384208,0,54.8906387949957,93.0599958358273,8.9945,9.2625,2.3605
"1829",2025-10-13 06:28:00,1.804,2.826,1.804,5.918924,9.272106,20.4036054402794,31.5645520059024,48.5756862745098,30.0931237378507,0,54.8819502418693,93.0399958367222,8.979,9.24,2.35766666666667
"1830",2025-10-13 06:29:00,1.802,2.823,1.802,5.912362,9.262263,20.2292156501916,31.4773571108584,48.8564705882353,30.0943049372806,0,54.8732616887429,93.0199958376171,8.9635,9.2175,2.35483333333333
"1831",2025-10-13 06:30:00,1.8,2.82,1.8,5.9058,9.25242,20.0548258601037,31.3901622158145,49.1372549019608,30.0954861367105,0,54.8645731356166,92.9999958385121,8.948,9.195,2.352
"1832",2025-10-13 06:31:00,1.798,2.817,1.798,5.899238,9.242577,20.0548258601037,32.3493060612977,48.8564705882353,30.0966673361404,0,54.8732616887429,93.0199958376171,8.912,9.17966666666667,2.34716666666667
"1833",2025-10-13 06:32:00,1.796,2.814,1.796,5.892676,9.232734,20.0548258601037,33.308449906781,48.5756862745098,30.0978485355704,0,54.8819502418693,93.0399958367222,8.876,9.16433333333333,2.34233333333333
"1834",2025-10-13 06:33:00,1.794,2.811,1.794,5.886114,9.222891,20.0548258601037,34.2675937522642,48.2949019607843,30.0990297350003,0,54.8906387949957,93.0599958358273,8.84,9.149,2.3375
"1835",2025-10-13 06:34:00,1.792,2.808,1.792,5.879552,9.213048,20.0548258601037,35.2267375977474,48.0141176470588,30.1002109344302,0,54.899327348122,93.0799958349323,8.804,9.13366666666667,2.33266666666667
"1836",2025-10-13 06:35:00,1.79,2.805,1.79,5.87299,9.203205,20.0548258601037,36.1858814432306,47.7333333333333,30.1013921338601,0,54.9080159012484,93.0999958340374,8.768,9.11833333333333,2.32783333333333
"1837",2025-10-13 06:36:00,1.788,2.802,1.788,5.866428,9.193362,20.3164105452355,34.7907631225277,48.0141176470588,30.1008015341452,0,54.8210804058432,93.0799958349323,8.732,9.103,2.323
"1838",2025-10-13 06:37:00,1.786,2.799,1.786,5.859866,9.183519,20.5779952303673,33.3956448018249,48.2949019607843,30.1002109344302,0,54.734144910438,93.0599958358273,8.70366666666667,9.08333333333333,2.318
"1839",2025-10-13 06:38:00,1.784,2.796,1.784,5.853304,9.173676,20.8395799154991,32.000526481122,48.5756862745098,30.0996203347152,0,54.6472094150329,93.0399958367222,8.67533333333333,9.06366666666667,2.313
"1840",2025-10-13 06:39:00,1.782,2.793,1.782,5.846742,9.163833,21.1011646006309,30.6054081604192,48.8564705882353,30.0990297350003,0,54.5602739196277,93.0199958376171,8.647,9.044,2.308
"1841",2025-10-13 06:40:00,1.78,2.79,1.78,5.84018,9.15399,21.3627492857627,29.2102898397163,49.1372549019608,30.0984391352853,0,54.4733384242225,92.9999958385121,8.61866666666667,9.02433333333333,2.303
"1842",2025-10-13 06:41:00,1.78,2.7935,1.78,5.84018,9.1654735,21.2755543907187,30.3438234752874,48.2949019607843,30.0996203347152,0,54.4820370299101,92.9999958385121,8.59033333333333,9.00466666666667,2.298
"1843",2025-10-13 06:42:00,1.78,2.797,1.78,5.84018,9.176957,21.1883594956748,31.4773571108584,47.4525490196078,30.1008015341452,0,54.4907356355977,92.9999958385121,8.562,8.985,2.293
"1844",2025-10-13 06:43:00,1.78,2.8005,1.78,5.84018,9.1884405,21.1011646006309,32.6108907464295,46.6101960784314,30.1019827335751,0,54.4994342412853,92.9999958385121,8.53733333333333,8.96533333333333,2.293
"1845",2025-10-13 06:44:00,1.78,2.804,1.78,5.84018,9.199924,21.0139697055869,33.7444243820006,45.7678431372549,30.103163933005,0,54.5081328469729,92.9999958385121,8.51266666666667,8.94566666666667,2.293
"1846",2025-10-13 06:45:00,1.78,2.8075,1.78,5.84018,9.2114075,20.926774810543,34.8779580175717,44.9254901960784,30.1043451324349,0,54.5168314526605,92.9999958385121,8.488,8.926,2.293
"1847",2025-10-13 06:46:00,1.78,2.811,1.78,5.84018,9.222891,20.926774810543,34.0932039621763,44.6447058823529,30.10257333329,0,54.5342252583742,92.979995839407,8.46333333333333,8.90633333333333,2.293
"1848",2025-10-13 06:47:00,1.78,2.8145,1.78,5.84018,9.2343745,20.926774810543,33.308449906781,44.3639215686274,30.1008015341452,0,54.5516190640878,92.959995840302,8.43866666666667,8.88666666666667,2.293
"1849",2025-10-13 06:48:00,1.78,2.818,1.78,5.84018,9.245858,20.926774810543,32.5236958513856,44.083137254902,30.0990297350003,0,54.5690128698015,92.9399958411969,8.414,8.867,2.293
"1850",2025-10-13 06:49:00,1.78,2.8215,1.78,5.84018,9.2573415,20.926774810543,31.7389417959902,43.8023529411765,30.0972579358554,0,54.5864066755152,92.9199958420918,8.40133333333333,8.83966666666667,2.29633333333333
"1851",2025-10-13 06:50:00,1.78,2.825,1.78,5.84018,9.268825,20.926774810543,30.9541877405949,43.521568627451,30.0954861367105,0,54.6038004812288,92.8999958429868,8.38866666666667,8.81233333333333,2.29966666666667
"1852",2025-10-13 06:51:00,1.78,2.8285,1.78,5.84018,9.2803085,20.6651901254112,30.9541877405949,44.083137254902,30.0978485355704,0,54.6124956912405,92.8999958429868,8.376,8.785,2.303
"1853",2025-10-13 06:52:00,1.78,2.832,1.78,5.84018,9.291792,20.4036054402794,30.9541877405949,44.6447058823529,30.1002109344302,0,54.6211909012522,92.8999958429868,8.36333333333333,8.75766666666667,2.30633333333333
"1854",2025-10-13 06:53:00,1.78,2.8355,1.78,5.84018,9.3032755,20.1420207551476,30.9541877405949,45.2062745098039,30.10257333329,0,54.6298861112639,92.8999958429868,8.35066666666667,8.73033333333333,2.30966666666667
"1855",2025-10-13 06:54:00,1.78,2.839,1.78,5.84018,9.314759,19.8804360700159,30.9541877405949,45.7678431372549,30.1049357321499,0,54.6385813212756,92.8999958429868,8.338,8.703,2.313
"1856",2025-10-13 06:55:00,1.78,2.8425,1.78,5.84018,9.3262425,19.6188513848841,30.9541877405949,46.3294117647059,30.1072981310097,0,54.6472765312872,92.8999958429868,8.31116666666667,8.673,2.3125
"1857",2025-10-13 06:56:00,1.78,2.846,1.78,5.84018,9.337726,19.6188513848841,31.5645520059024,44.9254901960784,30.1055263318648,0,54.6385813212756,92.8999958429868,8.28433333333333,8.643,2.312
"1858",2025-10-13 06:57:00,1.78,2.8495,1.78,5.84018,9.3492095,19.6188513848841,32.1749162712099,43.521568627451,30.10375453272,0,54.6298861112639,92.8999958429868,8.2575,8.613,2.3115
"1859",2025-10-13 06:58:00,1.78,2.853,1.78,5.84018,9.360693,19.6188513848841,32.7852805365174,42.1176470588235,30.1019827335751,0,54.6211909012522,92.8999958429868,8.23066666666667,8.583,2.311
"1860",2025-10-13 06:59:00,1.78,2.8565,1.78,5.84018,9.3721765,19.6188513848841,33.3956448018249,40.7137254901961,30.1002109344302,0,54.6124956912405,92.8999958429868,8.20383333333333,8.553,2.3105
"1861",2025-10-13 07:00:00,1.78,2.86,1.78,5.84018,9.38366,19.6188513848841,34.0060090671324,39.3098039215686,30.0984391352853,0,54.6038004812288,92.8999958429868,8.177,8.523,2.31
"1862",2025-10-13 07:01:00,1.776,2.8575,1.776,5.827056,9.3754575,19.7932411749719,33.221255011737,41.2752941176471,30.1008015341452,0.00200048822961132,54.5516053814208,92.8999958429868,8.14283333333333,8.4945,2.3105
"1863",2025-10-13 07:02:00,1.772,2.855,1.772,5.813932,9.367255,19.9676309650598,32.4365009563417,43.2407843137255,30.103163933005,0.00400097645922265,54.4994102816128,92.8999958429868,8.10866666666667,8.466,2.311
"1864",2025-10-13 07:03:00,1.768,2.8525,1.768,5.800808,9.3590525,20.1420207551476,31.6517469009463,45.2062745098039,30.1055263318648,0.00600146468883397,54.4472151818048,92.8999958429868,8.0745,8.4375,2.3115
"1865",2025-10-13 07:04:00,1.764,2.85,1.764,5.787684,9.35085,20.3164105452355,30.8669928455509,47.1717647058824,30.1078887307247,0.00800195291844529,54.3950200819968,92.8999958429868,8.04033333333333,8.409,2.312
"1866",2025-10-13 07:05:00,1.76,2.8475,1.76,5.77456,9.3426475,20.4908003353234,30.0822387901556,49.1372549019608,30.1102511295845,0.0100024411480566,54.3428249821888,92.8999958429868,8.00616666666667,8.3805,2.3125
"1867",2025-10-13 07:06:00,1.756,2.845,1.756,5.761436,9.334445,20.4908003353234,30.5182132653752,48.8564705882353,30.1084793304396,0.00800195291844529,54.3689276705956,92.979995839407,7.972,8.352,2.313
"1868",2025-10-13 07:07:00,1.752,2.8425,1.752,5.748312,9.3262425,20.4908003353234,30.9541877405949,48.5756862745098,30.1067075312947,0.00600146468883397,54.3950303590023,93.0599958358272,7.94933333333333,8.32633333333333,2.31466666666667
"1869",2025-10-13 07:08:00,1.748,2.84,1.748,5.735188,9.31804,20.4908003353234,31.3901622158145,48.2949019607843,30.1049357321499,0.00400097645922265,54.421133047409,93.1399958322475,7.92666666666667,8.30066666666667,2.31633333333333
"1870",2025-10-13 07:09:00,1.744,2.8375,1.744,5.722064,9.3098375,20.4908003353234,31.8261366910342,48.0141176470588,30.103163933005,0.00200048822961132,54.4472357358158,93.2199958286677,7.904,8.275,2.318
"1871",2025-10-13 07:10:00,1.74,2.835,1.74,5.70894,9.301635,20.4908003353234,32.2621111662538,47.7333333333333,30.1013921338601,0,54.4733384242225,93.2999958250879,7.88133333333333,8.24933333333333,2.31966666666667
"1872",2025-10-13 07:11:00,1.736,2.8325,1.736,5.695816,9.2934325,21.0139697055869,32.9596703266052,48.8564705882353,30.0984391352853,0,54.4298281673052,93.339995823298,7.85866666666667,8.22366666666667,2.32133333333333
"1873",2025-10-13 07:12:00,1.732,2.83,1.732,5.682692,9.28523,21.5371390758505,33.6572294869567,49.9796078431373,30.0954861367105,0,54.3863179103879,93.3799958215081,7.836,8.198,2.323
"1874",2025-10-13 07:13:00,1.728,2.8275,1.728,5.669568,9.2770275,22.0603084461141,34.3547886473081,51.1027450980392,30.0925331381357,0,54.3428076534706,93.4199958197183,7.80566666666667,8.17,2.324
"1875",2025-10-13 07:14:00,1.724,2.825,1.724,5.656444,9.268825,22.5834778163777,35.0523478076595,52.2258823529412,30.0895801395609,0,54.2992973965533,93.4599958179284,7.77533333333333,8.142,2.325
"1876",2025-10-13 07:15:00,1.72,2.8225,1.72,5.64332,9.2606225,23.1066471866412,35.749906968011,53.3490196078431,30.0866271409861,0,54.255787139636,93.4999958161385,7.745,8.114,2.326
"1877",2025-10-13 07:16:00,1.716,2.82,1.716,5.630196,9.25242,23.2810369767291,35.4011273878353,54.1913725490196,30.0895801395609,0,54.2209579587444,93.5799958125587,7.71466666666667,8.086,2.327
"1878",2025-10-13 07:17:00,1.712,2.8175,1.712,5.617072,9.2442175,23.455426766817,35.0523478076595,55.0337254901961,30.0925331381357,0,54.1861287778528,93.6599958089789,7.68433333333333,8.058,2.328
"1879",2025-10-13 07:18:00,1.708,2.815,1.708,5.603948,9.236015,23.6298165569048,34.7035682274838,55.8760784313725,30.0954861367105,0,54.1512995969612,93.7399958053991,7.654,8.03,2.329
"1880",2025-10-13 07:19:00,1.704,2.8125,1.704,5.590824,9.2278125,23.8042063469927,34.3547886473081,56.718431372549,30.0984391352853,0,54.1164704160696,93.8199958018194,7.624,8.00333333333333,2.33233333333333
"1881",2025-10-13 07:20:00,1.7,2.81,1.7,5.5777,9.21961,23.9785961370805,34.0060090671324,57.5607843137255,30.1013921338601,0,54.081641235178,93.8999957982396,7.594,7.97666666666667,2.33566666666667
"1882",2025-10-13 07:21:00,1.697,2.7985,1.697,5.567857,9.1818785,24.2401808222123,35.4883222828792,56.718431372549,30.1019827335751,0,54.0729309847607,93.8999957982396,7.564,7.95,2.339
"1883",2025-10-13 07:22:00,1.694,2.787,1.694,5.558014,9.144147,24.5017655073441,36.970635498626,55.8760784313725,30.10257333329,0,54.0642207343435,93.8999957982396,7.534,7.92333333333333,2.34233333333333
"1884",2025-10-13 07:23:00,1.691,2.7755,1.691,5.548171,9.1064155,24.7633501924759,38.4529487143728,55.0337254901961,30.103163933005,0,54.0555104839263,93.8999957982396,7.504,7.89666666666667,2.34566666666667
"1885",2025-10-13 07:24:00,1.688,2.764,1.688,5.538328,9.068684,25.0249348776077,39.9352619301196,54.1913725490196,30.10375453272,0,54.0468002335091,93.8999957982396,7.474,7.87,2.349
"1886",2025-10-13 07:25:00,1.685,2.7525,1.685,5.528485,9.0309525,25.2865195627395,41.4175751458664,53.3490196078431,30.1043451324349,0,54.0380899830919,93.8999957982396,7.46333333333333,7.84533333333333,2.349
"1887",2025-10-13 07:26:00,1.682,2.741,1.682,5.518642,8.993221,25.3737144577834,40.5456261954271,53.6298039215686,30.1013921338601,0,54.055509296804,93.8799957991345,7.45266666666667,7.82066666666667,2.349
"1888",2025-10-13 07:27:00,1.679,2.7295,1.679,5.508799,8.9554895,25.4609093528273,39.6736772449878,53.9105882352941,30.0984391352853,0,54.0729286105162,93.8599958000295,7.442,7.796,2.349
"1889",2025-10-13 07:28:00,1.676,2.718,1.676,5.498956,8.917758,25.5481042478713,38.8017282945485,54.1913725490196,30.0954861367105,0,54.0903479242283,93.8399958009244,7.43133333333333,7.77133333333333,2.349
"1890",2025-10-13 07:29:00,1.673,2.7065,1.673,5.489113,8.8800265,25.6352991429152,37.9297793441092,54.4721568627451,30.0925331381357,0,54.1077672379405,93.8199958018194,7.42066666666667,7.74666666666667,2.349
"1891",2025-10-13 07:30:00,1.67,2.695,1.67,5.47927,8.842295,25.7224940379591,37.0578303936699,54.7529411764706,30.0895801395609,0,54.1251865516526,93.7999958027143,7.41,7.722,2.349
"1892",2025-10-13 07:31:00,1.667,2.6835,1.667,5.469427,8.8045635,25.3737144577834,36.3602712333185,54.7529411764706,30.0931237378507,0,54.1426011370592,93.7999958027143,7.3705,7.699,2.35066666666667
"1893",2025-10-13 07:32:00,1.664,2.672,1.664,5.459584,8.766832,25.0249348776077,35.662712072967,54.7529411764706,30.0966673361404,0,54.1600157224658,93.7999958027143,7.331,7.676,2.35233333333333
"1894",2025-10-13 07:33:00,1.661,2.6605,1.661,5.449741,8.7291005,24.676155297432,34.9651529126156,54.7529411764706,30.1002109344302,0,54.1774303078724,93.7999958027143,7.2915,7.653,2.354
"1895",2025-10-13 07:34:00,1.658,2.649,1.658,5.439898,8.691369,24.3273757172562,34.2675937522642,54.7529411764706,30.10375453272,0,54.194844893279,93.7999958027143,7.252,7.63,2.35566666666667
"1896",2025-10-13 07:35:00,1.655,2.6375,1.655,5.430055,8.6536375,23.9785961370805,33.5700345919127,54.7529411764706,30.1072981310097,0,54.2122594786856,93.7999958027143,7.2125,7.607,2.35733333333333
"1897",2025-10-13 07:36:00,1.652,2.626,1.652,5.420212,8.615906,24.2401808222123,34.2675937522642,54.4721568627451,30.1090699301546,0,54.1861358299841,93.7799958036093,7.173,7.584,2.359
"1898",2025-10-13 07:37:00,1.649,2.6145,1.649,5.410369,8.5781745,24.5017655073441,34.9651529126156,54.1913725490196,30.1108417292995,0,54.1600121812826,93.7599958045042,7.13166666666667,7.56,2.365
"1899",2025-10-13 07:38:00,1.646,2.603,1.646,5.400526,8.540443,24.7633501924759,35.662712072967,53.9105882352941,30.1126135284443,0,54.133888532581,93.7399958053991,7.09033333333333,7.536,2.371
"1900",2025-10-13 07:39:00,1.643,2.5915,1.643,5.390683,8.5027115,25.0249348776077,36.3602712333185,53.6298039215686,30.1143853275892,0,54.1077648838795,93.7199958062941,7.049,7.512,2.377
"1901",2025-10-13 07:40:00,1.64,2.58,1.64,5.38084,8.46498,25.2865195627395,37.0578303936699,53.3490196078431,30.1161571267341,0,54.081641235178,93.699995807189,7.00766666666667,7.488,2.383
"1902",2025-10-13 07:41:00,1.634,2.5745,1.634,5.361154,8.4469345,25.1993246676955,36.4474661283624,53.6298039215686,30.117338326164,0,54.1077648838795,93.7399958053991,6.96633333333333,7.464,2.389
"1903",2025-10-13 07:42:00,1.628,2.569,1.628,5.341468,8.428889,25.1121297726516,35.8371018630549,53.9105882352941,30.1185195255939,0,54.133888532581,93.7799958036093,6.925,7.44,2.395
"1904",2025-10-13 07:43:00,1.622,2.5635,1.622,5.321782,8.4108435,25.0249348776077,35.2267375977474,54.1913725490196,30.1197007250238,0,54.1600121812826,93.8199958018194,6.89233333333333,7.40883333333333,2.39716666666667
"1905",2025-10-13 07:44:00,1.616,2.558,1.616,5.302096,8.392798,24.9377399825638,34.6163733324399,54.4721568627451,30.1208819244538,0,54.1861358299841,93.8599958000295,6.85966666666667,7.37766666666667,2.39933333333333
"1906",2025-10-13 07:45:00,1.61,2.5525,1.61,5.28241,8.3747525,24.8505450875198,34.0060090671324,54.7529411764706,30.1220631238837,0,54.2122594786856,93.8999957982396,6.827,7.3465,2.4015
"1907",2025-10-13 07:46:00,1.604,2.547,1.604,5.262724,8.356707,24.1529859271684,33.5700345919128,53.9105882352941,30.1202913247388,0,54.2122594786856,93.8799957991345,6.79433333333333,7.31533333333333,2.40366666666667
"1908",2025-10-13 07:47:00,1.598,2.5415,1.598,5.243038,8.3386615,23.455426766817,33.1340601166931,53.0682352941176,30.1185195255939,0,54.2122594786856,93.8599958000295,6.76166666666667,7.28416666666667,2.40583333333333
"1909",2025-10-13 07:48:00,1.592,2.536,1.592,5.223352,8.320616,22.7578676064655,32.6980856414735,52.2258823529412,30.116747726449,0,54.2122594786856,93.8399958009244,6.729,7.253,2.408
"1910",2025-10-13 07:49:00,1.586,2.5305,1.586,5.203666,8.3025705,22.0603084461141,32.2621111662538,51.3835294117647,30.1149759273042,0,54.2122594786856,93.8199958018194,6.69616666666667,7.22066666666667,2.41183333333333
"1911",2025-10-13 07:50:00,1.58,2.525,1.58,5.18398,8.284525,21.3627492857627,31.8261366910342,50.5411764705882,30.1132041281593,0,54.2122594786856,93.7999958027143,6.66333333333333,7.18833333333333,2.41566666666667
"1912",2025-10-13 07:51:00,1.574,2.5195,1.574,5.164294,8.2664795,21.1883594956748,32.1749162712099,50.5411764705882,30.1161571267341,0,54.2122594786856,93.8199958018194,6.6305,7.156,2.4195
"1913",2025-10-13 07:52:00,1.568,2.514,1.568,5.144608,8.248434,21.0139697055869,32.5236958513856,50.5411764705882,30.1191101253089,0,54.2122594786856,93.8399958009244,6.59766666666667,7.12366666666667,2.42333333333333
"1914",2025-10-13 07:53:00,1.562,2.5085,1.562,5.124922,8.2303885,20.8395799154991,32.8724754315613,50.5411764705882,30.1220631238837,0,54.2122594786856,93.8599958000295,6.56483333333333,7.09133333333333,2.42716666666667
"1915",2025-10-13 07:54:00,1.556,2.503,1.556,5.105236,8.212343,20.6651901254112,33.221255011737,50.5411764705882,30.1250161224585,0,54.2122594786856,93.8799957991345,6.532,7.059,2.431
"1916",2025-10-13 07:55:00,1.55,2.4975,1.55,5.08555,8.1942975,20.4908003353234,33.5700345919127,50.5411764705882,30.1279691210333,0,54.2122594786856,93.8999957982396,6.50716666666667,7.02016666666667,2.436
"1917",2025-10-13 07:56:00,1.544,2.492,1.544,5.065864,8.176252,20.3164105452355,32.7852805365174,49.1372549019608,30.1261973218884,0,54.2035527744989,93.8999957982396,6.48233333333333,6.98133333333333,2.441
"1918",2025-10-13 07:57:00,1.538,2.4865,1.538,5.046178,8.1582065,20.1420207551476,32.000526481122,47.7333333333333,30.1244255227435,0,54.1948460703122,93.8999957982396,6.4575,6.9425,2.446
"1919",2025-10-13 07:58:00,1.532,2.481,1.532,5.026492,8.140161,19.9676309650598,31.2157724257267,46.3294117647059,30.1226537235986,0,54.1861393661256,93.8999957982396,6.43266666666667,6.90366666666667,2.451
"1920",2025-10-13 07:59:00,1.526,2.4755,1.526,5.006806,8.1221155,19.7932411749719,30.4310183703313,44.9254901960784,30.1208819244538,0,54.1774326619389,93.8999957982396,6.40783333333333,6.86483333333333,2.456
"1921",2025-10-13 08:00:00,1.52,2.47,1.52,4.98712,8.10407,19.6188513848841,29.6462643149359,43.521568627451,30.1191101253089,0,54.1687259577522,93.8999957982396,6.383,6.826,2.461
"1922",2025-10-13 08:01:00,1.5195,2.4665,1.5195,4.9854795,8.0925865,19.8804360700159,29.9950438951116,42.398431372549,30.1185195255939,0,54.1687259577522,93.8799957991345,6.3395,6.78833333333333,2.46366666666667
"1923",2025-10-13 08:02:00,1.519,2.463,1.519,4.983839,8.081103,20.1420207551476,30.3438234752874,41.2752941176471,30.117928925879,0,54.1687259577522,93.8599958000295,6.296,6.75066666666667,2.46633333333333
"1924",2025-10-13 08:03:00,1.5185,2.4595,1.5185,4.9821985,8.0696195,20.4036054402794,30.6926030554631,40.1521568627451,30.117338326164,0,54.1687259577522,93.8399958009244,6.2525,6.713,2.469
"1925",2025-10-13 08:04:00,1.518,2.456,1.518,4.980558,8.058136,20.6651901254112,31.0413826356388,39.0290196078431,30.116747726449,0,54.1687259577522,93.8199958018194,6.209,6.67533333333333,2.47166666666667
"1926",2025-10-13 08:05:00,1.5175,2.4525,1.5175,4.9789175,8.0466525,20.926774810543,31.3901622158145,37.9058823529412,30.1161571267341,0,54.1687259577522,93.7999958027143,6.1655,6.63766666666667,2.47433333333333
"1927",2025-10-13 08:06:00,1.517,2.449,1.517,4.977277,8.035169,21.3627492857627,32.6108907464295,38.4674509803922,30.1143853275892,0,54.186138194129,93.679995808084,6.122,6.6,2.477
"1928",2025-10-13 08:07:00,1.5165,2.4455,1.5165,4.9756365,8.0236855,21.7987237609823,33.8316192770445,39.0290196078431,30.1126135284443,0,54.2035504305057,93.5599958134537,6.10066666666667,6.55616666666667,2.477
"1929",2025-10-13 08:08:00,1.516,2.442,1.516,4.973996,8.012202,22.2346982362019,35.0523478076595,39.5905882352941,30.1108417292995,0,54.2209626668825,93.4399958188233,6.07933333333333,6.51233333333333,2.477
"1930",2025-10-13 08:09:00,1.5155,2.4385,1.5155,4.9723555,8.0007185,22.6706727114216,36.2730763382745,40.1521568627451,30.1090699301546,0,54.2383749032593,93.319995824193,6.058,6.4685,2.477
"1931",2025-10-13 08:10:00,1.515,2.435,1.515,4.970715,7.989235,23.1066471866412,37.4938048688896,40.7137254901961,30.1072981310097,0,54.255787139636,93.1999958295626,6.03666666666667,6.42466666666667,2.477
"1932",2025-10-13 08:11:00,1.5145,2.4315,1.5145,4.9690745,7.9777515,22.6706727114216,36.970635498626,41.5560784313725,30.1072981310097,0,54.2818967545143,93.2399958277727,6.01533333333333,6.38083333333333,2.477
"1933",2025-10-13 08:12:00,1.514,2.428,1.514,4.967434,7.966268,22.2346982362019,36.4474661283624,42.398431372549,30.1072981310097,0,54.3080063693925,93.2799958259829,5.994,6.337,2.477
"1934",2025-10-13 08:13:00,1.5135,2.4245,1.5135,4.9657935,7.9547845,21.7987237609823,35.9242967580988,43.2407843137255,30.1072981310097,0,54.3341159842708,93.319995824193,5.95183333333333,6.2945,2.47866666666667
"1935",2025-10-13 08:14:00,1.513,2.421,1.513,4.964153,7.943301,21.3627492857627,35.4011273878353,44.083137254902,30.1072981310097,0,54.360225599149,93.3599958224031,5.90966666666667,6.252,2.48033333333333
"1936",2025-10-13 08:15:00,1.5125,2.4175,1.5125,4.9625125,7.9318175,20.926774810543,34.8779580175717,44.9254901960784,30.1072981310097,0,54.3863352140273,93.3999958206132,5.8675,6.2095,2.482
"1937",2025-10-13 08:16:00,1.512,2.414,1.512,4.960872,7.920334,20.7523850204552,34.6163733324399,44.083137254902,30.1096605298695,0,54.3341054815523,93.3999958206132,5.82533333333333,6.167,2.48366666666667
"1938",2025-10-13 08:17:00,1.5115,2.4105,1.5115,4.9592315,7.9088505,20.5779952303673,34.3547886473081,43.2407843137255,30.1120229287294,0,54.2818757490774,93.3999958206132,5.78316666666667,6.1245,2.48533333333333
"1939",2025-10-13 08:18:00,1.511,2.407,1.511,4.957591,7.897367,20.4036054402794,34.0932039621763,42.398431372549,30.1143853275892,0,54.2296460166025,93.3999958206132,5.741,6.082,2.487
"1940",2025-10-13 08:19:00,1.5105,2.4035,1.5105,4.9559505,7.8858835,20.2292156501916,33.8316192770445,41.5560784313725,30.116747726449,0,54.1774162841276,93.3999958206132,5.70983333333333,6.04966666666667,2.48966666666667
"1941",2025-10-13 08:20:00,1.51,2.4,1.51,4.95431,7.8744,20.0548258601037,33.5700345919127,40.7137254901961,30.1191101253089,0,54.1251865516526,93.3999958206132,5.67866666666667,6.01733333333333,2.49233333333333
"1942",2025-10-13 08:21:00,1.507,2.3935,1.507,4.944467,7.8530735,20.3164105452355,33.221255011737,40.4329411764706,30.1185195255939,0,54.0816293134051,93.3799958215081,5.6475,5.985,2.495
"1943",2025-10-13 08:22:00,1.504,2.387,1.504,4.934624,7.831747,20.5779952303673,32.8724754315613,40.1521568627451,30.117928925879,0,54.0380720751575,93.3599958224031,5.61633333333333,5.95266666666667,2.49766666666667
"1944",2025-10-13 08:23:00,1.501,2.3805,1.501,4.924781,7.8104205,20.8395799154991,32.5236958513856,39.8713725490196,30.117338326164,0,53.99451483691,93.339995823298,5.58516666666667,5.92033333333333,2.50033333333333
"1945",2025-10-13 08:24:00,1.498,2.374,1.498,4.914938,7.789094,21.1011646006309,32.1749162712099,39.5905882352941,30.116747726449,0,53.9509575986624,93.319995824193,5.554,5.888,2.503
"1946",2025-10-13 08:25:00,1.495,2.3675,1.495,4.905095,7.7677675,21.3627492857627,31.8261366910342,39.3098039215686,30.1161571267341,0,53.9074003604149,93.2999958250879,5.52233333333333,5.84583333333333,2.5085
"1947",2025-10-13 08:26:00,1.492,2.361,1.492,4.895252,7.746441,21.3627492857627,32.6980856414735,38.1866666666667,30.117928925879,0,53.8986853109316,93.4599958179284,5.49066666666667,5.80366666666667,2.514
"1948",2025-10-13 08:27:00,1.489,2.3545,1.489,4.885409,7.7251145,21.3627492857627,33.5700345919127,37.0635294117647,30.1197007250238,0,53.8899702614484,93.6199958107688,5.459,5.7615,2.5195
"1949",2025-10-13 08:28:00,1.486,2.348,1.486,4.875566,7.703788,21.3627492857627,34.441983542352,35.9403921568627,30.1214725241687,0,53.8812552119652,93.7799958036093,5.42733333333333,5.71933333333333,2.525
"1950",2025-10-13 08:29:00,1.483,2.3415,1.483,4.865723,7.6824615,21.3627492857627,35.3139324927913,34.8172549019608,30.1232443233136,0,53.8725401624819,93.9399957964497,5.39566666666667,5.67716666666667,2.5305
"1951",2025-10-13 08:30:00,1.48,2.335,1.48,4.85588,7.661135,21.3627492857627,36.1858814432306,33.6941176470588,30.1250161224585,0,53.8638251129987,94.0999957892902,5.364,5.635,2.536
"1952",2025-10-13 08:31:00,1.477,2.3285,1.477,4.846037,7.6398085,21.6243339708944,36.4474661283624,33.6941176470588,30.1250161224585,0,53.7940606420442,94.2199957839205,5.32633333333333,5.6,2.53866666666667
"1953",2025-10-13 08:32:00,1.474,2.322,1.474,4.836194,7.618482,21.8859186560262,36.7090508134942,33.6941176470588,30.1250161224585,0,53.7242961710898,94.3399957785508,5.28866666666667,5.565,2.54133333333333
"1954",2025-10-13 08:33:00,1.471,2.3155,1.471,4.826351,7.5971555,22.147503341158,36.970635498626,33.6941176470588,30.1250161224585,0,53.6545317001353,94.4599957731812,5.251,5.53,2.544
"1955",2025-10-13 08:34:00,1.468,2.309,1.468,4.816508,7.575829,22.4090880262898,37.2322201837578,33.6941176470588,30.1250161224585,0,53.5847672291808,94.5799957678115,5.21333333333333,5.495,2.54666666666667
"1956",2025-10-13 08:35:00,1.465,2.3025,1.465,4.806665,7.5545025,22.6706727114216,37.4938048688896,33.6941176470588,30.1250161224585,0,53.5150027582264,94.6999957624419,5.17566666666667,5.46,2.54933333333333
"1957",2025-10-13 08:36:00,1.462,2.296,1.462,4.796822,7.533176,22.4090880262898,35.8371018630549,34.8172549019608,30.1238349230286,0,53.5150027582264,94.6999957624419,5.138,5.425,2.552
"1958",2025-10-13 08:37:00,1.459,2.2895,1.459,4.786979,7.5118495,22.147503341158,34.1803988572203,35.9403921568627,30.1226537235986,0,53.5150027582264,94.6999957624419,5.104,5.39716666666667,2.5505
"1959",2025-10-13 08:38:00,1.456,2.283,1.456,4.777136,7.490523,21.8859186560262,32.5236958513856,37.0635294117647,30.1214725241687,0,53.5150027582264,94.6999957624419,5.07,5.36933333333333,2.549
"1960",2025-10-13 08:39:00,1.453,2.2765,1.453,4.767293,7.4691965,21.6243339708944,30.8669928455509,38.1866666666667,30.1202913247388,0,53.5150027582264,94.6999957624419,5.036,5.3415,2.5475
"1961",2025-10-13 08:40:00,1.45,2.27,1.45,4.75745,7.44787,21.3627492857627,29.2102898397163,39.3098039215686,30.1191101253089,0,53.5150027582264,94.6999957624419,5.002,5.31366666666667,2.546
"1962",2025-10-13 08:41:00,1.4525,2.274,1.4525,4.7656525,7.460994,21.1883594956748,29.9078490000677,39.3098039215686,30.1197007250238,0,53.5150027582264,94.8599957552823,4.968,5.28583333333333,2.5445
"1963",2025-10-13 08:42:00,1.455,2.278,1.455,4.773855,7.474118,21.0139697055869,30.6054081604192,39.3098039215686,30.1202913247388,0,53.5150027582264,95.0199957481228,4.934,5.258,2.543
"1964",2025-10-13 08:43:00,1.4575,2.282,1.4575,4.7820575,7.487242,20.8395799154991,31.3029673207706,39.3098039215686,30.1208819244538,0,53.5150027582264,95.1799957409632,4.90666666666667,5.22733333333333,2.54783333333333
"1965",2025-10-13 08:44:00,1.46,2.286,1.46,4.79026,7.500366,20.6651901254112,32.000526481122,39.3098039215686,30.1214725241687,0,53.5150027582264,95.3399957338037,4.87933333333333,5.19666666666667,2.55266666666667
"1966",2025-10-13 08:45:00,1.4625,2.29,1.4625,4.7984625,7.51349,20.4908003353234,32.6980856414735,39.3098039215686,30.1220631238837,0,53.5150027582264,95.4999957266441,4.852,5.166,2.5575
"1967",2025-10-13 08:46:00,1.465,2.294,1.465,4.806665,7.526614,21.1011646006309,33.6572294869567,37.9058823529412,30.1214725241687,0,53.436421723656,95.5599957239593,4.82466666666667,5.13533333333333,2.56233333333333
"1968",2025-10-13 08:47:00,1.4675,2.298,1.4675,4.8148675,7.539738,21.7115288659384,34.6163733324399,36.5019607843137,30.1208819244538,0,53.3578406890856,95.6199957212744,4.79733333333333,5.10466666666667,2.56716666666667
"1969",2025-10-13 08:48:00,1.47,2.302,1.47,4.82307,7.552862,22.3218931312459,35.5755171779231,35.0980392156863,30.1202913247388,0,53.2792596545152,95.6799957185896,4.77,5.074,2.572
"1970",2025-10-13 08:49:00,1.4725,2.306,1.4725,4.8312725,7.565986,22.9322573965534,36.5346610234063,33.6941176470588,30.1197007250238,0,53.2006786199448,95.7399957159048,4.743,5.04666666666667,2.57483333333333
"1971",2025-10-13 08:50:00,1.475,2.31,1.475,4.839475,7.57911,23.5426216618609,37.4938048688896,32.2901960784314,30.1191101253089,0,53.1220975853744,95.79999571322,4.716,5.01933333333333,2.57766666666667
"1972",2025-10-13 08:51:00,1.4775,2.314,1.4775,4.8476775,7.592234,23.368231871773,37.1450252887138,33.1325490196078,30.1197007250238,0,53.1220975853744,95.8799957096402,4.689,4.992,2.5805
"1973",2025-10-13 08:52:00,1.48,2.318,1.48,4.85588,7.605358,23.1938420816852,36.7962457085381,33.9749019607843,30.1202913247388,0,53.1220975853744,95.9599957060604,4.662,4.96466666666667,2.58333333333333
"1974",2025-10-13 08:53:00,1.4825,2.322,1.4825,4.8640825,7.618482,23.0194522915973,36.4474661283624,34.8172549019608,30.1208819244538,0,53.1220975853744,96.0399957024806,4.635,4.93733333333333,2.58616666666667
"1975",2025-10-13 08:54:00,1.485,2.326,1.485,4.872285,7.631606,22.8450625015095,36.0986865481867,35.6596078431373,30.1214725241687,0,53.1220975853744,96.1199956989009,4.608,4.91,2.589
"1976",2025-10-13 08:55:00,1.4875,2.33,1.4875,4.8804875,7.64473,22.6706727114216,35.749906968011,36.5019607843137,30.1220631238837,0,53.1220975853744,96.1999956953211,4.57783333333333,4.88383333333333,2.5895
"1977",2025-10-13 08:56:00,1.49,2.334,1.49,4.88869,7.657854,22.3218931312459,35.662712072967,36.5019607843137,30.1208819244538,0,53.1395690018544,96.2199956944261,4.54766666666667,4.85766666666667,2.59
"1978",2025-10-13 08:57:00,1.4925,2.338,1.4925,4.8968925,7.670978,21.9731135510702,35.5755171779231,36.5019607843137,30.1197007250238,0,53.1570404183343,96.2399956935312,4.5175,4.8315,2.5905
"1979",2025-10-13 08:58:00,1.495,2.342,1.495,4.905095,7.684102,21.6243339708944,35.4883222828792,36.5019607843137,30.1185195255939,0,53.1745118348143,96.2599956926363,4.48733333333333,4.80533333333333,2.591
"1980",2025-10-13 08:59:00,1.4975,2.346,1.4975,4.9132975,7.697226,21.2755543907187,35.4011273878353,36.5019607843137,30.117338326164,0,53.1919832512942,96.2799956917413,4.45716666666667,4.77916666666667,2.5915
"1981",2025-10-13 09:00:00,1.5,2.35,1.5,4.9215,7.71035,20.926774810543,35.3139324927913,36.5019607843137,30.1161571267341,0,53.2094546677742,96.2999956908464,4.427,4.753,2.592
"1982",2025-10-13 09:01:00,1.4955,2.3445,1.4955,4.9067355,7.6923045,21.5371390758505,35.4883222828792,35.9403921568627,30.1161571267341,0,53.1307920862065,96.3999956863717,4.40383333333333,4.72616666666667,2.59683333333333
"1983",2025-10-13 09:02:00,1.491,2.339,1.491,4.891971,7.674259,22.147503341158,35.662712072967,35.3788235294118,30.1161571267341,0,53.0521295046389,96.4999956818969,4.38066666666667,4.69933333333333,2.60166666666667
"1984",2025-10-13 09:03:00,1.4865,2.3335,1.4865,4.8772065,7.6562135,22.7578676064655,35.8371018630549,34.8172549019608,30.1161571267341,0,52.9734669230713,96.5999956774222,4.3575,4.6725,2.6065
"1985",2025-10-13 09:04:00,1.482,2.328,1.482,4.862442,7.638168,23.368231871773,36.0114916531428,34.2556862745098,30.1161571267341,0,52.8948043415036,96.6999956729475,4.33433333333333,4.64566666666667,2.61133333333333
"1986",2025-10-13 09:05:00,1.4775,2.3225,1.4775,4.8476775,7.6201225,23.9785961370805,36.1858814432306,33.6941176470588,30.1161571267341,0,52.816141759936,96.7999956684728,4.31116666666667,4.61883333333333,2.61616666666667
"1987",2025-10-13 09:06:00,1.473,2.317,1.473,4.832913,7.602077,23.6298165569048,35.5755171779231,33.4133333333333,30.116747726449,0,52.8598563103997,96.859995665788,4.288,4.592,2.621
"1988",2025-10-13 09:07:00,1.4685,2.3115,1.4685,4.8181485,7.5840315,23.2810369767291,34.9651529126156,33.1325490196078,30.117338326164,0,52.9035708608634,96.9199956631031,4.25383333333333,4.56083333333333,2.62383333333333
"1989",2025-10-13 09:08:00,1.464,2.306,1.464,4.803384,7.565986,22.9322573965534,34.3547886473081,32.8517647058824,30.117928925879,0,52.9472854113271,96.9799956604183,4.21966666666667,4.52966666666667,2.62666666666667
"1990",2025-10-13 09:09:00,1.4595,2.3005,1.4595,4.7886195,7.5479405,22.5834778163777,33.7444243820006,32.5709803921569,30.1185195255939,0,52.9909999617908,97.0399956577335,4.1855,4.4985,2.6295
"1991",2025-10-13 09:10:00,1.455,2.295,1.455,4.773855,7.529895,22.234698236202,33.1340601166931,32.2901960784314,30.1191101253089,0,53.0347145122545,97.0999956550486,4.15133333333333,4.46733333333333,2.63233333333333
"1992",2025-10-13 09:11:00,1.4505,2.2895,1.4505,4.7590905,7.5118495,22.7578676064655,33.7444243820006,33.1325490196078,30.117928925879,0,53.0259742426995,97.0799956559436,4.11716666666667,4.43616666666667,2.63516666666667
"1993",2025-10-13 09:12:00,1.446,2.284,1.446,4.744326,7.493804,23.2810369767291,34.3547886473081,33.9749019607843,30.116747726449,0,53.0172339731445,97.0599956568385,4.083,4.405,2.638
"1994",2025-10-13 09:13:00,1.4415,2.2785,1.4415,4.7295615,7.4757585,23.8042063469927,34.9651529126156,34.8172549019608,30.1155665270191,0,53.0084937035895,97.0399956577335,4.05383333333333,4.3765,2.64016666666667
"1995",2025-10-13 09:14:00,1.437,2.273,1.437,4.714797,7.457713,24.3273757172563,35.5755171779231,35.6596078431373,30.1143853275892,0,52.9997534340344,97.0199956586284,4.02466666666667,4.348,2.64233333333333
"1996",2025-10-13 09:15:00,1.4325,2.2675,1.4325,4.7000325,7.4396675,24.8505450875198,36.1858814432306,36.5019607843137,30.1132041281593,0,52.9910131644794,96.9999956595233,3.9955,4.3195,2.6445
"1997",2025-10-13 09:16:00,1.428,2.262,1.428,4.685268,7.421622,24.3273757172563,35.0523478076595,36.2211764705882,30.1137947278743,0,53.0259664040815,97.0799956559436,3.96633333333333,4.291,2.64666666666667
"1998",2025-10-13 09:17:00,1.4235,2.2565,1.4235,4.6705035,7.4035765,23.8042063469927,33.9188141720885,35.9403921568627,30.1143853275892,0,53.0609196436835,97.1599956523638,3.93716666666667,4.2625,2.64883333333333
"1999",2025-10-13 09:18:00,1.419,2.251,1.419,4.655739,7.385531,23.2810369767291,32.7852805365174,35.6596078431373,30.1149759273042,0,53.0958728832856,97.239995648784,3.908,4.234,2.651
"2000",2025-10-13 09:19:00,1.4145,2.2455,1.4145,4.6409745,7.3674855,22.7578676064655,31.6517469009463,35.3788235294118,30.1155665270191,0,53.1308261228877,97.3199956452042,3.8925,4.2095,2.65366666666667
"2001",2025-10-13 09:20:00,1.41,2.24,1.41,4.62621,7.34944,22.234698236202,30.5182132653752,35.0980392156863,30.1161571267341,0,53.1657793624897,97.3999956416245,3.877,4.185,2.65633333333333
"2002",2025-10-13 09:21:00,1.412,2.248,1.412,4.632772,7.375688,22.234698236202,31.2157724257267,35.6596078431373,30.117338326164,0,53.1570430070667,97.4199956407295,3.8615,4.1605,2.659
"2003",2025-10-13 09:22:00,1.414,2.256,1.414,4.639334,7.401936,22.234698236202,31.9133315860781,36.2211764705882,30.1185195255939,0,53.1483066516436,97.4399956398346,3.846,4.136,2.66166666666667
"2004",2025-10-13 09:23:00,1.416,2.264,1.416,4.645896,7.428184,22.234698236202,32.6108907464295,36.7827450980392,30.1197007250238,0,53.1395702962205,97.4599956389396,3.8305,4.1115,2.66433333333333
"2005",2025-10-13 09:24:00,1.418,2.272,1.418,4.652458,7.454432,22.234698236202,33.308449906781,37.3443137254902,30.1208819244538,0,53.1308339407975,97.4799956380447,3.815,4.087,2.667
"2006",2025-10-13 09:25:00,1.42,2.28,1.42,4.65902,7.48068,22.234698236202,34.0060090671324,37.9058823529412,30.1220631238837,0,53.1220975853744,97.4999956371498,3.78666666666667,4.06183333333333,2.673
"2007",2025-10-13 09:26:00,1.422,2.288,1.422,4.665582,7.506928,22.0603084461141,33.308449906781,37.9058823529412,30.1220631238837,0,53.1308339407975,97.4799956380447,3.75833333333333,4.03666666666667,2.679
"2008",2025-10-13 09:27:00,1.424,2.296,1.424,4.672144,7.533176,21.8859186560262,32.6108907464295,37.9058823529412,30.1220631238837,0,53.1395702962205,97.4599956389396,3.73,4.0115,2.685
"2009",2025-10-13 09:28:00,1.426,2.304,1.426,4.678706,7.559424,21.7115288659384,31.9133315860781,37.9058823529412,30.1220631238837,0,53.1483066516436,97.4399956398346,3.70166666666667,3.98633333333333,2.691
"2010",2025-10-13 09:29:00,1.428,2.312,1.428,4.685268,7.585672,21.5371390758505,31.2157724257267,37.9058823529412,30.1220631238837,0,53.1570430070667,97.4199956407295,3.67333333333333,3.96116666666667,2.697
"2011",2025-10-13 09:30:00,1.43,2.32,1.43,4.69183,7.61192,21.3627492857627,30.5182132653752,37.9058823529412,30.1220631238837,0,53.1657793624897,97.3999956416245,3.645,3.936,2.703
"2012",2025-10-13 09:31:00,1.432,2.328,1.432,4.698392,7.638168,22.0603084461141,32.6980856414735,37.3443137254902,30.1197007250238,0,53.1045974030043,97.4399956398346,3.6225,3.9065,2.71233333333333
"2013",2025-10-13 09:32:00,1.434,2.336,1.434,4.704954,7.664416,22.7578676064655,34.8779580175717,36.7827450980392,30.117338326164,0,53.0434154435189,97.4799956380447,3.6,3.877,2.72166666666667
"2014",2025-10-13 09:33:00,1.436,2.344,1.436,4.711516,7.690664,23.455426766817,37.0578303936699,36.2211764705882,30.1149759273042,0,52.9822334840335,97.5199956362548,3.5775,3.8475,2.731
"2015",2025-10-13 09:34:00,1.438,2.352,1.438,4.718078,7.716912,24.1529859271684,39.2377027697681,35.6596078431373,30.1126135284443,0,52.9210515245481,97.5599956344649,3.555,3.818,2.74033333333333
"2016",2025-10-13 09:35:00,1.44,2.36,1.44,4.72464,7.74316,24.8505450875198,41.4175751458664,35.0980392156863,30.1102511295845,0,52.8598695650628,97.599995632675,3.5325,3.7885,2.74966666666667
"2017",2025-10-13 09:36:00,1.442,2.368,1.442,4.731202,7.769408,24.588960402388,40.7200159855149,35.6596078431373,30.1132041281593,0,52.8860982849461,97.6199956317801,3.51,3.759,2.759
"2018",2025-10-13 09:37:00,1.444,2.376,1.444,4.737764,7.795656,24.3273757172562,40.0224568251635,36.2211764705882,30.1161571267341,0,52.9123270048294,97.6399956308852,3.47916666666667,3.73933333333333,2.76666666666667
"2019",2025-10-13 09:38:00,1.446,2.384,1.446,4.744326,7.821904,24.0657910321245,39.3248976648121,36.7827450980392,30.1191101253089,0,52.9385557247127,97.6599956299902,3.44833333333333,3.71966666666667,2.77433333333333
"2020",2025-10-13 09:39:00,1.448,2.392,1.448,4.750888,7.848152,23.8042063469927,38.6273385044606,37.3443137254902,30.1220631238837,0,52.9647844445961,97.6799956290953,3.4175,3.7,2.782
"2021",2025-10-13 09:40:00,1.45,2.4,1.45,4.75745,7.8744,23.5426216618609,37.9297793441092,37.9058823529412,30.1250161224585,0,52.9910131644794,97.6999956282003,3.38666666666667,3.68033333333333,2.78966666666667
"2022",2025-10-13 09:41:00,1.4485,2.398,1.4485,4.7525285,7.867838,22.7578676064655,36.3602712333185,38.1866666666667,30.1250161224585,0,52.9910131644794,97.7599956255155,3.35583333333333,3.66066666666667,2.79733333333333
"2023",2025-10-13 09:42:00,1.447,2.396,1.447,4.747607,7.861276,21.9731135510702,34.7907631225277,38.4674509803922,30.1250161224585,0,52.9910131644794,97.8199956228307,3.325,3.641,2.805
"2024",2025-10-13 09:43:00,1.4455,2.394,1.4455,4.7426855,7.854714,21.1883594956748,33.221255011737,38.7482352941176,30.1250161224585,0,52.9910131644794,97.8799956201458,3.31333333333333,3.624,2.81
"2025",2025-10-13 09:44:00,1.444,2.392,1.444,4.737764,7.848152,20.4036054402794,31.6517469009463,39.0290196078431,30.1250161224585,0,52.9910131644794,97.939995617461,3.30166666666667,3.607,2.815
"2026",2025-10-13 09:45:00,1.4425,2.39,1.4425,4.7328425,7.84159,19.6188513848841,30.0822387901556,39.3098039215686,30.1250161224585,0,52.9910131644794,97.9999956147762,3.29,3.59,2.82
"2027",2025-10-13 09:46:00,1.441,2.388,1.441,4.727921,7.835028,19.9676309650598,31.0413826356388,39.3098039215686,30.1256067221734,0,52.9822715798501,97.9999956147762,3.27833333333333,3.573,2.825
"2028",2025-10-13 09:47:00,1.4395,2.386,1.4395,4.7229995,7.828466,20.3164105452355,32.000526481122,39.3098039215686,30.1261973218884,0,52.9735299952208,97.9999956147762,3.26666666666667,3.556,2.83
"2029",2025-10-13 09:48:00,1.438,2.384,1.438,4.718078,7.821904,20.6651901254112,32.9596703266052,39.3098039215686,30.1267879216034,0,52.9647884105915,97.9999956147762,3.255,3.539,2.835
"2030",2025-10-13 09:49:00,1.4365,2.382,1.4365,4.7131565,7.815342,21.0139697055869,33.9188141720885,39.3098039215686,30.1273785213183,0,52.9560468259622,97.9999956147762,3.23316666666667,3.51816666666667,2.84266666666667
"2031",2025-10-13 09:50:00,1.435,2.38,1.435,4.708235,7.80878,21.3627492857627,34.8779580175717,39.3098039215686,30.1279691210333,0,52.9473052413329,97.9999956147762,3.21133333333333,3.49733333333333,2.85033333333333
"2032",2025-10-13 09:51:00,1.4335,2.378,1.4335,4.7033135,7.802218,21.3627492857627,34.0932039621763,39.3098039215686,30.1285597207482,0,52.9560468259622,97.9999956147762,3.1895,3.4765,2.858
"2033",2025-10-13 09:52:00,1.432,2.376,1.432,4.698392,7.795656,21.3627492857627,33.308449906781,39.3098039215686,30.1291503204632,0,52.9647884105915,97.9999956147762,3.16766666666667,3.45566666666667,2.86566666666667
"2034",2025-10-13 09:53:00,1.4305,2.374,1.4305,4.6934705,7.789094,21.3627492857627,32.5236958513856,39.3098039215686,30.1297409201782,0,52.9735299952208,97.9999956147762,3.14583333333333,3.43483333333333,2.87333333333333
"2035",2025-10-13 09:54:00,1.429,2.372,1.429,4.688549,7.782532,21.3627492857627,31.7389417959902,39.3098039215686,30.1303315198931,0,52.9822715798501,97.9999956147762,3.124,3.414,2.881
"2036",2025-10-13 09:55:00,1.4275,2.37,1.4275,4.6836275,7.77597,21.3627492857627,30.9541877405949,39.3098039215686,30.1309221196081,0,52.9910131644794,97.9999956147762,3.10633333333333,3.39216666666667,2.89233333333333
"2037",2025-10-13 09:56:00,1.426,2.368,1.426,4.678706,7.769408,21.1011646006309,31.6517469009463,39.5905882352941,30.1309221196081,0,52.9822715798501,98.0199956138812,3.08866666666667,3.37033333333333,2.90366666666667
"2038",2025-10-13 09:57:00,1.4245,2.366,1.4245,4.6737845,7.762846,20.8395799154991,32.3493060612977,39.8713725490196,30.1309221196081,0,52.9735299952208,98.0399956129863,3.071,3.3485,2.915
"2039",2025-10-13 09:58:00,1.423,2.364,1.423,4.668863,7.756284,20.5779952303673,33.0468652216492,40.1521568627451,30.1309221196081,0,52.9647884105915,98.0599956120913,3.05333333333333,3.32666666666667,2.92633333333333
"2040",2025-10-13 09:59:00,1.4215,2.362,1.4215,4.6639415,7.749722,20.3164105452355,33.7444243820006,40.4329411764706,30.1309221196081,0,52.9560468259622,98.0799956111964,3.03566666666667,3.30483333333333,2.93766666666667
"2041",2025-10-13 10:00:00,1.42,2.36,1.42,4.65902,7.74316,20.0548258601037,34.441983542352,40.7137254901961,30.1309221196081,0,52.9473052413329,98.0999956103014,3.018,3.283,2.949
"2042",2025-10-13 10:01:00,1.4235,2.361,1.4235,4.6705035,7.746441,19.8804360700159,32.9596703266052,40.9945098039216,30.1297409201782,0,52.9560468259622,98.0599956120913,2.99533333333333,3.26433333333333,2.96283333333333
"2043",2025-10-13 10:02:00,1.427,2.362,1.427,4.681987,7.749722,19.706046279928,31.4773571108584,41.2752941176471,30.1285597207482,0,52.9647884105915,98.0199956138812,2.97266666666667,3.24566666666667,2.97666666666667
"2044",2025-10-13 10:03:00,1.4305,2.363,1.4305,4.6934705,7.753003,19.5316564898401,29.9950438951116,41.5560784313725,30.1273785213183,0,52.9735299952208,97.9799956156711,2.95,3.227,2.9905
"2045",2025-10-13 10:04:00,1.434,2.364,1.434,4.704954,7.756284,19.3572666997523,28.5127306793649,41.836862745098,30.1261973218884,0,52.9822715798501,97.939995617461,2.92733333333333,3.20833333333333,3.00433333333333
"2046",2025-10-13 10:05:00,1.4375,2.365,1.4375,4.7164375,7.759565,19.1828769096644,27.0304174636181,42.1176470588235,30.1250161224585,0,52.9910131644794,97.8999956192509,2.90466666666667,3.18966666666667,3.01816666666667
"2047",2025-10-13 10:06:00,1.441,2.366,1.441,4.727921,7.762846,19.0956820146205,27.3791970437938,42.6792156862745,30.1256067221734,0,53.0259664040815,97.9199956183559,2.882,3.171,3.032
"2048",2025-10-13 10:07:00,1.4445,2.367,1.4445,4.7394045,7.766127,19.0084871195766,27.7279766239695,43.2407843137255,30.1261973218884,0,53.0609196436835,97.939995617461,2.8685,3.15516666666667,3.04233333333333
"2049",2025-10-13 10:08:00,1.448,2.368,1.448,4.750888,7.769408,18.9212922245326,28.0767562041452,43.8023529411765,30.1267879216034,0,53.0958728832856,97.9599956165661,2.855,3.13933333333333,3.05266666666667
"2050",2025-10-13 10:09:00,1.4515,2.369,1.4515,4.7623715,7.772689,18.8340973294887,28.4255357843209,44.3639215686274,30.1273785213183,0,53.1308261228877,97.9799956156711,2.8415,3.1235,3.063
"2051",2025-10-13 10:10:00,1.455,2.37,1.455,4.773855,7.77597,18.7469024344448,28.7743153644966,44.9254901960784,30.1279691210333,0,53.1657793624897,97.9999956147762,2.828,3.10766666666667,3.07333333333333
"2052",2025-10-13 10:11:00,1.4585,2.371,1.4585,4.7853385,7.779251,18.9212922245326,29.7334592099799,44.6447058823529,30.1250161224585,0,53.113341633363,98.0399956129863,2.8145,3.09183333333333,3.08366666666667
"2053",2025-10-13 10:12:00,1.462,2.372,1.462,4.796822,7.782532,19.0956820146205,30.6926030554631,44.3639215686274,30.1220631238837,0,53.0609039042362,98.0799956111964,2.801,3.076,3.094
"2054",2025-10-13 10:13:00,1.4655,2.373,1.4655,4.8083055,7.785813,19.2700718047084,31.6517469009463,44.083137254902,30.1191101253089,0,53.0084661751095,98.1199956094065,2.7875,3.06133333333333,3.10266666666667
"2055",2025-10-13 10:14:00,1.469,2.374,1.469,4.819789,7.789094,19.4444615947962,32.6108907464295,43.8023529411765,30.1161571267341,0,52.9560284459828,98.1599956076166,2.774,3.04666666666667,3.11133333333333
"2056",2025-10-13 10:15:00,1.4725,2.375,1.4725,4.8312725,7.792375,19.6188513848841,33.5700345919127,43.521568627451,30.1132041281593,0,52.903590716856,98.1999956058267,2.7605,3.032,3.12
"2057",2025-10-13 10:16:00,1.476,2.376,1.476,4.842756,7.795656,19.8804360700159,33.308449906781,43.521568627451,30.1155665270191,0,52.8773540285708,98.1999956058267,2.747,3.01733333333333,3.12866666666667
"2058",2025-10-13 10:17:00,1.4795,2.377,1.4795,4.8542395,7.798937,20.1420207551476,33.0468652216492,43.521568627451,30.117928925879,0,52.8511173402856,98.1999956058267,2.7335,3.00266666666667,3.13733333333333
"2059",2025-10-13 10:18:00,1.483,2.378,1.483,4.865723,7.802218,20.4036054402794,32.7852805365174,43.521568627451,30.1202913247388,0,52.8248806520004,98.1999956058267,2.72,2.988,3.146
"2060",2025-10-13 10:19:00,1.4865,2.379,1.4865,4.8772065,7.805499,20.6651901254112,32.5236958513856,43.521568627451,30.1226537235986,0,52.7986439637152,98.1999956058267,2.71166666666667,2.9705,3.158
"2061",2025-10-13 10:20:00,1.49,2.38,1.49,4.88869,7.80878,20.926774810543,32.2621111662538,43.521568627451,30.1250161224585,0,52.77240727543,98.1999956058267,2.70333333333333,2.953,3.17
"2062",2025-10-13 10:21:00,1.482,2.366,1.482,4.862442,7.762846,21.1011646006309,32.6980856414735,42.398431372549,30.1250161224585,0,52.7811541723312,98.2399956040368,2.695,2.9355,3.182
"2063",2025-10-13 10:22:00,1.474,2.352,1.474,4.836194,7.716912,21.2755543907187,33.1340601166931,41.2752941176471,30.1250161224585,0,52.7899010692324,98.279995602247,2.68666666666667,2.918,3.194
"2064",2025-10-13 10:23:00,1.466,2.338,1.466,4.809946,7.670978,21.4499441808066,33.5700345919128,40.1521568627451,30.1250161224585,0,52.7986479661336,98.3199956004571,2.67833333333333,2.9005,3.206
"2065",2025-10-13 10:24:00,1.458,2.324,1.458,4.783698,7.625044,21.6243339708944,34.0060090671324,39.0290196078431,30.1250161224585,0,52.8073948630348,98.3599955986672,2.67,2.883,3.218
"2066",2025-10-13 10:25:00,1.45,2.31,1.45,4.75745,7.57911,21.7987237609823,34.441983542352,37.9058823529412,30.1250161224585,0,52.816141759936,98.3999955968773,2.66416666666667,2.8715,3.228
"2067",2025-10-13 10:26:00,1.442,2.296,1.442,4.731202,7.533176,21.6243339708944,34.441983542352,39.5905882352941,30.1250161224585,0,52.8073948630348,98.3799955977722,2.65833333333333,2.86,3.238
"2068",2025-10-13 10:27:00,1.434,2.282,1.434,4.704954,7.487242,21.4499441808066,34.441983542352,41.2752941176471,30.1250161224585,0,52.7986479661336,98.3599955986672,2.6525,2.8485,3.248
"2069",2025-10-13 10:28:00,1.426,2.268,1.426,4.678706,7.441308,21.2755543907187,34.441983542352,42.96,30.1250161224585,0,52.7899010692324,98.3399955995621,2.64666666666667,2.837,3.258
"2070",2025-10-13 10:29:00,1.418,2.254,1.418,4.652458,7.395374,21.1011646006309,34.441983542352,44.6447058823529,30.1250161224585,0,52.7811541723312,98.3199956004571,2.64083333333333,2.8255,3.268
"2071",2025-10-13 10:30:00,1.41,2.24,1.41,4.62621,7.34944,20.926774810543,34.441983542352,46.3294117647059,30.1250161224585,0,52.77240727543,98.299995601352,2.635,2.814,3.278
"2072",2025-10-13 10:31:00,1.402,2.226,1.402,4.599962,7.303506,20.8395799154991,34.0060090671324,46.8909803921569,30.1244255227435,0,52.8248687227949,98.279995602247,2.631,2.80366666666667,3.28783333333333
"2073",2025-10-13 10:32:00,1.394,2.212,1.394,4.573714,7.257572,20.7523850204552,33.5700345919128,47.4525490196079,30.1238349230286,0,52.8773301701598,98.2599956031419,2.627,2.79333333333333,3.29766666666667
"2074",2025-10-13 10:33:00,1.386,2.198,1.386,4.547466,7.211638,20.6651901254112,33.1340601166931,48.0141176470588,30.1232443233136,0,52.9297916175247,98.2399956040368,2.623,2.783,3.3075
"2075",2025-10-13 10:34:00,1.378,2.184,1.378,4.521218,7.165704,20.5779952303673,32.6980856414735,48.5756862745098,30.1226537235986,0,52.9822530648896,98.2199956049318,2.619,2.77266666666667,3.31733333333333
"2076",2025-10-13 10:35:00,1.37,2.17,1.37,4.49497,7.11977,20.4908003353234,32.2621111662538,49.1372549019608,30.1220631238837,0,53.0347145122545,98.1999956058267,2.615,2.76233333333333,3.32716666666667
"2077",2025-10-13 10:36:00,1.362,2.156,1.362,4.468722,7.073836,20.5779952303673,32.087721376166,49.4180392156863,30.1214725241687,0,53.0259742426995,98.1999956058267,2.611,2.752,3.337
"2078",2025-10-13 10:37:00,1.354,2.142,1.354,4.442474,7.027902,20.6651901254112,31.9133315860781,49.6988235294118,30.1208819244538,0,53.0172339731445,98.1999956058267,2.61333333333333,2.747,3.35333333333333
"2079",2025-10-13 10:38:00,1.346,2.128,1.346,4.416226,6.981968,20.7523850204552,31.7389417959902,49.9796078431373,30.1202913247388,0,53.0084937035895,98.1999956058267,2.61566666666667,2.742,3.36966666666667
"2080",2025-10-13 10:39:00,1.338,2.114,1.338,4.389978,6.936034,20.8395799154991,31.5645520059024,50.2603921568627,30.1197007250238,0,52.9997534340344,98.1999956058267,2.618,2.737,3.386
"2081",2025-10-13 10:40:00,1.33,2.1,1.33,4.36373,6.8901,20.926774810543,31.3901622158145,50.5411764705882,30.1191101253089,0,52.9910131644794,98.1999956058267,2.62033333333333,2.732,3.40233333333333
"2082",2025-10-13 10:41:00,1.3335,2.1055,1.3335,4.3752135,6.9081455,20.7523850204552,31.3901622158145,48.8564705882353,30.1214725241687,0,52.9735286749547,98.2199956049318,2.62266666666667,2.727,3.41866666666667
"2083",2025-10-13 10:42:00,1.337,2.111,1.337,4.386697,6.926191,20.5779952303673,31.3901622158145,47.1717647058824,30.1238349230286,0,52.9560441854301,98.2399956040368,2.625,2.722,3.435
"2084",2025-10-13 10:43:00,1.3405,2.1165,1.3405,4.3981805,6.9442365,20.4036054402794,31.3901622158145,45.4870588235294,30.1261973218884,0,52.9385596959054,98.2599956031419,2.6105,2.717,3.453
"2085",2025-10-13 10:44:00,1.344,2.122,1.344,4.409664,6.962282,20.2292156501916,31.3901622158145,43.8023529411765,30.1285597207482,0,52.9210752063807,98.279995602247,2.596,2.712,3.471
"2086",2025-10-13 10:45:00,1.3475,2.1275,1.3475,4.4211475,6.9803275,20.0548258601037,31.3901622158145,42.1176470588235,30.1309221196081,0,52.903590716856,98.299995601352,2.5815,2.707,3.489
"2087",2025-10-13 10:46:00,1.351,2.133,1.351,4.432631,6.998373,20.1420207551476,32.000526481122,41.5560784313725,30.1309221196081,0,52.903590716856,98.299995601352,2.567,2.702,3.507
"2088",2025-10-13 10:47:00,1.3545,2.1385,1.3545,4.4441145,7.0164185,20.2292156501916,32.6108907464295,40.9945098039216,30.1309221196081,0,52.903590716856,98.299995601352,2.5525,2.697,3.525
"2089",2025-10-13 10:48:00,1.358,2.144,1.358,4.455598,7.034464,20.3164105452355,33.221255011737,40.4329411764706,30.1309221196081,0,52.903590716856,98.299995601352,2.538,2.692,3.543
"2090",2025-10-13 10:49:00,1.3615,2.1495,1.3615,4.4670815,7.0525095,20.4036054402794,33.8316192770445,39.8713725490196,30.1309221196081,0,52.903590716856,98.299995601352,2.53566666666667,2.6975,3.55783333333333
"2091",2025-10-13 10:50:00,1.365,2.155,1.365,4.478565,7.070555,20.4908003353234,34.441983542352,39.3098039215686,30.1309221196081,0,52.903590716856,98.299995601352,2.53333333333333,2.703,3.57266666666667
"2092",2025-10-13 10:51:00,1.3685,2.1605,1.3685,4.4900485,7.0886005,20.7523850204552,34.7907631225278,39.5905882352941,30.131512719323,0,52.886100925472,98.299995601352,2.531,2.7085,3.5875
"2093",2025-10-13 10:52:00,1.372,2.166,1.372,4.501532,7.106646,21.0139697055869,35.1395427027035,39.8713725490196,30.132103319038,0,52.868611134088,98.299995601352,2.52866666666667,2.714,3.60233333333333
"2094",2025-10-13 10:53:00,1.3755,2.1715,1.3755,4.5130155,7.1246915,21.2755543907187,35.4883222828792,40.1521568627451,30.132693918753,0,52.851121342704,98.299995601352,2.52633333333333,2.7195,3.61716666666667
"2095",2025-10-13 10:54:00,1.379,2.177,1.379,4.524499,7.142737,21.5371390758505,35.8371018630549,40.4329411764706,30.1332845184679,0,52.83363155132,98.299995601352,2.524,2.725,3.632
"2096",2025-10-13 10:55:00,1.3825,2.1825,1.3825,4.5359825,7.1607825,21.7987237609823,36.1858814432306,40.7137254901961,30.1338751181829,0,52.816141759936,98.299995601352,2.53516666666667,2.7305,3.644
"2097",2025-10-13 10:56:00,1.386,2.188,1.386,4.547466,7.178828,21.7115288659384,35.3139324927913,40.7137254901961,30.132103319038,0,52.781146104896,98.279995602247,2.54633333333333,2.736,3.656
"2098",2025-10-13 10:57:00,1.3895,2.1935,1.3895,4.5589495,7.1968735,21.6243339708944,34.441983542352,40.7137254901961,30.1303315198931,0,52.7461504498559,98.2599956031419,2.5575,2.7415,3.668
"2099",2025-10-13 10:58:00,1.393,2.199,1.393,4.570433,7.214919,21.5371390758505,33.5700345919127,40.7137254901961,30.1285597207482,0,52.7111547948159,98.2399956040368,2.56866666666667,2.747,3.68
"2100",2025-10-13 10:59:00,1.3965,2.2045,1.3965,4.5819165,7.2329645,21.4499441808066,32.6980856414735,40.7137254901961,30.1267879216034,0,52.6761591397759,98.2199956049318,2.57983333333333,2.7525,3.692
"2101",2025-10-13 11:00:00,1.4,2.21,1.4,4.5934,7.25101,21.3627492857627,31.8261366910342,40.7137254901961,30.1250161224585,0,52.6411634847358,98.1999956058267,2.591,2.758,3.704
"2102",2025-10-13 11:01:00,1.405,2.224,1.405,4.609805,7.296944,21.1883594956748,32.087721376166,40.9945098039216,30.1261973218884,0,52.6674122428746,98.2399956040368,2.59983333333333,2.758,3.71666666666667
"2103",2025-10-13 11:02:00,1.41,2.238,1.41,4.62621,7.342878,21.0139697055869,32.3493060612977,41.2752941176471,30.1273785213183,0,52.6936610010135,98.279995602247,2.60866666666667,2.758,3.72933333333333
"2104",2025-10-13 11:03:00,1.415,2.252,1.415,4.642615,7.388812,20.8395799154991,32.6108907464295,41.5560784313725,30.1285597207482,0,52.7199097591523,98.3199956004571,2.6175,2.758,3.742
"2105",2025-10-13 11:04:00,1.42,2.266,1.42,4.65902,7.434746,20.6651901254112,32.8724754315613,41.836862745098,30.1297409201782,0,52.7461585172911,98.3599955986672,2.62633333333333,2.758,3.75466666666667
"2106",2025-10-13 11:05:00,1.425,2.28,1.425,4.675425,7.48068,20.4908003353234,33.1340601166931,42.1176470588235,30.1309221196081,0,52.77240727543,98.3999955968773,2.63516666666667,2.758,3.76733333333333
"2107",2025-10-13 11:06:00,1.43,2.294,1.43,4.69183,7.526614,20.4908003353234,33.9188141720885,41.836862745098,30.1309221196081,0,52.7374062246764,98.3799955977722,2.644,2.758,3.78
"2108",2025-10-13 11:07:00,1.435,2.308,1.435,4.708235,7.572548,20.4908003353234,34.7035682274838,41.5560784313725,30.1309221196081,0,52.7024051739229,98.3599955986672,2.642,2.76183333333333,3.7985
"2109",2025-10-13 11:08:00,1.44,2.322,1.44,4.72464,7.618482,20.4908003353234,35.4883222828792,41.2752941176471,30.1309221196081,0,52.6674041231694,98.3399955995621,2.64,2.76566666666667,3.817
"2110",2025-10-13 11:09:00,1.445,2.336,1.445,4.741045,7.664416,20.4908003353234,36.2730763382745,40.9945098039216,30.1309221196081,0,52.6324030724159,98.3199956004571,2.638,2.7695,3.8355
"2111",2025-10-13 11:10:00,1.45,2.35,1.45,4.75745,7.71035,20.4908003353234,37.0578303936699,40.7137254901961,30.1309221196081,0,52.5974020216624,98.299995601352,2.636,2.77333333333333,3.854
"2112",2025-10-13 11:11:00,1.455,2.364,1.455,4.773855,7.756284,20.7523850204552,36.0114916531428,40.7137254901961,30.1297409201782,0,52.61490525012,98.3399955995621,2.634,2.77716666666667,3.8725
"2113",2025-10-13 11:12:00,1.46,2.378,1.46,4.79026,7.802218,21.0139697055869,34.9651529126156,40.7137254901961,30.1285597207482,0,52.6324084785775,98.3799955977722,2.632,2.781,3.891
"2114",2025-10-13 11:13:00,1.465,2.392,1.465,4.806665,7.848152,21.2755543907187,33.9188141720885,40.7137254901961,30.1273785213183,0,52.649911707035,98.4199955959823,2.643,2.7935,3.90633333333333
"2115",2025-10-13 11:14:00,1.47,2.406,1.47,4.82307,7.894086,21.5371390758505,32.8724754315613,40.7137254901961,30.1261973218884,0,52.6674149354925,98.4599955941925,2.654,2.806,3.92166666666667
"2116",2025-10-13 11:15:00,1.475,2.42,1.475,4.839475,7.94002,21.7987237609823,31.8261366910342,40.7137254901961,30.1250161224585,0,52.6849181639501,98.4999955924026,2.665,2.8185,3.937
"2117",2025-10-13 11:16:00,1.48,2.434,1.48,4.85588,7.985954,21.7115288659384,32.6980856414735,39.8713725490196,30.1261973218884,0,52.7111628831473,98.4799955932975,2.676,2.831,3.95233333333333
"2118",2025-10-13 11:17:00,1.485,2.448,1.485,4.872285,8.031888,21.6243339708944,33.5700345919127,39.0290196078431,30.1273785213183,0,52.7374076023444,98.4599955941925,2.687,2.8435,3.96766666666667
"2119",2025-10-13 11:18:00,1.49,2.462,1.49,4.88869,8.077822,21.5371390758505,34.441983542352,38.1866666666667,30.1285597207482,0,52.7636523215416,98.4399955950874,2.698,2.856,3.983
"2120",2025-10-13 11:19:00,1.495,2.476,1.495,4.905095,8.123756,21.4499441808066,35.3139324927913,37.3443137254902,30.1297409201782,0,52.7898970407388,98.4199955959823,2.70316666666667,2.872,3.99933333333333
"2121",2025-10-13 11:20:00,1.5,2.49,1.5,4.9215,8.16969,21.3627492857627,36.1858814432306,36.5019607843137,30.1309221196081,0,52.816141759936,98.3999955968773,2.70833333333333,2.888,4.01566666666667
"2122",2025-10-13 11:21:00,1.499,2.484,1.499,4.918219,8.150004,21.3627492857627,34.9651529126156,37.3443137254902,30.1309221196081,0,52.816141759936,98.4799955932975,2.7135,2.904,4.032
"2123",2025-10-13 11:22:00,1.498,2.478,1.498,4.914938,8.130318,21.3627492857627,33.7444243820006,38.1866666666667,30.1309221196081,0,52.816141759936,98.5599955897177,2.71866666666667,2.92,4.04833333333333
"2124",2025-10-13 11:23:00,1.497,2.472,1.497,4.911657,8.110632,21.3627492857627,32.5236958513856,39.0290196078431,30.1309221196081,0,52.816141759936,98.639995586138,2.72383333333333,2.936,4.06466666666667
"2125",2025-10-13 11:24:00,1.496,2.466,1.496,4.908376,8.090946,21.3627492857627,31.3029673207706,39.8713725490196,30.1309221196081,0,52.816141759936,98.7199955825582,2.729,2.952,4.081
"2126",2025-10-13 11:25:00,1.495,2.46,1.495,4.905095,8.07126,21.3627492857627,30.0822387901556,40.7137254901961,30.1309221196081,0,52.816141759936,98.7999955789784,2.75366666666667,2.96666666666667,4.09966666666667
"2127",2025-10-13 11:26:00,1.494,2.454,1.494,4.901814,8.051574,20.926774810543,30.0822387901556,40.4329411764706,30.1303315198931,0,52.816141759936,98.7799955798734,2.77833333333333,2.98133333333333,4.11833333333333
"2128",2025-10-13 11:27:00,1.493,2.448,1.493,4.898533,8.031888,20.4908003353234,30.0822387901556,40.1521568627451,30.1297409201782,0,52.816141759936,98.7599955807683,2.803,2.996,4.137
"2129",2025-10-13 11:28:00,1.492,2.442,1.492,4.895252,8.012202,20.0548258601037,30.0822387901556,39.8713725490196,30.1291503204632,0,52.816141759936,98.7399955816633,2.82766666666667,3.01066666666667,4.15566666666667
"2130",2025-10-13 11:29:00,1.491,2.436,1.491,4.891971,7.992516,19.6188513848841,30.0822387901556,39.5905882352941,30.1285597207482,0,52.816141759936,98.7199955825582,2.85233333333333,3.02533333333333,4.17433333333333
"2131",2025-10-13 11:30:00,1.49,2.43,1.49,4.88869,7.97283,19.1828769096644,30.0822387901556,39.3098039215686,30.1279691210333,0,52.816141759936,98.6999955834531,2.877,3.04,4.193
"2132",2025-10-13 11:31:00,1.489,2.424,1.489,4.885409,7.953144,19.6188513848841,31.3901622158145,38.4674509803922,30.1285597207482,0,52.83363155132,98.7399955816633,2.89716666666667,3.05483333333333,4.21
"2133",2025-10-13 11:32:00,1.488,2.418,1.488,4.882128,7.933458,20.0548258601037,32.6980856414735,37.6250980392157,30.1291503204632,0,52.851121342704,98.7799955798734,2.91733333333333,3.06966666666667,4.227
"2134",2025-10-13 11:33:00,1.487,2.412,1.487,4.878847,7.913772,20.4908003353234,34.0060090671324,36.7827450980392,30.1297409201782,0,52.868611134088,98.8199955780835,2.9375,3.0845,4.244
"2135",2025-10-13 11:34:00,1.486,2.406,1.486,4.875566,7.894086,20.926774810543,35.3139324927913,35.9403921568627,30.1303315198931,0,52.886100925472,98.8599955762936,2.95766666666667,3.09933333333333,4.261
"2136",2025-10-13 11:35:00,1.485,2.4,1.485,4.872285,7.8744,21.3627492857627,36.6218559184503,35.0980392156863,30.1309221196081,0,52.903590716856,98.8999955745037,2.97783333333333,3.11416666666667,4.278
"2137",2025-10-13 11:36:00,1.484,2.394,1.484,4.869004,7.854714,21.4499441808066,36.0114916531428,35.3788235294118,30.1291503204632,0,52.8598562062748,98.8799955753987,2.998,3.129,4.295
"2138",2025-10-13 11:37:00,1.483,2.388,1.483,4.865723,7.835028,21.5371390758505,35.4011273878353,35.6596078431373,30.1273785213183,0,52.8161216956936,98.8599955762936,3.02583333333333,3.14916666666667,4.30916666666667
"2139",2025-10-13 11:38:00,1.482,2.382,1.482,4.862442,7.815342,21.6243339708944,34.7907631225277,35.9403921568627,30.1256067221734,0,52.7723871851124,98.8399955771885,3.05366666666667,3.16933333333333,4.32333333333333
"2140",2025-10-13 11:39:00,1.481,2.376,1.481,4.859161,7.795656,21.7115288659384,34.1803988572202,36.2211764705882,30.1238349230286,0,52.7286526745313,98.8199955780835,3.0815,3.1895,4.3375
"2141",2025-10-13 11:40:00,1.48,2.37,1.48,4.85588,7.77597,21.7987237609823,33.5700345919127,36.5019607843137,30.1220631238837,0,52.6849181639501,98.7999955789784,3.10933333333333,3.20966666666667,4.35166666666667
"2142",2025-10-13 11:41:00,1.471,2.354,1.471,4.826351,7.723474,22.4090880262898,34.6163733324399,36.2211764705882,30.1214725241687,0,52.6761672281072,98.7999955789784,3.13716666666667,3.22983333333333,4.36583333333333
"2143",2025-10-13 11:42:00,1.462,2.338,1.462,4.796822,7.670978,23.0194522915973,35.662712072967,35.9403921568627,30.1208819244538,0,52.6674162922644,98.7999955789784,3.165,3.25,4.38
"2144",2025-10-13 11:43:00,1.453,2.322,1.453,4.767293,7.618482,23.6298165569048,36.7090508134942,35.6596078431373,30.1202913247388,0,52.6586653564215,98.7999955789784,3.16933333333333,3.278,4.39633333333333
"2145",2025-10-13 11:44:00,1.444,2.306,1.444,4.737764,7.565986,24.2401808222123,37.7553895540213,35.3788235294118,30.1197007250238,0,52.6499144205787,98.7999955789784,3.17366666666667,3.306,4.41266666666667
"2146",2025-10-13 11:45:00,1.435,2.29,1.435,4.708235,7.51349,24.8505450875198,38.8017282945485,35.0980392156863,30.1191101253089,0,52.6411634847358,98.7999955789784,3.178,3.334,4.429
"2147",2025-10-13 11:46:00,1.426,2.274,1.426,4.678706,7.460994,24.7633501924759,38.191364029241,35.0980392156863,30.117338326164,0,52.6411634847358,98.7999955789784,3.18233333333333,3.362,4.44533333333333
"2148",2025-10-13 11:47:00,1.417,2.258,1.417,4.649177,7.408498,24.676155297432,37.5809997639335,35.0980392156863,30.1155665270191,0,52.6411634847358,98.7999955789784,3.18666666666667,3.39,4.46166666666667
"2149",2025-10-13 11:48:00,1.408,2.242,1.408,4.619648,7.356002,24.588960402388,36.970635498626,35.0980392156863,30.1137947278743,0,52.6411634847358,98.7999955789784,3.191,3.418,4.478
"2150",2025-10-13 11:49:00,1.399,2.226,1.399,4.590119,7.303506,24.5017655073441,36.3602712333185,35.0980392156863,30.1120229287294,0,52.6411634847358,98.7999955789784,3.21383333333333,3.44583333333333,4.49333333333333
"2151",2025-10-13 11:50:00,1.39,2.21,1.39,4.56059,7.25101,24.4145706123002,35.749906968011,35.0980392156863,30.1102511295845,0,52.6411634847358,98.7999955789784,3.23666666666667,3.47366666666667,4.50866666666667
"2152",2025-10-13 11:51:00,1.381,2.194,1.381,4.531061,7.198514,23.7170114519487,35.4011273878353,35.0980392156863,30.1126135284443,0,52.7023918360552,98.8199955780835,3.2595,3.5015,4.524
"2153",2025-10-13 11:52:00,1.372,2.178,1.372,4.501532,7.146018,23.0194522915973,35.0523478076595,35.0980392156863,30.1149759273042,0,52.7636201873746,98.8399955771885,3.28233333333333,3.52933333333333,4.53933333333333
"2154",2025-10-13 11:53:00,1.363,2.162,1.363,4.472003,7.093522,22.3218931312459,34.7035682274838,35.0980392156863,30.117338326164,0,52.8248485386941,98.8599955762936,3.30516666666667,3.55716666666667,4.55466666666667
"2155",2025-10-13 11:54:00,1.354,2.146,1.354,4.442474,7.041026,21.6243339708944,34.3547886473081,35.0980392156863,30.1197007250238,0,52.8860768900135,98.8799955753987,3.328,3.585,4.57
"2156",2025-10-13 11:55:00,1.345,2.13,1.345,4.412945,6.98853,20.926774810543,34.0060090671324,35.0980392156863,30.1220631238837,0,52.9473052413329,98.8999955745037,3.36216666666667,3.61066666666667,4.58866666666667
"2157",2025-10-13 11:56:00,1.336,2.114,1.336,4.383416,6.936034,20.926774810543,33.5700345919128,35.0980392156863,30.1232443233136,0,52.9560468259622,98.9399955727138,3.39633333333333,3.63633333333333,4.60733333333333
"2158",2025-10-13 11:57:00,1.327,2.098,1.327,4.353887,6.883538,20.926774810543,33.1340601166931,35.0980392156863,30.1244255227435,0,52.9647884105915,98.9799955709239,3.4305,3.662,4.626
"2159",2025-10-13 11:58:00,1.318,2.082,1.318,4.324358,6.831042,20.926774810543,32.6980856414735,35.0980392156863,30.1256067221734,0,52.9735299952208,99.019995569134,3.46466666666667,3.68766666666667,4.64466666666667
"2160",2025-10-13 11:59:00,1.309,2.066,1.309,4.294829,6.778546,20.926774810543,32.2621111662538,35.0980392156863,30.1267879216034,0,52.9822715798501,99.0599955673442,3.49883333333333,3.71333333333333,4.66333333333333
"2161",2025-10-13 12:00:00,1.3,2.05,1.3,4.2653,6.72605,20.926774810543,31.8261366910342,35.0980392156863,30.1279691210333,0,52.9910131644794,99.0999955655543,3.533,3.739,4.682
"2162",2025-10-13 12:01:00,1.3075,2.0635,1.3075,4.2899075,6.7703435,20.926774810543,32.2621111662538,35.6596078431373,30.1250161224585,0,52.9472919866695,98.999995570029,3.54816666666667,3.76533333333333,4.6995
"2163",2025-10-13 12:02:00,1.315,2.077,1.315,4.314515,6.814637,20.926774810543,32.6980856414735,36.2211764705882,30.1220631238837,0,52.9035708088596,98.8999955745037,3.56333333333333,3.79166666666667,4.717
"2164",2025-10-13 12:03:00,1.3225,2.0905,1.3225,4.3391225,6.8589305,20.926774810543,33.1340601166931,36.7827450980392,30.1191101253089,0,52.8598496310497,98.7999955789784,3.5785,3.818,4.7345
"2165",2025-10-13 12:04:00,1.33,2.104,1.33,4.36373,6.903224,20.926774810543,33.5700345919128,37.3443137254902,30.1161571267341,0,52.8161284532398,98.6999955834531,3.59366666666667,3.84433333333333,4.752
"2166",2025-10-13 12:05:00,1.3375,2.1175,1.3375,4.3883375,6.9475175,20.926774810543,34.0060090671324,37.9058823529412,30.1132041281593,0,52.77240727543,98.5999955879279,3.60883333333333,3.87066666666667,4.7695
"2167",2025-10-13 12:06:00,1.345,2.131,1.345,4.412945,6.991811,21.8859186560262,35.0523478076595,37.3443137254902,30.1143853275892,0,52.7811541723312,98.639995586138,3.624,3.897,4.787
"2168",2025-10-13 12:07:00,1.3525,2.1445,1.3525,4.4375525,7.0361045,22.8450625015095,36.0986865481867,36.7827450980392,30.1155665270191,0,52.7899010692324,98.6799955843481,3.64883333333333,3.922,4.8045
"2169",2025-10-13 12:08:00,1.36,2.158,1.36,4.46216,7.080398,23.8042063469927,37.1450252887138,36.2211764705882,30.116747726449,0,52.7986479661336,98.7199955825582,3.67366666666667,3.947,4.822
"2170",2025-10-13 12:09:00,1.3675,2.1715,1.3675,4.4867675,7.1246915,24.7633501924759,38.191364029241,35.6596078431373,30.117928925879,0,52.8073948630348,98.7599955807683,3.6985,3.972,4.8395
"2171",2025-10-13 12:10:00,1.375,2.185,1.375,4.511375,7.168985,25.7224940379591,39.2377027697681,35.0980392156863,30.1191101253089,0,52.816141759936,98.7999955789784,3.72333333333333,3.997,4.857
"2172",2025-10-13 12:11:00,1.3825,2.1985,1.3825,4.5359825,7.2132785,24.9377399825638,39.3248976648121,34.8172549019608,30.1191101253089,0,52.8511160408447,98.8199955780835,3.74816666666667,4.022,4.8745
"2173",2025-10-13 12:12:00,1.39,2.212,1.39,4.56059,7.257572,24.1529859271684,39.412092559856,34.5364705882353,30.1191101253089,0,52.8860903217534,98.8399955771885,3.773,4.047,4.892
"2174",2025-10-13 12:13:00,1.3975,2.2255,1.3975,4.5851975,7.3018655,23.368231871773,39.4992874548999,34.2556862745098,30.1191101253089,0,52.9210646026621,98.8599955762936,3.79316666666667,4.07066666666667,4.90666666666667
"2175",2025-10-13 12:14:00,1.405,2.239,1.405,4.609805,7.346159,22.5834778163777,39.5864823499439,33.9749019607843,30.1191101253089,0,52.9560388835707,98.8799955753987,3.81333333333333,4.09433333333333,4.92133333333333
"2176",2025-10-13 12:15:00,1.4125,2.2525,1.4125,4.6344125,7.3904525,21.7987237609823,39.6736772449878,33.6941176470588,30.1191101253089,0,52.9910131644794,98.8999955745037,3.8335,4.118,4.936
"2177",2025-10-13 12:16:00,1.42,2.266,1.42,4.65902,7.434746,21.6243339708944,38.1041691341971,33.6941176470588,30.117928925879,0,52.9560388835707,98.8999955745037,3.85366666666667,4.14166666666667,4.95066666666667
"2178",2025-10-13 12:17:00,1.4275,2.2795,1.4275,4.6836275,7.4790395,21.4499441808066,36.5346610234063,33.6941176470588,30.116747726449,0,52.9210646026621,98.8999955745037,3.87383333333333,4.16533333333333,4.96533333333333
"2179",2025-10-13 12:18:00,1.435,2.293,1.435,4.708235,7.523333,21.2755543907187,34.9651529126156,33.6941176470588,30.1155665270191,0,52.8860903217534,98.8999955745037,3.894,4.189,4.98
"2180",2025-10-13 12:19:00,1.4425,2.3065,1.4425,4.7328425,7.5676265,21.1011646006309,33.3956448018249,33.6941176470588,30.1143853275892,0,52.8511160408447,98.8999955745037,3.92233333333333,4.214,4.99366666666667
"2181",2025-10-13 12:20:00,1.45,2.32,1.45,4.75745,7.61192,20.926774810543,31.8261366910342,33.6941176470588,30.1132041281593,0,52.816141759936,98.8999955745037,3.95066666666667,4.239,5.00733333333333
"2182",2025-10-13 12:21:00,1.447,2.315,1.447,4.747607,7.595515,21.2755543907187,32.9596703266052,33.9749019607843,30.1132041281593,0,52.7548851357742,98.8399955771885,3.979,4.264,5.021
"2183",2025-10-13 12:22:00,1.444,2.31,1.444,4.737764,7.57911,21.6243339708944,34.0932039621763,34.2556862745098,30.1132041281593,0,52.6936285116125,98.7799955798734,4.00733333333333,4.289,5.03466666666667
"2184",2025-10-13 12:23:00,1.441,2.305,1.441,4.727921,7.562705,21.9731135510702,35.2267375977474,34.5364705882353,30.1132041281593,0,52.6323718874507,98.7199955825582,4.03566666666667,4.314,5.04833333333333
"2185",2025-10-13 12:24:00,1.438,2.3,1.438,4.718078,7.5463,22.3218931312459,36.3602712333185,34.8172549019608,30.1132041281593,0,52.5711152632889,98.659995585243,4.064,4.339,5.062
"2186",2025-10-13 12:25:00,1.435,2.295,1.435,4.708235,7.529895,22.6706727114216,37.4938048688896,35.0980392156863,30.1132041281593,0,52.5098586391271,98.5999955879279,4.07316666666667,4.35983333333333,5.07733333333333
"2187",2025-10-13 12:26:00,1.432,2.29,1.432,4.698392,7.51349,22.5834778163777,36.970635498626,35.0980392156863,30.1132041281593,0,52.5448705440917,98.639995586138,4.08233333333333,4.38066666666667,5.09266666666667
"2188",2025-10-13 12:27:00,1.429,2.285,1.429,4.688549,7.497085,22.4962829213337,36.4474661283624,35.0980392156863,30.1132041281593,0,52.5798824490563,98.6799955843481,4.0915,4.4015,5.108
"2189",2025-10-13 12:28:00,1.426,2.28,1.426,4.678706,7.48068,22.4090880262898,35.9242967580988,35.0980392156863,30.1132041281593,0,52.6148943540209,98.7199955825582,4.10066666666667,4.42233333333333,5.12333333333333
"2190",2025-10-13 12:29:00,1.423,2.275,1.423,4.668863,7.464275,22.3218931312459,35.4011273878353,35.0980392156863,30.1132041281593,0,52.6499062589855,98.7599955807683,4.10983333333333,4.44316666666667,5.13866666666667
"2191",2025-10-13 12:30:00,1.42,2.27,1.42,4.65902,7.44787,22.234698236202,34.8779580175717,35.0980392156863,30.1132041281593,0,52.6849181639501,98.7999955789784,4.119,4.464,5.154
"2192",2025-10-13 12:31:00,1.417,2.265,1.417,4.649177,7.431465,22.234698236202,34.6163733324399,35.3788235294118,30.1120229287294,0,52.6936677482541,98.7799955798734,4.1525,4.488,5.1655
"2193",2025-10-13 12:32:00,1.414,2.26,1.414,4.639334,7.41506,22.234698236202,34.3547886473081,35.6596078431373,30.1108417292995,0,52.7024173325581,98.7599955807683,4.186,4.512,5.177
"2194",2025-10-13 12:33:00,1.411,2.255,1.411,4.629491,7.398655,22.234698236202,34.0932039621763,35.9403921568627,30.1096605298695,0,52.7111669168621,98.7399955816633,4.2195,4.536,5.1885
"2195",2025-10-13 12:34:00,1.408,2.25,1.408,4.619648,7.38225,22.234698236202,33.8316192770445,36.2211764705882,30.1084793304396,0,52.7199165011662,98.7199955825582,4.253,4.56,5.2
"2196",2025-10-13 12:35:00,1.405,2.245,1.405,4.609805,7.365845,22.234698236202,33.5700345919127,36.5019607843137,30.1072981310097,0,52.7286660854702,98.6999955834531,4.2865,4.584,5.2115
"2197",2025-10-13 12:36:00,1.402,2.24,1.402,4.599962,7.34944,22.147503341158,33.7444243820006,36.7827450980392,30.1072981310097,0,52.7024132727086,98.6799955843481,4.32,4.608,5.223
"2198",2025-10-13 12:37:00,1.399,2.235,1.399,4.590119,7.333035,22.0603084461141,33.9188141720885,37.0635294117647,30.1072981310097,0,52.6761604599471,98.659995585243,4.35033333333333,4.62716666666667,5.23666666666667
"2199",2025-10-13 12:38:00,1.396,2.23,1.396,4.580276,7.31663,21.9731135510702,34.0932039621763,37.3443137254902,30.1072981310097,0,52.6499076471855,98.639995586138,4.38066666666667,4.64633333333333,5.25033333333333
"2200",2025-10-13 12:39:00,1.393,2.225,1.393,4.570433,7.300225,21.8859186560262,34.2675937522642,37.6250980392157,30.1072981310097,0,52.623654834424,98.6199955870329,4.411,4.6655,5.264
"2201",2025-10-13 12:40:00,1.39,2.22,1.39,4.56059,7.28382,21.7987237609823,34.441983542352,37.9058823529412,30.1072981310097,0,52.5974020216624,98.5999955879279,4.44133333333333,4.68466666666667,5.27766666666667
"2202",2025-10-13 12:41:00,1.392,2.222,1.392,4.567152,7.290382,22.0603084461141,35.0523478076595,37.6250980392157,30.1072981310097,0,52.6061543142771,98.6199955870329,4.47166666666667,4.70383333333333,5.29133333333333
"2203",2025-10-13 12:42:00,1.394,2.224,1.394,4.573714,7.296944,22.3218931312459,35.662712072967,37.3443137254902,30.1072981310097,0,52.6149066068918,98.639995586138,4.502,4.723,5.305
"2204",2025-10-13 12:43:00,1.396,2.226,1.396,4.580276,7.303506,22.5834778163777,36.2730763382746,37.0635294117647,30.1072981310097,0,52.6236588995065,98.659995585243,4.51733333333333,4.74333333333333,5.31916666666667
"2205",2025-10-13 12:44:00,1.398,2.228,1.398,4.586838,7.310068,22.8450625015095,36.8834406035821,36.7827450980392,30.1072981310097,0,52.6324111921211,98.6799955843481,4.53266666666667,4.76366666666667,5.33333333333333
"2206",2025-10-13 12:45:00,1.4,2.23,1.4,4.5934,7.31663,23.1066471866412,37.4938048688896,36.5019607843137,30.1072981310097,0,52.6411634847358,98.6999955834531,4.548,4.784,5.3475
"2207",2025-10-13 12:46:00,1.402,2.232,1.402,4.599962,7.323192,23.1066471866412,37.4938048688896,35.9403921568627,30.1072981310097,0,52.6411634847358,98.659995585243,4.56333333333333,4.80433333333333,5.36166666666667
"2208",2025-10-13 12:47:00,1.404,2.234,1.404,4.606524,7.329754,23.1066471866412,37.4938048688896,35.3788235294118,30.1072981310097,0,52.6411634847358,98.6199955870329,4.57866666666667,4.82466666666667,5.37583333333333
"2209",2025-10-13 12:48:00,1.406,2.236,1.406,4.613086,7.336316,23.1066471866412,37.4938048688896,34.8172549019608,30.1072981310097,0,52.6411634847358,98.5799955888228,4.594,4.845,5.39
"2210",2025-10-13 12:49:00,1.408,2.238,1.408,4.619648,7.342878,23.1066471866412,37.4938048688896,34.2556862745098,30.1072981310097,0,52.6411634847358,98.5399955906127,4.622,4.86683333333333,5.4015
"2211",2025-10-13 12:50:00,1.41,2.24,1.41,4.62621,7.34944,23.1066471866412,37.4938048688896,33.6941176470588,30.1072981310097,0,52.6411634847358,98.4999955924026,4.65,4.88866666666667,5.413
"2212",2025-10-13 12:51:00,1.412,2.242,1.412,4.632772,7.356002,22.8450625015095,36.4474661283624,34.2556862745098,30.1078887307247,0,52.6674122428746,98.5399955906127,4.678,4.9105,5.4245
"2213",2025-10-13 12:52:00,1.414,2.244,1.414,4.639334,7.362564,22.5834778163777,35.4011273878353,34.8172549019608,30.1084793304396,0,52.6936610010135,98.5799955888228,4.706,4.93233333333333,5.436
"2214",2025-10-13 12:53:00,1.416,2.246,1.416,4.645896,7.369126,22.3218931312459,34.3547886473081,35.3788235294118,30.1090699301546,0,52.7199097591523,98.6199955870329,4.734,4.95416666666667,5.4475
"2215",2025-10-13 12:54:00,1.418,2.248,1.418,4.652458,7.375688,22.0603084461141,33.308449906781,35.9403921568627,30.1096605298695,0,52.7461585172911,98.659995585243,4.762,4.976,5.459
"2216",2025-10-13 12:55:00,1.42,2.25,1.42,4.65902,7.38225,21.7987237609823,32.2621111662538,36.5019607843137,30.1102511295845,0,52.77240727543,98.6999955834531,4.79533333333333,5.00166666666667,5.46666666666667
"2217",2025-10-13 12:56:00,1.422,2.252,1.422,4.665582,7.388812,21.9731135510702,32.6108907464295,35.3788235294118,30.1102511295845,0,52.7374062246764,98.6799955843481,4.82866666666667,5.02733333333333,5.47433333333333
"2218",2025-10-13 12:57:00,1.424,2.254,1.424,4.672144,7.395374,22.147503341158,32.9596703266052,34.2556862745098,30.1102511295845,0,52.7024051739229,98.659995585243,4.862,5.053,5.482
"2219",2025-10-13 12:58:00,1.426,2.256,1.426,4.678706,7.401936,22.3218931312459,33.308449906781,33.1325490196078,30.1102511295845,0,52.6674041231694,98.639995586138,4.89533333333333,5.07866666666667,5.48966666666667
"2220",2025-10-13 12:59:00,1.428,2.258,1.428,4.685268,7.408498,22.4962829213337,33.6572294869567,32.0094117647059,30.1102511295845,0,52.6324030724159,98.6199955870329,4.92866666666667,5.10433333333333,5.49733333333333
"2221",2025-10-13 13:00:00,1.43,2.26,1.43,4.69183,7.41506,22.6706727114216,34.0060090671324,30.8862745098039,30.1102511295845,0,52.5974020216624,98.5999955879279,4.962,5.13,5.505
"2222",2025-10-13 13:01:00,1.4285,2.2585,1.4285,4.6869085,7.4101385,22.6706727114216,35.4883222828792,31.7286274509804,30.1096605298695,0,52.6061543142771,98.5999955879279,4.98666666666667,5.15783333333333,5.51383333333333
"2223",2025-10-13 13:02:00,1.427,2.257,1.427,4.681987,7.405217,22.6706727114216,36.970635498626,32.5709803921569,30.1090699301546,0,52.6149066068918,98.5999955879279,5.01133333333333,5.18566666666667,5.52266666666667
"2224",2025-10-13 13:03:00,1.4255,2.2555,1.4255,4.6770655,7.4002955,22.6706727114216,38.4529487143728,33.4133333333333,30.1084793304396,0,52.6236588995065,98.5999955879279,5.036,5.2135,5.5315
"2225",2025-10-13 13:04:00,1.424,2.254,1.424,4.672144,7.395374,22.6706727114216,39.9352619301196,34.2556862745098,30.1078887307247,0,52.6324111921211,98.5999955879279,5.06066666666667,5.24133333333333,5.54033333333333
"2226",2025-10-13 13:05:00,1.4225,2.2525,1.4225,4.6672225,7.3904525,22.6706727114216,41.4175751458664,35.0980392156863,30.1072981310097,0,52.6411634847358,98.5999955879279,5.08533333333333,5.26916666666667,5.54916666666667
"2227",2025-10-13 13:06:00,1.421,2.251,1.421,4.662301,7.385531,22.6706727114216,39.9352619301196,35.6596078431373,30.1084793304396,0,52.6411634847358,98.639995586138,5.11,5.297,5.558
"2228",2025-10-13 13:07:00,1.4195,2.2495,1.4195,4.6573795,7.3806095,22.6706727114216,38.4529487143728,36.2211764705882,30.1096605298695,0,52.6411634847358,98.6799955843481,5.14833333333333,5.32383333333333,5.56733333333333
"2229",2025-10-13 13:08:00,1.418,2.248,1.418,4.652458,7.375688,22.6706727114216,36.970635498626,36.7827450980392,30.1108417292995,0,52.6411634847358,98.7199955825582,5.18666666666667,5.35066666666667,5.57666666666667
"2230",2025-10-13 13:09:00,1.4165,2.2465,1.4165,4.6475365,7.3707665,22.6706727114216,35.4883222828792,37.3443137254902,30.1120229287294,0,52.6411634847358,98.7599955807683,5.225,5.3775,5.586
"2231",2025-10-13 13:10:00,1.415,2.245,1.415,4.642615,7.365845,22.6706727114216,34.0060090671324,37.9058823529412,30.1132041281593,0,52.6411634847358,98.7999955789784,5.26333333333333,5.40433333333333,5.59533333333333
"2232",2025-10-13 13:11:00,1.4135,2.2435,1.4135,4.6376935,7.3609235,22.6706727114216,34.441983542352,37.6250980392157,30.1132041281593,0,52.6499144205787,98.8199955780835,5.30166666666667,5.43116666666667,5.60466666666667
"2233",2025-10-13 13:12:00,1.412,2.242,1.412,4.632772,7.356002,22.6706727114216,34.8779580175717,37.3443137254902,30.1132041281593,0,52.6586653564215,98.8399955771885,5.34,5.458,5.614
"2234",2025-10-13 13:13:00,1.4105,2.2405,1.4105,4.6278505,7.3510805,22.6706727114216,35.3139324927913,37.0635294117647,30.1132041281593,0,52.6674162922644,98.8599955762936,5.361,5.4875,5.61716666666667
"2235",2025-10-13 13:14:00,1.409,2.239,1.409,4.622929,7.346159,22.6706727114216,35.749906968011,36.7827450980392,30.1132041281593,0,52.6761672281072,98.8799955753987,5.382,5.517,5.62033333333333
"2236",2025-10-13 13:15:00,1.4075,2.2375,1.4075,4.6180075,7.3412375,22.6706727114216,36.1858814432306,36.5019607843137,30.1132041281593,0,52.6849181639501,98.8999955745037,5.403,5.5465,5.6235
"2237",2025-10-13 13:16:00,1.406,2.236,1.406,4.613086,7.336316,22.8450625015095,35.662712072967,35.9403921568627,30.1120229287294,0,52.6761672281072,98.9199955736088,5.424,5.576,5.62666666666667
"2238",2025-10-13 13:17:00,1.4045,2.2345,1.4045,4.6081645,7.3313945,23.0194522915973,35.1395427027035,35.3788235294118,30.1108417292995,0,52.6674162922644,98.9399955727138,5.445,5.6055,5.62983333333333
"2239",2025-10-13 13:18:00,1.403,2.233,1.403,4.603243,7.326473,23.1938420816852,34.6163733324399,34.8172549019608,30.1096605298695,0,52.6586653564215,98.9599955718189,5.466,5.635,5.633
"2240",2025-10-13 13:19:00,1.4015,2.2315,1.4015,4.5983215,7.3215515,23.368231871773,34.0932039621763,34.2556862745098,30.1084793304396,0,52.6499144205787,98.9799955709239,5.48433333333333,5.67,5.63633333333333
"2241",2025-10-13 13:20:00,1.4,2.23,1.4,4.5934,7.31663,23.5426216618609,33.5700345919127,33.6941176470588,30.1072981310097,0,52.6411634847358,98.999995570029,5.50266666666667,5.705,5.63966666666667
"2242",2025-10-13 13:21:00,1.406,2.238,1.406,4.613086,7.342878,23.2810369767291,34.0932039621763,33.6941176470588,30.1072981310097,0,52.6674122428746,98.999995570029,5.521,5.74,5.643
"2243",2025-10-13 13:22:00,1.412,2.246,1.412,4.632772,7.369126,23.0194522915973,34.6163733324399,33.6941176470588,30.1072981310097,0,52.6936610010135,98.999995570029,5.53933333333333,5.775,5.64633333333333
"2244",2025-10-13 13:23:00,1.418,2.254,1.418,4.652458,7.395374,22.7578676064655,35.1395427027035,33.6941176470588,30.1072981310097,0,52.7199097591523,98.999995570029,5.55766666666667,5.81,5.64966666666667
"2245",2025-10-13 13:24:00,1.424,2.262,1.424,4.672144,7.421622,22.4962829213337,35.662712072967,33.6941176470588,30.1072981310097,0,52.7461585172911,98.999995570029,5.576,5.845,5.653
"2246",2025-10-13 13:25:00,1.43,2.27,1.43,4.69183,7.44787,22.234698236202,36.1858814432306,33.6941176470588,30.1072981310097,0,52.77240727543,98.999995570029,5.62066666666667,5.8795,5.66016666666667
"2247",2025-10-13 13:26:00,1.436,2.278,1.436,4.711516,7.474118,21.8859186560262,35.2267375977474,34.2556862745098,30.1072981310097,0,52.77240727543,98.999995570029,5.66533333333333,5.914,5.66733333333333
"2248",2025-10-13 13:27:00,1.442,2.286,1.442,4.731202,7.500366,21.5371390758505,34.2675937522642,34.8172549019608,30.1072981310097,0,52.77240727543,98.999995570029,5.71,5.9485,5.6745
"2249",2025-10-13 13:28:00,1.448,2.294,1.448,4.750888,7.526614,21.1883594956748,33.308449906781,35.3788235294118,30.1072981310097,0,52.77240727543,98.999995570029,5.75466666666667,5.983,5.68166666666667
"2250",2025-10-13 13:29:00,1.454,2.302,1.454,4.770574,7.552862,20.8395799154991,32.3493060612977,35.9403921568627,30.1072981310097,0,52.77240727543,98.999995570029,5.79933333333333,6.0175,5.68883333333333
"2251",2025-10-13 13:30:00,1.46,2.31,1.46,4.79026,7.57911,20.4908003353234,31.3901622158145,36.5019607843137,30.1072981310097,0,52.77240727543,98.999995570029,5.844,6.052,5.696
"2252",2025-10-13 13:31:00,1.466,2.318,1.466,4.809946,7.605358,20.6651901254112,31.3901622158145,36.2211764705882,30.1078887307247,0,52.7461585172911,98.999995570029,5.87416666666667,6.08433333333333,5.70083333333333
"2253",2025-10-13 13:32:00,1.472,2.326,1.472,4.829632,7.631606,20.8395799154991,31.3901622158145,35.9403921568627,30.1084793304396,0,52.7199097591523,98.999995570029,5.90433333333333,6.11666666666667,5.70566666666667
"2254",2025-10-13 13:33:00,1.478,2.334,1.478,4.849318,7.657854,21.0139697055869,31.3901622158145,35.6596078431373,30.1090699301546,0,52.6936610010135,98.999995570029,5.9345,6.149,5.7105
"2255",2025-10-13 13:34:00,1.484,2.342,1.484,4.869004,7.684102,21.1883594956748,31.3901622158145,35.3788235294118,30.1096605298695,0,52.6674122428746,98.999995570029,5.96466666666667,6.18133333333333,5.71533333333333
"2256",2025-10-13 13:35:00,1.49,2.35,1.49,4.88869,7.71035,21.3627492857627,31.3901622158145,35.0980392156863,30.1102511295845,0,52.6411634847358,98.999995570029,5.99483333333333,6.21366666666667,5.72016666666667
"2257",2025-10-13 13:36:00,1.496,2.358,1.496,4.908376,7.736598,21.4499441808066,32.1749162712099,34.2556862745098,30.1114323290144,0,52.6586640048827,99.019995569134,6.025,6.246,5.725
"2258",2025-10-13 13:37:00,1.502,2.366,1.502,4.928062,7.762846,21.5371390758505,32.9596703266052,33.4133333333333,30.1126135284443,0,52.6761645250296,99.0399955682391,6.058,6.27983333333333,5.72383333333333
"2259",2025-10-13 13:38:00,1.508,2.374,1.508,4.947748,7.789094,21.6243339708944,33.7444243820006,32.5709803921569,30.1137947278743,0,52.6936650451764,99.0599955673442,6.091,6.31366666666667,5.72266666666667
"2260",2025-10-13 13:39:00,1.514,2.382,1.514,4.967434,7.815342,21.7115288659384,34.529178437396,31.7286274509804,30.1149759273042,0,52.7111655653233,99.0799955664492,6.124,6.3475,5.7215
"2261",2025-10-13 13:40:00,1.52,2.39,1.52,4.98712,7.84159,21.7987237609823,35.3139324927913,30.8862745098039,30.1161571267341,0,52.7286660854702,99.0999955655543,6.157,6.38133333333333,5.72033333333333
"2262",2025-10-13 13:41:00,1.522,2.395,1.522,4.993682,7.857995,21.7115288659384,34.529178437396,31.7286274509804,30.1143853275892,0,52.7549067813887,99.1399955637644,6.19,6.41516666666667,5.71916666666667
"2263",2025-10-13 13:42:00,1.524,2.4,1.524,5.000244,7.8744,21.6243339708944,33.7444243820006,32.5709803921569,30.1126135284443,0,52.7811474773072,99.1799955619745,6.223,6.449,5.718
"2264",2025-10-13 13:43:00,1.526,2.405,1.526,5.006806,7.890805,21.5371390758505,32.9596703266052,33.4133333333333,30.1108417292995,0,52.8073881732257,99.2199955601846,6.25483333333333,6.48666666666667,5.718
"2265",2025-10-13 13:44:00,1.528,2.41,1.528,5.013368,7.90721,21.4499441808066,32.1749162712099,34.2556862745098,30.1090699301546,0,52.8336288691442,99.2599955583947,6.28666666666667,6.52433333333333,5.718
"2266",2025-10-13 13:45:00,1.53,2.415,1.53,5.01993,7.923615,21.3627492857627,31.3901622158145,35.0980392156863,30.1072981310097,0,52.8598695650628,99.2999955566048,6.3185,6.562,5.718
"2267",2025-10-13 13:46:00,1.532,2.42,1.532,5.026492,7.94002,21.7115288659384,32.0877213761659,34.8172549019608,30.1067075312947,0,52.7898673798756,99.2599955583947,6.35033333333333,6.59966666666667,5.718
"2268",2025-10-13 13:47:00,1.534,2.425,1.534,5.033054,7.956425,22.0603084461141,32.7852805365174,34.5364705882353,30.1061169315798,0,52.7198651946885,99.2199955601846,6.38216666666667,6.63733333333333,5.718
"2269",2025-10-13 13:48:00,1.536,2.43,1.536,5.039616,7.97283,22.4090880262898,33.4828396968688,34.2556862745098,30.1055263318648,0,52.6498630095014,99.1799955619745,6.414,6.675,5.718
"2270",2025-10-13 13:49:00,1.538,2.435,1.538,5.046178,7.989235,22.7578676064655,34.1803988572203,33.9749019607843,30.1049357321499,0,52.5798608243142,99.1399955637644,6.44483333333333,6.70566666666667,5.718
"2271",2025-10-13 13:50:00,1.54,2.44,1.54,5.05274,8.00564,23.1066471866412,34.8779580175717,33.6941176470588,30.1043451324349,0,52.5098586391271,99.0999955655543,6.47566666666667,6.73633333333333,5.718
"2272",2025-10-13 13:51:00,1.542,2.445,1.542,5.059302,8.022045,22.8450625015095,34.441983542352,33.6941176470588,30.10375453272,0,52.5536201283957,99.1199955646593,6.5065,6.767,5.718
"2273",2025-10-13 13:52:00,1.544,2.45,1.544,5.065864,8.03845,22.5834778163777,34.0060090671324,33.6941176470588,30.103163933005,0,52.5973816176643,99.1399955637644,6.53733333333333,6.79766666666667,5.718
"2274",2025-10-13 13:53:00,1.546,2.455,1.546,5.072426,8.054855,22.3218931312459,33.5700345919127,33.6941176470588,30.10257333329,0,52.641143106933,99.1599955628694,6.56816666666667,6.82833333333333,5.718
"2275",2025-10-13 13:54:00,1.548,2.46,1.548,5.078988,8.07126,22.0603084461141,33.1340601166931,33.6941176470588,30.1019827335751,0,52.6849045962016,99.1799955619745,6.599,6.859,5.718
"2276",2025-10-13 13:55:00,1.55,2.465,1.55,5.08555,8.087665,21.7987237609823,32.6980856414735,33.6941176470588,30.1013921338601,0,52.7286660854702,99.1999955610795,6.64866666666667,6.8885,5.717
"2277",2025-10-13 13:56:00,1.552,2.47,1.552,5.092112,8.10407,22.0603084461141,32.7852805365174,33.6941176470588,30.1008015341452,0,52.7286660854702,99.2399955592897,6.69833333333333,6.918,5.716
"2278",2025-10-13 13:57:00,1.554,2.475,1.554,5.098674,8.120475,22.3218931312459,32.8724754315613,33.6941176470588,30.1002109344302,0,52.7286660854702,99.2799955574998,6.748,6.9475,5.715
"2279",2025-10-13 13:58:00,1.556,2.48,1.556,5.105236,8.13688,22.5834778163777,32.9596703266052,33.6941176470588,30.0996203347152,0,52.7286660854702,99.3199955557099,6.79766666666667,6.977,5.714
"2280",2025-10-13 13:59:00,1.558,2.485,1.558,5.111798,8.153285,22.8450625015095,33.0468652216492,33.6941176470588,30.0990297350003,0,52.7286660854702,99.35999555392,6.84733333333333,7.0065,5.713
"2281",2025-10-13 14:00:00,1.56,2.49,1.56,5.11836,8.16969,23.1066471866412,33.1340601166931,33.6941176470588,30.0984391352853,0,52.7286660854702,99.3999955521301,6.897,7.036,5.712
"2282",2025-10-13 14:01:00,1.561,2.4905,1.561,5.121641,8.1713305,22.4962829213337,32.5236958513856,33.6941176470588,30.0996203347152,0,52.7199165011662,99.379995553025,6.91633333333333,7.07816666666667,5.70866666666667
"2283",2025-10-13 14:02:00,1.562,2.491,1.562,5.124922,8.172971,21.8859186560262,31.9133315860781,33.6941176470588,30.1008015341452,0,52.7111669168621,99.35999555392,6.93566666666667,7.12033333333333,5.70533333333333
"2284",2025-10-13 14:03:00,1.563,2.4915,1.563,5.128203,8.1746115,21.2755543907187,31.3029673207706,33.6941176470588,30.1019827335751,0,52.7024173325581,99.3399955548149,6.955,7.1625,5.702
"2285",2025-10-13 14:04:00,1.564,2.492,1.564,5.131484,8.176252,20.6651901254112,30.6926030554631,33.6941176470588,30.103163933005,0,52.6936677482541,99.3199955557099,6.97433333333333,7.20466666666667,5.69866666666667
"2286",2025-10-13 14:05:00,1.565,2.4925,1.565,5.134765,8.1778925,20.0548258601037,30.0822387901556,33.6941176470588,30.1043451324349,0,52.6849181639501,99.2999955566048,6.99366666666667,7.24683333333333,5.69533333333333
"2287",2025-10-13 14:06:00,1.566,2.493,1.566,5.138046,8.179533,20.4036054402794,30.9541877405949,33.9749019607843,30.10375453272,0,52.6936677482541,99.3199955557099,7.013,7.289,5.692
"2288",2025-10-13 14:07:00,1.567,2.4935,1.567,5.141327,8.1811735,20.7523850204552,31.8261366910342,34.2556862745098,30.103163933005,0,52.7024173325581,99.3399955548149,7.05466666666667,7.32616666666667,5.68933333333333
"2289",2025-10-13 14:08:00,1.568,2.494,1.568,5.144608,8.182814,21.1011646006309,32.6980856414735,34.5364705882353,30.10257333329,0,52.7111669168621,99.35999555392,7.09633333333333,7.36333333333333,5.68666666666667
"2290",2025-10-13 14:09:00,1.569,2.4945,1.569,5.147889,8.1844545,21.4499441808066,33.5700345919128,34.8172549019608,30.1019827335751,0,52.7199165011662,99.379995553025,7.138,7.4005,5.684
"2291",2025-10-13 14:10:00,1.57,2.495,1.57,5.15117,8.186095,21.7987237609823,34.441983542352,35.0980392156863,30.1013921338601,0,52.7286660854702,99.3999955521301,7.17966666666667,7.43766666666667,5.68133333333333
"2292",2025-10-13 14:11:00,1.571,2.4955,1.571,5.154451,8.1877355,21.5371390758505,34.0060090671324,35.3788235294118,30.1019827335751,0,52.7374143234621,99.4199955512352,7.22133333333333,7.47483333333333,5.67866666666667
"2293",2025-10-13 14:12:00,1.572,2.496,1.572,5.157732,8.189376,21.2755543907187,33.5700345919128,35.6596078431373,30.10257333329,0,52.7461625614541,99.4399955503402,7.263,7.512,5.676
"2294",2025-10-13 14:13:00,1.573,2.4965,1.573,5.161013,8.1910165,21.0139697055869,33.1340601166931,35.9403921568627,30.103163933005,0,52.754910799446,99.4599955494453,7.295,7.54533333333333,5.671
"2295",2025-10-13 14:14:00,1.574,2.497,1.574,5.164294,8.192657,20.7523850204552,32.6980856414735,36.2211764705882,30.10375453272,0,52.763659037438,99.4799955485503,7.327,7.57866666666667,5.666
"2296",2025-10-13 14:15:00,1.575,2.4975,1.575,5.167575,8.1942975,20.4908003353234,32.2621111662538,36.5019607843137,30.1043451324349,0,52.77240727543,99.4999955476554,7.359,7.612,5.661
"2297",2025-10-13 14:16:00,1.576,2.498,1.576,5.170856,8.195938,20.1420207551476,32.000526481122,37.0635294117647,30.1049357321499,0,52.763659037438,99.4599955494453,7.391,7.64533333333333,5.656
"2298",2025-10-13 14:17:00,1.577,2.4985,1.577,5.174137,8.1975785,19.7932411749719,31.7389417959902,37.6250980392157,30.1055263318648,0,52.754910799446,99.4199955512352,7.423,7.67866666666667,5.651
"2299",2025-10-13 14:18:00,1.578,2.499,1.578,5.177418,8.199219,19.4444615947962,31.4773571108584,38.1866666666667,30.1061169315798,0,52.7461625614541,99.379995553025,7.455,7.712,5.646
"2300",2025-10-13 14:19:00,1.579,2.4995,1.579,5.180699,8.2008595,19.0956820146205,31.2157724257267,38.7482352941176,30.1067075312947,0,52.7374143234621,99.3399955548149,7.49966666666667,7.752,5.64066666666667
"2301",2025-10-13 14:20:00,1.58,2.5,1.58,5.18398,8.2025,18.7469024344448,30.9541877405949,39.3098039215686,30.1072981310097,0,52.7286660854702,99.2999955566048,7.54433333333333,7.792,5.63533333333333
"2302",2025-10-13 14:21:00,1.581,2.5025,1.581,5.187261,8.2107025,19.0084871195766,31.1285775306827,38.4674509803922,30.1072981310097,0,52.7461612203634,99.3199955557099,7.589,7.832,5.63
"2303",2025-10-13 14:22:00,1.582,2.505,1.582,5.190542,8.218905,19.2700718047084,31.3029673207706,37.6250980392157,30.1072981310097,0,52.7636563552565,99.3399955548149,7.63366666666667,7.872,5.62466666666667
"2304",2025-10-13 14:23:00,1.583,2.5075,1.583,5.193823,8.2271075,19.5316564898401,31.4773571108584,36.7827450980392,30.1072981310097,0,52.7811514901497,99.35999555392,7.67833333333333,7.912,5.61933333333333
"2305",2025-10-13 14:24:00,1.584,2.51,1.584,5.197104,8.23531,19.7932411749719,31.6517469009463,35.9403921568627,30.1072981310097,0,52.7986466250428,99.379995553025,7.723,7.952,5.614
"2306",2025-10-13 14:25:00,1.585,2.5125,1.585,5.200385,8.2435125,20.0548258601037,31.8261366910342,35.0980392156863,30.1072981310097,0,52.816141759936,99.3999955521301,7.74933333333333,7.99083333333333,5.60783333333333
"2307",2025-10-13 14:26:00,1.586,2.515,1.586,5.203666,8.251715,19.8804360700159,31.9133315860781,35.0980392156863,30.1067075312947,0,52.8511160408447,99.4399955503402,7.77566666666667,8.02966666666667,5.60166666666667
"2308",2025-10-13 14:27:00,1.587,2.5175,1.587,5.206947,8.2599175,19.706046279928,32.000526481122,35.0980392156863,30.1061169315798,0,52.8860903217534,99.4799955485503,7.802,8.0685,5.5955
"2309",2025-10-13 14:28:00,1.588,2.52,1.588,5.210228,8.26812,19.5316564898401,32.087721376166,35.0980392156863,30.1055263318648,0,52.9210646026621,99.5199955467604,7.82833333333333,8.10733333333333,5.58933333333333
"2310",2025-10-13 14:29:00,1.589,2.5225,1.589,5.213509,8.2763225,19.3572666997523,32.1749162712099,35.0980392156863,30.1049357321499,0,52.9560388835707,99.5599955449706,7.85466666666667,8.14616666666667,5.58316666666667
"2311",2025-10-13 14:30:00,1.59,2.525,1.59,5.21679,8.284525,19.1828769096644,32.2621111662538,35.0980392156863,30.1043451324349,0,52.9910131644794,99.5999955431807,7.881,8.185,5.577
"2312",2025-10-13 14:31:00,1.591,2.5275,1.591,5.220071,8.2927275,19.706046279928,32.5236958513856,36.2211764705882,30.103163933005,0,52.9735286749547,99.5999955431807,7.91633333333333,8.22316666666667,5.5705
"2313",2025-10-13 14:32:00,1.592,2.53,1.592,5.223352,8.30093,20.2292156501916,32.7852805365174,37.3443137254902,30.1019827335751,0,52.9560441854301,99.5999955431807,7.95166666666667,8.26133333333333,5.564
"2314",2025-10-13 14:33:00,1.593,2.5325,1.593,5.226633,8.3091325,20.7523850204552,33.0468652216492,38.4674509803922,30.1008015341452,0,52.9385596959054,99.5999955431807,7.987,8.2995,5.5575
"2315",2025-10-13 14:34:00,1.594,2.535,1.594,5.229914,8.317335,21.2755543907187,33.308449906781,39.5905882352941,30.0996203347152,0,52.9210752063807,99.5999955431807,8.02233333333333,8.33766666666667,5.551
"2316",2025-10-13 14:35:00,1.595,2.5375,1.595,5.233195,8.3255375,21.7987237609823,33.5700345919127,40.7137254901961,30.0984391352853,0,52.903590716856,99.5999955431807,8.05766666666667,8.37583333333333,5.5445
"2317",2025-10-13 14:36:00,1.596,2.54,1.596,5.236476,8.33374,21.5371390758505,32.8724754315613,39.8713725490196,30.0966673361404,0,52.9210752063807,99.5999955431807,8.093,8.414,5.538
"2318",2025-10-13 14:37:00,1.597,2.5425,1.597,5.239757,8.3419425,21.2755543907187,32.1749162712099,39.0290196078431,30.0948955369956,0,52.9385596959054,99.5999955431807,8.12916666666667,8.45016666666667,5.5325
"2319",2025-10-13 14:38:00,1.598,2.545,1.598,5.243038,8.350145,21.0139697055869,31.4773571108584,38.1866666666667,30.0931237378507,0,52.9560441854301,99.5999955431807,8.16533333333333,8.48633333333333,5.527
"2320",2025-10-13 14:39:00,1.599,2.5475,1.599,5.246319,8.3583475,20.7523850204552,30.779797950507,37.3443137254902,30.0913519387058,0,52.9735286749547,99.5999955431807,8.2015,8.5225,5.5215
"2321",2025-10-13 14:40:00,1.6,2.55,1.6,5.2496,8.36655,20.4908003353234,30.0822387901556,36.5019607843137,30.0895801395609,0,52.9910131644794,99.5999955431807,8.23766666666667,8.55866666666667,5.516
"2322",2025-10-13 14:41:00,1.6035,2.5525,1.6035,5.2610835,8.3747525,20.5779952303673,30.1694336851995,36.2211764705882,30.0901707392759,0,52.9647844445961,99.5999955431807,8.27383333333333,8.59483333333333,5.5105
"2323",2025-10-13 14:42:00,1.607,2.555,1.607,5.272567,8.382955,20.6651901254112,30.2566285802434,35.9403921568627,30.0907613389909,0,52.9385557247127,99.5999955431807,8.31,8.631,5.505
"2324",2025-10-13 14:43:00,1.6105,2.5575,1.6105,5.2840505,8.3911575,20.7523850204552,30.3438234752874,35.6596078431373,30.0913519387058,0,52.9123270048294,99.5999955431807,8.3395,8.66,5.498
"2325",2025-10-13 14:44:00,1.614,2.56,1.614,5.295534,8.39936,20.8395799154991,30.4310183703313,35.3788235294118,30.0919425384208,0,52.8860982849461,99.5999955431807,8.369,8.689,5.491
"2326",2025-10-13 14:45:00,1.6175,2.5625,1.6175,5.3070175,8.4075625,20.926774810543,30.5182132653752,35.0980392156863,30.0925331381357,0,52.8598695650628,99.5999955431807,8.3985,8.718,5.484
"2327",2025-10-13 14:46:00,1.621,2.565,1.621,5.318501,8.415765,21.1883594956748,31.6517469009463,35.3788235294118,30.0931237378507,0,52.8686137954214,99.5999955431807,8.428,8.747,5.477
"2328",2025-10-13 14:47:00,1.6245,2.5675,1.6245,5.3299845,8.4239675,21.4499441808066,32.7852805365174,35.6596078431373,30.0937143375656,0,52.8773580257801,99.5999955431807,8.4575,8.776,5.47
"2329",2025-10-13 14:48:00,1.628,2.57,1.628,5.341468,8.43217,21.7115288659384,33.9188141720885,35.9403921568627,30.0943049372806,0,52.8861022561387,99.5999955431807,8.487,8.805,5.463
"2330",2025-10-13 14:49:00,1.6315,2.5725,1.6315,5.3529515,8.4403725,21.9731135510702,35.0523478076595,36.2211764705882,30.0948955369956,0,52.8948464864974,99.5999955431807,8.532,8.8405,5.45316666666667
"2331",2025-10-13 14:50:00,1.635,2.575,1.635,5.364435,8.448575,22.234698236202,36.1858814432306,36.5019607843137,30.0954861367105,0,52.903590716856,99.5999955431807,8.577,8.876,5.44333333333333
"2332",2025-10-13 14:51:00,1.6385,2.5775,1.6385,5.3759185,8.4567775,21.7115288659384,34.9651529126156,36.2211764705882,30.0948955369956,0,52.9210752063807,99.5999955431807,8.622,8.9115,5.4335
"2333",2025-10-13 14:52:00,1.642,2.58,1.642,5.387402,8.46498,21.1883594956748,33.7444243820006,35.9403921568627,30.0943049372806,0,52.9385596959054,99.5999955431807,8.667,8.947,5.42366666666667
"2334",2025-10-13 14:53:00,1.6455,2.5825,1.6455,5.3988855,8.4731825,20.6651901254112,32.5236958513856,35.6596078431373,30.0937143375656,0,52.9560441854301,99.5999955431807,8.712,8.9825,5.41383333333333
"2335",2025-10-13 14:54:00,1.649,2.585,1.649,5.410369,8.481385,20.1420207551476,31.3029673207706,35.3788235294118,30.0931237378507,0,52.9735286749547,99.5999955431807,8.757,9.018,5.404
"2336",2025-10-13 14:55:00,1.6525,2.5875,1.6525,5.4218525,8.4895875,19.6188513848841,30.0822387901556,35.0980392156863,30.0925331381357,0,52.9910131644794,99.5999955431807,8.79166666666667,9.0525,5.3925
"2337",2025-10-13 14:56:00,1.656,2.59,1.656,5.433336,8.49779,19.6188513848841,30.1694336851995,36.7827450980392,30.0919425384208,0,52.9385437486776,99.5599955449706,8.82633333333333,9.087,5.381
"2338",2025-10-13 14:57:00,1.6595,2.5925,1.6595,5.4448195,8.5059925,19.6188513848841,30.2566285802434,38.4674509803922,30.0913519387058,0,52.8860743328757,99.5199955467604,8.861,9.1215,5.3695
"2339",2025-10-13 14:58:00,1.663,2.595,1.663,5.456303,8.514195,19.6188513848841,30.3438234752874,40.1521568627451,30.0907613389909,0,52.8336049170739,99.4799955485503,8.89566666666667,9.156,5.358
"2340",2025-10-13 14:59:00,1.6665,2.5975,1.6665,5.4677865,8.5223975,19.6188513848841,30.4310183703313,41.836862745098,30.0901707392759,0,52.781135501272,99.4399955503402,8.93033333333333,9.1905,5.3465
"2341",2025-10-13 15:00:00,1.67,2.6,1.67,5.47927,8.5306,19.6188513848841,30.5182132653752,43.521568627451,30.0895801395609,0,52.7286660854702,99.3999955521301,8.965,9.225,5.335
"2342",2025-10-13 15:01:00,1.6675,2.6015,1.6675,5.4710675,8.5355215,19.6188513848841,30.4310183703313,43.521568627451,30.0901707392759,0,52.7461612203634,99.4199955512352,8.99533333333333,9.25716666666667,5.3245
"2343",2025-10-13 15:02:00,1.665,2.603,1.665,5.462865,8.540443,19.6188513848841,30.3438234752874,43.521568627451,30.0907613389909,0,52.7636563552565,99.4399955503402,9.02566666666667,9.28933333333333,5.314
"2344",2025-10-13 15:03:00,1.6625,2.6045,1.6625,5.4546625,8.5453645,19.6188513848841,30.2566285802434,43.521568627451,30.0913519387058,0,52.7811514901497,99.4599955494453,9.056,9.3215,5.3035
"2345",2025-10-13 15:04:00,1.66,2.606,1.66,5.44646,8.550286,19.6188513848841,30.1694336851995,43.521568627451,30.0919425384208,0,52.7986466250428,99.4799955485503,9.08633333333333,9.35366666666667,5.293
"2346",2025-10-13 15:05:00,1.6575,2.6075,1.6575,5.4382575,8.5552075,19.6188513848841,30.0822387901556,43.521568627451,30.0925331381357,0,52.816141759936,99.4999955476554,9.11666666666667,9.38583333333333,5.2825
"2347",2025-10-13 15:06:00,1.655,2.609,1.655,5.430055,8.560129,19.6188513848841,30.6054081604192,42.6792156862745,30.0931237378507,0,52.816141759936,99.5199955467604,9.147,9.418,5.272
"2348",2025-10-13 15:07:00,1.6525,2.6105,1.6525,5.4218525,8.5650505,19.6188513848841,31.1285775306827,41.836862745098,30.0937143375656,0,52.816141759936,99.5399955458655,9.16366666666667,9.45083333333333,5.25666666666667
"2349",2025-10-13 15:08:00,1.65,2.612,1.65,5.41365,8.569972,19.6188513848841,31.6517469009463,40.9945098039216,30.0943049372806,0,52.816141759936,99.5599955449706,9.18033333333333,9.48366666666667,5.24133333333333
"2350",2025-10-13 15:09:00,1.6475,2.6135,1.6475,5.4054475,8.5748935,19.6188513848841,32.1749162712099,40.1521568627451,30.0948955369956,0,52.816141759936,99.5799955440756,9.197,9.5165,5.226
"2351",2025-10-13 15:10:00,1.645,2.615,1.645,5.397245,8.579815,19.6188513848841,32.6980856414735,39.3098039215686,30.0954861367105,0,52.816141759936,99.5999955431807,9.21366666666667,9.54933333333333,5.21066666666667
"2352",2025-10-13 15:11:00,1.6425,2.6165,1.6425,5.3890425,8.5847365,19.5316564898401,31.9133315860781,40.4329411764706,30.0948955369956,0,52.8423744562154,99.5999955431807,9.23033333333333,9.58216666666667,5.19533333333333
"2353",2025-10-13 15:12:00,1.64,2.618,1.64,5.38084,8.589658,19.4444615947962,31.1285775306827,41.5560784313725,30.0943049372806,0,52.8686071524948,99.5999955431807,9.247,9.615,5.18
"2354",2025-10-13 15:13:00,1.6375,2.6195,1.6375,5.3726375,8.5945795,19.3572666997523,30.3438234752874,42.6792156862745,30.0937143375656,0,52.8948398487741,99.5999955431807,9.29783333333333,9.6495,5.168
"2355",2025-10-13 15:14:00,1.635,2.621,1.635,5.364435,8.599501,19.2700718047084,29.559069419892,43.8023529411765,30.0931237378507,0,52.9210725450535,99.5999955431807,9.34866666666667,9.684,5.156
"2356",2025-10-13 15:15:00,1.6325,2.6225,1.6325,5.3562325,8.6044225,19.1828769096644,28.7743153644966,44.9254901960784,30.0925331381357,0,52.9473052413329,99.5999955431807,9.3995,9.7185,5.144
"2357",2025-10-13 15:16:00,1.63,2.624,1.63,5.34803,8.609344,19.0084871195766,29.0359000496284,44.9254901960784,30.0931237378507,0,52.9473052413329,99.5999955431807,9.45033333333333,9.753,5.132
"2358",2025-10-13 15:17:00,1.6275,2.6255,1.6275,5.3398275,8.6142655,18.8340973294887,29.2974847347602,44.9254901960784,30.0937143375656,0,52.9473052413329,99.5999955431807,9.50116666666667,9.7875,5.12
"2359",2025-10-13 15:18:00,1.625,2.627,1.625,5.331625,8.619187,18.6597075394008,29.559069419892,44.9254901960784,30.0943049372806,0,52.9473052413329,99.5999955431807,9.552,9.822,5.108
"2360",2025-10-13 15:19:00,1.6225,2.6285,1.6225,5.3234225,8.6241085,18.485317749313,29.8206541050238,44.9254901960784,30.0948955369956,0,52.9473052413329,99.5999955431807,9.585,9.85033333333333,5.0955
"2361",2025-10-13 15:20:00,1.62,2.63,1.62,5.31522,8.62903,18.3109279592251,30.0822387901556,44.9254901960784,30.0954861367105,0,52.9473052413329,99.5999955431807,9.618,9.87866666666667,5.083
"2362",2025-10-13 15:21:00,1.623,2.6295,1.623,5.325063,8.6273895,18.3981228542691,29.9078490000677,46.3294117647059,30.0972579358554,0,52.9647870955172,99.6199955422857,9.651,9.907,5.0705
"2363",2025-10-13 15:22:00,1.626,2.629,1.626,5.334906,8.625749,18.485317749313,29.7334592099799,47.7333333333333,30.0990297350003,0,52.9822689497015,99.6399955413908,9.684,9.93533333333333,5.058
"2364",2025-10-13 15:23:00,1.629,2.6285,1.629,5.344749,8.6241085,18.5725126443569,29.559069419892,49.1372549019608,30.1008015341452,0,52.9997508038859,99.6599955404958,9.717,9.96366666666667,5.0455
"2365",2025-10-13 15:24:00,1.632,2.628,1.632,5.354592,8.622468,18.6597075394009,29.3846796298041,50.5411764705882,30.10257333329,0,53.0172326580702,99.6799955396009,9.75,9.992,5.033
"2366",2025-10-13 15:25:00,1.635,2.6275,1.635,5.364435,8.6208275,18.7469024344448,29.2102898397163,51.9450980392157,30.1043451324349,0,53.0347145122545,99.699995538706,9.7655,10.0221666666667,5.0165
"2367",2025-10-13 15:26:00,1.638,2.627,1.638,5.374278,8.619187,19.1828769096644,29.2974847347602,51.9450980392157,30.1019827335751,0,52.9647552425936,99.699995538706,9.781,10.0523333333333,5
"2368",2025-10-13 15:27:00,1.641,2.6265,1.641,5.384121,8.6175465,19.6188513848841,29.3846796298041,51.9450980392157,30.0996203347152,0,52.8947959729327,99.699995538706,9.7965,10.0825,4.9835
"2369",2025-10-13 15:28:00,1.644,2.626,1.644,5.393964,8.615906,20.0548258601037,29.4718745248481,51.9450980392157,30.0972579358554,0,52.8248367032718,99.699995538706,9.812,10.1126666666667,4.967
"2370",2025-10-13 15:29:00,1.647,2.6255,1.647,5.403807,8.6142655,20.4908003353234,29.559069419892,51.9450980392157,30.0948955369956,0,52.754877433611,99.699995538706,9.8275,10.1428333333333,4.9505
"2371",2025-10-13 15:30:00,1.65,2.625,1.65,5.41365,8.612625,20.926774810543,29.6462643149359,51.9450980392157,30.0925331381357,0,52.6849181639501,99.699995538706,9.843,10.173,4.934
"2372",2025-10-13 15:31:00,1.653,2.6245,1.653,5.423493,8.6109845,21.0139697055869,29.9078490000677,52.5066666666667,30.0931237378507,0,52.6936677482541,99.719995537811,9.86933333333333,10.2051666666667,4.9155
"2373",2025-10-13 15:32:00,1.656,2.624,1.656,5.433336,8.609344,21.1011646006309,30.1694336851995,53.0682352941177,30.0937143375656,0,52.7024173325581,99.7399955369161,9.89566666666667,10.2373333333333,4.897
"2374",2025-10-13 15:33:00,1.659,2.6235,1.659,5.443179,8.6077035,21.1883594956748,30.4310183703313,53.6298039215686,30.0943049372806,0,52.7111669168621,99.7599955360211,9.922,10.2695,4.8785
"2375",2025-10-13 15:34:00,1.662,2.623,1.662,5.453022,8.606063,21.2755543907187,30.6926030554631,54.1913725490196,30.0948955369956,0,52.7199165011662,99.7799955351262,9.94833333333333,10.3016666666667,4.86
"2376",2025-10-13 15:35:00,1.665,2.6225,1.665,5.462865,8.6044225,21.3627492857627,30.9541877405949,54.7529411764706,30.0954861367105,0,52.7286660854702,99.7999955342312,9.97466666666667,10.3338333333333,4.8415
"2377",2025-10-13 15:36:00,1.668,2.622,1.668,5.472708,8.602782,20.4036054402794,29.2974847347602,52.7874509803922,30.0978485355704,0,52.7461612203634,99.7999955342312,10.001,10.366,4.823
"2378",2025-10-13 15:37:00,1.671,2.6215,1.671,5.482551,8.6011415,19.4444615947962,27.6407817289256,50.8219607843137,30.1002109344302,0,52.7636563552565,99.7999955342312,10.0351666666667,10.3911666666667,4.806
"2379",2025-10-13 15:38:00,1.674,2.621,1.674,5.492394,8.599501,18.485317749313,25.9840787230909,48.8564705882353,30.10257333329,0,52.7811514901497,99.7999955342312,10.0693333333333,10.4163333333333,4.789
"2380",2025-10-13 15:39:00,1.677,2.6205,1.677,5.502237,8.5978605,17.5261739038298,24.3273757172562,46.8909803921569,30.1049357321499,0,52.7986466250428,99.7999955342312,10.1035,10.4415,4.772
"2381",2025-10-13 15:40:00,1.68,2.62,1.68,5.51208,8.59622,16.5670300583465,22.6706727114216,44.9254901960784,30.1072981310097,0,52.816141759936,99.7999955342312,10.1376666666667,10.4666666666667,4.755
"2382",2025-10-13 15:41:00,1.688,2.635,1.688,5.538328,8.645435,16.8286147434783,23.9785961370805,44.9254901960784,30.1067075312947,0,52.7898970407388,99.8199955333363,10.1718333333333,10.4918333333333,4.738
"2383",2025-10-13 15:42:00,1.696,2.65,1.696,5.564576,8.69465,17.0901994286101,25.2865195627395,44.9254901960784,30.1061169315798,0,52.7636523215416,99.8399955324413,10.206,10.517,4.721
"2384",2025-10-13 15:43:00,1.704,2.665,1.704,5.590824,8.743865,17.3517841137419,26.5944429883984,44.9254901960784,30.1055263318648,0,52.7374076023444,99.8599955315464,10.2245,10.5416666666667,4.70683333333333
"2385",2025-10-13 15:44:00,1.712,2.68,1.712,5.617072,8.79308,17.6133687988737,27.9023664140573,44.9254901960784,30.1049357321499,0,52.7111628831473,99.8799955306515,10.243,10.5663333333333,4.69266666666667
"2386",2025-10-13 15:45:00,1.72,2.695,1.72,5.64332,8.842295,17.8749534840055,29.2102898397163,44.9254901960784,30.1043451324349,0,52.6849181639501,99.8999955297565,10.2615,10.591,4.6785
"2387",2025-10-13 15:46:00,1.728,2.71,1.728,5.669568,8.89151,17.7877585889616,28.5999255744088,44.6447058823529,30.1043451324349,0,52.6936677482541,99.9199955288616,10.28,10.6156666666667,4.66433333333333
"2388",2025-10-13 15:47:00,1.736,2.725,1.736,5.695816,8.940725,17.7005636939176,27.9895613091013,44.3639215686274,30.1043451324349,0,52.7024173325581,99.9399955279666,10.2985,10.6403333333333,4.65016666666667
"2389",2025-10-13 15:48:00,1.744,2.74,1.744,5.722064,8.98994,17.6133687988737,27.3791970437938,44.083137254902,30.1043451324349,0,52.7111669168621,99.9599955270717,10.317,10.665,4.636
"2390",2025-10-13 15:49:00,1.752,2.755,1.752,5.748312,9.039155,17.5261739038298,26.7688327784863,43.8023529411765,30.1043451324349,0,52.7199165011662,99.9799955261768,10.3301666666667,10.6798333333333,4.6185
"2391",2025-10-13 15:50:00,1.76,2.77,1.76,5.77456,9.08837,17.4389790087858,26.1584685131788,43.521568627451,30.1043451324349,0,52.7286660854702,99.9999955252818,10.3433333333333,10.6946666666667,4.601
"2392",2025-10-13 15:51:00,1.768,2.785,1.768,5.800808,9.137585,17.3517841137419,26.5944429883984,43.2407843137255,30.1055263318648,0,52.7374143234621,99.9799955261768,10.3565,10.7095,4.5835
"2393",2025-10-13 15:52:00,1.776,2.8,1.776,5.827056,9.1868,17.264589218698,27.030417463618,42.96,30.1067075312947,0,52.7461625614541,99.9599955270717,10.3696666666667,10.7243333333333,4.566
"2394",2025-10-13 15:53:00,1.784,2.815,1.784,5.853304,9.236015,17.1773943236541,27.4663919388377,42.6792156862745,30.1078887307247,0,52.754910799446,99.9399955279666,10.3828333333333,10.7391666666667,4.5485
"2395",2025-10-13 15:54:00,1.792,2.83,1.792,5.879552,9.28523,17.0901994286101,27.9023664140573,42.398431372549,30.1090699301546,0,52.763659037438,99.9199955288616,10.396,10.754,4.531
"2396",2025-10-13 15:55:00,1.8,2.845,1.8,5.9058,9.334445,17.0030045335662,28.338340889277,42.1176470588235,30.1102511295845,0,52.77240727543,99.8999955297565,10.4118333333333,10.7698333333333,4.513
"2397",2025-10-13 15:56:00,1.808,2.86,1.808,5.932048,9.38366,17.264589218698,28.2511459942331,42.6792156862745,30.1078887307247,0,52.7811541723312,99.9199955288616,10.4276666666667,10.7856666666667,4.495
"2398",2025-10-13 15:57:00,1.816,2.875,1.816,5.958296,9.432875,17.5261739038298,28.1639510991891,43.2407843137255,30.1055263318648,0,52.7899010692324,99.9399955279666,10.4435,10.8015,4.477
"2399",2025-10-13 15:58:00,1.824,2.89,1.824,5.984544,9.48209,17.7877585889616,28.0767562041452,43.8023529411765,30.103163933005,0,52.7986479661336,99.9599955270717,10.4593333333333,10.8173333333333,4.459
"2400",2025-10-13 15:59:00,1.832,2.905,1.832,6.010792,9.531305,18.0493432740933,27.9895613091013,44.3639215686274,30.1008015341452,0,52.8073948630348,99.9799955261768,10.4751666666667,10.8331666666667,4.441
"2401",2025-10-13 16:00:00,1.84,2.92,1.84,6.03704,9.58052,18.3109279592251,27.9023664140573,44.9254901960784,30.0984391352853,0,52.816141759936,99.9999955252818,10.491,10.849,4.423
"2402",2025-10-13 16:01:00,1.8375,2.913,1.8375,6.0288375,9.557553,18.0493432740933,28.0767562041452,44.083137254902,30.1008015341452,0,52.8773329250237,99.9999955252818,10.5165,10.867,4.4065
"2403",2025-10-13 16:02:00,1.835,2.906,1.835,6.020635,9.534586,17.7877585889616,28.2511459942331,43.2407843137255,30.103163933005,0,52.9385240901114,99.9999955252818,10.542,10.885,4.39
"2404",2025-10-13 16:03:00,1.8325,2.899,1.8325,6.0124325,9.511619,17.5261739038298,28.4255357843209,42.398431372549,30.1055263318648,0,52.9997152551991,99.9999955252818,10.5675,10.903,4.3735
"2405",2025-10-13 16:04:00,1.83,2.892,1.83,6.00423,9.488652,17.264589218698,28.5999255744088,41.5560784313725,30.1078887307247,0,53.0609064202867,99.9999955252818,10.593,10.921,4.357
"2406",2025-10-13 16:05:00,1.8275,2.885,1.8275,5.9960275,9.465685,17.0030045335662,28.7743153644966,40.7137254901961,30.1102511295845,0,53.1220975853744,99.9999955252818,10.6185,10.939,4.3405
"2407",2025-10-13 16:06:00,1.825,2.878,1.825,5.987825,9.442718,16.8286147434783,27.6407817289256,40.9945098039216,30.1102511295845,0,53.0871391165661,99.9799955261768,10.644,10.957,4.324
"2408",2025-10-13 16:07:00,1.8225,2.871,1.8225,5.9796225,9.419751,16.6542249533905,26.5072480933545,41.2752941176471,30.1102511295845,0,53.0521806477578,99.9599955270717,10.6668333333333,10.9761666666667,4.3055
"2409",2025-10-13 16:08:00,1.82,2.864,1.82,5.97142,9.396784,16.4798351633026,25.3737144577834,41.5560784313725,30.1102511295845,0,53.0172221789495,99.9399955279666,10.6896666666667,10.9953333333333,4.287
"2410",2025-10-13 16:09:00,1.8175,2.857,1.8175,5.9632175,9.373817,16.3054453732148,24.2401808222123,41.836862745098,30.1102511295845,0,52.9822637101412,99.9199955288616,10.7125,11.0145,4.2685
"2411",2025-10-13 16:10:00,1.815,2.85,1.815,5.955015,9.35085,16.1310555831269,23.1066471866412,42.1176470588235,30.1102511295845,0,52.9473052413329,99.8999955297565,10.7353333333333,11.0336666666667,4.25
"2412",2025-10-13 16:11:00,1.8125,2.843,1.8125,5.9468125,9.327883,16.6542249533905,24.0657910321245,42.1176470588235,30.1090699301546,0,52.8773245973988,99.8799955306515,10.7581666666667,11.0528333333333,4.2315
"2413",2025-10-13 16:12:00,1.81,2.836,1.81,5.93861,9.304916,17.1773943236541,25.0249348776077,42.1176470588235,30.1078887307247,0,52.8073439534647,99.8599955315464,10.781,11.072,4.213
"2414",2025-10-13 16:13:00,1.8075,2.829,1.8075,5.9304075,9.281949,17.7005636939176,25.9840787230909,42.1176470588235,30.1067075312947,0,52.7373633095306,99.8399955324413,10.7905,11.0818333333333,4.19766666666667
"2415",2025-10-13 16:14:00,1.805,2.822,1.805,5.922205,9.258982,18.2237330641812,26.9432225685741,42.1176470588235,30.1055263318648,0,52.6673826655965,99.8199955333363,10.8,11.0916666666667,4.18233333333333
"2416",2025-10-13 16:15:00,1.8025,2.815,1.8025,5.9140025,9.236015,18.7469024344448,27.9023664140573,42.1176470588235,30.1043451324349,0,52.5974020216624,99.7999955342312,10.8095,11.1015,4.167
"2417",2025-10-13 16:16:00,1.8,2.808,1.8,5.9058,9.213048,18.8340973294887,28.5999255744088,41.2752941176471,30.1049357321499,0,52.6061543142771,99.8199955333363,10.819,11.1113333333333,4.15166666666667
"2418",2025-10-13 16:17:00,1.7975,2.801,1.7975,5.8975975,9.190081,18.9212922245326,29.2974847347602,40.4329411764706,30.1055263318648,0,52.6149066068918,99.8399955324413,10.8285,11.1211666666667,4.13633333333333
"2419",2025-10-13 16:18:00,1.795,2.794,1.795,5.889395,9.167114,19.0084871195766,29.9950438951116,39.5905882352941,30.1061169315798,0,52.6236588995065,99.8599955315464,10.838,11.131,4.121
"2420",2025-10-13 16:19:00,1.7925,2.787,1.7925,5.8811925,9.144147,19.0956820146205,30.6926030554631,38.7482352941176,30.1067075312947,0,52.6324111921211,99.8799955306515,10.847,11.1425,4.10516666666667
"2421",2025-10-13 16:20:00,1.79,2.78,1.79,5.87299,9.12118,19.1828769096644,31.3901622158145,37.9058823529412,30.1072981310097,0,52.6411634847358,99.8999955297565,10.856,11.154,4.08933333333333
"2422",2025-10-13 16:21:00,1.789,2.782,1.789,5.869709,9.127742,19.1828769096644,31.1285775306827,37.3443137254902,30.1072981310097,0,52.6061461212257,99.8799955306515,10.865,11.1655,4.0735
"2423",2025-10-13 16:22:00,1.788,2.784,1.788,5.866428,9.134304,19.1828769096644,30.8669928455509,36.7827450980392,30.1072981310097,0,52.5711287577156,99.8599955315464,10.874,11.177,4.05766666666667
"2424",2025-10-13 16:23:00,1.787,2.786,1.787,5.863147,9.140866,19.1828769096644,30.6054081604191,36.2211764705882,30.1072981310097,0,52.5361113942055,99.8399955324413,10.883,11.1885,4.04183333333333
"2425",2025-10-13 16:24:00,1.786,2.788,1.786,5.859866,9.147428,19.1828769096644,30.3438234752874,35.6596078431373,30.1072981310097,0,52.5010940306955,99.8199955333363,10.892,11.2,4.026
"2426",2025-10-13 16:25:00,1.785,2.79,1.785,5.856585,9.15399,19.1828769096644,30.0822387901556,35.0980392156863,30.1072981310097,0,52.4660766671854,99.7999955342312,10.9031666666667,11.2103333333333,4.0085
"2427",2025-10-13 16:26:00,1.784,2.792,1.784,5.853304,9.160552,19.3572666997523,32.000526481122,35.3788235294118,30.1061169315798,0,52.4660766671854,99.7999955342312,10.9143333333333,11.2206666666667,3.991
"2428",2025-10-13 16:27:00,1.783,2.794,1.783,5.850023,9.167114,19.5316564898401,33.9188141720885,35.6596078431373,30.1049357321499,0,52.4660766671854,99.7999955342312,10.9255,11.231,3.9735
"2429",2025-10-13 16:28:00,1.782,2.796,1.782,5.846742,9.173676,19.706046279928,35.8371018630549,35.9403921568627,30.10375453272,0,52.4660766671854,99.7999955342312,10.9366666666667,11.2413333333333,3.956
"2430",2025-10-13 16:29:00,1.781,2.798,1.781,5.843461,9.180238,19.8804360700159,37.7553895540213,36.2211764705882,30.10257333329,0,52.4660766671854,99.7999955342312,10.9478333333333,11.2516666666667,3.9385
"2431",2025-10-13 16:30:00,1.78,2.8,1.78,5.84018,9.1868,20.0548258601037,39.6736772449878,36.5019607843137,30.1013921338601,0,52.4660766671854,99.7999955342312,10.959,11.262,3.921
"2432",2025-10-13 16:31:00,1.779,2.802,1.779,5.836899,9.193362,19.4444615947962,36.8834406035821,37.6250980392157,30.1019827335751,0,52.5360896857355,99.7999955342312,10.9585,11.2701666666667,3.904
"2433",2025-10-13 16:32:00,1.778,2.804,1.778,5.833618,9.199924,18.8340973294887,34.0932039621763,38.7482352941176,30.10257333329,0,52.6061027042856,99.7999955342312,10.958,11.2783333333333,3.887
"2434",2025-10-13 16:33:00,1.777,2.806,1.777,5.830337,9.206486,18.2237330641812,31.3029673207706,39.8713725490196,30.103163933005,0,52.6761157228358,99.7999955342312,10.9575,11.2865,3.87
"2435",2025-10-13 16:34:00,1.776,2.808,1.776,5.827056,9.213048,17.6133687988737,28.5127306793649,40.9945098039216,30.10375453272,0,52.7461287413859,99.7999955342312,10.957,11.2946666666667,3.853
"2436",2025-10-13 16:35:00,1.775,2.81,1.775,5.823775,9.21961,17.0030045335662,25.7224940379591,42.1176470588235,30.1043451324349,0,52.816141759936,99.7999955342312,10.9565,11.3028333333333,3.836
"2437",2025-10-13 16:36:00,1.774,2.812,1.774,5.820494,9.226172,17.1773943236541,25.6352991429152,40.9945098039216,30.1049357321499,0,52.7986466250428,99.7999955342312,10.956,11.311,3.819
"2438",2025-10-13 16:37:00,1.773,2.814,1.773,5.817213,9.232734,17.3517841137419,25.5481042478713,39.8713725490196,30.1055263318648,0,52.7811514901497,99.7999955342312,10.975,11.3198333333333,3.80483333333333
"2439",2025-10-13 16:38:00,1.772,2.816,1.772,5.813932,9.239296,17.5261739038298,25.4609093528273,38.7482352941176,30.1061169315798,0,52.7636563552565,99.7999955342312,10.994,11.3286666666667,3.79066666666667
"2440",2025-10-13 16:39:00,1.771,2.818,1.771,5.810651,9.245858,17.7005636939176,25.3737144577834,37.6250980392157,30.1067075312947,0,52.7461612203634,99.7999955342312,11.013,11.3375,3.7765
"2441",2025-10-13 16:40:00,1.77,2.82,1.77,5.80737,9.25242,17.8749534840055,25.2865195627395,36.5019607843137,30.1072981310097,0,52.7286660854702,99.7999955342312,11.032,11.3463333333333,3.76233333333333
"2442",2025-10-13 16:41:00,1.772,2.823,1.772,5.813932,9.262263,17.7877585889616,25.2865195627395,37.6250980392157,30.1072981310097,0,52.7374143234621,99.8199955333363,11.051,11.3551666666667,3.74816666666667
"2443",2025-10-13 16:42:00,1.774,2.826,1.774,5.820494,9.272106,17.7005636939176,25.2865195627395,38.7482352941176,30.1072981310097,0,52.7461625614541,99.8399955324413,11.07,11.364,3.734
"2444",2025-10-13 16:43:00,1.776,2.829,1.776,5.827056,9.281949,17.6133687988737,25.2865195627395,39.8713725490196,30.1072981310097,0,52.754910799446,99.8599955315464,11.0873333333333,11.3726666666667,3.71916666666667
"2445",2025-10-13 16:44:00,1.778,2.832,1.778,5.833618,9.291792,17.5261739038298,25.2865195627395,40.9945098039216,30.1072981310097,0,52.763659037438,99.8799955306515,11.1046666666667,11.3813333333333,3.70433333333333
"2446",2025-10-13 16:45:00,1.78,2.835,1.78,5.84018,9.301635,17.4389790087858,25.2865195627395,42.1176470588235,30.1072981310097,0,52.77240727543,99.8999955297565,11.122,11.39,3.6895
"2447",2025-10-13 16:46:00,1.782,2.838,1.782,5.846742,9.311478,17.9621483790494,26.3328583032666,43.521568627451,30.1067075312947,0,52.6410399562851,99.8599955315464,11.1393333333333,11.3986666666667,3.67466666666667
"2448",2025-10-13 16:47:00,1.784,2.841,1.784,5.853304,9.321321,18.485317749313,27.3791970437938,44.9254901960784,30.1061169315798,0,52.5096726371403,99.8199955333363,11.1566666666667,11.4073333333333,3.65983333333333
"2449",2025-10-13 16:48:00,1.786,2.844,1.786,5.859866,9.331164,19.0084871195766,28.4255357843209,46.3294117647059,30.1055263318648,0,52.3783053179954,99.7799955351262,11.174,11.416,3.645
"2450",2025-10-13 16:49:00,1.788,2.847,1.788,5.866428,9.341007,19.5316564898401,29.4718745248481,47.7333333333333,30.1049357321499,0,52.2469379988506,99.7399955369161,11.155,11.4258333333333,3.6275
"2451",2025-10-13 16:50:00,1.79,2.85,1.79,5.87299,9.35085,20.0548258601037,30.5182132653752,49.1372549019608,30.1043451324349,0,52.1155706797057,99.699995538706,11.136,11.4356666666667,3.61
"2452",2025-10-13 16:51:00,1.792,2.853,1.792,5.879552,9.360693,20.4908003353234,30.4310183703313,50.2603921568627,30.1043451324349,0,52.1418691334433,99.719995537811,11.117,11.4455,3.5925
"2453",2025-10-13 16:52:00,1.794,2.856,1.794,5.886114,9.370536,20.926774810543,30.3438234752874,51.3835294117647,30.1043451324349,0,52.1681675871809,99.7399955369161,11.098,11.4553333333333,3.575
"2454",2025-10-13 16:53:00,1.796,2.859,1.796,5.892676,9.380379,21.3627492857627,30.2566285802434,52.5066666666667,30.1043451324349,0,52.1944660409184,99.7599955360211,11.079,11.4651666666667,3.5575
"2455",2025-10-13 16:54:00,1.798,2.862,1.798,5.899238,9.390222,21.7987237609823,30.1694336851995,53.6298039215686,30.1043451324349,0,52.220764494656,99.7799955351262,11.06,11.475,3.54
"2456",2025-10-13 16:55:00,1.8,2.865,1.8,5.9058,9.400065,22.234698236202,30.0822387901556,54.7529411764706,30.1043451324349,0,52.2470629483936,99.7999955342312,11.063,11.4756666666667,3.52516666666667
"2457",2025-10-13 16:56:00,1.802,2.868,1.802,5.912362,9.409908,22.0603084461141,30.4310183703313,54.1913725490196,30.1072981310097,0,52.3171307630474,99.8399955324413,11.066,11.4763333333333,3.51033333333333
"2458",2025-10-13 16:57:00,1.804,2.871,1.804,5.918924,9.419751,21.8859186560262,30.779797950507,53.6298039215686,30.1102511295845,0,52.3871985777011,99.8799955306515,11.069,11.477,3.4955
"2459",2025-10-13 16:58:00,1.806,2.874,1.806,5.925486,9.429594,21.7115288659384,31.1285775306827,53.0682352941177,30.1132041281593,0,52.4572663923549,99.9199955288616,11.072,11.4776666666667,3.48066666666667
"2460",2025-10-13 16:59:00,1.808,2.877,1.808,5.932048,9.439437,21.5371390758505,31.4773571108584,52.5066666666667,30.1161571267341,0,52.5273342070087,99.9599955270717,11.075,11.4783333333333,3.46583333333333
"2461",2025-10-13 17:00:00,1.81,2.88,1.81,5.93861,9.44928,21.3627492857627,31.8261366910342,51.9450980392157,30.1191101253089,0,52.5974020216624,99.9999955252818,11.078,11.479,3.451
"2462",2025-10-13 17:01:00,1.8095,2.877,1.8095,5.9369695,9.439437,20.4908003353234,31.0413826356388,49.1372549019608,30.1149759273042,0,52.5886483670369,99.9999955252818,11.0808333333333,11.4828333333333,3.439
"2463",2025-10-13 17:02:00,1.809,2.874,1.809,5.935329,9.429594,19.6188513848841,30.2566285802434,46.3294117647059,30.1108417292995,0,52.5798947124113,99.9999955252818,11.0836666666667,11.4866666666667,3.427
"2464",2025-10-13 17:03:00,1.8085,2.871,1.8085,5.9336885,9.419751,18.7469024344448,29.4718745248481,43.521568627451,30.1067075312947,0,52.5711410577857,99.9999955252818,11.0865,11.4905,3.415
"2465",2025-10-13 17:04:00,1.808,2.868,1.808,5.932048,9.409908,17.8749534840055,28.6871204694527,40.7137254901961,30.10257333329,0,52.5623874031602,99.9999955252818,11.0893333333333,11.4943333333333,3.403
"2466",2025-10-13 17:05:00,1.8075,2.865,1.8075,5.9304075,9.400065,17.0030045335662,27.9023664140573,37.9058823529412,30.0984391352853,0,52.5536337485346,99.9999955252818,11.0921666666667,11.4981666666667,3.391
"2467",2025-10-13 17:06:00,1.807,2.862,1.807,5.928767,9.390222,16.9158096385223,27.9895613091013,38.7482352941176,30.103163933005,0,52.5886402159217,99.9999955252818,11.095,11.502,3.379
"2468",2025-10-13 17:07:00,1.8065,2.859,1.8065,5.9271265,9.380379,16.8286147434783,28.0767562041452,39.5905882352941,30.1078887307247,0,52.6236466833088,99.9999955252818,11.0828333333333,11.5056666666667,3.36433333333333
"2469",2025-10-13 17:08:00,1.806,2.856,1.806,5.925486,9.370536,16.7414198484344,28.1639510991891,40.4329411764706,30.1126135284443,0,52.658653150696,99.9999955252818,11.0706666666667,11.5093333333333,3.34966666666667
"2470",2025-10-13 17:09:00,1.8055,2.853,1.8055,5.9238455,9.360693,16.6542249533905,28.2511459942331,41.2752941176471,30.117338326164,0,52.6936596180831,99.9999955252818,11.0585,11.513,3.335
"2471",2025-10-13 17:10:00,1.805,2.85,1.805,5.922205,9.35085,16.5670300583465,28.338340889277,42.1176470588235,30.1220631238837,0,52.7286660854702,99.9999955252818,11.0463333333333,11.5166666666667,3.32033333333333
"2472",2025-10-13 17:11:00,1.8045,2.847,1.8045,5.9205645,9.341007,17.0030045335662,28.4255357843209,43.2407843137255,30.1202913247388,0,52.6936596180831,99.9799955261768,11.0341666666667,11.5203333333333,3.30566666666667
"2473",2025-10-13 17:12:00,1.804,2.844,1.804,5.918924,9.331164,17.4389790087858,28.5127306793649,44.3639215686275,30.1185195255939,0,52.658653150696,99.9599955270717,11.022,11.524,3.291
"2474",2025-10-13 17:13:00,1.8035,2.841,1.8035,5.9172835,9.321321,17.8749534840055,28.5999255744088,45.4870588235294,30.116747726449,0,52.6236466833088,99.9399955279666,11.0275,11.5165,3.27666666666667
"2475",2025-10-13 17:14:00,1.803,2.838,1.803,5.915643,9.311478,18.3109279592251,28.6871204694527,46.6101960784314,30.1149759273042,0,52.5886402159217,99.9199955288616,11.033,11.509,3.26233333333333
"2476",2025-10-13 17:15:00,1.8025,2.835,1.8025,5.9140025,9.301635,18.7469024344448,28.7743153644966,47.7333333333333,30.1132041281593,0,52.5536337485346,99.8999955297565,11.0385,11.5015,3.248
"2477",2025-10-13 17:16:00,1.802,2.832,1.802,5.912362,9.291792,18.5725126443569,28.2511459942331,47.7333333333333,30.1149759273042,0,52.5273645601125,99.8999955297565,11.044,11.494,3.23366666666667
"2478",2025-10-13 17:17:00,1.8015,2.829,1.8015,5.9107215,9.281949,18.3981228542691,27.7279766239695,47.7333333333333,30.116747726449,0,52.5010953716904,99.8999955297565,11.0495,11.4865,3.21933333333333
"2479",2025-10-13 17:18:00,1.801,2.826,1.801,5.909081,9.272106,18.2237330641812,27.2048072537059,47.7333333333333,30.1185195255939,0,52.4748261832683,99.8999955297565,11.055,11.479,3.205
"2480",2025-10-13 17:19:00,1.8005,2.823,1.8005,5.9074405,9.262263,18.0493432740933,26.6816378834423,47.7333333333333,30.1202913247388,0,52.4485569948462,99.8999955297565,11.043,11.4773333333333,3.19516666666667
"2481",2025-10-13 17:20:00,1.8,2.82,1.8,5.9058,9.25242,17.8749534840055,26.1584685131788,47.7333333333333,30.1220631238837,0,52.422287806424,99.8999955297565,11.031,11.4756666666667,3.18533333333333
"2482",2025-10-13 17:21:00,1.799,2.821,1.799,5.902519,9.255701,17.9621483790494,26.5944429883984,46.0486274509804,30.1202913247388,0,52.4398019729647,99.9199955288616,11.019,11.474,3.1755
"2483",2025-10-13 17:22:00,1.798,2.822,1.798,5.899238,9.258982,18.0493432740933,27.030417463618,44.3639215686275,30.1185195255939,0,52.4573161395053,99.9399955279666,11.007,11.4723333333333,3.16566666666667
"2484",2025-10-13 17:23:00,1.797,2.823,1.797,5.895957,9.262263,18.1365381691373,27.4663919388377,42.6792156862745,30.116747726449,0,52.4748303060459,99.9599955270717,10.995,11.4706666666667,3.15583333333333
"2485",2025-10-13 17:24:00,1.796,2.824,1.796,5.892676,9.265544,18.2237330641812,27.9023664140573,40.9945098039216,30.1149759273042,0,52.4923444725865,99.9799955261768,10.983,11.469,3.146
"2486",2025-10-13 17:25:00,1.795,2.825,1.795,5.889395,9.268825,18.3109279592251,28.338340889277,39.3098039215686,30.1132041281593,0,52.5098586391271,99.9999955252818,10.969,11.458,3.139
"2487",2025-10-13 17:26:00,1.794,2.826,1.794,5.886114,9.272106,18.0493432740933,27.9023664140573,39.3098039215686,30.1137947278743,0,52.5536201283957,99.9799955261768,10.955,11.447,3.132
"2488",2025-10-13 17:27:00,1.793,2.827,1.793,5.882833,9.275387,17.7877585889616,27.4663919388377,39.3098039215686,30.1143853275892,0,52.5973816176643,99.9599955270717,10.941,11.436,3.125
"2489",2025-10-13 17:28:00,1.792,2.828,1.792,5.879552,9.278668,17.5261739038298,27.030417463618,39.3098039215686,30.1149759273042,0,52.641143106933,99.9399955279666,10.927,11.425,3.118
"2490",2025-10-13 17:29:00,1.791,2.829,1.791,5.876271,9.281949,17.264589218698,26.5944429883984,39.3098039215686,30.1155665270191,0,52.6849045962016,99.9199955288616,10.913,11.414,3.111
"2491",2025-10-13 17:30:00,1.79,2.83,1.79,5.87299,9.28523,17.0030045335662,26.1584685131788,39.3098039215686,30.1161571267341,0,52.7286660854702,99.8999955297565,10.899,11.403,3.104
"2492",2025-10-13 17:31:00,1.789,2.831,1.789,5.869709,9.288511,17.3517841137419,26.5072480933545,40.9945098039216,30.1155665270191,0,52.7549067813887,99.9199955288616,10.8871666666667,11.3828333333333,3.0925
"2493",2025-10-13 17:32:00,1.788,2.832,1.788,5.866428,9.291792,17.7005636939176,26.8560276735302,42.6792156862745,30.1149759273042,0,52.7811474773072,99.9399955279666,10.8753333333333,11.3626666666667,3.081
"2494",2025-10-13 17:33:00,1.787,2.833,1.787,5.863147,9.295073,18.0493432740933,27.2048072537059,44.3639215686275,30.1143853275892,0,52.8073881732257,99.9599955270717,10.8635,11.3425,3.0695
"2495",2025-10-13 17:34:00,1.786,2.834,1.786,5.859866,9.298354,18.3981228542691,27.5535868338816,46.0486274509804,30.1137947278743,0,52.8336288691442,99.9799955261768,10.8516666666667,11.3223333333333,3.058
"2496",2025-10-13 17:35:00,1.785,2.835,1.785,5.856585,9.301635,18.7469024344448,27.9023664140573,47.7333333333333,30.1132041281593,0,52.8598695650628,99.9999955252818,10.8398333333333,11.3021666666667,3.0465
"2497",2025-10-13 17:36:00,1.784,2.836,1.784,5.853304,9.304916,18.485317749313,27.4663919388377,47.7333333333333,30.1143853275892,0,52.8161283489974,99.9599955270717,10.828,11.282,3.035
"2498",2025-10-13 17:37:00,1.783,2.837,1.783,5.850023,9.308197,18.2237330641812,27.0304174636181,47.7333333333333,30.1155665270191,0,52.772387132932,99.9199955288616,10.8323333333333,11.265,3.02066666666667
"2499",2025-10-13 17:38:00,1.782,2.838,1.782,5.846742,9.311478,17.9621483790494,26.5944429883984,47.7333333333333,30.116747726449,0,52.7286459168666,99.8799955306515,10.8366666666667,11.248,3.00633333333333
"2500",2025-10-13 17:39:00,1.781,2.839,1.781,5.843461,9.314759,17.7005636939176,26.1584685131788,47.7333333333333,30.117928925879,0,52.6849047008012,99.8399955324413,10.841,11.231,2.992
"2501",2025-10-13 17:40:00,1.78,2.84,1.78,5.84018,9.31804,17.4389790087858,25.7224940379591,47.7333333333333,30.1191101253089,0,52.6411634847358,99.7999955342312,10.8453333333333,11.214,2.97766666666667
"2502",2025-10-13 17:41:00,1.779,2.835,1.779,5.836899,9.301635,17.4389790087858,25.7224940379591,46.8909803921569,30.116747726449,0,52.6674122428746,99.7799955351262,10.8496666666667,11.197,2.96333333333333
"2503",2025-10-13 17:42:00,1.778,2.83,1.778,5.833618,9.28523,17.4389790087858,25.7224940379591,46.0486274509804,30.1143853275892,0,52.6936610010135,99.7599955360211,10.854,11.18,2.949
"2504",2025-10-13 17:43:00,1.777,2.825,1.777,5.830337,9.268825,17.4389790087858,25.7224940379591,45.2062745098039,30.1120229287294,0,52.7199097591523,99.7399955369161,10.8373333333333,11.1613333333333,2.93916666666667
"2505",2025-10-13 17:44:00,1.776,2.82,1.776,5.827056,9.25242,17.4389790087858,25.7224940379591,44.3639215686275,30.1096605298695,0,52.7461585172911,99.719995537811,10.8206666666667,11.1426666666667,2.92933333333333
"2506",2025-10-13 17:45:00,1.775,2.815,1.775,5.823775,9.236015,17.4389790087858,25.7224940379591,43.521568627451,30.1072981310097,0,52.77240727543,99.699995538706,10.804,11.124,2.9195
"2507",2025-10-13 17:46:00,1.774,2.81,1.774,5.820494,9.21961,17.3517841137419,25.2865195627395,43.2407843137255,30.1090699301546,0,52.77240727543,99.6799955396009,10.7873333333333,11.1053333333333,2.90966666666667
"2508",2025-10-13 17:47:00,1.773,2.805,1.773,5.817213,9.203205,17.264589218698,24.8505450875198,42.96,30.1108417292995,0,52.77240727543,99.6599955404958,10.7706666666667,11.0866666666667,2.89983333333333
"2509",2025-10-13 17:48:00,1.772,2.8,1.772,5.813932,9.1868,17.1773943236541,24.4145706123002,42.6792156862745,30.1126135284443,0,52.77240727543,99.6399955413908,10.754,11.068,2.89
"2510",2025-10-13 17:49:00,1.771,2.795,1.771,5.810651,9.170395,17.0901994286101,23.9785961370805,42.398431372549,30.1143853275892,0,52.77240727543,99.6199955422857,10.7233333333333,11.0516666666667,2.88083333333333
"2511",2025-10-13 17:50:00,1.77,2.79,1.77,5.80737,9.15399,17.0030045335662,23.5426216618609,42.1176470588235,30.1161571267341,0,52.77240727543,99.5999955431807,10.6926666666667,11.0353333333333,2.87166666666667
"2512",2025-10-13 17:51:00,1.769,2.785,1.769,5.804089,9.137585,17.7005636939176,25.2865195627395,41.5560784313725,30.1155665270191,0,52.77240727543,99.6399955413908,10.662,11.019,2.8625
"2513",2025-10-13 17:52:00,1.768,2.78,1.768,5.800808,9.12118,18.3981228542691,27.0304174636181,40.9945098039216,30.1149759273042,0,52.77240727543,99.6799955396009,10.6313333333333,11.0026666666667,2.85333333333333
"2514",2025-10-13 17:53:00,1.767,2.775,1.767,5.797527,9.104775,19.0956820146205,28.7743153644966,40.4329411764706,30.1143853275892,0,52.77240727543,99.719995537811,10.6006666666667,10.9863333333333,2.84416666666667
"2515",2025-10-13 17:54:00,1.766,2.77,1.766,5.794246,9.08837,19.7932411749719,30.5182132653752,39.8713725490196,30.1137947278743,0,52.77240727543,99.7599955360211,10.57,10.97,2.835
"2516",2025-10-13 17:55:00,1.765,2.765,1.765,5.790965,9.071965,20.4908003353234,32.2621111662538,39.3098039215686,30.1132041281593,0,52.77240727543,99.7999955342312,10.565,10.9486666666667,2.82283333333333
"2517",2025-10-13 17:56:00,1.764,2.76,1.764,5.787684,9.05556,20.3164105452355,32.1749162712099,39.3098039215686,30.1137947278743,0,52.763659037438,99.7799955351262,10.56,10.9273333333333,2.81066666666667
"2518",2025-10-13 17:57:00,1.763,2.755,1.763,5.784403,9.039155,20.1420207551476,32.087721376166,39.3098039215686,30.1143853275892,0,52.754910799446,99.7599955360211,10.555,10.906,2.7985
"2519",2025-10-13 17:58:00,1.762,2.75,1.762,5.781122,9.02275,19.9676309650598,32.000526481122,39.3098039215686,30.1149759273042,0,52.7461625614541,99.7399955369161,10.55,10.8846666666667,2.78633333333333
"2520",2025-10-13 17:59:00,1.761,2.745,1.761,5.777841,9.006345,19.7932411749719,31.9133315860781,39.3098039215686,30.1155665270191,0,52.7374143234621,99.719995537811,10.545,10.8633333333333,2.77416666666667
"2521",2025-10-13 18:00:00,1.76,2.74,1.76,5.77456,8.98994,19.6188513848841,31.8261366910342,39.3098039215686,30.1161571267341,0,52.7286660854702,99.699995538706,10.54,10.842,2.762
"2522",2025-10-13 18:01:00,1.76,2.7415,1.76,5.77456,8.9948615,19.1828769096644,30.5182132653752,39.8713725490196,30.1155665270191,0,52.7898757708271,99.6799955396009,10.516,10.8223333333333,2.75283333333333
"2523",2025-10-13 18:02:00,1.76,2.743,1.76,5.77456,8.999783,18.7469024344448,29.2102898397163,40.4329411764706,30.1149759273042,0,52.8510854561839,99.6599955404958,10.492,10.8026666666667,2.74366666666667
"2524",2025-10-13 18:03:00,1.76,2.7445,1.76,5.77456,9.0047045,18.3109279592251,27.9023664140573,40.9945098039216,30.1143853275892,0,52.9122951415408,99.6399955413908,10.468,10.783,2.7345
"2525",2025-10-13 18:04:00,1.76,2.746,1.76,5.77456,9.009626,17.8749534840055,26.5944429883984,41.5560784313725,30.1137947278743,0,52.9735048268977,99.6199955422857,10.444,10.7633333333333,2.72533333333333
"2526",2025-10-13 18:05:00,1.76,2.7475,1.76,5.77456,9.0145475,17.4389790087858,25.2865195627395,42.1176470588235,30.1132041281593,0,53.0347145122545,99.5999955431807,10.42,10.7436666666667,2.71616666666667
"2527",2025-10-13 18:06:00,1.76,2.749,1.76,5.77456,9.019469,17.5261739038298,26.4200531983106,42.1176470588235,30.1137947278743,0,53.0434534719208,99.5999955431807,10.396,10.724,2.707
"2528",2025-10-13 18:07:00,1.76,2.7505,1.76,5.77456,9.0243905,17.6133687988737,27.5535868338816,42.1176470588235,30.1143853275892,0,53.0521924315872,99.5999955431807,10.3726666666667,10.7103333333333,2.7025
"2529",2025-10-13 18:08:00,1.76,2.752,1.76,5.77456,9.029312,17.7005636939176,28.6871204694527,42.1176470588235,30.1149759273042,0,53.0609313912535,99.5999955431807,10.3493333333333,10.6966666666667,2.698
"2530",2025-10-13 18:09:00,1.76,2.7535,1.76,5.77456,9.0342335,17.7877585889616,29.8206541050238,42.1176470588235,30.1155665270191,0,53.0696703509198,99.5999955431807,10.326,10.683,2.6935
"2531",2025-10-13 18:10:00,1.76,2.755,1.76,5.77456,9.039155,17.8749534840055,30.9541877405949,42.1176470588235,30.1161571267341,0,53.0784093105862,99.5999955431807,10.3026666666667,10.6693333333333,2.689
"2532",2025-10-13 18:11:00,1.76,2.7565,1.76,5.77456,9.0440765,17.7005636939176,29.8206541050238,42.6792156862745,30.1155665270191,0,53.0871469655438,99.5999955431807,10.2793333333333,10.6556666666667,2.6845
"2533",2025-10-13 18:12:00,1.76,2.758,1.76,5.77456,9.048998,17.5261739038298,28.6871204694527,43.2407843137255,30.1149759273042,0,53.0958846205015,99.5999955431807,10.256,10.642,2.68
"2534",2025-10-13 18:13:00,1.76,2.7595,1.76,5.77456,9.0539195,17.3517841137419,27.5535868338816,43.8023529411765,30.1143853275892,0,53.1046222754591,99.5999955431807,10.2408333333333,10.6228333333333,2.673
"2535",2025-10-13 18:14:00,1.76,2.761,1.76,5.77456,9.058841,17.1773943236541,26.4200531983106,44.3639215686274,30.1137947278743,0,53.1133599304168,99.5999955431807,10.2256666666667,10.6036666666667,2.666
"2536",2025-10-13 18:15:00,1.76,2.7625,1.76,5.77456,9.0637625,17.0030045335662,25.2865195627395,44.9254901960784,30.1132041281593,0,53.1220975853744,99.5999955431807,10.2105,10.5845,2.659
"2537",2025-10-13 18:16:00,1.76,2.764,1.76,5.77456,9.068684,17.0030045335662,25.2865195627395,44.9254901960784,30.1143853275892,0,53.1133599304168,99.5799955440756,10.1953333333333,10.5653333333333,2.652
"2538",2025-10-13 18:17:00,1.76,2.7655,1.76,5.77456,9.0736055,17.0030045335662,25.2865195627395,44.9254901960784,30.1155665270191,0,53.1046222754591,99.5599955449706,10.1801666666667,10.5461666666667,2.645
"2539",2025-10-13 18:18:00,1.76,2.767,1.76,5.77456,9.078527,17.0030045335662,25.2865195627395,44.9254901960784,30.116747726449,0,53.0958846205015,99.5399955458655,10.165,10.527,2.638
"2540",2025-10-13 18:19:00,1.76,2.7685,1.76,5.77456,9.0834485,17.0030045335662,25.2865195627395,44.9254901960784,30.117928925879,0,53.0871469655438,99.5199955467604,10.1498333333333,10.5078333333333,2.6275
"2541",2025-10-13 18:20:00,1.76,2.77,1.76,5.77456,9.08837,17.0030045335662,25.2865195627395,44.9254901960784,30.1191101253089,0,53.0784093105862,99.4999955476554,10.1346666666667,10.4886666666667,2.617
"2542",2025-10-13 18:21:00,1.7605,2.769,1.7605,5.7762005,9.085089,16.5670300583465,25.1121297726516,44.3639215686274,30.1191101253089,0,53.1220846416839,99.5399955458655,10.1195,10.4695,2.6065
"2543",2025-10-13 18:22:00,1.761,2.768,1.761,5.777841,9.081808,16.1310555831269,24.9377399825638,43.8023529411765,30.1191101253089,0,53.1657599727816,99.5799955440756,10.1043333333333,10.4503333333333,2.596
"2544",2025-10-13 18:23:00,1.7615,2.767,1.7615,5.7794815,9.078527,15.6950811079073,24.7633501924759,43.2407843137255,30.1191101253089,0,53.2094353038793,99.6199955422857,10.0891666666667,10.4311666666667,2.5855
"2545",2025-10-13 18:24:00,1.762,2.766,1.762,5.781122,9.075246,15.2591066326876,24.588960402388,42.6792156862745,30.1191101253089,0,53.253110634977,99.6599955404958,10.074,10.412,2.575
"2546",2025-10-13 18:25:00,1.7625,2.765,1.7625,5.7827625,9.071965,14.823132157468,24.4145706123002,42.1176470588235,30.1191101253089,0,53.2967859660748,99.699995538706,10.044,10.3918333333333,2.568
"2547",2025-10-13 18:26:00,1.763,2.764,1.763,5.784403,9.068684,15.4334964227755,25.1993246676955,43.2407843137255,30.117338326164,0,53.2618482899347,99.6599955404958,10.014,10.3716666666667,2.561
"2548",2025-10-13 18:27:00,1.7635,2.763,1.7635,5.7860435,9.065403,16.043860688083,25.9840787230909,44.3639215686275,30.1155665270191,0,53.2269106137946,99.6199955422857,9.984,10.3515,2.554
"2549",2025-10-13 18:28:00,1.764,2.762,1.764,5.787684,9.062122,16.6542249533905,26.7688327784863,45.4870588235294,30.1137947278743,0,53.1919729376546,99.5799955440756,9.954,10.3313333333333,2.547
"2550",2025-10-13 18:29:00,1.7645,2.761,1.7645,5.7893245,9.058841,17.264589218698,27.5535868338816,46.6101960784314,30.1120229287294,0,53.1570352615145,99.5399955458655,9.924,10.3111666666667,2.54
"2551",2025-10-13 18:30:00,1.765,2.76,1.765,5.790965,9.05556,17.8749534840055,28.338340889277,47.7333333333333,30.1102511295845,0,53.1220975853744,99.4999955476554,9.894,10.291,2.533
"2552",2025-10-13 18:31:00,1.7655,2.759,1.7655,5.7926055,9.052279,18.0493432740933,28.5999255744088,48.0141176470588,30.1120229287294,0,53.0958807011954,99.5199955467604,9.87,10.2658333333333,2.528
"2553",2025-10-13 18:32:00,1.766,2.758,1.766,5.794246,9.048998,18.2237330641812,28.8615102595406,48.2949019607843,30.1137947278743,0,53.0696638170164,99.5399955458655,9.846,10.2406666666667,2.523
"2554",2025-10-13 18:33:00,1.7665,2.757,1.7665,5.7958865,9.045717,18.3981228542691,29.1230949446724,48.5756862745098,30.1155665270191,0,53.0434469328374,99.5599955449706,9.822,10.2155,2.518
"2555",2025-10-13 18:34:00,1.767,2.756,1.767,5.797527,9.042436,18.5725126443569,29.3846796298041,48.8564705882353,30.117338326164,0,53.0172300486584,99.5799955440756,9.798,10.1903333333333,2.513
"2556",2025-10-13 18:35:00,1.7675,2.755,1.7675,5.7991675,9.039155,18.7469024344448,29.6462643149359,49.1372549019608,30.1191101253089,0,52.9910131644794,99.5999955431807,9.774,10.1651666666667,2.508
"2557",2025-10-13 18:36:00,1.768,2.754,1.768,5.800808,9.035874,18.8340973294887,29.1230949446724,48.5756862745098,30.1185195255939,0,52.9910131644794,99.5999955431807,9.75,10.14,2.503
"2558",2025-10-13 18:37:00,1.7685,2.753,1.7685,5.8024485,9.032593,18.9212922245326,28.5999255744088,48.0141176470588,30.117928925879,0,52.9910131644794,99.5999955431807,9.73433333333333,10.1153333333333,2.49866666666667
"2559",2025-10-13 18:38:00,1.769,2.752,1.769,5.804089,9.029312,19.0084871195766,28.0767562041452,47.4525490196079,30.117338326164,0,52.9910131644794,99.5999955431807,9.71866666666667,10.0906666666667,2.49433333333333
"2560",2025-10-13 18:39:00,1.7695,2.751,1.7695,5.8057295,9.026031,19.0956820146205,27.5535868338816,46.8909803921569,30.116747726449,0,52.9910131644794,99.5999955431807,9.703,10.066,2.49
"2561",2025-10-13 18:40:00,1.77,2.75,1.77,5.80737,9.02275,19.1828769096644,27.0304174636181,46.3294117647059,30.1161571267341,0,52.9910131644794,99.5999955431807,9.68733333333333,10.0413333333333,2.48566666666667
"2562",2025-10-13 18:41:00,1.7725,2.756,1.7725,5.8155725,9.042436,18.7469024344448,26.6816378834423,47.1717647058824,30.1155665270191,0,53.0259664040815,99.5799955440756,9.67166666666667,10.0166666666667,2.48133333333333
"2563",2025-10-13 18:42:00,1.775,2.762,1.775,5.823775,9.062122,18.3109279592251,26.3328583032666,48.0141176470588,30.1149759273042,0,53.0609196436835,99.5599955449706,9.656,9.992,2.477
"2564",2025-10-13 18:43:00,1.7775,2.768,1.7775,5.8319775,9.081808,17.8749534840055,25.9840787230909,48.8564705882353,30.1143853275892,0,53.0958728832856,99.5399955458655,9.6205,9.96633333333333,2.47316666666667
"2565",2025-10-13 18:44:00,1.78,2.774,1.78,5.84018,9.101494,17.4389790087858,25.6352991429152,49.6988235294118,30.1137947278743,0,53.1308261228877,99.5199955467604,9.585,9.94066666666667,2.46933333333333
"2566",2025-10-13 18:45:00,1.7825,2.78,1.7825,5.8483825,9.12118,17.0030045335662,25.2865195627395,50.5411764705882,30.1132041281593,0,53.1657793624897,99.4999955476554,9.5495,9.915,2.4655
"2567",2025-10-13 18:46:00,1.785,2.786,1.785,5.856585,9.140866,16.9158096385223,25.9840787230909,48.8564705882353,30.1132041281593,0,53.1220845382583,99.4799955485503,9.514,9.88933333333333,2.46166666666667
"2568",2025-10-13 18:47:00,1.7875,2.792,1.7875,5.8647875,9.160552,16.8286147434783,26.6816378834423,47.1717647058824,30.1132041281593,0,53.078389714027,99.4599955494453,9.4785,9.86366666666667,2.45783333333333
"2569",2025-10-13 18:48:00,1.79,2.798,1.79,5.87299,9.180238,16.7414198484344,27.3791970437938,45.4870588235294,30.1132041281593,0,53.0346948897956,99.4399955503402,9.443,9.838,2.454
"2570",2025-10-13 18:49:00,1.7925,2.804,1.7925,5.8811925,9.199924,16.6542249533905,28.0767562041452,43.8023529411765,30.1132041281593,0,52.9910000655643,99.4199955512352,9.42516666666667,9.8145,2.45133333333333
"2571",2025-10-13 18:50:00,1.795,2.81,1.795,5.889395,9.21961,16.5670300583465,28.7743153644966,42.1176470588235,30.1132041281593,0,52.9473052413329,99.3999955521301,9.40733333333333,9.791,2.44866666666667
"2572",2025-10-13 18:51:00,1.7975,2.816,1.7975,5.8975975,9.239296,16.3054453732148,28.5127306793649,40.9945098039216,30.1137947278743,0,52.9735260551835,99.3999955521301,9.3895,9.7675,2.446
"2573",2025-10-13 18:52:00,1.8,2.822,1.8,5.9058,9.258982,16.043860688083,28.2511459942331,39.8713725490196,30.1143853275892,0,52.9997468690342,99.3999955521301,9.37166666666667,9.744,2.44333333333333
"2574",2025-10-13 18:53:00,1.8025,2.828,1.8025,5.9140025,9.278668,15.7822760029512,27.9895613091013,38.7482352941176,30.1149759273042,0,53.0259676828848,99.3999955521301,9.35383333333333,9.7205,2.44066666666667
"2575",2025-10-13 18:54:00,1.805,2.834,1.805,5.922205,9.298354,15.5206913178194,27.7279766239695,37.6250980392157,30.1155665270191,0,53.0521884967355,99.3999955521301,9.336,9.697,2.438
"2576",2025-10-13 18:55:00,1.8075,2.84,1.8075,5.9304075,9.31804,15.2591066326876,27.4663919388377,36.5019607843137,30.1161571267341,0,53.0784093105862,99.3999955521301,9.30666666666667,9.6735,2.43733333333333
"2577",2025-10-13 18:56:00,1.81,2.846,1.81,5.93861,9.337726,15.6950811079073,27.0304174636181,38.7482352941176,30.1149759273042,0,53.0696703509198,99.4199955512352,9.27733333333333,9.65,2.43666666666667
"2578",2025-10-13 18:57:00,1.8125,2.852,1.8125,5.9468125,9.357412,16.1310555831269,26.5944429883984,40.9945098039216,30.1137947278743,0,53.0609313912535,99.4399955503402,9.248,9.6265,2.436
"2579",2025-10-13 18:58:00,1.815,2.858,1.815,5.955015,9.377098,16.5670300583465,26.1584685131788,43.2407843137255,30.1126135284443,0,53.0521924315872,99.4599955494453,9.21866666666667,9.603,2.43533333333333
"2580",2025-10-13 18:59:00,1.8175,2.864,1.8175,5.9632175,9.396784,17.0030045335662,25.7224940379591,45.4870588235294,30.1114323290144,0,53.0434534719208,99.4799955485503,9.18933333333333,9.5795,2.43466666666667
"2581",2025-10-13 19:00:00,1.82,2.87,1.82,5.97142,9.41647,17.4389790087858,25.2865195627395,47.7333333333333,30.1102511295845,0,53.0347145122545,99.4999955476554,9.16,9.556,2.434
"2582",2025-10-13 19:01:00,1.8205,2.869,1.8205,5.9730605,9.413189,17.264589218698,26.3328583032666,46.6101960784314,30.1108417292995,0,53.0172326580702,99.4799955485503,9.13716666666667,9.52366666666667,2.43183333333333
"2583",2025-10-13 19:02:00,1.821,2.868,1.821,5.974701,9.409908,17.0901994286101,27.3791970437938,45.4870588235294,30.1114323290144,0,52.9997508038859,99.4599955494453,9.11433333333333,9.49133333333333,2.42966666666667
"2584",2025-10-13 19:03:00,1.8215,2.867,1.8215,5.9763415,9.406627,16.9158096385223,28.4255357843209,44.3639215686275,30.1120229287294,0,52.9822689497015,99.4399955503402,9.0915,9.459,2.4275
"2585",2025-10-13 19:04:00,1.822,2.866,1.822,5.977982,9.403346,16.7414198484344,29.4718745248481,43.2407843137255,30.1126135284443,0,52.9647870955172,99.4199955512352,9.06866666666667,9.42666666666667,2.42533333333333
"2586",2025-10-13 19:05:00,1.8225,2.865,1.8225,5.9796225,9.400065,16.5670300583465,30.5182132653752,42.1176470588235,30.1132041281593,0,52.9473052413329,99.3999955521301,9.04583333333333,9.39433333333333,2.42316666666667
"2587",2025-10-13 19:06:00,1.823,2.864,1.823,5.981263,9.396784,17.0030045335662,30.6926030554631,41.2752941176471,30.1137947278743,0,52.9385623364375,99.3999955521301,9.023,9.362,2.421
"2588",2025-10-13 19:07:00,1.8235,2.863,1.8235,5.9829035,9.393503,17.4389790087858,30.8669928455509,40.4329411764706,30.1143853275892,0,52.9298194315421,99.3999955521301,8.99316666666667,9.33583333333333,2.41833333333333
"2589",2025-10-13 19:08:00,1.824,2.862,1.824,5.984544,9.390222,17.8749534840055,31.0413826356388,39.5905882352941,30.1149759273042,0,52.9210765266468,99.3999955521301,8.96333333333333,9.30966666666667,2.41566666666667
"2590",2025-10-13 19:09:00,1.8245,2.861,1.8245,5.9861845,9.386941,18.3109279592251,31.2157724257267,38.7482352941176,30.1155665270191,0,52.9123336217514,99.3999955521301,8.9335,9.2835,2.413
"2591",2025-10-13 19:10:00,1.825,2.86,1.825,5.987825,9.38366,18.7469024344448,31.3901622158145,37.9058823529412,30.1161571267341,0,52.903590716856,99.3999955521301,8.90366666666667,9.25733333333333,2.41033333333333
"2592",2025-10-13 19:11:00,1.8255,2.859,1.8255,5.9894655,9.380379,18.485317749313,30.779797950507,37.9058823529412,30.1161571267341,0,52.9210752063807,99.4199955512352,8.87383333333333,9.23116666666667,2.40766666666667
"2593",2025-10-13 19:12:00,1.826,2.858,1.826,5.991106,9.377098,18.2237330641812,30.1694336851995,37.9058823529412,30.1161571267341,0,52.9385596959054,99.4399955503402,8.844,9.205,2.405
"2594",2025-10-13 19:13:00,1.8265,2.857,1.8265,5.9927465,9.373817,17.9621483790494,29.559069419892,37.9058823529412,30.1161571267341,0,52.9560441854301,99.4599955494453,8.8045,9.17816666666667,2.40283333333333
"2595",2025-10-13 19:14:00,1.827,2.856,1.827,5.994387,9.370536,17.7005636939176,28.9487051545845,37.9058823529412,30.1161571267341,0,52.9735286749547,99.4799955485503,8.765,9.15133333333333,2.40066666666667
"2596",2025-10-13 19:15:00,1.8275,2.855,1.8275,5.9960275,9.367255,17.4389790087858,28.338340889277,37.9058823529412,30.1161571267341,0,52.9910131644794,99.4999955476554,8.7255,9.1245,2.3985
"2597",2025-10-13 19:16:00,1.828,2.854,1.828,5.997668,9.363974,17.7005636939176,28.338340889277,36.7827450980392,30.1161571267341,0,52.9822715798501,99.4999955476554,8.686,9.09766666666667,2.39633333333333
"2598",2025-10-13 19:17:00,1.8285,2.853,1.8285,5.9993085,9.360693,17.9621483790494,28.338340889277,35.6596078431373,30.1161571267341,0,52.9735299952208,99.4999955476554,8.6465,9.07083333333333,2.39416666666667
"2599",2025-10-13 19:18:00,1.829,2.852,1.829,6.000949,9.357412,18.2237330641812,28.338340889277,34.5364705882353,30.1161571267341,0,52.9647884105915,99.4999955476554,8.607,9.044,2.392
"2600",2025-10-13 19:19:00,1.8295,2.851,1.8295,6.0025895,9.354131,18.485317749313,28.338340889277,33.4133333333333,30.1161571267341,0,52.9560468259622,99.4999955476554,8.58783333333333,9.0145,2.392
"2601",2025-10-13 19:20:00,1.83,2.85,1.83,6.00423,9.35085,18.7469024344448,28.338340889277,32.2901960784314,30.1161571267341,0,52.9473052413329,99.4999955476554,8.56866666666667,8.985,2.392
"2602",2025-10-13 19:21:00,1.82,2.8365,1.82,5.97142,9.3065565,18.485317749313,28.1639510991891,34.5364705882353,30.1149759273042,0,52.9298181060789,99.4799955485503,8.5495,8.9555,2.392
"2603",2025-10-13 19:22:00,1.81,2.823,1.81,5.93861,9.262263,18.2237330641812,27.9895613091013,36.7827450980392,30.1137947278743,0,52.9123309708248,99.4599955494453,8.53033333333333,8.926,2.392
"2604",2025-10-13 19:23:00,1.8,2.8095,1.8,5.9058,9.2179695,17.9621483790494,27.8151715190134,39.0290196078431,30.1126135284443,0,52.8948438355708,99.4399955503402,8.51116666666667,8.8965,2.392
"2605",2025-10-13 19:24:00,1.79,2.796,1.79,5.87299,9.173676,17.7005636939176,27.6407817289256,41.2752941176471,30.1114323290144,0,52.8773567003168,99.4199955512352,8.492,8.867,2.392
"2606",2025-10-13 19:25:00,1.78,2.7825,1.78,5.84018,9.1293825,17.4389790087858,27.4663919388377,43.521568627451,30.1102511295845,0,52.8598695650628,99.3999955521301,8.46633333333333,8.838,2.39033333333333
"2607",2025-10-13 19:26:00,1.77,2.769,1.77,5.80737,9.085089,17.6133687988737,27.4663919388377,44.6447058823529,30.1114323290144,0,52.8948385545011,99.3999955521301,8.44066666666667,8.809,2.38866666666667
"2608",2025-10-13 19:27:00,1.76,2.7555,1.76,5.77456,9.0407955,17.7877585889616,27.4663919388377,45.7678431372549,30.1126135284443,0,52.9298075439395,99.3999955521301,8.415,8.78,2.387
"2609",2025-10-13 19:28:00,1.75,2.742,1.75,5.74175,8.996502,17.9621483790494,27.4663919388377,46.8909803921569,30.1137947278743,0,52.9647765333778,99.3999955521301,8.38933333333333,8.751,2.38533333333333
"2610",2025-10-13 19:29:00,1.74,2.7285,1.74,5.70894,8.9522085,18.1365381691373,27.4663919388377,48.0141176470588,30.1149759273042,0,52.9997455228162,99.3999955521301,8.36366666666667,8.722,2.38366666666667
"2611",2025-10-13 19:30:00,1.73,2.715,1.73,5.67613,8.907915,18.3109279592251,27.4663919388377,49.1372549019608,30.1161571267341,0,53.0347145122545,99.3999955521301,8.338,8.693,2.382
"2612",2025-10-13 19:31:00,1.72,2.7015,1.72,5.64332,8.8636215,17.9621483790494,26.8560276735302,49.4180392156863,30.1155665270191,0,53.0783963152118,99.3999955521301,8.30866666666667,8.66233333333333,2.37916666666667
"2613",2025-10-13 19:32:00,1.71,2.688,1.71,5.61051,8.819328,17.6133687988737,26.2456634082227,49.6988235294118,30.1149759273042,0,53.1220781181691,99.3999955521301,8.27933333333333,8.63166666666667,2.37633333333333
"2614",2025-10-13 19:33:00,1.7,2.6745,1.7,5.5777,8.7750345,17.264589218698,25.6352991429152,49.9796078431373,30.1143853275892,0,53.1657599211265,99.3999955521301,8.25,8.601,2.3735
"2615",2025-10-13 19:34:00,1.69,2.661,1.69,5.54489,8.730741,16.9158096385223,25.0249348776077,50.2603921568627,30.1137947278743,0,53.2094417240838,99.3999955521301,8.22066666666667,8.57033333333333,2.37066666666667
"2616",2025-10-13 19:35:00,1.68,2.6475,1.68,5.51208,8.6864475,16.5670300583465,24.4145706123002,50.5411764705882,30.1132041281593,0,53.2531235270411,99.3999955521301,8.19133333333333,8.53966666666667,2.36783333333333
"2617",2025-10-13 19:36:00,1.67,2.634,1.67,5.47927,8.642154,17.0030045335662,26.5944429883984,47.4525490196078,30.1137947278743,0,53.1394824544229,99.35999555392,8.162,8.509,2.365
"2618",2025-10-13 19:37:00,1.66,2.6205,1.66,5.44646,8.5978605,17.4389790087858,28.7743153644966,44.3639215686274,30.1143853275892,0,53.0258413818047,99.3199955557099,8.1255,8.4725,2.36783333333333
"2619",2025-10-13 19:38:00,1.65,2.607,1.65,5.41365,8.553567,17.8749534840055,30.9541877405949,41.2752941176471,30.1149759273042,0,52.9122003091865,99.2799955574998,8.089,8.436,2.37066666666667
"2620",2025-10-13 19:39:00,1.64,2.5935,1.64,5.38084,8.5092735,18.3109279592251,33.1340601166931,38.1866666666667,30.1155665270191,0,52.7985592365683,99.2399955592897,8.0525,8.3995,2.3735
"2621",2025-10-13 19:40:00,1.63,2.58,1.63,5.34803,8.46498,18.7469024344448,35.3139324927913,35.0980392156863,30.1161571267341,0,52.6849181639501,99.1999955610795,8.016,8.363,2.37633333333333
"2622",2025-10-13 19:41:00,1.617,2.56,1.617,5.305377,8.39936,18.485317749313,33.3956448018249,37.6250980392157,30.1155665270191,0,52.7373955794266,99.2399955592897,7.9795,8.3265,2.37916666666667
"2623",2025-10-13 19:42:00,1.604,2.54,1.604,5.262724,8.33374,18.2237330641812,31.4773571108584,40.1521568627451,30.1149759273042,0,52.7898729949032,99.2799955574998,7.943,8.29,2.382
"2624",2025-10-13 19:43:00,1.591,2.52,1.591,5.220071,8.26812,17.9621483790494,29.559069419892,42.6792156862745,30.1143853275892,0,52.8423504103798,99.3199955557099,7.89933333333333,8.25716666666667,2.38466666666667
"2625",2025-10-13 19:44:00,1.578,2.5,1.578,5.177418,8.2025,17.7005636939176,27.6407817289256,45.2062745098039,30.1137947278743,0,52.8948278258563,99.35999555392,7.85566666666667,8.22433333333333,2.38733333333333
"2626",2025-10-13 19:45:00,1.565,2.48,1.565,5.134765,8.13688,17.4389790087858,25.7224940379591,47.7333333333333,30.1132041281593,0,52.9473052413329,99.3999955521301,7.812,8.1915,2.39
"2627",2025-10-13 19:46:00,1.552,2.46,1.552,5.092112,8.07126,17.1773943236541,25.7224940379591,46.6101960784314,30.1137947278743,0,52.9560468259622,99.379995553025,7.76833333333333,8.15866666666667,2.39266666666667
"2628",2025-10-13 19:47:00,1.539,2.44,1.539,5.049459,8.00564,16.9158096385223,25.7224940379591,45.4870588235294,30.1143853275892,0,52.9647884105915,99.35999555392,7.72466666666667,8.12583333333333,2.39533333333333
"2629",2025-10-13 19:48:00,1.526,2.42,1.526,5.006806,7.94002,16.6542249533905,25.7224940379591,44.3639215686275,30.1149759273042,0,52.9735299952208,99.3399955548149,7.681,8.093,2.398
"2630",2025-10-13 19:49:00,1.513,2.4,1.513,4.964153,7.8744,16.3926402682587,25.7224940379591,43.2407843137255,30.1155665270191,0,52.9822715798501,99.3199955557099,7.6595,8.05583333333333,2.39916666666667
"2631",2025-10-13 19:50:00,1.5,2.38,1.5,4.9215,7.80878,16.1310555831269,25.7224940379591,42.1176470588235,30.1161571267341,0,52.9910131644794,99.2999955566048,7.638,8.01866666666667,2.40033333333333
"2632",2025-10-13 19:51:00,1.487,2.36,1.487,4.878847,7.74316,16.2182504781708,25.809688933003,42.398431372549,30.1155665270191,0,52.9997534340344,99.3199955557099,7.6165,7.9815,2.4015
"2633",2025-10-13 19:52:00,1.474,2.34,1.474,4.836194,7.67754,16.3054453732148,25.896883828047,42.6792156862745,30.1149759273042,0,53.0084937035895,99.3399955548149,7.595,7.94433333333333,2.40266666666667
"2634",2025-10-13 19:53:00,1.461,2.32,1.461,4.793541,7.61192,16.3926402682587,25.9840787230909,42.96,30.1143853275892,0,53.0172339731445,99.35999555392,7.5735,7.90716666666667,2.40383333333333
"2635",2025-10-13 19:54:00,1.448,2.3,1.448,4.750888,7.5463,16.4798351633026,26.0712736181348,43.2407843137255,30.1137947278743,0,53.0259742426995,99.379995553025,7.552,7.87,2.405
"2636",2025-10-13 19:55:00,1.435,2.28,1.435,4.708235,7.48068,16.5670300583465,26.1584685131788,43.521568627451,30.1132041281593,0,53.0347145122545,99.3999955521301,7.49683333333333,7.83433333333333,2.405
"2637",2025-10-13 19:56:00,1.422,2.26,1.422,4.665582,7.41506,16.8286147434783,26.5072480933545,42.398431372549,30.1137947278743,0,52.9647552425936,99.35999555392,7.44166666666667,7.79866666666667,2.405
"2638",2025-10-13 19:57:00,1.409,2.24,1.409,4.622929,7.34944,17.0901994286101,26.8560276735302,41.2752941176471,30.1143853275892,0,52.8947959729327,99.3199955557099,7.3865,7.763,2.405
"2639",2025-10-13 19:58:00,1.396,2.22,1.396,4.580276,7.28382,17.3517841137419,27.2048072537059,40.1521568627451,30.1149759273042,0,52.8248367032718,99.2799955574998,7.33133333333333,7.72733333333333,2.405
"2640",2025-10-13 19:59:00,1.383,2.2,1.383,4.537623,7.2182,17.6133687988737,27.5535868338816,39.0290196078431,30.1155665270191,0,52.754877433611,99.2399955592897,7.27616666666667,7.69166666666667,2.405
"2641",2025-10-13 20:00:00,1.37,2.18,1.37,4.49497,7.15258,17.8749534840055,27.9023664140573,37.9058823529412,30.1161571267341,0,52.6849181639501,99.1999955610795,7.221,7.656,2.405
"2642",2025-10-13 20:01:00,1.371,2.1815,1.371,4.498251,7.1575015,18.1365381691373,28.6871204694527,37.0635294117647,30.1143853275892,0,52.7199084441726,99.2399955592897,7.19416666666667,7.626,2.40666666666667
"2643",2025-10-13 20:02:00,1.372,2.183,1.372,4.501532,7.162423,18.3981228542691,29.4718745248481,36.2211764705882,30.1126135284443,0,52.7548987243951,99.2799955574998,7.16733333333333,7.596,2.40833333333333
"2644",2025-10-13 20:03:00,1.373,2.1845,1.373,4.504813,7.1673445,18.6597075394009,30.2566285802434,35.3788235294118,30.1108417292995,0,52.7898890046177,99.3199955557099,7.1405,7.566,2.41
"2645",2025-10-13 20:04:00,1.374,2.186,1.374,4.508094,7.172266,18.9212922245326,31.0413826356388,34.5364705882353,30.1090699301546,0,52.8248792848402,99.35999555392,7.11366666666667,7.536,2.41166666666667
"2646",2025-10-13 20:05:00,1.375,2.1875,1.375,4.511375,7.1771875,19.1828769096644,31.8261366910342,33.6941176470588,30.1072981310097,0,52.8598695650628,99.3999955521301,7.08683333333333,7.506,2.41333333333333
"2647",2025-10-13 20:06:00,1.376,2.189,1.376,4.514656,7.182109,18.7469024344448,30.779797950507,34.2556862745098,30.1067075312947,0,52.8686137954214,99.3999955521301,7.06,7.476,2.415
"2648",2025-10-13 20:07:00,1.377,2.1905,1.377,4.517937,7.1870305,18.3109279592251,29.7334592099799,34.8172549019608,30.1061169315798,0,52.8773580257801,99.3999955521301,7.02416666666667,7.43716666666667,2.415
"2649",2025-10-13 20:08:00,1.378,2.192,1.378,4.521218,7.191952,17.8749534840055,28.6871204694527,35.3788235294118,30.1055263318648,0,52.8861022561387,99.3999955521301,6.98833333333333,7.39833333333333,2.415
"2650",2025-10-13 20:09:00,1.379,2.1935,1.379,4.524499,7.1968735,17.4389790087858,27.6407817289256,35.9403921568627,30.1049357321499,0,52.8948464864974,99.3999955521301,6.9525,7.3595,2.415
"2651",2025-10-13 20:10:00,1.38,2.195,1.38,4.52778,7.201795,17.0030045335662,26.5944429883984,36.5019607843137,30.1043451324349,0,52.903590716856,99.3999955521301,6.91666666666667,7.32066666666667,2.415
"2652",2025-10-13 20:11:00,1.381,2.1965,1.381,4.531061,7.2067165,17.264589218698,26.5944429883984,36.2211764705882,30.1067075312947,0,52.8773540285708,99.3999955521301,6.88083333333333,7.28183333333333,2.415
"2653",2025-10-13 20:12:00,1.382,2.198,1.382,4.534342,7.211638,17.5261739038298,26.5944429883984,35.9403921568627,30.1090699301546,0,52.8511173402856,99.3999955521301,6.845,7.243,2.415
"2654",2025-10-13 20:13:00,1.383,2.1995,1.383,4.537623,7.2165595,17.7877585889616,26.5944429883984,35.6596078431373,30.1114323290144,0,52.8248806520004,99.3999955521301,6.80883333333333,7.20366666666667,2.41283333333333
"2655",2025-10-13 20:14:00,1.384,2.201,1.384,4.540904,7.221481,18.0493432740933,26.5944429883984,35.3788235294118,30.1137947278743,0,52.7986439637152,99.3999955521301,6.77266666666667,7.16433333333333,2.41066666666667
"2656",2025-10-13 20:15:00,1.385,2.2025,1.385,4.544185,7.2264025,18.3109279592251,26.5944429883984,35.0980392156863,30.1161571267341,0,52.77240727543,99.3999955521301,6.7365,7.125,2.4085
"2657",2025-10-13 20:16:00,1.386,2.204,1.386,4.547466,7.231324,18.1365381691373,26.5072480933545,34.8172549019608,30.1161571267341,0,52.7898997333565,99.3999955521301,6.70033333333333,7.08566666666667,2.40633333333333
"2658",2025-10-13 20:17:00,1.387,2.2055,1.387,4.550747,7.2362455,17.9621483790494,26.4200531983106,34.5364705882353,30.1161571267341,0,52.8073921912831,99.3999955521301,6.66416666666667,7.04633333333333,2.40416666666667
"2659",2025-10-13 20:18:00,1.388,2.207,1.388,4.554028,7.241167,17.7877585889616,26.3328583032666,34.2556862745098,30.1161571267341,0,52.8248846492096,99.3999955521301,6.628,7.007,2.402
"2660",2025-10-13 20:19:00,1.389,2.2085,1.389,4.557309,7.2460885,17.6133687988737,26.2456634082227,33.9749019607843,30.1161571267341,0,52.8423771071362,99.3999955521301,6.589,6.96766666666667,2.39866666666667
"2661",2025-10-13 20:20:00,1.39,2.21,1.39,4.56059,7.25101,17.4389790087858,26.1584685131788,33.6941176470588,30.1161571267341,0,52.8598695650628,99.3999955521301,6.55,6.92833333333333,2.39533333333333
"2662",2025-10-13 20:21:00,1.3895,2.2075,1.3895,4.5589495,7.2428075,17.1773943236541,25.809688933003,33.9749019607843,30.116747726449,0,52.8598695650628,99.4199955512352,6.511,6.889,2.392
"2663",2025-10-13 20:22:00,1.389,2.205,1.389,4.557309,7.234605,16.9158096385223,25.4609093528273,34.2556862745098,30.117338326164,0,52.8598695650628,99.4399955503402,6.472,6.84966666666667,2.38866666666667
"2664",2025-10-13 20:23:00,1.3885,2.2025,1.3885,4.5556685,7.2264025,16.6542249533905,25.1121297726516,34.5364705882353,30.117928925879,0,52.8598695650628,99.4599955494453,6.433,6.81033333333333,2.38533333333333
"2665",2025-10-13 20:24:00,1.388,2.2,1.388,4.554028,7.2182,16.3926402682587,24.7633501924759,34.8172549019608,30.1185195255939,0,52.8598695650628,99.4799955485503,6.394,6.771,2.382
"2666",2025-10-13 20:25:00,1.3875,2.1975,1.3875,4.5523875,7.2099975,16.1310555831269,24.4145706123002,35.0980392156863,30.1191101253089,0,52.8598695650628,99.4999955476554,6.34966666666667,6.73216666666667,2.37983333333333
"2667",2025-10-13 20:26:00,1.387,2.195,1.387,4.550747,7.201795,16.3926402682587,24.7633501924759,34.8172549019608,30.1191101253089,0,52.8511240040374,99.4999955476554,6.30533333333333,6.69333333333333,2.37766666666667
"2668",2025-10-13 20:27:00,1.3865,2.1925,1.3865,4.5491065,7.1935925,16.6542249533905,25.1121297726516,34.5364705882353,30.1191101253089,0,52.8423784430121,99.4999955476554,6.261,6.6545,2.3755
"2669",2025-10-13 20:28:00,1.386,2.19,1.386,4.547466,7.18539,16.9158096385223,25.4609093528273,34.2556862745098,30.1191101253089,0,52.8336328819867,99.4999955476554,6.21666666666667,6.61566666666667,2.37333333333333
"2670",2025-10-13 20:29:00,1.3855,2.1875,1.3855,4.5458255,7.1771875,17.1773943236541,25.809688933003,33.9749019607843,30.1191101253089,0,52.8248873209614,99.4999955476554,6.17233333333333,6.57683333333333,2.37116666666667
"2671",2025-10-13 20:30:00,1.385,2.185,1.385,4.544185,7.168985,17.4389790087858,26.1584685131788,33.6941176470588,30.1191101253089,0,52.816141759936,99.4999955476554,6.128,6.538,2.369
"2672",2025-10-13 20:31:00,1.3845,2.1825,1.3845,4.5425445,7.1607825,17.6133687988737,26.2456634082227,33.6941176470588,30.117928925879,0,52.8073948630348,99.4599955494453,6.08633333333333,6.4975,2.36683333333333
"2673",2025-10-13 20:32:00,1.384,2.18,1.384,4.540904,7.15258,17.7877585889616,26.3328583032666,33.6941176470588,30.116747726449,0,52.7986479661336,99.4199955512352,6.04466666666667,6.457,2.36466666666667
"2674",2025-10-13 20:33:00,1.3835,2.1775,1.3835,4.5392635,7.1443775,17.9621483790494,26.4200531983106,33.6941176470588,30.1155665270191,0,52.7899010692324,99.379995553025,6.003,6.4165,2.3625
"2675",2025-10-13 20:34:00,1.383,2.175,1.383,4.537623,7.136175,18.1365381691373,26.5072480933545,33.6941176470588,30.1143853275892,0,52.7811541723312,99.3399955548149,5.96133333333333,6.376,2.36033333333333
"2676",2025-10-13 20:35:00,1.3825,2.1725,1.3825,4.5359825,7.1279725,18.3109279592251,26.5944429883984,33.6941176470588,30.1132041281593,0,52.77240727543,99.2999955566048,5.91966666666667,6.3355,2.35816666666667
"2677",2025-10-13 20:36:00,1.382,2.17,1.382,4.534342,7.11977,18.7469024344448,26.7688327784863,33.4133333333333,30.1137947278743,0,52.7374062246764,99.2999955566048,5.878,6.295,2.356
"2678",2025-10-13 20:37:00,1.3815,2.1675,1.3815,4.5327015,7.1115675,19.1828769096644,26.9432225685741,33.1325490196078,30.1143853275892,0,52.7024051739229,99.2999955566048,5.84483333333333,6.25233333333333,2.35483333333333
"2679",2025-10-13 20:38:00,1.381,2.165,1.381,4.531061,7.103365,19.6188513848841,27.117612358662,32.8517647058824,30.1149759273042,0,52.6674041231694,99.2999955566048,5.81166666666667,6.20966666666667,2.35366666666667
"2680",2025-10-13 20:39:00,1.3805,2.1625,1.3805,4.5294205,7.0951625,20.0548258601037,27.2920021487498,32.5709803921569,30.1155665270191,0,52.6324030724159,99.2999955566048,5.7785,6.167,2.3525
"2681",2025-10-13 20:40:00,1.38,2.16,1.38,4.52778,7.08696,20.4908003353234,27.4663919388377,32.2901960784314,30.1161571267341,0,52.5974020216624,99.2999955566048,5.74533333333333,6.12433333333333,2.35133333333333
"2682",2025-10-13 20:41:00,1.3815,2.162,1.3815,4.5327015,7.093522,20.4908003353234,27.9023664140573,31.7286274509804,30.116747726449,0,52.5886483670369,99.2999955566048,5.71216666666667,6.08166666666667,2.35016666666667
"2683",2025-10-13 20:42:00,1.383,2.164,1.383,4.537623,7.100084,20.4908003353234,28.338340889277,31.1670588235294,30.117338326164,0,52.5798947124113,99.2999955566048,5.679,6.039,2.349
"2684",2025-10-13 20:43:00,1.3845,2.166,1.3845,4.5425445,7.106646,20.4908003353234,28.7743153644966,30.6054901960784,30.117928925879,0,52.5711410577857,99.2999955566048,5.63866666666667,5.99633333333333,2.34633333333333
"2685",2025-10-13 20:44:00,1.386,2.168,1.386,4.547466,7.113208,20.4908003353234,29.2102898397163,30.0439215686275,30.1185195255939,0,52.5623874031602,99.2999955566048,5.59833333333333,5.95366666666667,2.34366666666667
"2686",2025-10-13 20:45:00,1.3875,2.17,1.3875,4.5523875,7.11977,20.4908003353234,29.6462643149359,29.4823529411765,30.1191101253089,0,52.5536337485346,99.2999955566048,5.558,5.911,2.341
"2687",2025-10-13 20:46:00,1.389,2.172,1.389,4.557309,7.126332,20.5779952303673,29.8206541050238,29.763137254902,30.117928925879,0,52.5623874031602,99.3199955557099,5.51766666666667,5.86833333333333,2.33833333333333
"2688",2025-10-13 20:47:00,1.3905,2.174,1.3905,4.5622305,7.132894,20.6651901254112,29.9950438951116,30.0439215686275,30.116747726449,0,52.5711410577857,99.3399955548149,5.47733333333333,5.82566666666667,2.33566666666667
"2689",2025-10-13 20:48:00,1.392,2.176,1.392,4.567152,7.139456,20.7523850204552,30.1694336851995,30.3247058823529,30.1155665270191,0,52.5798947124113,99.35999555392,5.437,5.783,2.333
"2690",2025-10-13 20:49:00,1.3935,2.178,1.3935,4.5720735,7.146018,20.8395799154991,30.3438234752874,30.6054901960784,30.1143853275892,0,52.5886483670369,99.379995553025,5.39983333333333,5.74466666666667,2.33133333333333
"2691",2025-10-13 20:50:00,1.395,2.18,1.395,4.576995,7.15258,20.926774810543,30.5182132653752,30.8862745098039,30.1132041281593,0,52.5974020216624,99.3999955521301,5.36266666666667,5.70633333333333,2.32966666666667
"2692",2025-10-13 20:51:00,1.3965,2.182,1.3965,4.5819165,7.159142,20.8395799154991,29.9078490000677,31.4478431372549,30.1132041281593,0,52.6061543142771,99.3999955521301,5.3255,5.668,2.328
"2693",2025-10-13 20:52:00,1.398,2.184,1.398,4.586838,7.165704,20.7523850204552,29.2974847347602,32.0094117647059,30.1132041281593,0,52.6149066068918,99.3999955521301,5.28833333333333,5.62966666666667,2.32633333333333
"2694",2025-10-13 20:53:00,1.3995,2.186,1.3995,4.5917595,7.172266,20.6651901254112,28.6871204694527,32.5709803921569,30.1132041281593,0,52.6236588995065,99.3999955521301,5.25116666666667,5.59133333333333,2.32466666666667
"2695",2025-10-13 20:54:00,1.401,2.188,1.401,4.596681,7.178828,20.5779952303673,28.0767562041452,33.1325490196078,30.1132041281593,0,52.6324111921211,99.3999955521301,5.214,5.553,2.323
"2696",2025-10-13 20:55:00,1.4025,2.19,1.4025,4.6016025,7.18539,20.4908003353234,27.4663919388377,33.6941176470588,30.1132041281593,0,52.6411634847358,99.3999955521301,5.17883333333333,5.51366666666667,2.3225
"2697",2025-10-13 20:56:00,1.404,2.192,1.404,4.606524,7.191952,20.0548258601037,27.4663919388377,33.4133333333333,30.1126135284443,0,52.6586640048827,99.3999955521301,5.14366666666667,5.47433333333333,2.322
"2698",2025-10-13 20:57:00,1.4055,2.194,1.4055,4.6114455,7.198514,19.6188513848841,27.4663919388377,33.1325490196078,30.1120229287294,0,52.6761645250296,99.3999955521301,5.1085,5.435,2.3215
"2699",2025-10-13 20:58:00,1.407,2.196,1.407,4.616367,7.205076,19.1828769096644,27.4663919388377,32.8517647058824,30.1114323290144,0,52.6936650451764,99.3999955521301,5.07333333333333,5.39566666666667,2.321
"2700",2025-10-13 20:59:00,1.4085,2.198,1.4085,4.6212885,7.211638,18.7469024344448,27.4663919388377,32.5709803921569,30.1108417292995,0,52.7111655653233,99.3999955521301,5.03816666666667,5.35633333333333,2.3205
"2701",2025-10-13 21:00:00,1.41,2.2,1.41,4.62621,7.2182,18.3109279592251,27.4663919388377,32.2901960784314,30.1102511295845,0,52.7286660854702,99.3999955521301,5.003,5.317,2.32
"2702",2025-10-13 21:01:00,1.406,2.1935,1.406,4.613086,7.1968735,18.8340973294887,27.5535868338816,32.0094117647059,30.1084793304396,0,52.6761482018132,99.379995553025,4.96066666666667,5.27766666666667,2.31666666666667
"2703",2025-10-13 21:02:00,1.402,2.187,1.402,4.599962,7.175547,19.3572666997523,27.6407817289256,31.7286274509804,30.1067075312947,0,52.6236303181563,99.35999555392,4.91833333333333,5.23833333333333,2.31333333333333
"2704",2025-10-13 21:03:00,1.398,2.1805,1.398,4.586838,7.1542205,19.8804360700159,27.7279766239695,31.4478431372549,30.1049357321499,0,52.5711124344993,99.3399955548149,4.876,5.199,2.31
"2705",2025-10-13 21:04:00,1.394,2.174,1.394,4.573714,7.132894,20.4036054402794,27.8151715190134,31.1670588235294,30.103163933005,0,52.5185945508423,99.3199955557099,4.83366666666667,5.15966666666667,2.30666666666667
"2706",2025-10-13 21:05:00,1.39,2.1675,1.39,4.56059,7.1115675,20.926774810543,27.9023664140573,30.8862745098039,30.1013921338601,0,52.4660766671854,99.2999955566048,4.79133333333333,5.12033333333333,2.30333333333333
"2707",2025-10-13 21:06:00,1.386,2.161,1.386,4.547466,7.090241,20.7523850204552,27.9023664140573,30.8862745098039,30.10257333329,0,52.5098449665383,99.3399955548149,4.749,5.081,2.3
"2708",2025-10-13 21:07:00,1.382,2.1545,1.382,4.534342,7.0689145,20.5779952303673,27.9023664140573,30.8862745098039,30.10375453272,0,52.5536132658913,99.379995553025,4.71966666666667,5.04816666666667,2.2945
"2709",2025-10-13 21:08:00,1.378,2.148,1.378,4.521218,7.047588,20.4036054402794,27.9023664140573,30.8862745098039,30.1049357321499,0,52.5973815652442,99.4199955512352,4.69033333333333,5.01533333333333,2.289
"2710",2025-10-13 21:09:00,1.374,2.1415,1.374,4.508094,7.0262615,20.2292156501916,27.9023664140573,30.8862745098039,30.1061169315798,0,52.6411498645971,99.4599955494453,4.661,4.9825,2.2835
"2711",2025-10-13 21:10:00,1.37,2.135,1.37,4.49497,7.004935,20.0548258601037,27.9023664140573,30.8862745098039,30.1072981310097,0,52.6849181639501,99.4999955476554,4.63166666666667,4.94966666666667,2.278
"2712",2025-10-13 21:11:00,1.366,2.1285,1.366,4.481846,6.9836085,19.8804360700159,27.9023664140573,31.1670588235294,30.1096605298695,0,52.658661280867,99.4799955485503,4.60233333333333,4.91683333333333,2.2725
"2713",2025-10-13 21:12:00,1.362,2.122,1.362,4.468722,6.962282,19.706046279928,27.9023664140573,31.4478431372549,30.1120229287294,0,52.6324043977839,99.4599955494453,4.573,4.884,2.267
"2714",2025-10-13 21:13:00,1.358,2.1155,1.358,4.455598,6.9409555,19.5316564898401,27.9023664140573,31.7286274509804,30.1143853275892,0,52.6061475147008,99.4399955503402,4.53383333333333,4.848,2.2605
"2715",2025-10-13 21:14:00,1.354,2.109,1.354,4.442474,6.919629,19.3572666997523,27.9023664140573,32.0094117647059,30.116747726449,0,52.5798906316177,99.4199955512352,4.49466666666667,4.812,2.254
"2716",2025-10-13 21:15:00,1.35,2.1025,1.35,4.42935,6.8983025,19.1828769096644,27.9023664140573,32.2901960784314,30.1191101253089,0,52.5536337485346,99.3999955521301,4.4555,4.776,2.2475
"2717",2025-10-13 21:16:00,1.346,2.096,1.346,4.416226,6.876976,19.3572666997523,27.7279766239695,32.2901960784314,30.1191101253089,0,52.5536337485346,99.379995553025,4.41633333333333,4.74,2.241
"2718",2025-10-13 21:17:00,1.342,2.0895,1.342,4.403102,6.8556495,19.5316564898401,27.5535868338816,32.2901960784314,30.1191101253089,0,52.5536337485346,99.35999555392,4.37716666666667,4.704,2.2345
"2719",2025-10-13 21:18:00,1.338,2.083,1.338,4.389978,6.834323,19.706046279928,27.3791970437938,32.2901960784314,30.1191101253089,0,52.5536337485346,99.3399955548149,4.338,4.668,2.228
"2720",2025-10-13 21:19:00,1.334,2.0765,1.334,4.376854,6.8129965,19.8804360700159,27.2048072537059,32.2901960784314,30.1191101253089,0,52.5536337485346,99.3199955557099,4.291,4.63233333333333,2.22633333333333
"2721",2025-10-13 21:20:00,1.33,2.07,1.33,4.36373,6.79167,20.0548258601037,27.0304174636181,32.2901960784314,30.1191101253089,0,52.5536337485346,99.2999955566048,4.244,4.59666666666667,2.22466666666667
"2722",2025-10-13 21:21:00,1.3265,2.064,1.3265,4.3522465,6.771984,20.1420207551476,27.2920021487498,31.7286274509804,30.117338326164,0,52.5273645601125,99.2999955566048,4.197,4.561,2.223
"2723",2025-10-13 21:22:00,1.323,2.058,1.323,4.340763,6.752298,20.2292156501916,27.5535868338816,31.1670588235294,30.1155665270191,0,52.5010953716904,99.2999955566048,4.15,4.52533333333333,2.22133333333333
"2724",2025-10-13 21:23:00,1.3195,2.052,1.3195,4.3292795,6.732612,20.3164105452355,27.8151715190134,30.6054901960784,30.1137947278743,0,52.4748261832683,99.2999955566048,4.103,4.48966666666667,2.21966666666667
"2725",2025-10-13 21:24:00,1.316,2.046,1.316,4.317796,6.712926,20.4036054402794,28.0767562041452,30.0439215686275,30.1120229287294,0,52.4485569948462,99.2999955566048,4.056,4.454,2.218
"2726",2025-10-13 21:25:00,1.3125,2.04,1.3125,4.3063125,6.69324,20.4908003353234,28.338340889277,29.4823529411765,30.1102511295845,0,52.422287806424,99.2999955566048,4.02333333333333,4.42116666666667,2.21416666666667
"2727",2025-10-13 21:26:00,1.309,2.034,1.309,4.294829,6.673554,20.5779952303673,28.7743153644966,29.763137254902,30.1114323290144,0,52.4310455785763,99.2999955566048,3.99066666666667,4.38833333333333,2.21033333333333
"2728",2025-10-13 21:27:00,1.3055,2.028,1.3055,4.2833455,6.653868,20.6651901254112,29.2102898397163,30.0439215686275,30.1126135284443,0,52.4398033507286,99.2999955566048,3.958,4.3555,2.2065
"2729",2025-10-13 21:28:00,1.302,2.022,1.302,4.271862,6.634182,20.7523850204552,29.6462643149359,30.3247058823529,30.1137947278743,0,52.4485611228808,99.2999955566048,3.92533333333333,4.32266666666667,2.20266666666667
"2730",2025-10-13 21:29:00,1.2985,2.016,1.2985,4.2603785,6.614496,20.8395799154991,30.0822387901556,30.6054901960784,30.1149759273042,0,52.4573188950331,99.2999955566048,3.89266666666667,4.28983333333333,2.19883333333333
"2731",2025-10-13 21:30:00,1.295,2.01,1.295,4.248895,6.59481,20.926774810543,30.5182132653752,30.8862745098039,30.1161571267341,0,52.4660766671854,99.2999955566048,3.86,4.257,2.195
"2732",2025-10-13 21:31:00,1.2915,2.004,1.2915,4.2374115,6.575124,21.1011646006309,30.5182132653752,30.6054901960784,30.1161571267341,0,52.4397991963773,99.3199955557099,3.83416666666667,4.2215,2.19116666666667
"2733",2025-10-13 21:32:00,1.288,1.998,1.288,4.225928,6.555438,21.2755543907187,30.5182132653752,30.3247058823529,30.1161571267341,0,52.4135217255691,99.3399955548149,3.80833333333333,4.186,2.18733333333333
"2734",2025-10-13 21:33:00,1.2845,1.992,1.2845,4.2144445,6.535752,21.4499441808066,30.5182132653752,30.0439215686275,30.1161571267341,0,52.387244254761,99.35999555392,3.7825,4.1505,2.1835
"2735",2025-10-13 21:34:00,1.281,1.986,1.281,4.202961,6.516066,21.6243339708944,30.5182132653752,29.763137254902,30.1161571267341,0,52.3609667839529,99.379995553025,3.75666666666667,4.115,2.17966666666667
"2736",2025-10-13 21:35:00,1.2775,1.98,1.2775,4.1914775,6.49638,21.7987237609823,30.5182132653752,29.4823529411765,30.1161571267341,0,52.3346893131448,99.3999955521301,3.73083333333333,4.0795,2.17583333333333
"2737",2025-10-13 21:36:00,1.274,1.974,1.274,4.179994,6.476694,21.5371390758505,29.9950438951116,30.0439215686275,30.1161571267341,0,52.3872318548483,99.3999955521301,3.705,4.044,2.172
"2738",2025-10-13 21:37:00,1.2705,1.968,1.2705,4.1685105,6.457008,21.2755543907187,29.4718745248481,30.6054901960784,30.1161571267341,0,52.4397743965518,99.3999955521301,3.67183333333333,4.01016666666667,2.16983333333333
"2739",2025-10-13 21:38:00,1.267,1.962,1.267,4.157027,6.437322,21.0139697055869,28.9487051545845,31.1670588235294,30.1161571267341,0,52.4923169382554,99.3999955521301,3.63866666666667,3.97633333333333,2.16766666666667
"2740",2025-10-13 21:39:00,1.2635,1.956,1.2635,4.1455435,6.417636,20.7523850204552,28.4255357843209,31.7286274509804,30.1161571267341,0,52.5448594799589,99.3999955521301,3.6055,3.9425,2.1655
"2741",2025-10-13 21:40:00,1.26,1.95,1.26,4.13406,6.39795,20.4908003353234,27.9023664140573,32.2901960784314,30.1161571267341,0,52.5974020216624,99.3999955521301,3.57233333333333,3.90866666666667,2.16333333333333
"2742",2025-10-13 21:41:00,1.2535,1.9395,1.2535,4.1127335,6.3634995,20.4036054402794,27.9023664140573,32.5709803921569,30.1161571267341,0,52.5798933451554,99.3999955521301,3.53916666666667,3.87483333333333,2.16116666666667
"2743",2025-10-13 21:42:00,1.247,1.929,1.247,4.091407,6.329049,20.3164105452355,27.9023664140573,32.8517647058824,30.1161571267341,0,52.5623846686483,99.3999955521301,3.506,3.841,2.159
"2744",2025-10-13 21:43:00,1.2405,1.9185,1.2405,4.0700805,6.2945985,20.2292156501916,27.9023664140573,33.1325490196078,30.1161571267341,0,52.5448759921412,99.3999955521301,3.47683333333333,3.80166666666667,2.15733333333333
"2745",2025-10-13 21:44:00,1.234,1.908,1.234,4.048754,6.260148,20.1420207551476,27.9023664140573,33.4133333333333,30.1161571267341,0,52.5273673156342,99.3999955521301,3.44766666666667,3.76233333333333,2.15566666666667
"2746",2025-10-13 21:45:00,1.2275,1.8975,1.2275,4.0274275,6.2256975,20.0548258601037,27.9023664140573,33.6941176470588,30.1161571267341,0,52.5098586391271,99.3999955521301,3.4185,3.723,2.154
"2747",2025-10-13 21:46:00,1.221,1.887,1.221,4.006101,6.191247,20.3164105452355,27.9895613091013,32.5709803921569,30.117338326164,0,52.4485347609369,99.3999955521301,3.38933333333333,3.68366666666667,2.15233333333333
"2748",2025-10-13 21:47:00,1.2145,1.8765,1.2145,3.9847745,6.1567965,20.5779952303673,28.0767562041452,31.4478431372549,30.1185195255939,0,52.3872108827467,99.3999955521301,3.36016666666667,3.64433333333333,2.15066666666667
"2749",2025-10-13 21:48:00,1.208,1.866,1.208,3.963448,6.122346,20.8395799154991,28.1639510991891,30.3247058823529,30.1197007250238,0,52.3258870045565,99.3999955521301,3.331,3.605,2.149
"2750",2025-10-13 21:49:00,1.2015,1.8555,1.2015,3.9421215,6.0878955,21.1011646006309,28.2511459942331,29.201568627451,30.1208819244538,0,52.2645631263663,99.3999955521301,3.29783333333333,3.5715,2.14733333333333
"2751",2025-10-13 21:50:00,1.195,1.845,1.195,3.920795,6.053445,21.3627492857627,28.338340889277,28.078431372549,30.1220631238837,0,52.2032392481761,99.3999955521301,3.26466666666667,3.538,2.14566666666667
"2752",2025-10-13 21:51:00,1.1885,1.8345,1.1885,3.8994685,6.0189945,21.0139697055869,27.9895613091013,29.201568627451,30.1214725241687,0,52.238289804646,99.4199955512352,3.2315,3.5045,2.144
"2753",2025-10-13 21:52:00,1.182,1.824,1.182,3.878142,5.984544,20.6651901254112,27.6407817289256,30.3247058823529,30.1208819244538,0,52.2733403611159,99.4399955503402,3.19833333333333,3.471,2.14233333333333
"2754",2025-10-13 21:53:00,1.1755,1.8135,1.1755,3.8568155,5.9500935,20.3164105452355,27.2920021487498,31.4478431372549,30.1202913247388,0,52.3083909175857,99.4599955494453,3.16516666666667,3.4375,2.14066666666667
"2755",2025-10-13 21:54:00,1.169,1.803,1.169,3.835489,5.915643,19.9676309650598,26.9432225685741,32.5709803921569,30.1197007250238,0,52.3434414740556,99.4799955485503,3.132,3.404,2.139
"2756",2025-10-13 21:55:00,1.1625,1.7925,1.1625,3.8141625,5.8811925,19.6188513848841,26.5944429883984,33.6941176470588,30.1191101253089,0,52.3784920305255,99.4999955476554,3.09533333333333,3.37133333333333,2.13566666666667
"2757",2025-10-13 21:56:00,1.156,1.782,1.156,3.792836,5.846742,19.6188513848841,26.9432225685741,33.4133333333333,30.1191101253089,0,52.3259077603615,99.4999955476554,3.05866666666667,3.33866666666667,2.13233333333333
"2758",2025-10-13 21:57:00,1.1495,1.7715,1.1495,3.7715095,5.8122915,19.6188513848841,27.2920021487498,33.1325490196078,30.1191101253089,0,52.2733234901976,99.4999955476554,3.022,3.306,2.129
"2759",2025-10-13 21:58:00,1.143,1.761,1.143,3.750183,5.777841,19.6188513848841,27.6407817289256,32.8517647058824,30.1191101253089,0,52.2207392200336,99.4999955476554,2.98533333333333,3.27333333333333,2.12566666666667
"2760",2025-10-13 21:59:00,1.1365,1.7505,1.1365,3.7288565,5.7433905,19.6188513848841,27.9895613091013,32.5709803921569,30.1191101253089,0,52.1681549498697,99.4999955476554,2.94866666666667,3.24066666666667,2.12233333333333
"2761",2025-10-13 22:00:00,1.13,1.74,1.13,3.70753,5.70894,19.6188513848841,28.338340889277,32.2901960784314,30.1191101253089,0,52.1155706797057,99.4999955476554,2.912,3.208,2.119
"2762",2025-10-13 22:01:00,1.132,1.745,1.132,3.714092,5.725345,19.7932411749719,28.2511459942331,32.2901960784314,30.1197007250238,0,52.1155706797057,99.5399955458655,2.88833333333333,3.17616666666667,2.11516666666667
"2763",2025-10-13 22:02:00,1.134,1.75,1.134,3.720654,5.74175,19.9676309650598,28.1639510991891,32.2901960784314,30.1202913247388,0,52.1155706797057,99.5799955440756,2.86466666666667,3.14433333333333,2.11133333333333
"2764",2025-10-13 22:03:00,1.136,1.755,1.136,3.727216,5.758155,20.1420207551476,28.0767562041452,32.2901960784314,30.1208819244538,0,52.1155706797057,99.6199955422857,2.841,3.1125,2.1075
"2765",2025-10-13 22:04:00,1.138,1.76,1.138,3.733778,5.77456,20.3164105452355,27.9895613091013,32.2901960784314,30.1214725241687,0,52.1155706797057,99.6599955404958,2.81733333333333,3.08066666666667,2.10366666666667
"2766",2025-10-13 22:05:00,1.14,1.765,1.14,3.74034,5.790965,20.4908003353234,27.9023664140573,32.2901960784314,30.1220631238837,0,52.1155706797057,99.699995538706,2.79366666666667,3.04883333333333,2.09983333333333
"2767",2025-10-13 22:06:00,1.142,1.77,1.142,3.746902,5.80737,20.3164105452355,27.4663919388377,31.4478431372549,30.1220631238837,0,52.0980312858357,99.719995537811,2.77,3.017,2.096
"2768",2025-10-13 22:07:00,1.144,1.775,1.144,3.753464,5.823775,20.1420207551476,27.0304174636181,30.6054901960784,30.1220631238837,0,52.0804918919657,99.7399955369161,2.73416666666667,2.987,2.09233333333333
"2769",2025-10-13 22:08:00,1.146,1.78,1.146,3.760026,5.84018,19.9676309650598,26.5944429883984,29.763137254902,30.1220631238837,0,52.0629524980956,99.7599955360211,2.69833333333333,2.957,2.08866666666667
"2770",2025-10-13 22:09:00,1.148,1.785,1.148,3.766588,5.856585,19.7932411749719,26.1584685131788,28.9207843137255,30.1220631238837,0,52.0454131042256,99.7799955351262,2.6625,2.927,2.085
"2771",2025-10-13 22:10:00,1.15,1.79,1.15,3.77315,5.87299,19.6188513848841,25.7224940379591,28.078431372549,30.1220631238837,0,52.0278737103555,99.7999955342312,2.62666666666667,2.897,2.08133333333333
"2772",2025-10-13 22:11:00,1.152,1.795,1.152,3.779712,5.889395,19.8804360700159,26.1584685131788,27.516862745098,30.1208819244538,0,51.9840000955727,99.7799955351262,2.59083333333333,2.867,2.07766666666667
"2773",2025-10-13 22:12:00,1.154,1.8,1.154,3.786274,5.9058,20.1420207551476,26.5944429883984,26.9552941176471,30.1197007250238,0,51.9401264807899,99.7599955360211,2.555,2.837,2.074
"2774",2025-10-13 22:13:00,1.156,1.805,1.156,3.792836,5.922205,20.4036054402794,27.0304174636181,26.3937254901961,30.1185195255939,0,51.8962528660071,99.7399955369161,2.52766666666667,2.8085,2.07283333333333
"2775",2025-10-13 22:14:00,1.158,1.81,1.158,3.799398,5.93861,20.6651901254112,27.4663919388377,25.8321568627451,30.117338326164,0,51.8523792512243,99.719995537811,2.50033333333333,2.78,2.07166666666667
"2776",2025-10-13 22:15:00,1.16,1.815,1.16,3.80596,5.955015,20.926774810543,27.9023664140573,25.2705882352941,30.1161571267341,0,51.8085056364414,99.699995538706,2.473,2.7515,2.0705
"2777",2025-10-13 22:16:00,1.162,1.82,1.162,3.812522,5.97142,21.1011646006309,28.1639510991891,24.7090196078431,30.1161571267341,0,51.7997265627736,99.699995538706,2.44566666666667,2.723,2.06933333333333
"2778",2025-10-13 22:17:00,1.164,1.825,1.164,3.819084,5.987825,21.2755543907187,28.4255357843209,24.1474509803922,30.1161571267341,0,51.7909474891058,99.699995538706,2.41833333333333,2.6945,2.06816666666667
"2779",2025-10-13 22:18:00,1.166,1.83,1.166,3.825646,6.00423,21.4499441808066,28.6871204694527,23.5858823529412,30.1161571267341,0,51.782168415438,99.699995538706,2.391,2.666,2.067
"2780",2025-10-13 22:19:00,1.168,1.835,1.168,3.832208,6.020635,21.6243339708944,28.9487051545845,23.0243137254902,30.1161571267341,0,51.7733893417702,99.699995538706,2.36616666666667,2.63983333333333,2.06966666666667
"2781",2025-10-13 22:20:00,1.17,1.84,1.17,3.83877,6.03704,21.7987237609823,29.2102898397163,22.4627450980392,30.1161571267341,0,51.7646102681024,99.699995538706,2.34133333333333,2.61366666666667,2.07233333333333
"2782",2025-10-13 22:21:00,1.168,1.836,1.168,3.832208,6.023916,21.4499441808066,29.2974847347602,22.7435294117647,30.116747726449,0,51.817262956553,99.699995538706,2.3165,2.5875,2.075
"2783",2025-10-13 22:22:00,1.166,1.832,1.166,3.825646,6.010792,21.1011646006309,29.3846796298041,23.0243137254902,30.117338326164,0,51.8699156450037,99.699995538706,2.29166666666667,2.56133333333333,2.07766666666667
"2784",2025-10-13 22:23:00,1.164,1.828,1.164,3.819084,5.997668,20.7523850204552,29.4718745248481,23.3050980392157,30.117928925879,0,51.9225683334543,99.699995538706,2.26683333333333,2.53516666666667,2.08033333333333
"2785",2025-10-13 22:24:00,1.162,1.824,1.162,3.812522,5.984544,20.4036054402794,29.559069419892,23.5858823529412,30.1185195255939,0,51.9752210219049,99.699995538706,2.242,2.509,2.083
"2786",2025-10-13 22:25:00,1.16,1.82,1.16,3.80596,5.97142,20.0548258601037,29.6462643149359,23.8666666666667,30.1191101253089,0,52.0278737103555,99.699995538706,2.21416666666667,2.4855,2.0875
"2787",2025-10-13 22:26:00,1.158,1.816,1.158,3.799398,5.958296,20.2292156501916,29.4718745248481,24.1474509803922,30.1191101253089,0,51.9840000955727,99.699995538706,2.18633333333333,2.462,2.092
"2788",2025-10-13 22:27:00,1.156,1.812,1.156,3.792836,5.945172,20.4036054402794,29.2974847347602,24.4282352941176,30.1191101253089,0,51.9401264807899,99.699995538706,2.1585,2.4385,2.0965
"2789",2025-10-13 22:28:00,1.154,1.808,1.154,3.786274,5.932048,20.5779952303673,29.1230949446724,24.7090196078431,30.1191101253089,0,51.8962528660071,99.699995538706,2.13066666666667,2.415,2.101
"2790",2025-10-13 22:29:00,1.152,1.804,1.152,3.779712,5.918924,20.7523850204552,28.9487051545845,24.9898039215686,30.1191101253089,0,51.8523792512243,99.699995538706,2.10283333333333,2.3915,2.1055
"2791",2025-10-13 22:30:00,1.15,1.8,1.15,3.77315,5.9058,20.926774810543,28.7743153644966,25.2705882352941,30.1191101253089,0,51.8085056364414,99.699995538706,2.075,2.368,2.11
"2792",2025-10-13 22:31:00,1.148,1.796,1.148,3.766588,5.892676,21.0139697055869,28.5999255744088,24.9898039215686,30.1191101253089,0,51.790946026383,99.699995538706,2.0535,2.34766666666667,2.11433333333333
"2793",2025-10-13 22:32:00,1.146,1.792,1.146,3.760026,5.879552,21.1011646006309,28.4255357843209,24.7090196078431,30.1191101253089,0,51.7733864163245,99.699995538706,2.032,2.32733333333333,2.11866666666667
"2794",2025-10-13 22:33:00,1.144,1.788,1.144,3.753464,5.866428,21.1883594956748,28.2511459942331,24.4282352941176,30.1191101253089,0,51.755826806266,99.699995538706,2.0105,2.307,2.123
"2795",2025-10-13 22:34:00,1.142,1.784,1.142,3.746902,5.853304,21.2755543907187,28.0767562041452,24.1474509803922,30.1191101253089,0,51.7382671962075,99.699995538706,1.989,2.28666666666667,2.12733333333333
"2796",2025-10-13 22:35:00,1.14,1.78,1.14,3.74034,5.84018,21.3627492857627,27.9023664140573,23.8666666666667,30.1191101253089,0,51.720707586149,99.699995538706,1.9675,2.26633333333333,2.13166666666667
"2797",2025-10-13 22:36:00,1.138,1.776,1.138,3.733778,5.827056,21.0139697055869,27.9023664140573,23.5858823529412,30.1185195255939,0,51.7645956944166,99.6799955396009,1.946,2.246,2.136
"2798",2025-10-13 22:37:00,1.136,1.772,1.136,3.727216,5.813932,20.6651901254112,27.9023664140573,23.3050980392157,30.117928925879,0,51.8084838026842,99.6599955404958,1.92466666666667,2.21983333333333,2.1415
"2799",2025-10-13 22:38:00,1.134,1.768,1.134,3.720654,5.800808,20.3164105452355,27.9023664140573,23.0243137254902,30.117338326164,0,51.8523719109518,99.6399955413908,1.90333333333333,2.19366666666667,2.147
"2800",2025-10-13 22:39:00,1.132,1.764,1.132,3.714092,5.787684,19.9676309650598,27.9023664140573,22.7435294117647,30.116747726449,0,51.8962600192194,99.6199955422857,1.882,2.1675,2.1525
"2801",2025-10-13 22:40:00,1.13,1.76,1.13,3.70753,5.77456,19.6188513848841,27.9023664140573,22.4627450980392,30.1161571267341,0,51.940148127487,99.5999955431807,1.86066666666667,2.14133333333333,2.158
"2802",2025-10-13 22:41:00,1.128,1.757,1.128,3.700968,5.764717,19.7932411749719,28.1639510991891,22.7435294117647,30.116747726449,0,51.9138196292779,99.5999955431807,1.83933333333333,2.11516666666667,2.1635
"2803",2025-10-13 22:42:00,1.126,1.754,1.126,3.694406,5.754874,19.9676309650598,28.4255357843209,23.0243137254902,30.117338326164,0,51.8874911310688,99.5999955431807,1.818,2.089,2.169
"2804",2025-10-13 22:43:00,1.124,1.751,1.124,3.687844,5.745031,20.1420207551476,28.6871204694527,23.3050980392157,30.117928925879,0,51.8611626328597,99.5999955431807,1.7895,2.06816666666667,2.17333333333333
"2805",2025-10-13 22:44:00,1.122,1.748,1.122,3.681282,5.735188,20.3164105452355,28.9487051545845,23.5858823529412,30.1185195255939,0,51.8348341346505,99.5999955431807,1.761,2.04733333333333,2.17766666666667
"2806",2025-10-13 22:45:00,1.12,1.745,1.12,3.67472,5.725345,20.4908003353234,29.2102898397163,23.8666666666667,30.1191101253089,0,51.8085056364414,99.5999955431807,1.7325,2.0265,2.182
"2807",2025-10-13 22:46:00,1.118,1.742,1.118,3.668158,5.715502,20.926774810543,29.2974847347602,22.7435294117647,30.117338326164,0,51.8260594170322,99.6199955422857,1.704,2.00566666666667,2.18633333333333
"2808",2025-10-13 22:47:00,1.116,1.739,1.116,3.661596,5.705659,21.3627492857627,29.3846796298041,21.6203921568627,30.1155665270191,0,51.8436131976229,99.6399955413908,1.6755,1.98483333333333,2.19066666666667
"2809",2025-10-13 22:48:00,1.114,1.736,1.114,3.655034,5.695816,21.7987237609823,29.4718745248481,20.4972549019608,30.1137947278743,0,51.8611669782137,99.6599955404958,1.647,1.964,2.195
"2810",2025-10-13 22:49:00,1.112,1.733,1.112,3.648472,5.685973,22.234698236202,29.559069419892,19.3741176470588,30.1120229287294,0,51.8787207588044,99.6799955396009,1.63016666666667,1.94,2.201
"2811",2025-10-13 22:50:00,1.11,1.73,1.11,3.64191,5.67613,22.6706727114216,29.6462643149359,18.2509803921569,30.1102511295845,0,51.8962745393952,99.699995538706,1.61333333333333,1.916,2.207
"2812",2025-10-13 22:51:00,1.108,1.727,1.108,3.635348,5.666287,22.4962829213337,29.2974847347602,18.2509803921569,30.1120229287294,0,51.861161148746,99.6599955404958,1.5965,1.892,2.213
"2813",2025-10-13 22:52:00,1.106,1.724,1.106,3.628786,5.656444,22.3218931312459,28.9487051545845,18.2509803921569,30.1137947278743,0,51.8260477580967,99.6199955422857,1.57966666666667,1.868,2.219
"2814",2025-10-13 22:53:00,1.104,1.721,1.104,3.622224,5.646601,22.147503341158,28.5999255744088,18.2509803921569,30.1155665270191,0,51.7909343674475,99.5799955440756,1.56283333333333,1.844,2.225
"2815",2025-10-13 22:54:00,1.102,1.718,1.102,3.615662,5.636758,21.9731135510702,28.2511459942331,18.2509803921569,30.117338326164,0,51.7558209767982,99.5399955458655,1.546,1.82,2.231
"2816",2025-10-13 22:55:00,1.1,1.715,1.1,3.6091,5.626915,21.7987237609823,27.9023664140573,18.2509803921569,30.1191101253089,0,51.720707586149,99.4999955476554,1.5325,1.79916666666667,2.23866666666667
"2817",2025-10-13 22:56:00,1.098,1.712,1.098,3.602538,5.617072,22.0603084461141,28.1639510991891,18.8125490196078,30.117928925879,0,51.720707586149,99.5399955458655,1.519,1.77833333333333,2.24633333333333
"2818",2025-10-13 22:57:00,1.096,1.709,1.096,3.595976,5.607229,22.3218931312459,28.4255357843209,19.3741176470588,30.116747726449,0,51.720707586149,99.5799955440756,1.5055,1.7575,2.254
"2819",2025-10-13 22:58:00,1.094,1.706,1.094,3.589414,5.597386,22.5834778163777,28.6871204694527,19.9356862745098,30.1155665270191,0,51.720707586149,99.6199955422857,1.492,1.73666666666667,2.26166666666667
"2820",2025-10-13 22:59:00,1.092,1.703,1.092,3.582852,5.587543,22.8450625015095,28.9487051545845,20.4972549019608,30.1143853275892,0,51.720707586149,99.6599955404958,1.4785,1.71583333333333,2.26933333333333
"2821",2025-10-13 23:00:00,1.09,1.7,1.09,3.57629,5.5777,23.1066471866412,29.2102898397163,21.0588235294118,30.1132041281593,0,51.720707586149,99.699995538706,1.465,1.695,2.277
"2822",2025-10-13 23:01:00,1.087,1.7,1.087,3.566447,5.5777,22.9322573965534,28.9487051545845,20.7780392156863,30.1126135284443,0,51.7558209767982,99.6599955404958,1.44616666666667,1.67416666666667,2.28683333333333
"2823",2025-10-13 23:02:00,1.084,1.7,1.084,3.556604,5.5777,22.7578676064655,28.6871204694527,20.4972549019608,30.1120229287294,0,51.7909343674475,99.6199955422857,1.42733333333333,1.65333333333333,2.29666666666667
"2824",2025-10-13 23:03:00,1.081,1.7,1.081,3.546761,5.5777,22.5834778163777,28.4255357843209,20.2164705882353,30.1114323290144,0,51.8260477580967,99.5799955440756,1.4085,1.6325,2.3065
"2825",2025-10-13 23:04:00,1.078,1.7,1.078,3.536918,5.5777,22.4090880262898,28.1639510991891,19.9356862745098,30.1108417292995,0,51.861161148746,99.5399955458655,1.38966666666667,1.61166666666667,2.31633333333333
"2826",2025-10-13 23:05:00,1.075,1.7,1.075,3.527075,5.5777,22.234698236202,27.9023664140573,19.6549019607843,30.1102511295845,0,51.8962745393952,99.4999955476554,1.37083333333333,1.59083333333333,2.32616666666667
"2827",2025-10-13 23:06:00,1.072,1.7,1.072,3.517232,5.5777,22.147503341158,27.9895613091013,20.2164705882353,30.1096605298695,0,51.8699416851366,99.5399955458655,1.352,1.57,2.336
"2828",2025-10-13 23:07:00,1.069,1.7,1.069,3.507389,5.5777,22.0603084461141,28.0767562041452,20.7780392156863,30.1090699301546,0,51.8436088308781,99.5799955440756,1.33816666666667,1.5575,2.34916666666667
"2829",2025-10-13 23:08:00,1.066,1.7,1.066,3.497546,5.5777,21.9731135510702,28.1639510991891,21.3396078431373,30.1084793304396,0,51.8172759766195,99.6199955422857,1.32433333333333,1.545,2.36233333333333
"2830",2025-10-13 23:09:00,1.063,1.7,1.063,3.487703,5.5777,21.8859186560262,28.2511459942331,21.9011764705882,30.1078887307247,0,51.790943122361,99.6599955404958,1.3105,1.5325,2.3755
"2831",2025-10-13 23:10:00,1.06,1.7,1.06,3.47786,5.5777,21.7987237609823,28.338340889277,22.4627450980392,30.1072981310097,0,51.7646102681024,99.699995538706,1.29666666666667,1.52,2.38866666666667
"2832",2025-10-13 23:11:00,1.057,1.7,1.057,3.468017,5.5777,21.7115288659384,28.338340889277,22.7435294117647,30.1078887307247,0,51.7558297317117,99.6399955413908,1.28283333333333,1.5075,2.40183333333333
"2833",2025-10-13 23:12:00,1.054,1.7,1.054,3.458174,5.5777,21.6243339708944,28.338340889277,23.0243137254902,30.1084793304396,0,51.747049195321,99.5799955440756,1.269,1.495,2.415
"2834",2025-10-13 23:13:00,1.051,1.7,1.051,3.448331,5.5777,21.5371390758505,28.338340889277,23.3050980392157,30.1090699301546,0,51.7382686589304,99.5199955467605,1.2645,1.483,2.4275
"2835",2025-10-13 23:14:00,1.048,1.7,1.048,3.438488,5.5777,21.4499441808066,28.338340889277,23.5858823529412,30.1096605298695,0,51.7294881225397,99.4599955494453,1.26,1.471,2.44
"2836",2025-10-13 23:15:00,1.045,1.7,1.045,3.428645,5.5777,21.3627492857627,28.338340889277,23.8666666666667,30.1102511295845,0,51.720707586149,99.3999955521301,1.2555,1.459,2.4525
"2837",2025-10-13 23:16:00,1.042,1.7,1.042,3.418802,5.5777,21.4499441808066,28.5999255744088,24.4282352941176,30.1096605298695,0,51.7119255816715,99.4399955503402,1.251,1.447,2.465
"2838",2025-10-13 23:17:00,1.039,1.7,1.039,3.408959,5.5777,21.5371390758505,28.8615102595406,24.9898039215686,30.1090699301546,0,51.7031435771941,99.4799955485503,1.2465,1.435,2.4775
"2839",2025-10-13 23:18:00,1.036,1.7,1.036,3.399116,5.5777,21.6243339708944,29.1230949446724,25.5513725490196,30.1084793304396,0,51.6943615727166,99.5199955467604,1.242,1.423,2.49
"2840",2025-10-13 23:19:00,1.033,1.7,1.033,3.389273,5.5777,21.7115288659384,29.3846796298041,26.1129411764706,30.1078887307247,0,51.6855795682392,99.5599955449706,1.23366666666667,1.4115,2.50316666666667
"2841",2025-10-13 23:20:00,1.03,1.7,1.03,3.37943,5.5777,21.7987237609823,29.6462643149359,26.6745098039216,30.1072981310097,0,51.6767975637617,99.5999955431807,1.22533333333333,1.4,2.51633333333333
"2842",2025-10-13 23:21:00,1.031,1.698,1.031,3.382711,5.571138,21.7115288659384,28.9487051545845,26.1129411764706,30.1067075312947,0,51.7031391782976,99.6199955422857,1.217,1.3885,2.5295
"2843",2025-10-13 23:22:00,1.032,1.696,1.032,3.385992,5.564576,21.6243339708944,28.2511459942331,25.5513725490196,30.1061169315798,0,51.7294807928336,99.6399955413908,1.20866666666667,1.377,2.54266666666667
"2844",2025-10-13 23:23:00,1.033,1.694,1.033,3.389273,5.558014,21.5371390758505,27.5535868338816,24.9898039215686,30.1055263318648,0,51.7558224073695,99.6599955404958,1.20033333333333,1.3655,2.55583333333333
"2845",2025-10-13 23:24:00,1.034,1.692,1.034,3.392554,5.551452,21.4499441808066,26.8560276735302,24.4282352941176,30.1049357321499,0,51.7821640219055,99.6799955396009,1.192,1.354,2.569
"2846",2025-10-13 23:25:00,1.035,1.69,1.035,3.395835,5.54489,21.3627492857627,26.1584685131788,23.8666666666667,30.1043451324349,0,51.8085056364414,99.699995538706,1.1845,1.34583333333333,2.5815
"2847",2025-10-13 23:26:00,1.036,1.688,1.036,3.399116,5.538328,20.926774810543,25.809688933003,24.1474509803922,30.10375453272,0,51.7997265627736,99.6399955413908,1.177,1.33766666666667,2.594
"2848",2025-10-13 23:27:00,1.037,1.686,1.037,3.402397,5.531766,20.4908003353234,25.4609093528273,24.4282352941176,30.103163933005,0,51.7909474891058,99.5799955440756,1.1695,1.3295,2.6065
"2849",2025-10-13 23:28:00,1.038,1.684,1.038,3.405678,5.525204,20.0548258601037,25.1121297726516,24.7090196078431,30.10257333329,0,51.782168415438,99.5199955467605,1.162,1.32133333333333,2.619
"2850",2025-10-13 23:29:00,1.039,1.682,1.039,3.408959,5.518642,19.6188513848841,24.7633501924759,24.9898039215686,30.1019827335751,0,51.7733893417702,99.4599955494453,1.1545,1.31316666666667,2.6315
"2851",2025-10-13 23:30:00,1.04,1.68,1.04,3.41224,5.51208,19.1828769096644,24.4145706123002,25.2705882352941,30.1013921338601,0,51.7646102681024,99.3999955521301,1.147,1.305,2.644
"2852",2025-10-13 23:31:00,1.041,1.678,1.041,3.415521,5.505518,19.8804360700159,25.6352991429152,24.1474509803922,30.1019827335751,0,51.7821669580727,99.3999955521301,1.15433333333333,1.30116666666667,2.65933333333333
"2853",2025-10-13 23:32:00,1.042,1.676,1.042,3.418802,5.498956,20.5779952303673,26.8560276735302,23.0243137254902,30.10257333329,0,51.799723648043,99.3999955521301,1.16166666666667,1.29733333333333,2.67466666666667
"2854",2025-10-13 23:33:00,1.043,1.674,1.043,3.422083,5.492394,21.2755543907187,28.0767562041452,21.9011764705882,30.103163933005,0,51.8172803380134,99.3999955521301,1.169,1.2935,2.69
"2855",2025-10-13 23:34:00,1.044,1.672,1.044,3.425364,5.485832,21.9731135510702,29.2974847347602,20.7780392156863,30.10375453272,0,51.8348370279837,99.3999955521301,1.17633333333333,1.28966666666667,2.70533333333333
"2856",2025-10-13 23:35:00,1.045,1.67,1.045,3.428645,5.47927,22.6706727114216,30.5182132653752,19.6549019607843,30.1043451324349,0,51.852393717954,99.3999955521301,1.18366666666667,1.28583333333333,2.72066666666667
"2857",2025-10-13 23:36:00,1.046,1.668,1.046,3.431926,5.472708,22.4090880262898,30.2566285802434,20.7780392156863,30.10375453272,0,51.8436161016515,99.3999955521301,1.191,1.282,2.736
"2858",2025-10-13 23:37:00,1.047,1.666,1.047,3.435207,5.466146,22.147503341158,29.9950438951116,21.9011764705882,30.103163933005,0,51.834838485349,99.3999955521301,1.18966666666667,1.2875,2.75033333333333
"2859",2025-10-13 23:38:00,1.048,1.664,1.048,3.438488,5.459584,21.8859186560262,29.7334592099799,23.0243137254902,30.10257333329,0,51.8260608690465,99.3999955521301,1.18833333333333,1.293,2.76466666666667
"2860",2025-10-13 23:39:00,1.049,1.662,1.049,3.441769,5.453022,21.6243339708944,29.4718745248481,24.1474509803922,30.1019827335751,0,51.817283252744,99.3999955521301,1.187,1.2985,2.779
"2861",2025-10-13 23:40:00,1.05,1.66,1.05,3.44505,5.44646,21.3627492857627,29.2102898397163,25.2705882352941,30.1013921338601,0,51.8085056364414,99.3999955521301,1.18566666666667,1.304,2.79333333333333
"2862",2025-10-13 23:41:00,1.053,1.6645,1.053,3.454893,5.4612245,21.4499441808066,28.8615102595406,24.1474509803922,30.1019827335751,0,51.817283252744,99.4199955512352,1.18433333333333,1.3095,2.80766666666667
"2863",2025-10-13 23:42:00,1.056,1.669,1.056,3.464736,5.475989,21.5371390758505,28.5127306793649,23.0243137254902,30.10257333329,0,51.8260608690465,99.4399955503402,1.183,1.315,2.822
"2864",2025-10-13 23:43:00,1.059,1.6735,1.059,3.474579,5.4907535,21.6243339708944,28.1639510991891,21.9011764705882,30.103163933005,0,51.834838485349,99.4599955494453,1.18983333333333,1.31983333333333,2.83616666666667
"2865",2025-10-13 23:44:00,1.062,1.678,1.062,3.484422,5.505518,21.7115288659384,27.8151715190134,20.7780392156863,30.10375453272,0,51.8436161016515,99.4799955485503,1.19666666666667,1.32466666666667,2.85033333333333
"2866",2025-10-13 23:45:00,1.065,1.6825,1.065,3.494265,5.5202825,21.7987237609823,27.4663919388377,19.6549019607843,30.1043451324349,0,51.852393717954,99.4999955476554,1.2035,1.3295,2.8645
"2867",2025-10-13 23:46:00,1.068,1.687,1.068,3.504108,5.535047,22.4090880262898,28.1639510991891,19.6549019607843,30.1008015341452,0,51.826056491593,99.4399955503402,1.21033333333333,1.33433333333333,2.87866666666667
"2868",2025-10-13 23:47:00,1.071,1.6915,1.071,3.513951,5.5498115,23.0194522915973,28.8615102595406,19.6549019607843,30.0972579358554,0,51.799719265232,99.379995553025,1.21716666666667,1.33916666666667,2.89283333333333
"2869",2025-10-13 23:48:00,1.074,1.696,1.074,3.523794,5.564576,23.6298165569048,29.559069419892,19.6549019607843,30.0937143375656,0,51.773382038871,99.3199955557099,1.224,1.344,2.907
"2870",2025-10-13 23:49:00,1.077,1.7005,1.077,3.533637,5.5793405,24.2401808222123,30.2566285802434,19.6549019607843,30.0901707392759,0,51.74704481251,99.2599955583947,1.2335,1.35166666666667,2.9245
"2871",2025-10-13 23:50:00,1.08,1.705,1.08,3.54348,5.594105,24.8505450875198,30.9541877405949,19.6549019607843,30.0866271409861,0,51.720707586149,99.1999955610795,1.243,1.35933333333333,2.942
"2872",2025-10-13 23:51:00,1.083,1.7095,1.083,3.553323,5.6088695,24.588960402388,30.779797950507,19.9356862745098,30.0895801395609,0,51.7382671962075,99.1999955610795,1.2525,1.367,2.9595
"2873",2025-10-13 23:52:00,1.086,1.714,1.086,3.563166,5.623634,24.3273757172562,30.6054081604192,20.2164705882353,30.0925331381357,0,51.755826806266,99.1999955610795,1.262,1.37466666666667,2.977
"2874",2025-10-13 23:53:00,1.089,1.7185,1.089,3.573009,5.6383985,24.0657910321245,30.4310183703313,20.4972549019608,30.0954861367105,0,51.7733864163245,99.1999955610795,1.2715,1.38233333333333,2.9945
"2875",2025-10-13 23:54:00,1.092,1.723,1.092,3.582852,5.653163,23.8042063469927,30.2566285802434,20.7780392156863,30.0984391352853,0,51.790946026383,99.1999955610795,1.281,1.39,3.012
"2876",2025-10-13 23:55:00,1.095,1.7275,1.095,3.592695,5.6679275,23.5426216618609,30.0822387901556,21.0588235294118,30.1013921338601,0,51.8085056364414,99.1999955610795,1.2905,1.40316666666667,3.03
"2877",2025-10-13 23:56:00,1.098,1.732,1.098,3.602538,5.682692,23.7170114519487,30.1694336851995,20.7780392156863,30.0990297350003,0,51.7821640219055,99.1999955610795,1.3,1.41633333333333,3.048
"2878",2025-10-13 23:57:00,1.101,1.7365,1.101,3.612381,5.6974565,23.8914012420366,30.2566285802434,20.4972549019608,30.0966673361404,0,51.7558224073695,99.1999955610795,1.3095,1.4295,3.066
"2879",2025-10-13 23:58:00,1.104,1.741,1.104,3.622224,5.712221,24.0657910321245,30.3438234752874,20.2164705882353,30.0943049372806,0,51.7294807928336,99.1999955610795,1.319,1.44266666666667,3.084
"2880",2025-10-13 23:59:00,1.107,1.7455,1.107,3.632067,5.7269855,24.2401808222123,30.4310183703313,19.9356862745098,30.0919425384208,0,51.7031391782976,99.1999955610795,1.3285,1.45583333333333,3.102
"2881",2025-10-14,1.11,1.75,1.11,3.64191,5.74175,24.4145706123002,30.5182132653752,19.6549019607843,30.0895801395609,0,51.6767975637617,99.1999955610795,1.338,1.469,3.12
